{"nupdates": 19600, "total_timesteps": 392000, "fps": 100, "policy_entropy": 1.257336974143982, "value_loss": 0.004267367068678141, "explained_variance": 0.0502321720123291}
{"nupdates": 19700, "total_timesteps": 394000, "fps": 100, "policy_entropy": 1.3399096727371216, "value_loss": 2.9350678232731298e-05, "explained_variance": -3.999382972717285}
{"nupdates": 19800, "total_timesteps": 396000, "fps": 99, "policy_entropy": 1.5144636631011963, "value_loss": 2.366945773246698e-05, "explained_variance": -1.683316946029663}
{"nupdates": 19900, "total_timesteps": 398000, "fps": 99, "policy_entropy": 1.6090301275253296, "value_loss": 7.631828339071944e-05, "explained_variance": -1.2840769290924072}
{"nupdates": 20000, "total_timesteps": 400000, "fps": 98, "policy_entropy": 1.6071803569793701, "value_loss": 3.3034535590559244e-05, "explained_variance": -1.0593986511230469}
{"nupdates": 20100, "total_timesteps": 402000, "fps": 98, "policy_entropy": 1.6018445491790771, "value_loss": 5.0527683924883604e-05, "explained_variance": -0.0009752511978149414}
{"nupdates": 20200, "total_timesteps": 404000, "fps": 98, "policy_entropy": 1.589905023574829, "value_loss": 0.000194332969840616, "explained_variance": -8.916921615600586}
{"nupdates": 20300, "total_timesteps": 406000, "fps": 97, "policy_entropy": 1.5953717231750488, "value_loss": 0.0001260545977856964, "explained_variance": -0.09705913066864014}
{"nupdates": 20400, "total_timesteps": 408000, "fps": 97, "policy_entropy": 1.6001774072647095, "value_loss": 5.8226964029017836e-05, "explained_variance": -9.95966625213623}
{"nupdates": 20500, "total_timesteps": 410000, "fps": 96, "policy_entropy": 1.5964902639389038, "value_loss": 0.00025222249678336084, "explained_variance": -1.631352424621582}
{"nupdates": 20600, "total_timesteps": 412000, "fps": 96, "policy_entropy": 1.6041576862335205, "value_loss": 1.789351699699182e-05, "explained_variance": -0.18310296535491943}
{"nupdates": 20700, "total_timesteps": 414000, "fps": 96, "policy_entropy": 1.601810097694397, "value_loss": 6.412646325770766e-05, "explained_variance": -0.5495755672454834}
{"nupdates": 20800, "total_timesteps": 416000, "fps": 95, "policy_entropy": 1.5888928174972534, "value_loss": 0.8829806447029114, "explained_variance": -0.061676859855651855}
{"nupdates": 20900, "total_timesteps": 418000, "fps": 95, "policy_entropy": 1.5879178047180176, "value_loss": 0.001445297384634614, "explained_variance": -0.7174774408340454}
{"nupdates": 21000, "total_timesteps": 420000, "fps": 95, "policy_entropy": 1.5753962993621826, "value_loss": 0.00011305259249638766, "explained_variance": 0.6103971600532532}
{"nupdates": 21100, "total_timesteps": 422000, "fps": 94, "policy_entropy": 1.5567576885223389, "value_loss": 2.6124621399503667e-06, "explained_variance": -0.3025491237640381}
{"nupdates": 21200, "total_timesteps": 424000, "fps": 94, "policy_entropy": 1.6029446125030518, "value_loss": 0.7073847651481628, "explained_variance": -0.003177046775817871}
{"nupdates": 21300, "total_timesteps": 426000, "fps": 94, "policy_entropy": 1.4720035791397095, "value_loss": 0.9801324009895325, "explained_variance": -0.04827141761779785}
{"nupdates": 21400, "total_timesteps": 428000, "fps": 93, "policy_entropy": 1.5573667287826538, "value_loss": 0.0010014921426773071, "explained_variance": -0.0005350112915039062}
{"nupdates": 21500, "total_timesteps": 430000, "fps": 93, "policy_entropy": 1.559443712234497, "value_loss": 2.1904614186496474e-05, "explained_variance": 0.20528119802474976}
{"nupdates": 21600, "total_timesteps": 432000, "fps": 93, "policy_entropy": 1.5911247730255127, "value_loss": 4.3936885049333796e-05, "explained_variance": -1.4941554069519043}
{"nupdates": 21700, "total_timesteps": 434000, "fps": 93, "policy_entropy": 1.555664300918579, "value_loss": 7.579462544526905e-05, "explained_variance": -2.0371227264404297}
{"nupdates": 21800, "total_timesteps": 436000, "fps": 92, "policy_entropy": 1.5948891639709473, "value_loss": 3.7422683817567304e-05, "explained_variance": -1.0101039409637451}
{"nupdates": 21900, "total_timesteps": 438000, "fps": 92, "policy_entropy": 1.5877559185028076, "value_loss": 0.0012905809562653303, "explained_variance": -3.980649471282959}
{"nupdates": 22000, "total_timesteps": 440000, "fps": 92, "policy_entropy": 1.524115800857544, "value_loss": 0.00013433213462121785, "explained_variance": -0.8653205633163452}
{"nupdates": 22100, "total_timesteps": 442000, "fps": 91, "policy_entropy": 1.6039491891860962, "value_loss": 2.5656860088929534e-05, "explained_variance": -1.298675537109375}
{"nupdates": 22200, "total_timesteps": 444000, "fps": 91, "policy_entropy": 1.5326635837554932, "value_loss": 9.225098438037094e-06, "explained_variance": -1.3739185333251953}
{"nupdates": 22300, "total_timesteps": 446000, "fps": 91, "policy_entropy": 1.5977039337158203, "value_loss": 6.236060471564997e-06, "explained_variance": -0.025089025497436523}
{"nupdates": 22400, "total_timesteps": 448000, "fps": 91, "policy_entropy": 1.5633968114852905, "value_loss": 7.534293217759114e-06, "explained_variance": -0.2612028121948242}
{"nupdates": 22500, "total_timesteps": 450000, "fps": 90, "policy_entropy": 1.5565325021743774, "value_loss": 7.058896244416246e-06, "explained_variance": -0.15544068813323975}
{"nupdates": 22600, "total_timesteps": 452000, "fps": 90, "policy_entropy": 1.599189043045044, "value_loss": 1.0773585472634295e-06, "explained_variance": -1.390334129333496}
{"nupdates": 22700, "total_timesteps": 454000, "fps": 90, "policy_entropy": 1.5554611682891846, "value_loss": 4.030900981888408e-06, "explained_variance": -3.698091983795166}
{"nupdates": 22800, "total_timesteps": 456000, "fps": 90, "policy_entropy": 1.5728867053985596, "value_loss": 1.3164237770979526e-06, "explained_variance": -7.256307601928711}
{"nupdates": 22900, "total_timesteps": 458000, "fps": 89, "policy_entropy": 1.6051130294799805, "value_loss": 5.268680979497731e-06, "explained_variance": -1.7536771297454834}
{"nupdates": 23000, "total_timesteps": 460000, "fps": 89, "policy_entropy": 1.60247802734375, "value_loss": 1.609806167834904e-05, "explained_variance": -25.62722396850586}
{"nupdates": 23100, "total_timesteps": 462000, "fps": 89, "policy_entropy": 1.6050609350204468, "value_loss": 1.560968485136982e-05, "explained_variance": 0.21031975746154785}
{"nupdates": 23200, "total_timesteps": 464000, "fps": 89, "policy_entropy": 1.6032440662384033, "value_loss": 3.4610486636665883e-06, "explained_variance": 0.07521229982376099}
{"nupdates": 23300, "total_timesteps": 466000, "fps": 88, "policy_entropy": 1.600404977798462, "value_loss": 2.9144533186808985e-07, "explained_variance": -2.4608592987060547}
{"nupdates": 23400, "total_timesteps": 468000, "fps": 88, "policy_entropy": 1.601701021194458, "value_loss": 7.96432345850917e-07, "explained_variance": -0.06271922588348389}
{"nupdates": 23500, "total_timesteps": 470000, "fps": 88, "policy_entropy": 1.6050792932510376, "value_loss": 9.106533070735168e-06, "explained_variance": -0.6836974620819092}
{"nupdates": 23600, "total_timesteps": 472000, "fps": 88, "policy_entropy": 1.6018890142440796, "value_loss": 6.784662218706217e-06, "explained_variance": -0.27613019943237305}
{"nupdates": 23700, "total_timesteps": 474000, "fps": 87, "policy_entropy": 1.6027148962020874, "value_loss": 2.0892064185318304e-06, "explained_variance": -6.347546100616455}
{"nupdates": 23800, "total_timesteps": 476000, "fps": 87, "policy_entropy": 1.6091325283050537, "value_loss": 8.710350130058941e-07, "explained_variance": -0.40754592418670654}
{"nupdates": 23900, "total_timesteps": 478000, "fps": 87, "policy_entropy": 1.604679822921753, "value_loss": 1.670125584496418e-07, "explained_variance": -0.379108190536499}
{"nupdates": 24000, "total_timesteps": 480000, "fps": 87, "policy_entropy": 1.605333685874939, "value_loss": 4.677369815908605e-06, "explained_variance": -2.4098682403564453}
{"nupdates": 24100, "total_timesteps": 482000, "fps": 87,