{"t_start": 1514545155.687782, "gym_version": "0.9.2", "env_id": "GridWorldNoFrameskip-v4"}
{"r": 0.0, "l": 1000, "t": 17.744136}
{"r": 0.0, "l": 1000, "t": 36.796124}
{"r": 0.0, "l": 1000, "t": 56.402062}
{"r": 0.0, "l": 1000, "t": 73.549615}
{"r": 0.0, "l": 1000, "t": 90.543632}
{"r": 0.0, "l": 1000, "t": 109.275365}
{"r": 0.0, "l": 1000, "t": 126.91123}
{"r": 0.0, "l": 1000, "t": 145.378751}
{"r": 0.0, "l": 1000, "t": 162.57474}
{"r": 0.0, "l": 1000, "t": 181.320212}
{"r": 0.0, "l": 1000, "t": 197.777868}
{"r": 0.0, "l": 1000, "t": 216.35977}
{"r": 0.0, "l": 1000, "t": 233.671811}
{"r": 0.0, "l": 1000, "t": 253.132256}
{"r": 0.0, "l": 1000, "t": 270.095508}
{"r": 0.0, "l": 1000, "t": 289.272257}
{"r": 0.0, "l": 1000, "t": 306.154085}
{"r": 0.0, "l": 1000, "t": 325.365587}
{"r": 0.0, "l": 1000, "t": 342.582275}
{"r": 0.0, "l": 1000, "t": 361.470215}
{"r": 0.0, "l": 1000, "t": 380.486261}
{"r": 0.0, "l": 1000, "t": 397.593718}
{"r": 0.0, "l": 1000, "t": 414.424782}
{"r": 0.0, "l": 1000, "t": 433.303948}
{"r": 0.0, "l": 1000, "t": 449.724612}
{"r": 0.0, "l": 1000, "t": 466.401674}
{"r": 0.0, "l": 1000, "t": 483.68927}
{"r": 0.0, "l": 1000, "t": 503.042073}
{"r": 0.0, "l": 1000, "t": 519.992886}
{"r": 0.0, "l": 1000, "t": 536.931126}
{"r": 0.0, "l": 1000, "t": 554.16428}
{"r": 0.0, "l": 1000, "t": 572.993398}
{"r": 0.0, "l": 1000, "t": 591.952901}
{"r": 0.0, "l": 1000, "t": 608.953844}
{"r": 0.0, "l": 1000, "t": 627.290156}
{"r": 0.0, "l": 1000, "t": 645.947611}
{"r": 0.0, "l": 1000, "t": 663.143034}
{"r": 0.0, "l": 1000, "t": 680.077129}
{"r": 0.0, "l": 1000, "t": 698.481721}
{"r": 0.0, "l": 1000, "t": 713.343447}
{"r": 0.0, "l": 1000, "t": 731.501613}
{"r": 0.0, "l": 1000, "t": 748.014886}
{"r": 0.0, "l": 1000, "t": 764.932476}
{"r": 0.0, "l": 1000, "t": 783.154002}
{"r": 0.0, "l": 1000, "t": 799.481741}
{"r": 0.0, "l": 1000, "t": 816.097054}
{"r": 0.0, "l": 1000, "t": 833.995351}
{"r": 0.0, "l": 1000, "t": 850.698773}
{"r": 0.0, "l": 1000, "t": 869.268947}
{"r": 0.0, "l": 1000, "t": 885.984956}
{"r": 0.0, "l": 1000, "t": 904.710942}
{"r": 0.0, "l": 1000, "t": 921.354419}
{"r": 0.0, "l": 1000, "t": 937.688028}
{"r": 0.0, "l": 1000, "t": 956.022607}
{"r": 0.0, "l": 1000, "t": 972.604603}
{"r": 0.0, "l": 1000, "t": 990.839505}
{"r": 0.0, "l": 1000, "t": 1007.550076}
{"r": 0.0, "l": 1000, "t": 1026.091517}
{"r": 0.0, "l": 1000, "t": 1042.551648}
{"r": 0.0, "l": 1000, "t": 1060.788347}
{"r": 0.0, "l": 1000, "t": 1079.452021}
{"r": 0.0, "l": 1000, "t": 1095.776321}
{"r": 0.0, "l": 1000, "t": 1114.952297}
{"r": 0.0, "l": 1000, "t": 1131.992631}
{"r": 0.0, "l": 1000, "t": 1148.481377}
{"r": 0.0, "l": 1000, "t": 1165.332519}
{"r": 0.0, "l": 1000, "t": 1182.064172}
{"r": 0.0, "l": 1000, "t": 1200.199395}
{"r": 0.0, "l": 1000, "t": 1216.560774}
{"r": 0.0, "l": 1000, "t": 1234.934003}
{"r": 0.0, "l": 1000, "t": 1251.518999}
{"r": 0.0, "l": 1000, "t": 1269.673655}
{"r": 0.0, "l": 1000, "t": 1287.919171}
{"r": 0.0, "l": 1000, "t": 1304.470802}
{"r": 0.0, "l": 1000, "t": 1321.179561}
{"r": 0.0, "l": 1000, "t": 1339.718468}
{"r": 0.0, "l": 1000, "t": 1356.05988}
{"r": 0.0, "l": 1000, "t": 1374.716003}
{"r": 0.0, "l": 1000, "t": 1391.595349}
{"r": 0.0, "l": 1000, "t": 1409.769406}
{"r": 0.0, "l": 1000, "t": 1426.061577}
{"r": 0.0, "l": 1000, "t": 1444.391584}
{"r": 0.0, "l": 1000, "t": 1461.52852}
{"r": 0.0, "l": 1000, "t": 1477.637737}
{"r": 0.0, "l": 1000, "t": 1494.309933}
{"r": 0.0, "l": 1000, "t": 1511.169093}
{"r": 0.0, "l": 1000, "t": 1529.360217}
{"r": 0.0, "l": 1000, "t": 1545.972013}
{"r": 0.0, "l": 1000, "t": 1562.702655}
{"r": 0.0, "l": 1000, "t": 1581.101281}
{"r": 0.0, "l": 1000, "t": 1597.643591}
{"r": 0.0, "l": 1000, "t": 1614.090261}
{"r": 0.0, "l": 1000, "t": 1630.259823}
{"r": 0.0, "l": 1000, "t": 1648.488531}
{"r": 0.0, "l": 1000, "t": 1664.70629}
{"r": 0.0, "l": 1000, "t": 1683.620373}
{"r": 0.0, "l": 1000, "t": 1740.823459}
{"r": 0.0, "l": 1000, "t": 1800.047887}
{"r": 0.0, "l": 1000, "t": 1853.201818}
{"r": 0.0, "l": 1000, "t": 1906.878424}
{"r": 0.0, "l": 1000, "t": 1964.677981}
{"r": 0.0, "l": 1000, "t": 2013.357309}
{"r": 0.0, "l": 1000, "t": 2071.701853}
{"r": 0.0, "l": 1000, "t": 2126.170575}
{"r": 0.0, "l": 1000, "t": 2187.589967}
{"r": 0.0, "l": 1000, "t": 2243.431631}
{"r": 0.0, "l": 1000, "t": 2296.702201}
{"r": 0.0, "l": 1000, "t": 2354.01677}
{"r": 0.0, "l": 1000, "t": 2410.347941}
{"r": 0.0, "l": 1000, "t": 2466.672061}
{"r": 0.0, "l": 1000, "t": 2523.408038}
{"r": 0.0, "l": 1000, "t": 2576.573218}
{"r": 0.0, "l": 1000, "t": 2634.809882}
{"r": 0.0, "l": 1000, "t": 2683.234464}
{"r": 0.0, "l": 1000, "t": 2739.176475}
{"r": 0.0, "l": 1000, "t": 2795.786462}
{"r": 0.0, "l": 1000, "t": 2853.901972}
{"r": 0.0, "l": 1000, "t": 2912.077758}
{"r": 0.0, "l": 1000, "t": 2959.82891}
{"r": 0.0, "l": 1000, "t": 3015.301932}
{"r": 0.0, "l": 1000, "t": 3069.814419}
{"r": 0.0, "l": 1000, "t": 3129.818715}
{"r": 0.0, "l": 1000, "t": 3188.423358}
{"r": 0.0, "l": 1000, "t": 3242.821611}
{"r": 0.0, "l": 1000, "t": 3296.217975}
{"r": 0.0, "l": 1000, "t": 3351.381853}
{"r": 0.0, "l": 1000, "t": 3407.925397}
{"r": 0.0, "l": 1000, "t": 3461.573273}
{"r": 0.0, "l": 1000, "t": 3518.210659}
{"r": 0.0, "l": 1000, "t": 3570.534461}
{"r": 0.0, "l": 1000, "t": 3613.435538}
{"r": 0.0, "l": 1000, "t": 3668.18574}
{"r": 0.0, "l": 1000, "t": 3726.400504}
{"r": 0.0, "l": 1000, "t": 3780.802005}
{"r": 0.0, "l": 1000, "t": 3829.814826}
{"r": 0.0, "l": 1000, "t": 3884.006577}
{"r": 0.0, "l": 1000, "t": 3935.71488}
{"r": 0.0, "l": 1000, "t": 3988.73375}
{"r": 0.0, "l": 1000, "t": 4045.690317}
{"r": 0.0, "l": 1000, "t": 4103.056862}
{"r": 0.0, "l": 1000, "t": 4159.099798}
{"r": 0.0, "l": 1000, "t": 4210.972779}
{"r": 0.0, "l": 1000, "t": 4267.110189}
{"r": 0.0, "l": 1000, "t": 4311.506379}
{"r": 0.0, "l": 1000, "t": 4371.051324}
{"r": 0.0, "l": 1000, "t": 4422.005366}
{"r": 0.0, "l": 1000, "t": 4477.678356}
{"r": 0.0, "l": 1000, "t": 4534.134516}
{"r": 0.0, "l": 1000, "t": 4595.182227}
{"r": 0.0, "l": 1000, "t": 4646.862577}
{"r": 0.0, "l": 1000, "t": 4704.57403}
{"r": 0.0, "l": 1000, "t": 4757.479598}
{"r": 0.0, "l": 1000, "t": 4811.766415}
{"r": 0.0, "l": 1000, "t": 4869.69299}
{"r": 0.0, "l": 1000, "t": 4922.933681}
{"r": 0.0, "l": 1000, "t": 4984.307095}
{"r": 0.0, "l": 1000, "t": 5042.148751}
{"r": 0.0, "l": 1000, "t": 5096.372814}
{"r": 0.0, "l": 1000, "t": 5150.036183}
{"r": 0.0, "l": 1000, "t": 5208.666547}
{"r": 0.0, "l": 1000, "t": 5264.149411}
{"r": 0.0, "l": 1000, "t": 5312.600629}
{"r": 0.0, "l": 1000, "t": 5371.072205}
{"r": 0.0, "l": 1000, "t": 5429.185756}
{"r": 0.0, "l": 1000, "t": 5480.564711}
{"r": 0.0, "l": 1000, "t": 5531.601531}
{"r": 0.0, "l": 1000, "t": 5588.043336}
{"r": 0.0, "l": 1000, "t": 5637.278563}
{"r": 0.0, "l": 1000, "t": 5691.550704}
{"r": 0.0, "l": 1000, "t": 5749.249715}
{"r": 0.0, "l": 1000, "t": 5806.480927}
{"r": 0.0, "l": 1000, "t": 5867.166023}
{"r": 0.0, "l": 1000, "t": 5922.451967}
{"r": 0.0, "l": 1000, "t": 5980.972591}
{"r": 0.0, "l": 1000, "t": 6038.35837}
{"r": 0.0, "l": 1000, "t": 6092.343754}
{"r": 0.0, "l": 1000, "t": 6153.178939}
{"r": 0.0, "l": 1000, "t": 6209.913582}
{"r": 0.0, "l": 1000, "t": 6259.174324}
{"r": 0.0, "l": 1000, "t": 6311.413415}
{"r": 0.0, "l": 1000, "t": 6368.124053}
{"r": 0.0, "l": 1000, "t": 6423.331342}
{"r": 0.0, "l": 1000, "t": 6477.956985}
{"r": 0.0, "l": 1000, "t": 6533.161617}
{"r": 0.0, "l": 1000, "t": 6591.789687}
{"r": 0.0, "l": 1000, "t": 6644.101941}
{"r": 0.0, "l": 1000, "t": 6700.276129}
{"r": 0.0, "l": 1000, "t": 6758.782646}
{"r": 0.0, "l": 1000, "t": 6811.021637}
{"r": 0.0, "l": 1000, "t": 6866.668752}
{"r": 0.0, "l": 1000, "t": 6919.466938}
{"r": 0.0, "l": 1000, "t": 6979.135749}
{"r": 0.0, "l": 1000, "t": 7031.371522}
{"r": 0.0, "l": 1000, "t": 7088.309857}
{"r": 0.0, "l": 1000, "t": 7145.390443}
{"r": 0.0, "l": 1000, "t": 7203.021449}
{"r": 0.0, "l": 1000, "t": 7260.320075}
{"r": 0.0, "l": 1000, "t": 7313.765156}
{"r": 0.0, "l": 1000, "t": 7369.864309}
{"r": 0.0, "l": 1000,