{"t_start": 1514545155.687618, "gym_version": "0.9.2", "env_id": "GridWorldNoFrameskip-v4"}
{"r": 0.0, "l": 1000, "t": 17.596402}
{"r": 0.0, "l": 1000, "t": 36.648494}
{"r": 0.0, "l": 1000, "t": 54.524831}
{"r": 0.0, "l": 1000, "t": 73.518852}
{"r": 0.0, "l": 1000, "t": 90.404336}
{"r": 0.0, "l": 1000, "t": 109.130368}
{"r": 0.0, "l": 1000, "t": 126.649388}
{"r": 0.0, "l": 1000, "t": 144.993852}
{"r": 0.0, "l": 1000, "t": 162.145965}
{"r": 0.0, "l": 1000, "t": 181.072052}
{"r": 0.0, "l": 1000, "t": 197.607882}
{"r": 0.0, "l": 1000, "t": 216.18492}
{"r": 0.0, "l": 1000, "t": 233.462609}
{"r": 0.0, "l": 1000, "t": 252.958164}
{"r": 0.0, "l": 1000, "t": 269.947303}
{"r": 0.0, "l": 1000, "t": 289.26038}
{"r": 0.0, "l": 1000, "t": 306.118224}
{"r": 0.0, "l": 1000, "t": 325.389801}
{"r": 0.0, "l": 1000, "t": 342.582603}
{"r": 0.0, "l": 1000, "t": 361.650373}
{"r": 0.0, "l": 1000, "t": 380.834229}
{"r": 0.0, "l": 1000, "t": 397.860781}
{"r": 0.0, "l": 1000, "t": 414.732792}
{"r": 0.0, "l": 1000, "t": 433.821829}
{"r": 0.0, "l": 1000, "t": 450.202109}
{"r": 0.0, "l": 1000, "t": 468.843365}
{"r": 0.0, "l": 1000, "t": 485.894481}
{"r": 0.0, "l": 1000, "t": 503.528289}
{"r": 0.0, "l": 1000, "t": 520.172905}
{"r": 0.0, "l": 1000, "t": 538.971988}
{"r": 0.0, "l": 1000, "t": 555.989604}
{"r": 0.0, "l": 1000, "t": 573.310642}
{"r": 0.0, "l": 1000, "t": 592.251976}
{"r": 0.0, "l": 1000, "t": 610.903209}
{"r": 0.0, "l": 1000, "t": 627.540971}
{"r": 0.0, "l": 1000, "t": 646.296889}
{"r": 0.0, "l": 1000, "t": 663.396011}
{"r": 0.0, "l": 1000, "t": 682.038863}
{"r": 0.0, "l": 1000, "t": 698.740018}
{"r": 0.0, "l": 1000, "t": 715.362366}
{"r": 0.0, "l": 1000, "t": 733.952677}
{"r": 0.0, "l": 1000, "t": 750.325434}
{"r": 0.0, "l": 1000, "t": 767.049637}
{"r": 0.0, "l": 1000, "t": 785.234268}
{"r": 0.0, "l": 1000, "t": 799.884455}
{"r": 0.0, "l": 1000, "t": 818.287804}
{"r": 0.0, "l": 1000, "t": 834.42728}
{"r": 0.0, "l": 1000, "t": 852.832948}
{"r": 0.0, "l": 1000, "t": 869.684389}
{"r": 0.0, "l": 1000, "t": 886.394908}
{"r": 0.0, "l": 1000, "t": 905.095306}
{"r": 0.0, "l": 1000, "t": 921.981359}
{"r": 0.0, "l": 1000, "t": 940.132847}
{"r": 0.0, "l": 1000, "t": 958.605813}
{"r": 0.0, "l": 1000, "t": 975.210967}
{"r": 0.0, "l": 1000, "t": 993.313243}
{"r": 0.0, "l": 1000, "t": 1009.848738}
{"r": 0.0, "l": 1000, "t": 1028.609659}
{"r": 0.0, "l": 1000, "t": 1044.878778}
{"r": 0.0, "l": 1000, "t": 1063.500606}
{"r": 0.0, "l": 1000, "t": 1081.983572}
{"r": 0.0, "l": 1000, "t": 1098.51329}
{"r": 0.0, "l": 1000, "t": 1117.483413}
{"r": 0.0, "l": 1000, "t": 1134.768192}
{"r": 0.0, "l": 1000, "t": 1151.171471}
{"r": 0.0, "l": 1000, "t": 1167.926515}
{"r": 0.0, "l": 1000, "t": 1184.386442}
{"r": 0.0, "l": 1000, "t": 1201.077316}
{"r": 0.0, "l": 1000, "t": 1219.170148}
{"r": 0.0, "l": 1000, "t": 1237.56232}
{"r": 0.0, "l": 1000, "t": 1254.084177}
{"r": 0.0, "l": 1000, "t": 1272.323055}
{"r": 0.0, "l": 1000, "t": 1290.563609}
{"r": 0.0, "l": 1000, "t": 1307.330585}
{"r": 0.0, "l": 1000, "t": 1323.928287}
{"r": 0.0, "l": 1000, "t": 1342.64824}
{"r": 0.0, "l": 1000, "t": 1360.713423}
{"r": 0.0, "l": 1000, "t": 1377.701593}
{"r": 0.0, "l": 1000, "t": 1394.154253}
{"r": 0.0, "l": 1000, "t": 1412.451737}
{"r": 0.0, "l": 1000, "t": 1428.97935}
{"r": 0.0, "l": 1000, "t": 1447.228585}
{"r": 0.0, "l": 1000, "t": 1464.172934}
{"r": 0.0, "l": 1000, "t": 1480.532576}
{"r": 0.0, "l": 1000, "t": 1497.091413}
{"r": 0.0, "l": 1000, "t": 1513.907303}
{"r": 0.0, "l": 1000, "t": 1532.078406}
{"r": 0.0, "l": 1000, "t": 1548.764669}
{"r": 0.0, "l": 1000, "t": 1565.780106}
{"r": 0.0, "l": 1000, "t": 1584.044178}
{"r": 0.0, "l": 1000, "t": 1602.283637}
{"r": 0.0, "l": 1000, "t": 1618.4084}
{"r": 0.0, "l": 1000, "t": 1634.885679}
{"r": 0.0, "l": 1000, "t": 1651.469532}
{"r": 0.0, "l": 1000, "t": 1669.419612}
{"r": 0.0, "l": 1000, "t": 1696.454297}
{"r": 0.0, "l": 1000, "t": 1754.179078}
{"r": 0.0, "l": 1000, "t": 1813.532315}
{"r": 0.0, "l": 1000, "t": 1861.564716}
{"r": 0.0, "l": 1000, "t": 1915.913363}
{"r": 0.0, "l": 1000, "t": 1973.632404}
{"r": 0.0, "l": 1000, "t": 2023.661043}
{"r": 0.0, "l": 1000, "t": 2080.553145}
{"r": 0.0, "l": 1000, "t": 2135.769095}
{"r": 0.0, "l": 1000, "t": 2199.663423}
{"r": 0.0, "l": 1000, "t": 2251.747833}
{"r": 0.0, "l": 1000, "t": 2309.344505}
{"r": 0.0, "l": 1000, "t": 2365.738998}
{"r": 0.0, "l": 1000, "t": 2420.035183}
{"r": 0.0, "l": 1000, "t": 2475.801292}
{"r": 0.0, "l": 1000, "t": 2529.303842}
{"r": 0.0, "l": 1000, "t": 2584.896512}
{"r": 0.0, "l": 1000, "t": 2639.040107}
{"r": 0.0, "l": 1000, "t": 2692.335128}
{"r": 0.0, "l": 1000, "t": 2747.690107}
{"r": 0.0, "l": 1000, "t": 2806.47469}
{"r": 0.0, "l": 1000, "t": 2863.783342}
{"r": 0.0, "l": 1000, "t": 2920.314584}
{"r": 0.0, "l": 1000, "t": 2971.111265}
{"r": 0.0, "l": 1000, "t": 3023.53225}
{"r": 0.0, "l": 1000, "t": 3078.477674}
{"r": 0.0, "l": 1000, "t": 3139.002053}
{"r": 0.0, "l": 1000, "t": 3193.754187}
{"r": 0.0, "l": 1000, "t": 3248.143213}
{"r": 0.0, "l": 1000, "t": 3303.3735}
{"r": 0.0, "l": 1000, "t": 3356.387554}
{"r": 0.0, "l": 1000, "t": 3412.627889}
{"r": 0.0, "l": 1000, "t": 3469.72669}
{"r": 0.0, "l": 1000, "t": 3522.736066}
{"r": 0.0, "l": 1000, "t": 3575.680885}
{"r": 0.0, "l": 1000, "t": 3623.070379}
{"r": 0.0, "l": 1000, "t": 3678.445404}
{"r": 0.0, "l": 1000, "t": 3734.817582}
{"r": 0.0, "l": 1000, "t": 3787.727841}
{"r": 0.0, "l": 1000, "t": 3835.796225}
{"r": 0.0, "l": 1000, "t": 3892.207363}
{"r": 0.0, "l": 1000, "t": 3941.201231}
{"r": 0.0, "l": 1000, "t": 3994.192427}
{"r": 0.0, "l": 1000, "t": 4051.8382}
{"r": 0.0, "l": 1000, "t": 4107.471409}
{"r": 0.0, "l": 1000, "t": 4163.462183}
{"r": 0.0, "l": 1000, "t": 4219.687614}
{"r": 0.0, "l": 1000, "t": 4272.436396}
{"r": 0.0, "l": 1000, "t": 4320.428481}
{"r": 0.0, "l": 1000, "t": 4376.777961}
{"r": 0.0, "l": 1000, "t": 4432.091114}
{"r": 0.0, "l": 1000, "t": 4487.222014}
{"r": 0.0, "l": 1000, "t": 4543.162946}
{"r": 0.0, "l": 1000, "t": 4606.498022}
{"r": 0.0, "l": 1000, "t": 4657.701445}
{"r": 0.0, "l": 1000, "t": 4711.862117}
{"r": 0.0, "l": 1000, "t": 4764.958623}
{"r": 0.0, "l": 1000, "t": 4819.347529}
{"r": 0.0, "l": 1000, "t": 4876.224357}
{"r": 0.0, "l": 1000, "t": 4931.095052}
{"r": 0.0, "l": 1000, "t": 4992.87729}
{"r": 0.0, "l": 1000, "t": 5051.143346}
{"r": 0.0, "l": 1000, "t": 5104.299305}
{"r": 0.0, "l": 1000, "t": 5157.348087}
{"r": 0.0, "l": 1000, "t": 5214.261698}
{"r": 0.0, "l": 1000, "t": 5268.389167}
{"r": 0.0, "l": 1000, "t": 5319.621056}
{"r": 0.0, "l": 1000, "t": 5378.002083}
{"r": 0.0, "l": 1000, "t": 5433.661866}
{"r": 0.0, "l": 1000, "t": 5486.302424}
{"r": 0.0, "l": 1000, "t": 5540.213527}
{"r": 0.0, "l": 1000, "t": 5595.683987}
{"r": 0.0, "l": 1000, "t": 5643.48688}
{"r": 0.0, "l": 1000, "t": 5698.97888}
{"r": 0.0, "l": 1000, "t": 5755.080065}
{"r": 0.0, "l": 1000, "t": 5811.94865}
{"r": 0.0, "l": 1000, "t": 5871.72879}
{"r": 0.0, "l": 1000, "t": 5926.70747}
{"r": 0.0, "l": 1000, "t": 5988.247483}
{"r": 0.0, "l": 1000, "t": 6044.858815}
{"r": 0.0, "l": 1000, "t": 6099.668665}
{"r": 0.0, "l": 1000, "t": 6158.440573}
{"r": 0.0, "l": 1000, "t": 6214.696008}
{"r": 0.0, "l": 1000, "t": 6267.302906}
{"r": 0.0, "l": 1000, "t": 6320.169357}
{"r": 0.0, "l": 1000, "t": 6376.481841}
{"r": 0.0, "l": 1000, "t": 6428.694929}
{"r": 0.0, "l": 1000, "t": 6485.3332}
{"r": 0.0, "l": 1000, "t": 6539.877043}
{"r": 0.0, "l": 1000, "t": 6594.983215}
{"r": 0.0, "l": 1000, "t": 6651.670582}
{"r": 0.0, "l": 1000, "t": 6707.052842}
{"r": 0.0, "l": 1000, "t": 6759.573083}
{"r": 0.0, "l": 1000, "t": 6815.38763}
{"r": 0.0, "l": 1000, "t": 6871.939401}
{"r": 0.0, "l": 1000, "t": 6927.024433}
{"r": 0.0, "l": 1000, "t": 6984.545478}
{"r": 0.0, "l": 1000, "t": 7038.051038}
{"r": 0.0, "l": 1000, "t": 7093.093663}
{"r": 0.0, "l": 1000, "t": 7152.501356}
{"r": 0.0, "l": 1000, "t": 7207.240522}
{"r": 0.0, "l": 1000, "t": 7262.813024}
{"r": 0.0, "l": 1000, "t": 7317.061081}
{"r": 0.0, "l": 1000, "t": 7374.789092}
{"r": 0.0, "l": 1000,