{"t_start": 1514545155.6890826, "gym_version": "0.9.2", "env_id": "GridWorldNoFrameskip-v4"}
{"r": 0.0, "l": 1000, "t": 17.731028}
{"r": 0.0, "l": 1000, "t": 36.774497}
{"r": 0.0, "l": 1000, "t": 56.427589}
{"r": 0.0, "l": 1000, "t": 73.517547}
{"r": 0.0, "l": 1000, "t": 90.558024}
{"r": 0.0, "l": 1000, "t": 109.28788}
{"r": 0.0, "l": 1000, "t": 126.895992}
{"r": 0.0, "l": 1000, "t": 145.505521}
{"r": 0.0, "l": 1000, "t": 162.792735}
{"r": 0.0, "l": 1000, "t": 181.330383}
{"r": 0.0, "l": 1000, "t": 197.789884}
{"r": 0.0, "l": 1000, "t": 216.207335}
{"r": 0.0, "l": 1000, "t": 233.461436}
{"r": 0.0, "l": 1000, "t": 252.841426}
{"r": 0.0, "l": 1000, "t": 269.934901}
{"r": 0.0, "l": 1000, "t": 289.234099}
{"r": 0.0, "l": 1000, "t": 305.972835}
{"r": 0.0, "l": 1000, "t": 325.217653}
{"r": 0.0, "l": 1000, "t": 342.253061}
{"r": 0.0, "l": 1000, "t": 361.454134}
{"r": 0.0, "l": 1000, "t": 378.362219}
{"r": 0.0, "l": 1000, "t": 397.561765}
{"r": 0.0, "l": 1000, "t": 414.423723}
{"r": 0.0, "l": 1000, "t": 433.327747}
{"r": 0.0, "l": 1000, "t": 449.957489}
{"r": 0.0, "l": 1000, "t": 466.559923}
{"r": 0.0, "l": 1000, "t": 484.094565}
{"r": 0.0, "l": 1000, "t": 503.364714}
{"r": 0.0, "l": 1000, "t": 520.171579}
{"r": 0.0, "l": 1000, "t": 538.997467}
{"r": 0.0, "l": 1000, "t": 555.988555}
{"r": 0.0, "l": 1000, "t": 573.280159}
{"r": 0.0, "l": 1000, "t": 592.369702}
{"r": 0.0, "l": 1000, "t": 610.921291}
{"r": 0.0, "l": 1000, "t": 627.539754}
{"r": 0.0, "l": 1000, "t": 646.432167}
{"r": 0.0, "l": 1000, "t": 663.57142}
{"r": 0.0, "l": 1000, "t": 682.201698}
{"r": 0.0, "l": 1000, "t": 698.749707}
{"r": 0.0, "l": 1000, "t": 715.382115}
{"r": 0.0, "l": 1000, "t": 733.962072}
{"r": 0.0, "l": 1000, "t": 750.501454}
{"r": 0.0, "l": 1000, "t": 767.190267}
{"r": 0.0, "l": 1000, "t": 785.281229}
{"r": 0.0, "l": 1000, "t": 800.071448}
{"r": 0.0, "l": 1000, "t": 818.464836}
{"r": 0.0, "l": 1000, "t": 836.64107}
{"r": 0.0, "l": 1000, "t": 853.242438}
{"r": 0.0, "l": 1000, "t": 872.091291}
{"r": 0.0, "l": 1000, "t": 888.684067}
{"r": 0.0, "l": 1000, "t": 907.56216}
{"r": 0.0, "l": 1000, "t": 923.967705}
{"r": 0.0, "l": 1000, "t": 942.371059}
{"r": 0.0, "l": 1000, "t": 958.942379}
{"r": 0.0, "l": 1000, "t": 977.41998}
{"r": 0.0, "l": 1000, "t": 993.678173}
{"r": 0.0, "l": 1000, "t": 1012.209142}
{"r": 0.0, "l": 1000, "t": 1028.918143}
{"r": 0.0, "l": 1000, "t": 1046.800293}
{"r": 0.0, "l": 1000, "t": 1065.827178}
{"r": 0.0, "l": 1000, "t": 1082.370996}
{"r": 0.0, "l": 1000, "t": 1100.944659}
{"r": 0.0, "l": 1000, "t": 1117.831426}
{"r": 0.0, "l": 1000, "t": 1135.13291}
{"r": 0.0, "l": 1000, "t": 1151.464956}
{"r": 0.0, "l": 1000, "t": 1170.072631}
{"r": 0.0, "l": 1000, "t": 1186.465409}
{"r": 0.0, "l": 1000, "t": 1203.238516}
{"r": 0.0, "l": 1000, "t": 1221.422553}
{"r": 0.0, "l": 1000, "t": 1238.120369}
{"r": 0.0, "l": 1000, "t": 1256.369994}
{"r": 0.0, "l": 1000, "t": 1274.027186}
{"r": 0.0, "l": 1000, "t": 1290.947582}
{"r": 0.0, "l": 1000, "t": 1309.53774}
{"r": 0.0, "l": 1000, "t": 1326.03251}
{"r": 0.0, "l": 1000, "t": 1342.98334}
{"r": 0.0, "l": 1000, "t": 1361.108775}
{"r": 0.0, "l": 1000, "t": 1379.762999}
{"r": 0.0, "l": 1000, "t": 1396.298396}
{"r": 0.0, "l": 1000, "t": 1412.812571}
{"r": 0.0, "l": 1000, "t": 1429.330629}
{"r": 0.0, "l": 1000, "t": 1447.520094}
{"r": 0.0, "l": 1000, "t": 1464.452799}
{"r": 0.0, "l": 1000, "t": 1480.973642}
{"r": 0.0, "l": 1000, "t": 1497.557845}
{"r": 0.0, "l": 1000, "t": 1515.869674}
{"r": 0.0, "l": 1000, "t": 1532.244272}
{"r": 0.0, "l": 1000, "t": 1548.937315}
{"r": 0.0, "l": 1000, "t": 1567.71769}
{"r": 0.0, "l": 1000, "t": 1584.056139}
{"r": 0.0, "l": 1000, "t": 1602.304728}
{"r": 0.0, "l": 1000, "t": 1618.393587}
{"r": 0.0, "l": 1000, "t": 1634.73791}
{"r": 0.0, "l": 1000, "t": 1651.216514}
{"r": 0.0, "l": 1000, "t": 1669.202859}
{"r": 0.0, "l": 1000, "t": 1695.591049}
{"r": 0.0, "l": 1000, "t": 1751.288958}
{"r": 0.0, "l": 1000, "t": 1812.106088}
{"r": 0.0, "l": 1000, "t": 1861.563185}
{"r": 0.0, "l": 1000, "t": 1915.007343}
{"r": 0.0, "l": 1000, "t": 1973.110132}
{"r": 0.0, "l": 1000, "t": 2023.703725}
{"r": 0.0, "l": 1000, "t": 2080.591121}
{"r": 0.0, "l": 1000, "t": 2135.770916}
{"r": 0.0, "l": 1000, "t": 2198.499488}
{"r": 0.0, "l": 1000, "t": 2251.747908}
{"r": 0.0, "l": 1000, "t": 2308.821087}
{"r": 0.0, "l": 1000, "t": 2365.823652}
{"r": 0.0, "l": 1000, "t": 2421.643822}
{"r": 0.0, "l": 1000, "t": 2478.188978}
{"r": 0.0, "l": 1000, "t": 2533.222024}
{"r": 0.0, "l": 1000, "t": 2589.024179}
{"r": 0.0, "l": 1000, "t": 2639.528264}
{"r": 0.0, "l": 1000, "t": 2695.823114}
{"r": 0.0, "l": 1000, "t": 2750.996158}
{"r": 0.0, "l": 1000, "t": 2809.905934}
{"r": 0.0, "l": 1000, "t": 2867.337754}
{"r": 0.0, "l": 1000, "t": 2923.789174}
{"r": 0.0, "l": 1000, "t": 2974.828366}
{"r": 0.0, "l": 1000, "t": 3027.179818}
{"r": 0.0, "l": 1000, "t": 3084.777772}
{"r": 0.0, "l": 1000, "t": 3141.04929}
{"r": 0.0, "l": 1000, "t": 3199.938908}
{"r": 0.0, "l": 1000, "t": 3255.338619}
{"r": 0.0, "l": 1000, "t": 3307.356434}
{"r": 0.0, "l": 1000, "t": 3360.326596}
{"r": 0.0, "l": 1000, "t": 3414.222043}
{"r": 0.0, "l": 1000, "t": 3471.616686}
{"r": 0.0, "l": 1000, "t": 3523.168177}
{"r": 0.0, "l": 1000, "t": 3578.050727}
{"r": 0.0, "l": 1000, "t": 3623.626099}
{"r": 0.0, "l": 1000, "t": 3679.287293}
{"r": 0.0, "l": 1000, "t": 3735.416123}
{"r": 0.0, "l": 1000, "t": 3788.05593}
{"r": 0.0, "l": 1000, "t": 3835.836526}
{"r": 0.0, "l": 1000, "t": 3892.26802}
{"r": 0.0, "l": 1000, "t": 3941.223183}
{"r": 0.0, "l": 1000, "t": 3997.427613}
{"r": 0.0, "l": 1000, "t": 4053.543174}
{"r": 0.0, "l": 1000, "t": 4107.762107}
{"r": 0.0, "l": 1000, "t": 4164.017544}
{"r": 0.0, "l": 1000, "t": 4219.786885}
{"r": 0.0, "l": 1000, "t": 4272.45015}
{"r": 0.0, "l": 1000, "t": 4320.383779}
{"r": 0.0, "l": 1000, "t": 4376.058657}
{"r": 0.0, "l": 1000, "t": 4430.586216}
{"r": 0.0, "l": 1000, "t": 4485.351949}
{"r": 0.0, "l": 1000, "t": 4542.24947}
{"r": 0.0, "l": 1000, "t": 4603.276016}
{"r": 0.0, "l": 1000, "t": 4654.395849}
{"r": 0.0, "l": 1000, "t": 4711.803436}
{"r": 0.0, "l": 1000, "t": 4765.24339}
{"r": 0.0, "l": 1000, "t": 4819.877811}
{"r": 0.0, "l": 1000, "t": 4875.957852}
{"r": 0.0, "l": 1000, "t": 4931.138474}
{"r": 0.0, "l": 1000, "t": 4993.670309}
{"r": 0.0, "l": 1000, "t": 5053.995677}
{"r": 0.0, "l": 1000, "t": 5104.331459}
{"r": 0.0, "l": 1000, "t": 5158.241697}
{"r": 0.0, "l": 1000, "t": 5217.722368}
{"r": 0.0, "l": 1000, "t": 5269.564088}
{"r": 0.0, "l": 1000, "t": 5321.824705}
{"r": 0.0, "l": 1000, "t": 5381.730668}
{"r": 0.0, "l": 1000, "t": 5435.577553}
{"r": 0.0, "l": 1000, "t": 5489.217297}
{"r": 0.0, "l": 1000, "t": 5543.62222}
{"r": 0.0, "l": 1000, "t": 5599.342342}
{"r": 0.0, "l": 1000, "t": 5646.270894}
{"r": 0.0, "l": 1000, "t": 5703.173133}
{"r": 0.0, "l": 1000, "t": 5758.929013}
{"r": 0.0, "l": 1000, "t": 5816.109602}
{"r": 0.0, "l": 1000, "t": 5876.067688}
{"r": 0.0, "l": 1000, "t": 5934.357187}
{"r": 0.0, "l": 1000, "t": 5992.567973}
{"r": 0.0, "l": 1000, "t": 6049.032779}
{"r": 0.0, "l": 1000, "t": 6104.94896}
{"r": 0.0, "l": 1000, "t": 6162.991814}
{"r": 0.0, "l": 1000, "t": 6219.340793}
{"r": 0.0, "l": 1000, "t": 6267.79512}
{"r": 0.0, "l": 1000, "t": 6324.599468}
{"r": 0.0, "l": 1000, "t": 6381.34292}
{"r": 0.0, "l": 1000, "t": 6435.971988}
{"r": 0.0, "l": 1000, "t": 6493.275178}
{"r": 0.0, "l": 1000, "t": 6548.471258}
{"r": 0.0, "l": 1000, "t": 6599.01689}
{"r": 0.0, "l": 1000, "t": 6656.285741}
{"r": 0.0, "l": 1000, "t": 6713.436412}
{"r": 0.0, "l": 1000, "t": 6769.647694}
{"r": 0.0, "l": 1000, "t": 6823.761207}
{"r": 0.0, "l": 1000, "t": 6881.042608}
{"r": 0.0, "l": 1000, "t": 6935.379423}
{"r": 0.0, "l": 1000, "t": 6989.771921}
{"r": 0.0, "l": 1000, "t": 7044.110353}
{"r": 0.0, "l": 1000, "t": 7099.385993}
{"r": 0.0, "l": 1000, "t": 7160.383205}
{"r": 0.0, "l": 1000, "t": 7213.305376}
{"r": 0.0, "l": 1000, "t": 7271.404202}
{"r": 0.0, "l": 1000, "t": 7324.721973}
{"r": 0.0, "l": 1000, "t": 7382.689161}
{"r": 0.0, "l": 1000,