{"t_start": 1514545155.6913657, "gym_version": "0.9.2", "env_id": "GridWorldNoFrameskip-v4"}
{"r": 0.0, "l": 1000, "t": 17.751975}
{"r": 0.0, "l": 1000, "t": 36.792621}
{"r": 0.0, "l": 1000, "t": 56.411667}
{"r": 0.0, "l": 1000, "t": 73.534282}
{"r": 0.0, "l": 1000, "t": 90.38026}
{"r": 0.0, "l": 1000, "t": 107.398556}
{"r": 0.0, "l": 1000, "t": 126.511859}
{"r": 0.0, "l": 1000, "t": 143.170292}
{"r": 0.0, "l": 1000, "t": 162.14213}
{"r": 0.0, "l": 1000, "t": 180.917082}
{"r": 0.0, "l": 1000, "t": 197.371596}
{"r": 0.0, "l": 1000, "t": 213.927834}
{"r": 0.0, "l": 1000, "t": 233.157946}
{"r": 0.0, "l": 1000, "t": 252.404042}
{"r": 0.0, "l": 1000, "t": 269.541912}
{"r": 0.0, "l": 1000, "t": 286.797561}
{"r": 0.0, "l": 1000, "t": 305.518736}
{"r": 0.0, "l": 1000, "t": 322.928251}
{"r": 0.0, "l": 1000, "t": 341.950344}
{"r": 0.0, "l": 1000, "t": 361.06754}
{"r": 0.0, "l": 1000, "t": 378.098736}
{"r": 0.0, "l": 1000, "t": 395.307903}
{"r": 0.0, "l": 1000, "t": 414.229165}
{"r": 0.0, "l": 1000, "t": 431.391517}
{"r": 0.0, "l": 1000, "t": 448.060308}
{"r": 0.0, "l": 1000, "t": 466.368697}
{"r": 0.0, "l": 1000, "t": 483.638936}
{"r": 0.0, "l": 1000, "t": 503.206988}
{"r": 0.0, "l": 1000, "t": 519.970507}
{"r": 0.0, "l": 1000, "t": 536.740088}
{"r": 0.0, "l": 1000, "t": 553.925295}
{"r": 0.0, "l": 1000, "t": 572.989899}
{"r": 0.0, "l": 1000, "t": 590.131402}
{"r": 0.0, "l": 1000, "t": 608.633217}
{"r": 0.0, "l": 1000, "t": 625.15774}
{"r": 0.0, "l": 1000, "t": 644.025119}
{"r": 0.0, "l": 1000, "t": 662.991513}
{"r": 0.0, "l": 1000, "t": 679.854691}
{"r": 0.0, "l": 1000, "t": 698.139319}
{"r": 0.0, "l": 1000, "t": 713.169678}
{"r": 0.0, "l": 1000, "t": 731.326455}
{"r": 0.0, "l": 1000, "t": 747.871233}
{"r": 0.0, "l": 1000, "t": 764.959729}
{"r": 0.0, "l": 1000, "t": 783.300871}
{"r": 0.0, "l": 1000, "t": 799.490329}
{"r": 0.0, "l": 1000, "t": 816.259484}
{"r": 0.0, "l": 1000, "t": 834.151988}
{"r": 0.0, "l": 1000, "t": 852.606582}
{"r": 0.0, "l": 1000, "t": 869.552368}
{"r": 0.0, "l": 1000, "t": 886.377855}
{"r": 0.0, "l": 1000, "t": 905.071314}
{"r": 0.0, "l": 1000, "t": 921.724989}
{"r": 0.0, "l": 1000, "t": 939.859143}
{"r": 0.0, "l": 1000, "t": 956.376067}
{"r": 0.0, "l": 1000, "t": 974.728058}
{"r": 0.0, "l": 1000, "t": 991.077106}
{"r": 0.0, "l": 1000, "t": 1007.743584}
{"r": 0.0, "l": 1000, "t": 1026.236252}
{"r": 0.0, "l": 1000, "t": 1042.799819}
{"r": 0.0, "l": 1000, "t": 1060.941877}
{"r": 0.0, "l": 1000, "t": 1079.600535}
{"r": 0.0, "l": 1000, "t": 1098.011859}
{"r": 0.0, "l": 1000, "t": 1115.135088}
{"r": 0.0, "l": 1000, "t": 1132.27026}
{"r": 0.0, "l": 1000, "t": 1148.756098}
{"r": 0.0, "l": 1000, "t": 1167.542459}
{"r": 0.0, "l": 1000, "t": 1184.130106}
{"r": 0.0, "l": 1000, "t": 1200.666077}
{"r": 0.0, "l": 1000, "t": 1218.967262}
{"r": 0.0, "l": 1000, "t": 1237.270135}
{"r": 0.0, "l": 1000, "t": 1253.916075}
{"r": 0.0, "l": 1000, "t": 1272.155811}
{"r": 0.0, "l": 1000, "t": 1290.411819}
{"r": 0.0, "l": 1000, "t": 1307.180517}
{"r": 0.0, "l": 1000, "t": 1323.680246}
{"r": 0.0, "l": 1000, "t": 1342.359746}
{"r": 0.0, "l": 1000, "t": 1358.684755}
{"r": 0.0, "l": 1000, "t": 1377.337407}
{"r": 0.0, "l": 1000, "t": 1393.752018}
{"r": 0.0, "l": 1000, "t": 1410.270236}
{"r": 0.0, "l": 1000, "t": 1428.414173}
{"r": 0.0, "l": 1000, "t": 1444.846451}
{"r": 0.0, "l": 1000, "t": 1461.890625}
{"r": 0.0, "l": 1000, "t": 1477.989687}
{"r": 0.0, "l": 1000, "t": 1494.589893}
{"r": 0.0, "l": 1000, "t": 1511.513729}
{"r": 0.0, "l": 1000, "t": 1529.546392}
{"r": 0.0, "l": 1000, "t": 1546.240369}
{"r": 0.0, "l": 1000, "t": 1564.936027}
{"r": 0.0, "l": 1000, "t": 1581.496453}
{"r": 0.0, "l": 1000, "t": 1599.988073}
{"r": 0.0, "l": 1000, "t": 1616.14437}
{"r": 0.0, "l": 1000, "t": 1632.136024}
{"r": 0.0, "l": 1000, "t": 1648.665926}
{"r": 0.0, "l": 1000, "t": 1664.919582}
{"r": 0.0, "l": 1000, "t": 1684.127063}
{"r": 0.0, "l": 1000, "t": 1741.760159}
{"r": 0.0, "l": 1000, "t": 1800.688072}
{"r": 0.0, "l": 1000, "t": 1855.576494}
{"r": 0.0, "l": 1000, "t": 1906.949218}
{"r": 0.0, "l": 1000, "t": 1964.824038}
{"r": 0.0, "l": 1000, "t": 2014.220885}
{"r": 0.0, "l": 1000, "t": 2072.491452}
{"r": 0.0, "l": 1000, "t": 2126.777674}
{"r": 0.0, "l": 1000, "t": 2188.585372}
{"r": 0.0, "l": 1000, "t": 2243.975965}
{"r": 0.0, "l": 1000, "t": 2297.601649}
{"r": 0.0, "l": 1000, "t": 2354.439829}
{"r": 0.0, "l": 1000, "t": 2414.355084}
{"r": 0.0, "l": 1000, "t": 2470.089645}
{"r": 0.0, "l": 1000, "t": 2524.902422}
{"r": 0.0, "l": 1000, "t": 2580.511916}
{"r": 0.0, "l": 1000, "t": 2635.203267}
{"r": 0.0, "l": 1000, "t": 2687.552939}
{"r": 0.0, "l": 1000, "t": 2743.52658}
{"r": 0.0, "l": 1000, "t": 2801.023553}
{"r": 0.0, "l": 1000, "t": 2858.240205}
{"r": 0.0, "l": 1000, "t": 2916.131872}
{"r": 0.0, "l": 1000, "t": 2966.100912}
{"r": 0.0, "l": 1000, "t": 3016.752485}
{"r": 0.0, "l": 1000, "t": 3072.95735}
{"r": 0.0, "l": 1000, "t": 3131.779603}
{"r": 0.0, "l": 1000, "t": 3192.239427}
{"r": 0.0, "l": 1000, "t": 3243.825549}
{"r": 0.0, "l": 1000, "t": 3299.332507}
{"r": 0.0, "l": 1000, "t": 3352.117694}
{"r": 0.0, "l": 1000, "t": 3408.636063}
{"r": 0.0, "l": 1000, "t": 3465.770047}
{"r": 0.0, "l": 1000, "t": 3519.235638}
{"r": 0.0, "l": 1000, "t": 3573.887739}
{"r": 0.0, "l": 1000, "t": 3620.007388}
{"r": 0.0, "l": 1000, "t": 3671.881253}
{"r": 0.0, "l": 1000, "t": 3730.476737}
{"r": 0.0, "l": 1000, "t": 3781.141027}
{"r": 0.0, "l": 1000, "t": 3831.210141}
{"r": 0.0, "l": 1000, "t": 3884.60756}
{"r": 0.0, "l": 1000, "t": 3938.658324}
{"r": 0.0, "l": 1000, "t": 3992.21356}
{"r": 0.0, "l": 1000, "t": 4048.897914}
{"r": 0.0, "l": 1000, "t": 4103.8969}
{"r": 0.0, "l": 1000, "t": 4159.807665}
{"r": 0.0, "l": 1000, "t": 4215.716858}
{"r": 0.0, "l": 1000, "t": 4267.399719}
{"r": 0.0, "l": 1000, "t": 4311.501799}
{"r": 0.0, "l": 1000, "t": 4371.02405}
{"r": 0.0, "l": 1000, "t": 4422.830137}
{"r": 0.0, "l": 1000, "t": 4480.654022}
{"r": 0.0, "l": 1000, "t": 4537.407334}
{"r": 0.0, "l": 1000, "t": 4596.456455}
{"r": 0.0, "l": 1000, "t": 4647.638965}
{"r": 0.0, "l": 1000, "t": 4707.404907}
{"r": 0.0, "l": 1000, "t": 4760.935582}
{"r": 0.0, "l": 1000, "t": 4814.477296}
{"r": 0.0, "l": 1000, "t": 4870.755306}
{"r": 0.0, "l": 1000, "t": 4926.764475}
{"r": 0.0, "l": 1000, "t": 4986.011673}
{"r": 0.0, "l": 1000, "t": 5045.9886}
{"r": 0.0, "l": 1000, "t": 5099.910615}
{"r": 0.0, "l": 1000, "t": 5151.07993}
{"r": 0.0, "l": 1000, "t": 5211.997876}
{"r": 0.0, "l": 1000, "t": 5264.544447}
{"r": 0.0, "l": 1000, "t": 5315.174019}
{"r": 0.0, "l": 1000, "t": 5372.016517}
{"r": 0.0, "l": 1000, "t": 5429.883884}
{"r": 0.0, "l": 1000, "t": 5478.32061}
{"r": 0.0, "l": 1000, "t": 5531.576202}
{"r": 0.0, "l": 1000, "t": 5589.015047}
{"r": 0.0, "l": 1000, "t": 5637.273504}
{"r": 0.0, "l": 1000, "t": 5693.939811}
{"r": 0.0, "l": 1000, "t": 5749.230899}
{"r": 0.0, "l": 1000, "t": 5806.479668}
{"r": 0.0, "l": 1000, "t": 5866.444826}
{"r": 0.0, "l": 1000, "t": 5921.781724}
{"r": 0.0, "l": 1000, "t": 5980.969067}
{"r": 0.0, "l": 1000, "t": 6038.357711}
{"r": 0.0, "l": 1000, "t": 6095.433633}
{"r": 0.0, "l": 1000, "t": 6153.645348}
{"r": 0.0, "l": 1000, "t": 6210.717899}
{"r": 0.0, "l": 1000, "t": 6262.293866}
{"r": 0.0, "l": 1000, "t": 6315.12292}
{"r": 0.0, "l": 1000, "t": 6371.987565}
{"r": 0.0, "l": 1000, "t": 6424.364037}
{"r": 0.0, "l": 1000, "t": 6478.443893}
{"r": 0.0, "l": 1000, "t": 6536.140349}
{"r": 0.0, "l": 1000, "t": 6594.579998}
{"r": 0.0, "l": 1000, "t": 6647.176471}
{"r": 0.0, "l": 1000, "t": 6703.281448}
{"r": 0.0, "l": 1000, "t": 6759.051485}
{"r": 0.0, "l": 1000, "t": 6810.269444}
{"r": 0.0, "l": 1000, "t": 6866.572313}
{"r": 0.0, "l": 1000, "t": 6919.437708}
{"r": 0.0, "l": 1000, "t": 6979.157586}
{"r": 0.0, "l": 1000, "t": 7033.876753}
{"r": 0.0, "l": 1000, "t": 7088.630749}
{"r": 0.0, "l": 1000, "t": 7146.116826}
{"r": 0.0, "l": 1000, "t": 7200.715337}
{"r": 0.0, "l": 1000, "t": 7259.501845}
{"r": 0.0, "l": 1000, "t": 7312.720679}
{"r": 0.0, "l": 1000, "t": 7366.261614}
{"r": 0.0, "l": 1000,