{"gym_version": "0.9.3", "env_id": "GridWorldNoFrameskip-v4", "t_start": 1517495329.4685028}
{"r": -3, "l": 1000, "t": 15.938018}
{"r": -14, "l": 1000, "t": 17.847439}
{"r": -100, "l": 1000, "t": 19.826781}
{"r": -80, "l": 1000, "t": 21.799417}
{"r": -38, "l": 1000, "t": 23.760539}
{"r": 0, "l": 1000, "t": 25.774143}
{"r": -41, "l": 1000, "t": 27.673935}
{"r": -53, "l": 1000, "t": 29.683157}
{"r": -107, "l": 1000, "t": 31.489352}
{"r": -90, "l": 1000, "t": 33.385981}
{"r": -53, "l": 1000, "t": 35.39285}
{"r": -32, "l": 1000, "t": 37.328892}
{"r": -113, "l": 1000, "t": 39.232335}
{"r": -8, "l": 1000, "t": 41.134732}
{"r": -34, "l": 1000, "t": 43.120102}
{"r": 47, "l": 1000, "t": 45.045685}
{"r": 53, "l": 1000, "t": 46.919214}
{"r": -10, "l": 1000, "t": 48.877612}
{"r": -65, "l": 1000, "t": 50.812331}
{"r": 44, "l": 1000, "t": 52.72479}
{"r": 23, "l": 1000, "t": 54.648421}
{"r": 70, "l": 1000, "t": 56.598477}
{"r": -50, "l": 1000, "t": 58.494498}
{"r": -3, "l": 1000, "t": 60.406768}
{"r": 32, "l": 1000, "t": 62.365114}
{"r": -65, "l": 1000, "t": 64.26262}
{"r": -42, "l": 1000, "t": 66.181469}
{"r": -34, "l": 1000, "t": 68.120869}
{"r": -8, "l": 1000, "t": 70.043503}
{"r": -12, "l": 1000, "t": 71.962735}
{"r": -60, "l": 1000, "t": 73.903452}
{"r": -73, "l": 1000, "t": 75.833387}
{"r": -49, "l": 1000, "t": 77.857902}
{"r": 15, "l": 1000, "t": 79.857261}
{"r": -5, "l": 1000, "t": 81.824167}
{"r": -20, "l": 1000, "t": 83.767858}
{"r": -94, "l": 1000, "t": 85.643712}
{"r": 24, "l": 1000, "t": 87.562221}
{"r": -5, "l": 1000, "t": 89.474782}
{"r": 46, "l": 1000, "t": 91.38841}
{"r": -8, "l": 1000, "t": 93.346969}
{"r": -16, "l": 1000, "t": 95.271493}
{"r": -47, "l": 1000, "t": 97.236791}
{"r": 15, "l": 1000, "t": 99.122388}
{"r": -17, "l": 1000, "t": 101.081186}
{"r": 4, "l": 1000, "t": 102.962306}
{"r": -30, "l": 1000, "t": 104.91021}
{"r": -15, "l": 1000, "t": 106.833727}
{"r": 46, "l": 1000, "t": 108.749454}
{"r": -43, "l": 1000, "t": 110.676107}
{"r": -102, "l": 1000, "t": 112.672625}
{"r": 2, "l": 1000, "t": 114.626678}
{"r": -40, "l": 1000, "t": 116.577883}
{"r": -26, "l": 1000, "t": 118.529196}
{"r": -23, "l": 1000, "t": 120.745915}
{"r": -72, "l": 1000, "t": 123.064142}
{"r": -16, "l": 1000, "t": 125.244048}
{"r": 66, "l": 1000, "t": 127.476642}
{"r": 79, "l": 1000, "t": 129.716487}
{"r": -47, "l": 1000, "t": 131.943942}
{"r": 10, "l": 1000, "t": 134.198024}
{"r": -18, "l": 1000, "t": 136.4861}
{"r": -44, "l": 1000, "t": 138.734566}
{"r": -56, "l": 1000, "t": 141.437664}
{"r": -11, "l": 1000, "t": 143.698775}
{"r": -26, "l": 1000, "t": 145.921813}
{"r": -50, "l": 1000, "t": 148.171879}
{"r": -32, "l": 1000, "t": 150.417968}
{"r": -76, "l": 1000, "t": 152.680172}
{"r": 60, "l": 1000, "t": 154.955105}
{"r": -89, "l": 1000, "t": 157.189586}
{"r": -4, "l": 1000, "t": 159.442311}
{"r": 24, "l": 1000, "t": 161.759712}
{"r": 79, "l": 1000, "t": 164.041902}
{"r": -59, "l": 1000, "t": 166.309878}
{"r": -18, "l": 1000, "t": 168.553298}
{"r": -40, "l": 1000, "t": 170.772403}
{"r": -91, "l": 1000, "t": 173.073841}
{"r": -136, "l": 1000, "t": 175.336156}
{"r": -99, "l": 1000, "t": 177.586558}
{"r": -152, "l": 1000, "t": 179.896308}
{"r": -108, "l": 1000, "t": 182.169224}
{"r": -154, "l": 1000, "t": 184.433939}
{"r": -262, "l": 1000, "t": 186.7192}
{"r": -611, "l": 1000, "t": 188.96259}
{"r": -597, "l": 1000, "t": 191.259741}
{"r": -280, "l": 1000, "t": 193.505332}
{"r": -220, "l": 1000, "t": 195.755455}
{"r": -155, "l": 1000, "t": 198.070656}
{"r": -132, "l": 1000, "t": 200.305244}
{"r": -70, "l": 1000, "t": 202.572766}
{"r": -616, "l": 1000, "t": 204.838869}
{"r": -617, "l": 1000, "t": 207.109443}
{"r": -264, "l": 1000, "t": 209.335631}
{"r": -269, "l": 1000, "t": 211.635948}
{"r": -113, "l": 1000, "t": 213.840878}
{"r": -169, "l": 1000, "t": 216.156745}
{"r": -564, "l": 1000, "t": 218.423716}
{"r": -811, "l": 1000, "t": 220.727022}
{"r": -510, "l": 1000, "t": 223.02764}
{"r": -982, "l": 1000, "t": 225.266219}
{"r": -896, "l": 1000, "t": 227.5668}
{"r": -365, "l": 1000, "t": 229.849303}
{"r": -578, "l": 1000, "t": 232.092444}
{"r": -702, "l": 1000, "t": 234.380028}
{"r": -281, "l": 1000, "t": 236.628402}
{"r": -641, "l": 1000, "t": 238.92662}
{"r": -682, "l": 1000, "t": 241.186575}
{"r": -299, "l": 1000, "t": 243.44856}
{"r": -716, "l": 1000, "t": 245.74095}
{"r": -872, "l": 1000, "t": 248.047698}
{"r": -376, "l": 1000, "t": 250.323574}
{"r": -202, "l": 1000, "t": 252.608333}
{"r": -822, "l": 1000, "t": 254.861639}
{"r": -895, "l": 1000, "t": 257.077018}
{"r": -650, "l": 1000, "t": 259.41074}
{"r": -228, "l": 1000, "t": 261.623924}
{"r": -274, "l": 1000, "t": 263.891047}
{"r": -586, "l": 1000, "t": 266.18862}
{"r": -672, "l": 1000, "t": 268.469067}
{"r": -188, "l": 1000, "t": 270.799323}
{"r": -571, "l": 1000, "t": 273.095817}
{"r": -923, "l": 1000, "t": 275.350769}
{"r": -977, "l": 1000, "t": 277.605379}
{"r": -693, "l": 1000, "t": 279.892332}
{"r": -684, "l": 1000, "t": 282.180299}
{"r": -718, "l": 1000, "t": 284.447441}
{"r": -734, "l": 1000, "t": 286.7539}
{"r": -733, "l": 1000, "t": 289.038149}
{"r": -644, "l": 1000, "t": 291.310675}
{"r": -672, "l": 1000, "t": 293.590158}
{"r": -323, "l": 1000, "t": 295.911559}
{"r": 30, "l": 1000, "t": 298.180454}
{"r": -86, "l": 1000, "t": 300.474922}
{"r": 96, "l": 1000, "t": 302.776605}
{"r": 113, "l": 1000, "t": 305.053035}
{"r": -224, "l": 1000, "t": 307.333916}
{"r": -700, "l": 1000, "t": 309.636023}
{"r": -758, "l": 1000, "t": 311.947414}
{"r": -858, "l": 1000, "t": 314.304006}
{"r": -852, "l": 1000, "t": 316.740809}
{"r": -850, "l": 1000, "t": 318.792107}
{"r": -862, "l": 1000, "t": 320.837725}
{"r": -826, "l": 1000, "t": 323.061358}
{"r": -976, "l": 1000, "t": 325.246481}
{"r": -945, "l": 1000, "t": 327.554445}
{"r": -762, "l": 1000, "t": 329.771594}
{"r": -818, "l": 1000, "t": 332.051054}
{"r": -820, "l": 1000, "t": 334.337691}
{"r": -466, "l": 1000, "t": 336.621881}
{"r": -118, "l": 1000, "t": 338.834979}
