{"gym_version": "0.9.3", "env_id": "GridWorldNoFrameskip-v4", "t_start": 1517495329.4703617}
{"r": -75, "l": 1000, "t": 15.943756}
{"r": 90, "l": 1000, "t": 17.91731}
{"r": 37, "l": 1000, "t": 19.924217}
{"r": -18, "l": 1000, "t": 21.867854}
{"r": -6, "l": 1000, "t": 23.851264}
{"r": -78, "l": 1000, "t": 25.843699}
{"r": 1, "l": 1000, "t": 27.76569}
{"r": -29, "l": 1000, "t": 29.762805}
{"r": 40, "l": 1000, "t": 31.582875}
{"r": 2, "l": 1000, "t": 33.539983}
{"r": -46, "l": 1000, "t": 35.573872}
{"r": -128, "l": 1000, "t": 37.4699}
{"r": -70, "l": 1000, "t": 39.392623}
{"r": 6, "l": 1000, "t": 41.317399}
{"r": -22, "l": 1000, "t": 43.285138}
{"r": -36, "l": 1000, "t": 45.220074}
{"r": 58, "l": 1000, "t": 47.14946}
{"r": -46, "l": 1000, "t": 49.109519}
{"r": 21, "l": 1000, "t": 51.048589}
{"r": 31, "l": 1000, "t": 52.982375}
{"r": 34, "l": 1000, "t": 54.941157}
{"r": 20, "l": 1000, "t": 56.834747}
{"r": 16, "l": 1000, "t": 58.750322}
{"r": -15, "l": 1000, "t": 60.674701}
{"r": 29, "l": 1000, "t": 62.664171}
{"r": -119, "l": 1000, "t": 64.522604}
{"r": -25, "l": 1000, "t": 66.434557}
{"r": -16, "l": 1000, "t": 68.350003}
{"r": 4, "l": 1000, "t": 70.307641}
{"r": -48, "l": 1000, "t": 72.208177}
{"r": -90, "l": 1000, "t": 74.176631}
{"r": 0, "l": 1000, "t": 76.074173}
{"r": -3, "l": 1000, "t": 78.084827}
{"r": -112, "l": 1000, "t": 80.052402}
{"r": -85, "l": 1000, "t": 82.023797}
{"r": -55, "l": 1000, "t": 83.94285}
{"r": -64, "l": 1000, "t": 85.820229}
{"r": -101, "l": 1000, "t": 87.731178}
{"r": -48, "l": 1000, "t": 89.667915}
{"r": 32, "l": 1000, "t": 91.573043}
{"r": 40, "l": 1000, "t": 93.572288}
{"r": -58, "l": 1000, "t": 95.524274}
{"r": 76, "l": 1000, "t": 97.457631}
{"r": -42, "l": 1000, "t": 99.368936}
{"r": 18, "l": 1000, "t": 101.293285}
{"r": 18, "l": 1000, "t": 103.173409}
{"r": -11, "l": 1000, "t": 105.134373}
{"r": 26, "l": 1000, "t": 107.101056}
{"r": 44, "l": 1000, "t": 108.974288}
{"r": -36, "l": 1000, "t": 110.913705}
{"r": -17, "l": 1000, "t": 112.897346}
{"r": 5, "l": 1000, "t": 114.840774}
{"r": 41, "l": 1000, "t": 116.831607}
{"r": -84, "l": 1000, "t": 118.796529}
{"r": -73, "l": 1000, "t": 121.047282}
{"r": 29, "l": 1000, "t": 123.360455}
{"r": -48, "l": 1000, "t": 125.558334}
{"r": -31, "l": 1000, "t": 127.781277}
{"r": -25, "l": 1000, "t": 130.016361}
{"r": 0, "l": 1000, "t": 132.269015}
{"r": -48, "l": 1000, "t": 134.500921}
{"r": -42, "l": 1000, "t": 136.757034}
{"r": 39, "l": 1000, "t": 138.973137}
{"r": 16, "l": 1000, "t": 141.686663}
{"r": -42, "l": 1000, "t": 143.954994}
{"r": -38, "l": 1000, "t": 146.184546}
{"r": -106, "l": 1000, "t": 148.482944}
{"r": 18, "l": 1000, "t": 150.772093}
{"r": 6, "l": 1000, "t": 153.036294}
{"r": -62, "l": 1000, "t": 155.342234}
{"r": 30, "l": 1000, "t": 157.550929}
{"r": 12, "l": 1000, "t": 159.839638}
{"r": 11, "l": 1000, "t": 162.127712}
{"r": -5, "l": 1000, "t": 164.430744}
{"r": -37, "l": 1000, "t": 166.692864}
{"r": -3, "l": 1000, "t": 168.934222}
{"r": -142, "l": 1000, "t": 171.197846}
{"r": -111, "l": 1000, "t": 173.469796}
{"r": -146, "l": 1000, "t": 175.744398}
{"r": -254, "l": 1000, "t": 178.003309}
{"r": -147, "l": 1000, "t": 180.292426}
{"r": -215, "l": 1000, "t": 182.60698}
{"r": -151, "l": 1000, "t": 184.909917}
{"r": -238, "l": 1000, "t": 187.165922}
{"r": -641, "l": 1000, "t": 189.456326}
{"r": -460, "l": 1000, "t": 191.723457}
{"r": -203, "l": 1000, "t": 193.972026}
{"r": -175, "l": 1000, "t": 196.196533}
{"r": -154, "l": 1000, "t": 198.462229}
{"r": -226, "l": 1000, "t": 200.744838}
{"r": -60, "l": 1000, "t": 203.011024}
{"r": -698, "l": 1000, "t": 205.267419}
{"r": -572, "l": 1000, "t": 207.562177}
{"r": -402, "l": 1000, "t": 209.85247}
{"r": -335, "l": 1000, "t": 212.116898}
{"r": -202, "l": 1000, "t": 214.364125}
{"r": -118, "l": 1000, "t": 216.653081}
{"r": -828, "l": 1000, "t": 218.955867}
{"r": -670, "l": 1000, "t": 221.208852}
{"r": -654, "l": 1000, "t": 223.473754}
{"r": -969, "l": 1000, "t": 225.70167}
{"r": -706, "l": 1000, "t": 228.005018}
{"r": -405, "l": 1000, "t": 230.264358}
{"r": -627, "l": 1000, "t": 232.568624}
{"r": -575, "l": 1000, "t": 234.85402}
{"r": -260, "l": 1000, "t": 237.120771}
{"r": -706, "l": 1000, "t": 239.362481}
{"r": -553, "l": 1000, "t": 241.635369}
{"r": -200, "l": 1000, "t": 243.900287}
{"r": -802, "l": 1000, "t": 246.192531}
{"r": -756, "l": 1000, "t": 248.493876}
{"r": -420, "l": 1000, "t": 250.802607}
{"r": -199, "l": 1000, "t": 253.081503}
{"r": -904, "l": 1000, "t": 255.333126}
{"r": -858, "l": 1000, "t": 257.596726}
{"r": -515, "l": 1000, "t": 259.858948}
{"r": -276, "l": 1000, "t": 262.152674}
{"r": -420, "l": 1000, "t": 264.421308}
{"r": -733, "l": 1000, "t": 266.733943}
{"r": -531, "l": 1000, "t": 269.040275}
{"r": -220, "l": 1000, "t": 271.411821}
{"r": -717, "l": 1000, "t": 273.656324}
{"r": -932, "l": 1000, "t": 275.919569}
{"r": -975, "l": 1000, "t": 278.215092}
{"r": -584, "l": 1000, "t": 280.431395}
{"r": -581, "l": 1000, "t": 282.724739}
{"r": -802, "l": 1000, "t": 285.030655}
{"r": -642, "l": 1000, "t": 287.323835}
{"r": -861, "l": 1000, "t": 289.611179}
{"r": -643, "l": 1000, "t": 291.944072}
{"r": -611, "l": 1000, "t": 294.241534}
{"r": -288, "l": 1000, "t": 296.523632}
{"r": 8, "l": 1000, "t": 298.810117}
{"r": 57, "l": 1000, "t": 301.098375}
{"r": 94, "l": 1000, "t": 303.355741}
{"r": -26, "l": 1000, "t": 305.624492}
{"r": -389, "l": 1000, "t": 307.908283}
{"r": -587, "l": 1000, "t": 310.193192}
{"r": -860, "l": 1000, "t": 312.441596}
{"r": -682, "l": 1000, "t": 314.778412}
{"r": -924, "l": 1000, "t": 317.228054}
{"r": -823, "l": 1000, "t": 319.194899}
{"r": -900, "l": 1000, "t": 321.289011}
{"r": -852, "l": 1000, "t": 323.522083}
{"r": -986, "l": 1000, "t": 325.769356}
{"r": -847, "l": 1000, "t": 328.046202}
{"r": -814, "l": 1000, "t": 330.303695}
{"r": -791, "l": 1000, "t": 332.569627}
{"r": -694, "l": 1000, "t": 334.827206}
{"r": -421, "l": 1000, "t": 337.109058}
{"r": -128, "l": 1000, "t": 339.352435}
