{"policy_entropy": 1.609226942062378, "fps": 0.564769740794617, "total_timesteps": 27000, "value_loss": 0.000137273600557819, "nupdates": 2700, "explained_variance": -13.958732604980469}
{"policy_entropy": 1.609122633934021, "fps": 212.9756116930674, "total_timesteps": 28000, "value_loss": 0.0005157461855560541, "nupdates": 2800, "explained_variance": -0.18887412548065186}
{"policy_entropy": 1.6091680526733398, "fps": 220.775198499048, "total_timesteps": 29000, "value_loss": 7.767595525365323e-05, "nupdates": 2900, "explained_variance": -11.260869026184082}
{"policy_entropy": 1.6092898845672607, "fps": 219.5984362415661, "total_timesteps": 30000, "value_loss": 8.396336488658562e-05, "nupdates": 3000, "explained_variance": -31.53308868408203}
{"policy_entropy": 1.6092331409454346, "fps": 218.64549083397566, "total_timesteps": 31000, "value_loss": 0.0001489096030127257, "nupdates": 3100, "explained_variance": -2.662740468978882}
{"policy_entropy": 1.6092398166656494, "fps": 199.07895870360292, "total_timesteps": 32000, "value_loss": 0.00010787714563775808, "nupdates": 3200, "explained_variance": -7.072264671325684}
{"policy_entropy": 1.6092898845672607, "fps": 219.04998213101592, "total_timesteps": 33000, "value_loss": 0.0003479681327007711, "nupdates": 3300, "explained_variance": -1.3904826641082764}
{"policy_entropy": 1.6092092990875244, "fps": 217.77114254481768, "total_timesteps": 34000, "value_loss": 7.149294106056914e-05, "nupdates": 3400, "explained_variance": -34.794368743896484}
{"policy_entropy": 1.6090736389160156, "fps": 215.7740045843251, "total_timesteps": 35000, "value_loss": 0.00015045078180264682, "nupdates": 3500, "explained_variance": -1.1941876411437988}
{"policy_entropy": 1.608769178390503, "fps": 216.0313184593623, "total_timesteps": 36000, "value_loss": 0.00014355420717038214, "nupdates": 3600, "explained_variance": -6.786430358886719}
{"policy_entropy": 1.608687162399292, "fps": 216.99004065138442, "total_timesteps": 37000, "value_loss": 0.00010569199366727844, "nupdates": 3700, "explained_variance": -16.741674423217773}
{"policy_entropy": 1.6085612773895264, "fps": 217.192676901462, "total_timesteps": 38000, "value_loss": 8.280944166472182e-05, "nupdates": 3800, "explained_variance": -542.8529663085938}
{"policy_entropy": 1.418268084526062, "fps": 214.15297430233136, "total_timesteps": 39000, "value_loss": 0.5047739744186401, "nupdates": 3900, "explained_variance": -18.684104919433594}
{"policy_entropy": 1.5757906436920166, "fps": 216.14767928379808, "total_timesteps": 40000, "value_loss": 0.0007766442140564322, "nupdates": 4000, "explained_variance": -0.2939969301223755}
{"policy_entropy": 1.5836914777755737, "fps": 216.23153181976733, "total_timesteps": 41000, "value_loss": 9.283660619985312e-05, "nupdates": 4100, "explained_variance": -3.0818252563476562}
{"policy_entropy": 0.7066835165023804, "fps": 217.47361469911382, "total_timesteps": 42000, "value_loss": 0.009573189541697502, "nupdates": 4200, "explained_variance": -0.37187087535858154}
{"policy_entropy": 1.4844493865966797, "fps": 216.5667549101042, "total_timesteps": 43000, "value_loss": 0.0004704156017396599, "nupdates": 4300, "explained_variance": -8.024615287780762}
{"policy_entropy": 1.5335785150527954, "fps": 217.26267728300027, "total_timesteps": 44000, "value_loss": 0.00016950855206232518, "nupdates": 4400, "explained_variance": -5.165047645568848}
{"policy_entropy": 1.279260277748108, "fps": 216.87023707927884, "total_timesteps": 45000, "value_loss": 0.04140367731451988, "nupdates": 4500, "explained_variance": 0.08179479837417603}
{"policy_entropy": 1.3211066722869873, "fps": 217.84798823602247, "total_timesteps": 46000, "value_loss": 0.0005410949815995991, "nupdates": 4600, "explained_variance": 0.11161857843399048}
{"policy_entropy": 1.4891780614852905, "fps": 217.32368031547682, "total_timesteps": 47000, "value_loss": 0.00010722493607318029, "nupdates": 4700, "explained_variance": -10.175200462341309}
{"policy_entropy": 1.1753380298614502, "fps": 216.29242555405187, "total_timesteps": 48000, "value_loss": 0.041658710688352585, "nupdates": 4800, "explained_variance": -0.06687009334564209}
{"policy_entropy": 1.4071128368377686, "fps": 216.7277626898627, "total_timesteps": 49000, "value_loss": 0.0012700060615316033, "nupdates": 4900, "explained_variance": -1.0120980739593506}
{"policy_entropy": 0.13473793864250183, "fps": 219.63812084248207, "total_timesteps": 50000, "value_loss": 0.05633703991770744, "nupdates": 5000, "explained_variance": 0.0}
{"policy_entropy": 1.3617769479751587, "fps": 216.7474070615569, "total_timesteps": 51000, "value_loss": 0.22045759856700897, "nupdates": 5100, "explained_variance": 0.06331855058670044}
{"policy_entropy": 1.4749352931976318, "fps": 215.65010658327841, "total_timesteps": 52000, "value_loss": 0.00047547477879561484, "nupdates": 5200, "explained_variance": -36.17704391479492}
{"policy_entropy": 1.0042743682861328, "fps": 216.4268565333263, "total_timesteps": 53000, "value_loss": 0.005851895548403263, "nupdates": 5300, "explained_variance": -0.05436861515045166}
{"policy_entropy": 0.306496798992157, "fps": 216.43899646668564, "total_timesteps": 54000, "value_loss": 0.4676125645637512, "nupdates": 5400, "explained_variance": -0.018219947814941406}
{"policy_entropy": 1.2227866649627686, "fps": 216.01576419668947, "total_timesteps": 55000, "value_loss": 9.716721251606941e-05, "nupdates": 5500, "explained_variance": -7.59981632232666}
{"policy_entropy": 0.0009723265538923442, "fps": 215.65174756774388, "total_timesteps": 56000, "value_loss": 0.207421213388443, "nupdates": 5600, "explained_variance": -0.0924912691116333}
{"policy_entropy": 1.2472959756851196, "fps": 218.26673800845464, "total_timesteps": 57000, "value_loss": 0.00011790695134550333, "nupdates": 5700, "explained_variance": 0.13200867176055908}
{"policy_entropy": 1.4918205738067627, "fps": 216.5022198386107, "total_timesteps": 58000, "value_loss": 8.931197953643277e-05, "nupdates": 5800, "explained_variance": -5.589359760284424}
{"policy_entropy": 1.28085196018219, "fps": 215.87740987089418, "total_timesteps": 59000, "value_loss": 0.0024483827874064445, "nupdates": 5900, "explained_variance": -0.2290031909942627}
{"policy_entropy": 0.28449082374572754, "fps": 212.15637735604736, "total_timesteps": 60000, "value_loss": 0.4520514905452728, "nupdates": 6000, "explained_variance": 0.03550523519515991}
{"policy_entropy": 0.14976505935192108, "fps": 218.0565499122768, "total_timesteps": 61000, "value_loss": 0.07050640136003494, "nupdates": 6100, "explained_variance": -1.1920928955078125e-07}
{"policy_entropy": 1.2277699708938599, "fps": 215.34141436607163, "total_timesteps": 62000, "value_loss": 0.3828235864639282, "nupdates": 6200, "explained_variance": 0.022878646850585938}
{"policy_entropy": 1.2684898376464844, "fps": 217.9880877157076, "total_timesteps": 63000, "value_loss": 0.0011313939467072487, "nupdates": 6300, "explained_variance": -2.1659369468688965}
{"policy_entropy": 0.5479245781898499, "fps": 214.44559095724867, "total_timesteps": 64000, "value_loss": 0.1430952548980713, "nupdates": 6400, "explained_variance": 0.19925034046173096}
{"policy_entropy": 1.5044885873794556, "fps": 216.05696897030714, "total_timesteps": 65000, "value_loss": 0.00031030469108372927, "nupdates": 6500, "explained_variance": -5.0264787673950195}
{"policy_entropy": 1.4420840740203857, "fps": 211.9086559018068, "total_timesteps": 66000, "value_loss": 0.08065806329250336, "nupdates": 6600, "explained_variance": -1020.8615112304688}
{"policy_entropy": 1.6022179126739502, "fps": 217.30089163584833, "total_timesteps": 67000, "value_loss": 0.0012776751536875963, "nupdates": 6700, "explained_variance": -0.9593510627746582}
{"policy_entropy": 1.366020917892456, "fps": 215.7223113428075, "total_timesteps": 68000, "value_loss": 0.0013244620058685541, "nupdates": 6800, "explained_variance": -1.866215705871582}
{"policy_entropy": 1.3475735187530518, "fps": 212.68543720473906,