{"t_start": 1514975253.6234426, "gym_version": "0.9.2", "env_id": "GridWorldNoFrameskip-v4"}
{"r": 0.0, "l": 1000, "t": 17.073212}
{"r": 0.0, "l": 1000, "t": 36.349419}
{"r": 0.0, "l": 1000, "t": 52.048213}
{"r": 0.0, "l": 1000, "t": 70.309133}
{"r": 0.0, "l": 1000, "t": 85.68385}
{"r": 0.0, "l": 1000, "t": 103.079228}
{"r": 0.0, "l": 1000, "t": 118.437788}
{"r": 0.0, "l": 1000, "t": 135.853597}
{"r": 0.0, "l": 1000, "t": 154.088173}
{"r": 0.0, "l": 1000, "t": 171.812307}
{"r": 0.0, "l": 1000, "t": 191.399445}
{"r": 0.0, "l": 1000, "t": 206.189668}
{"r": 0.0, "l": 1000, "t": 222.256108}
{"r": 0.0, "l": 1000, "t": 239.542342}
{"r": 0.0, "l": 1000, "t": 257.580064}
{"r": 0.0, "l": 1000, "t": 275.773888}
{"r": 0.0, "l": 1000, "t": 291.080957}
{"r": 0.0, "l": 1000, "t": 308.580742}
{"r": 0.0, "l": 1000, "t": 326.126875}
{"r": 0.0, "l": 1000, "t": 344.14582}
{"r": 0.0, "l": 1000, "t": 361.973345}
{"r": 0.0, "l": 1000, "t": 377.960554}
{"r": 0.0, "l": 1000, "t": 395.59101}
{"r": 0.0, "l": 1000, "t": 411.262737}
{"r": 0.0, "l": 1000, "t": 428.981703}
{"r": 0.0, "l": 1000, "t": 445.030182}
{"r": 0.0, "l": 1000, "t": 462.574248}
{"r": 0.0, "l": 1000, "t": 478.466005}
{"r": 0.0, "l": 1000, "t": 496.341393}
{"r": 0.0, "l": 1000, "t": 512.019386}
{"r": 0.0, "l": 1000, "t": 529.850695}
{"r": 0.0, "l": 1000, "t": 546.195733}
{"r": 0.0, "l": 1000, "t": 561.492175}
{"r": 0.0, "l": 1000, "t": 579.056516}
{"r": 0.0, "l": 1000, "t": 594.454062}
{"r": 0.0, "l": 1000, "t": 609.815951}
{"r": 0.0, "l": 1000, "t": 627.466174}
{"r": 0.0, "l": 1000, "t": 642.793298}
{"r": 0.0, "l": 1000, "t": 660.34834}
{"r": 0.0, "l": 1000, "t": 676.275098}
{"r": 0.0, "l": 1000, "t": 693.584644}
{"r": 0.0, "l": 1000, "t": 709.193503}
{"r": 0.0, "l": 1000, "t": 727.403565}
{"r": 0.0, "l": 1000, "t": 745.055996}
{"r": 0.0, "l": 1000, "t": 762.650894}
{"r": 0.0, "l": 1000, "t": 777.762856}
{"r": 0.0, "l": 1000, "t": 795.181049}
{"r": 0.0, "l": 1000, "t": 810.895165}
{"r": 0.0, "l": 1000, "t": 826.214996}
{"r": 0.0, "l": 1000, "t": 841.273959}
{"r": 0.0, "l": 1000, "t": 857.905518}
{"r": 0.0, "l": 1000, "t": 873.656674}
{"r": 0.0, "l": 1000, "t": 891.396037}
{"r": 0.0, "l": 1000, "t": 906.581342}
{"r": 0.0, "l": 1000, "t": 922.364029}
{"r": 0.0, "l": 1000, "t": 937.96907}
{"r": 0.0, "l": 1000, "t": 954.194137}
{"r": 0.0, "l": 1000, "t": 969.889207}
{"r": 0.0, "l": 1000, "t": 987.784143}
{"r": 0.0, "l": 1000, "t": 1002.545844}
{"r": 0.0, "l": 1000, "t": 1017.965997}
{"r": 0.0, "l": 1000, "t": 1035.430103}
{"r": 0.0, "l": 1000, "t": 1050.866433}
{"r": 0.0, "l": 1000, "t": 1068.89021}
{"r": 0.0, "l": 1000, "t": 1085.025011}
{"r": 0.0, "l": 1000, "t": 1103.226251}
{"r": 0.0, "l": 1000, "t": 1118.844146}
{"r": 0.0, "l": 1000, "t": 1136.612619}
{"r": 0.0, "l": 1000, "t": 1152.762833}
{"r": 0.0, "l": 1000, "t": 1168.401114}
{"r": 0.0, "l": 1000, "t": 1184.038196}
{"r": 0.0, "l": 1000, "t": 1202.002077}
{"r": 0.0, "l": 1000, "t": 1220.285265}
{"r": 0.0, "l": 1000, "t": 1235.749933}
{"r": 0.0, "l": 1000, "t": 1250.601964}
{"r": 0.0, "l": 1000, "t": 1268.527061}
{"r": 0.0, "l": 1000, "t": 1284.360605}
{"r": 0.0, "l": 1000, "t": 1300.533803}
{"r": 0.0, "l": 1000, "t": 1317.795608}
{"r": 0.0, "l": 1000, "t": 1333.233418}
{"r": 0.0, "l": 1000, "t": 1350.912372}
{"r": 0.0, "l": 1000, "t": 1366.814024}
{"r": 0.0, "l": 1000, "t": 1384.353566}
{"r": 0.0, "l": 1000, "t": 1400.341525}
{"r": 0.0, "l": 1000, "t": 1416.215751}
{"r": 0.0, "l": 1000, "t": 1435.050125}
{"r": 0.0, "l": 1000, "t": 1454.18371}
{"r": 0.0, "l": 1000, "t": 1473.913219}
{"r": 0.0, "l": 1000, "t": 1493.492583}
{"r": 0.0, "l": 1000, "t": 1513.995776}
{"r": 0.0, "l": 1000, "t": 1534.014771}
{"r": 0.0, "l": 1000, "t": 1554.63402}
{"r": 0.0, "l": 1000, "t": 1576.867334}
{"r": 0.0, "l": 1000, "t": 1596.863825}
{"r": 0.0, "l": 1000, "t": 1619.14194}
{"r": 0.0, "l": 1000, "t": 1639.268685}
{"r": 0.0, "l": 1000, "t": 1658.615242}
{"r": 0.0, "l": 1000, "t": 1677.732579}
{"r": 0.0, "l": 1000, "t": 1697.793537}
{"r": 0.0, "l": 1000, "t": 1717.283755}
{"r": 0.0, "l": 1000, "t": 1734.561118}
{"r": 0.0, "l": 1000, "t": 1753.859275}
{"r": 0.0, "l": 1000, "t": 1773.686115}
{"r": 0.0, "l": 1000, "t": 1793.150305}
{"r": 0.0, "l": 1000, "t": 1812.727435}
{"r": 0.0, "l": 1000, "t": 1831.693985}
{"r": 0.0, "l": 1000, "t": 1850.389717}
{"r": 0.0, "l": 1000, "t": 1869.340527}
{"r": 0.0, "l": 1000, "t": 1888.583807}
{"r": 0.0, "l": 1000, "t": 1940.582412}
{"r": 0.0, "l": 1000, "t": 1999.976102}
{"r": 0.0, "l": 1000, "t": 2056.076322}
{"r": 0.0, "l": 1000, "t": 2119.273748}
{"r": 0.0, "l": 1000, "t": 2180.159464}
{"r": 0.0, "l": 1000, "t": 2237.058102}
{"r": 0.0, "l": 1000, "t": 2291.899985}
{"r": 0.0, "l": 1000, "t": 2355.924698}
{"r": 0.0, "l": 1000, "t": 2417.714402}
{"r": 0.0, "l": 1000, "t": 2477.006459}
{"r": 0.0, "l": 1000, "t": 2536.239822}
{"r": 0.0, "l": 1000, "t": 2596.129982}
{"r": 0.0, "l": 1000, "t": 2654.056461}
{"r": 0.0, "l": 1000, "t": 2709.054898}
{"r": 0.0, "l": 1000, "t": 2770.964827}
{"r": 0.0, "l": 1000, "t": 2832.854985}
{"r": 0.0, "l": 1000, "t": 2888.727663}
{"r": 0.0, "l": 1000, "t": 2954.518089}
{"r": 0.0, "l": 1000, "t": 3018.188694}
{"r": 0.0, "l": 1000, "t": 3081.797561}
{"r": 0.0, "l": 1000, "t": 3143.325871}
{"r": 0.0, "l": 1000, "t": 3203.671222}
{"r": 0.0, "l": 1000, "t": 3258.295649}
{"r": 0.0, "l": 1000, "t": 3323.260936}
{"r": 0.0, "l": 1000, "t": 3384.420239}
{"r": 0.0, "l": 1000, "t": 3448.936019}
{"r": 0.0, "l": 1000, "t": 3514.495412}
{"r": 0.0, "l": 1000, "t": 3569.647771}
{"r": 0.0, "l": 1000, "t": 3625.388754}
{"r": 0.0, "l": 1000, "t": 3683.052952}
{"r": 0.0, "l": 1000, "t": 3743.085776}
{"r": 0.0, "l": 1000, "t": 3799.845536}
{"r": 0.0, "l": 1000, "t": 3857.98246}
{"r": 0.0, "l": 1000, "t": 3913.271903}
{"r": 0.0, "l": 1000, "t": 3965.979383}
{"r": 0.0, "l": 1000, "t": 4024.852746}
{"r": 0.0, "l": 1000, "t": 4083.921211}
{"r": 0.0, "l": 1000, "t": 4140.46602}
{"r": 0.0, "l": 1000, "t": 4192.252939}
{"r": 0.0, "l": 1000, "t": 4252.533352}
{"r": 0.0, "l": 1000, "t": 4306.436457}
{"r": 0.0, "l": 1000, "t": 4359.716269}
{"r": 0.0, "l": 1000, "t": 4412.559731}
{"r": 0.0, "l": 1000, "t": 4471.310504}
{"r": 0.0, "l": 1000, "t": 4524.000898}
{"r": 0.0, "l": 1000, "t": 4577.750008}
{"r": 0.0, "l": 1000, "t": 4634.549988}
{"r": 0.0, "l": 1000, "t": 4692.205097}
{"r": 0.0, "l": 1000, "t": 4746.922693}
{"r": 0.0, "l": 1000, "t": 4800.575149}
{"r": 0.0, "l": 1000, "t": 4861.507607}
{"r": 0.0, "l": 1000, "t": 4911.070191}
{"r": 0.0, "l": 1000, "t": 4966.137056}
{"r": 0.0, "l": 1000, "t": 5019.120671}
{"r": 0.0, "l": 1000, "t": 5074.453721}
{"r": 0.0, "l": 1000, "t": 5134.145792}
{"r": 0.0, "l": 1000, "t": 5187.626206}
{"r": 0.0, "l": 1000, "t": 5245.052086}
{"r": 0.0, "l": 1000, "t": 5301.524006}
{"r": 0.0, "l": 1000, "t": 5352.880667}
{"r": 0.0, "l": 1000, "t": 5418.247796}
{"r": 0.0, "l": 1000, "t": 5485.588922}
{"r": 0.0, "l": 1000, "t": 5543.161241}
{"r": 0.0, "l": 1000, "t": 5605.644032}
{"r": 0.0, "l": 1000, "t": 5672.769426}
{"r": 0.0, "l": 1000, "t": 5731.716584}
{"r": 0.0, "l": 1000, "t": 5793.374505}
{"r": 0.0, "l": 1000, "t": 5854.641258}
{"r": 0.0, "l": 1000, "t": 5919.528407}
{"r": 0.0, "l": 1000, "t": 5989.025552}
{"r": 0.0, "l": 1000, "t": 6050.962329}
{"r": 0.0, "l": 1000, "t": 6112.230874}
{"r": 0.0, "l": 1000, "t": 6177.980374}
{"r": 0.0, "l": 1000, "t": 6244.42542}
{"r": 0.0, "l": 1000, "t": 6314.307008}
{"r": 0.0, "l": 1000, "t": 6376.540179}
{"r": 0.0, "l": 1000, "t": 6440.568543}
{"r": 0.0, "l": 1000, "t": 6506.694835}
{"r": 0.0, "l": 1000, "t": 6570.707565}
{"r": 0.0, "l": 1000, "t": 6629.463497}
{"r": 0.0, "l": 1000, "t": 6691.215642}
{"r": 0.0, "l": 1000, "t": 6759.635433}
{"r": 0.0, "l": 1000, "t": 6819.672138}
{"r": 0.0, "l": 1000, "t": 6885.869307}
{"r": 0.0, "l": 1000, "t": 6952.116191}
{"r": 0.0, "l": 1000, "t": 7015.935408}
{"r": 0.0, "l": 1000, "t": 7078.125806}
{"r": 0.0, "l": 1000, "t": 7145.472693}
{"r": 0.0, "l": 1000, "t": 7209.584441}
{"r": 0.0, "l": 1000, "t": 7281.068528}
{"r": 0.0, "l": 1000,