{"t_start": 1514975253.6234426, "gym_version": "0.9.2", "env_id": "GridWorldNoFrameskip-v4"}
{"r": 0.0, "l": 1000, "t": 17.284559}
{"r": 0.0, "l": 1000, "t": 36.539137}
{"r": 0.0, "l": 1000, "t": 52.454901}
{"r": 0.0, "l": 1000, "t": 70.651039}
{"r": 0.0, "l": 1000, "t": 86.113296}
{"r": 0.0, "l": 1000, "t": 103.457136}
{"r": 0.0, "l": 1000, "t": 118.969434}
{"r": 0.0, "l": 1000, "t": 136.187371}
{"r": 0.0, "l": 1000, "t": 156.550728}
{"r": 0.0, "l": 1000, "t": 174.20107}
{"r": 0.0, "l": 1000, "t": 191.807239}
{"r": 0.0, "l": 1000, "t": 208.456072}
{"r": 0.0, "l": 1000, "t": 224.653018}
{"r": 0.0, "l": 1000, "t": 241.996471}
{"r": 0.0, "l": 1000, "t": 260.186106}
{"r": 0.0, "l": 1000, "t": 278.254732}
{"r": 0.0, "l": 1000, "t": 293.37502}
{"r": 0.0, "l": 1000, "t": 310.951631}
{"r": 0.0, "l": 1000, "t": 326.636704}
{"r": 0.0, "l": 1000, "t": 346.85958}
{"r": 0.0, "l": 1000, "t": 362.715234}
{"r": 0.0, "l": 1000, "t": 380.431901}
{"r": 0.0, "l": 1000, "t": 396.81919}
{"r": 0.0, "l": 1000, "t": 414.095479}
{"r": 0.0, "l": 1000, "t": 431.710384}
{"r": 0.0, "l": 1000, "t": 447.543459}
{"r": 0.0, "l": 1000, "t": 463.149375}
{"r": 0.0, "l": 1000, "t": 480.66168}
{"r": 0.0, "l": 1000, "t": 496.8706}
{"r": 0.0, "l": 1000, "t": 514.521626}
{"r": 0.0, "l": 1000, "t": 530.603076}
{"r": 0.0, "l": 1000, "t": 548.453576}
{"r": 0.0, "l": 1000, "t": 563.638667}
{"r": 0.0, "l": 1000, "t": 581.235163}
{"r": 0.0, "l": 1000, "t": 596.439062}
{"r": 0.0, "l": 1000, "t": 612.17574}
{"r": 0.0, "l": 1000, "t": 627.916145}
{"r": 0.0, "l": 1000, "t": 645.319297}
{"r": 0.0, "l": 1000, "t": 660.815152}
{"r": 0.0, "l": 1000, "t": 678.430321}
{"r": 0.0, "l": 1000, "t": 695.845756}
{"r": 0.0, "l": 1000, "t": 711.382591}
{"r": 0.0, "l": 1000, "t": 729.596859}
{"r": 0.0, "l": 1000, "t": 747.805019}
{"r": 0.0, "l": 1000, "t": 763.272807}
{"r": 0.0, "l": 1000, "t": 779.860418}
{"r": 0.0, "l": 1000, "t": 795.891496}
{"r": 0.0, "l": 1000, "t": 811.901123}
{"r": 0.0, "l": 1000, "t": 826.813969}
{"r": 0.0, "l": 1000, "t": 843.545358}
{"r": 0.0, "l": 1000, "t": 858.433089}
{"r": 0.0, "l": 1000, "t": 876.112171}
{"r": 0.0, "l": 1000, "t": 891.914403}
{"r": 0.0, "l": 1000, "t": 909.07011}
{"r": 0.0, "l": 1000, "t": 924.585223}
{"r": 0.0, "l": 1000, "t": 938.536272}
{"r": 0.0, "l": 1000, "t": 956.307325}
{"r": 0.0, "l": 1000, "t": 972.252199}
{"r": 0.0, "l": 1000, "t": 988.174348}
{"r": 0.0, "l": 1000, "t": 1003.00297}
{"r": 0.0, "l": 1000, "t": 1020.287251}
{"r": 0.0, "l": 1000, "t": 1035.990988}
{"r": 0.0, "l": 1000, "t": 1053.635718}
{"r": 0.0, "l": 1000, "t": 1069.375632}
{"r": 0.0, "l": 1000, "t": 1085.583924}
{"r": 0.0, "l": 1000, "t": 1103.750556}
{"r": 0.0, "l": 1000, "t": 1119.489745}
{"r": 0.0, "l": 1000, "t": 1137.12012}
{"r": 0.0, "l": 1000, "t": 1153.244584}
{"r": 0.0, "l": 1000, "t": 1168.841917}
{"r": 0.0, "l": 1000, "t": 1186.490928}
{"r": 0.0, "l": 1000, "t": 1202.521514}
{"r": 0.0, "l": 1000, "t": 1220.610734}
{"r": 0.0, "l": 1000, "t": 1238.001108}
{"r": 0.0, "l": 1000, "t": 1252.759692}
{"r": 0.0, "l": 1000, "t": 1270.860202}
{"r": 0.0, "l": 1000, "t": 1284.820887}
{"r": 0.0, "l": 1000, "t": 1302.87099}
{"r": 0.0, "l": 1000, "t": 1318.278675}
{"r": 0.0, "l": 1000, "t": 1335.47292}
{"r": 0.0, "l": 1000, "t": 1351.300968}
{"r": 0.0, "l": 1000, "t": 1368.829086}
{"r": 0.0, "l": 1000, "t": 1384.845729}
{"r": 0.0, "l": 1000, "t": 1402.700403}
{"r": 0.0, "l": 1000, "t": 1418.959967}
{"r": 0.0, "l": 1000, "t": 1435.765364}
{"r": 0.0, "l": 1000, "t": 1454.824328}
{"r": 0.0, "l": 1000, "t": 1474.555157}
{"r": 0.0, "l": 1000, "t": 1494.338684}
{"r": 0.0, "l": 1000, "t": 1516.69382}
{"r": 0.0, "l": 1000, "t": 1536.833965}
{"r": 0.0, "l": 1000, "t": 1557.041438}
{"r": 0.0, "l": 1000, "t": 1579.860737}
{"r": 0.0, "l": 1000, "t": 1599.616068}
{"r": 0.0, "l": 1000, "t": 1621.897588}
{"r": 0.0, "l": 1000, "t": 1642.033955}
{"r": 0.0, "l": 1000, "t": 1661.250168}
{"r": 0.0, "l": 1000, "t": 1678.564152}
{"r": 0.0, "l": 1000, "t": 1700.695674}
{"r": 0.0, "l": 1000, "t": 1718.221793}
{"r": 0.0, "l": 1000, "t": 1737.575878}
{"r": 0.0, "l": 1000, "t": 1756.716028}
{"r": 0.0, "l": 1000, "t": 1776.385376}
{"r": 0.0, "l": 1000, "t": 1796.02088}
{"r": 0.0, "l": 1000, "t": 1815.583055}
{"r": 0.0, "l": 1000, "t": 1834.357227}
{"r": 0.0, "l": 1000, "t": 1851.315223}
{"r": 0.0, "l": 1000, "t": 1872.122679}
{"r": 0.0, "l": 1000, "t": 1891.741426}
{"r": 0.0, "l": 1000, "t": 1945.148208}
{"r": 0.0, "l": 1000, "t": 2006.376791}
{"r": 0.0, "l": 1000, "t": 2061.613536}
{"r": 0.0, "l": 1000, "t": 2126.104188}
{"r": 0.0, "l": 1000, "t": 2190.220563}
{"r": 0.0, "l": 1000, "t": 2246.387947}
{"r": 0.0, "l": 1000, "t": 2302.848731}
{"r": 0.0, "l": 1000, "t": 2364.985889}
{"r": 0.0, "l": 1000, "t": 2428.068748}
{"r": 0.0, "l": 1000, "t": 2485.011205}
{"r": 0.0, "l": 1000, "t": 2549.731188}
{"r": 0.0, "l": 1000, "t": 2606.375722}
{"r": 0.0, "l": 1000, "t": 2665.390209}
{"r": 0.0, "l": 1000, "t": 2718.577774}
{"r": 0.0, "l": 1000, "t": 2782.888014}
{"r": 0.0, "l": 1000, "t": 2840.022739}
{"r": 0.0, "l": 1000, "t": 2898.878759}
{"r": 0.0, "l": 1000, "t": 2965.886938}
{"r": 0.0, "l": 1000, "t": 3025.258722}
{"r": 0.0, "l": 1000, "t": 3092.45387}
{"r": 0.0, "l": 1000, "t": 3154.035092}
{"r": 0.0, "l": 1000, "t": 3212.805299}
{"r": 0.0, "l": 1000, "t": 3270.753285}
{"r": 0.0, "l": 1000, "t": 3333.94397}
{"r": 0.0, "l": 1000, "t": 3391.978957}
{"r": 0.0, "l": 1000, "t": 3462.744824}
{"r": 0.0, "l": 1000, "t": 3525.141635}
{"r": 0.0, "l": 1000, "t": 3583.099662}
{"r": 0.0, "l": 1000, "t": 3639.800826}
{"r": 0.0, "l": 1000, "t": 3698.019789}
{"r": 0.0, "l": 1000, "t": 3757.47129}
{"r": 0.0, "l": 1000, "t": 3813.965036}
{"r": 0.0, "l": 1000, "t": 3866.432177}
{"r": 0.0, "l": 1000, "t": 3927.083942}
{"r": 0.0, "l": 1000, "t": 3981.142847}
{"r": 0.0, "l": 1000, "t": 4043.628176}
{"r": 0.0, "l": 1000, "t": 4097.711067}
{"r": 0.0, "l": 1000, "t": 4153.052656}
{"r": 0.0, "l": 1000, "t": 4206.038906}
{"r": 0.0, "l": 1000, "t": 4264.076355}
{"r": 0.0, "l": 1000, "t": 4317.566017}
{"r": 0.0, "l": 1000, "t": 4369.519843}
{"r": 0.0, "l": 1000, "t": 4423.086072}
{"r": 0.0, "l": 1000, "t": 4482.231865}
{"r": 0.0, "l": 1000, "t": 4534.147138}
{"r": 0.0, "l": 1000, "t": 4588.118349}
{"r": 0.0, "l": 1000, "t": 4648.275054}
{"r": 0.0, "l": 1000, "t": 4704.782304}
{"r": 0.0, "l": 1000, "t": 4756.958669}
{"r": 0.0, "l": 1000, "t": 4814.428318}
{"r": 0.0, "l": 1000, "t": 4872.38782}
{"r": 0.0, "l": 1000, "t": 4926.507758}
{"r": 0.0, "l": 1000, "t": 4979.758178}
{"r": 0.0, "l": 1000, "t": 5030.998425}
{"r": 0.0, "l": 1000, "t": 5088.908024}
{"r": 0.0, "l": 1000, "t": 5146.264571}
{"r": 0.0, "l": 1000, "t": 5203.276856}
{"r": 0.0, "l": 1000, "t": 5258.194109}
{"r": 0.0, "l": 1000, "t": 5314.013844}
{"r": 0.0, "l": 1000, "t": 5365.531293}
{"r": 0.0, "l": 1000, "t": 5429.108835}
{"r": 0.0, "l": 1000, "t": 5499.677141}
{"r": 0.0, "l": 1000, "t": 5553.462134}
{"r": 0.0, "l": 1000, "t": 5618.970937}
{"r": 0.0, "l": 1000, "t": 5687.514939}
{"r": 0.0, "l": 1000, "t": 5745.29327}
{"r": 0.0, "l": 1000, "t": 5807.667927}
{"r": 0.0, "l": 1000, "t": 5868.989207}
{"r": 0.0, "l": 1000, "t": 5936.156429}
{"r": 0.0, "l": 1000, "t": 6001.617254}
{"r": 0.0, "l": 1000, "t": 6061.893258}
{"r": 0.0, "l": 1000, "t": 6126.007975}
{"r": 0.0, "l": 1000, "t": 6189.641126}
{"r": 0.0, "l": 1000, "t": 6257.738384}
{"r": 0.0, "l": 1000, "t": 6320.563745}
{"r": 0.0, "l": 1000, "t": 6382.345549}
{"r": 0.0, "l": 1000, "t": 6445.883912}
{"r": 0.0, "l": 1000, "t": 6510.93069}
{"r": 0.0, "l": 1000, "t": 6573.003223}
{"r": 0.0, "l": 1000, "t": 6633.734078}
{"r": 0.0, "l": 1000, "t": 6697.121983}
{"r": 0.0, "l": 1000, "t": 6765.09776}
{"r": 0.0, "l": 1000, "t": 6827.895874}
{"r": 0.0, "l": 1000, "t": 6893.483531}
{"r": 0.0, "l": 1000, "t": 6958.027993}
{"r": 0.0, "l": 1000, "t": 7022.151}
{"r": 0.0, "l": 1000, "t": 7087.998255}
{"r": 0.0, "l": 1000, "t": 7154.498044}
{"r": 0.0, "l": 1000, "t": 7218.235648}
{"r": 0.0, "l": 1000, "t": 7286.902633}
{"r": 0.0, "l": 1000,