{"t_start": 1514975253.6230528, "gym_version": "0.9.2", "env_id": "GridWorldNoFrameskip-v4"}
{"r": 0.0, "l": 1000, "t": 17.234831}
{"r": 0.0, "l": 1000, "t": 36.539462}
{"r": 0.0, "l": 1000, "t": 52.260081}
{"r": 0.0, "l": 1000, "t": 70.637684}
{"r": 0.0, "l": 1000, "t": 86.272124}
{"r": 0.0, "l": 1000, "t": 103.457367}
{"r": 0.0, "l": 1000, "t": 118.970068}
{"r": 0.0, "l": 1000, "t": 136.332915}
{"r": 0.0, "l": 1000, "t": 156.520391}
{"r": 0.0, "l": 1000, "t": 173.915557}
{"r": 0.0, "l": 1000, "t": 191.663477}
{"r": 0.0, "l": 1000, "t": 206.626514}
{"r": 0.0, "l": 1000, "t": 224.454449}
{"r": 0.0, "l": 1000, "t": 241.727899}
{"r": 0.0, "l": 1000, "t": 260.010867}
{"r": 0.0, "l": 1000, "t": 275.975197}
{"r": 0.0, "l": 1000, "t": 291.382523}
{"r": 0.0, "l": 1000, "t": 308.606792}
{"r": 0.0, "l": 1000, "t": 326.279958}
{"r": 0.0, "l": 1000, "t": 344.344478}
{"r": 0.0, "l": 1000, "t": 362.175493}
{"r": 0.0, "l": 1000, "t": 379.984763}
{"r": 0.0, "l": 1000, "t": 395.7436}
{"r": 0.0, "l": 1000, "t": 411.275723}
{"r": 0.0, "l": 1000, "t": 428.982135}
{"r": 0.0, "l": 1000, "t": 445.045688}
{"r": 0.0, "l": 1000, "t": 462.420593}
{"r": 0.0, "l": 1000, "t": 478.443406}
{"r": 0.0, "l": 1000, "t": 496.330659}
{"r": 0.0, "l": 1000, "t": 512.23436}
{"r": 0.0, "l": 1000, "t": 529.851145}
{"r": 0.0, "l": 1000, "t": 546.032872}
{"r": 0.0, "l": 1000, "t": 561.249017}
{"r": 0.0, "l": 1000, "t": 578.841847}
{"r": 0.0, "l": 1000, "t": 594.123716}
{"r": 0.0, "l": 1000, "t": 609.631989}
{"r": 0.0, "l": 1000, "t": 627.43739}
{"r": 0.0, "l": 1000, "t": 642.753736}
{"r": 0.0, "l": 1000, "t": 660.211302}
{"r": 0.0, "l": 1000, "t": 676.103246}
{"r": 0.0, "l": 1000, "t": 693.445493}
{"r": 0.0, "l": 1000, "t": 708.995336}
{"r": 0.0, "l": 1000, "t": 727.229615}
{"r": 0.0, "l": 1000, "t": 745.07502}
{"r": 0.0, "l": 1000, "t": 762.692222}
{"r": 0.0, "l": 1000, "t": 777.750687}
{"r": 0.0, "l": 1000, "t": 795.367385}
{"r": 0.0, "l": 1000, "t": 811.042007}
{"r": 0.0, "l": 1000, "t": 826.192278}
{"r": 0.0, "l": 1000, "t": 841.080908}
{"r": 0.0, "l": 1000, "t": 855.930496}
{"r": 0.0, "l": 1000, "t": 873.421771}
{"r": 0.0, "l": 1000, "t": 889.449661}
{"r": 0.0, "l": 1000, "t": 906.186002}
{"r": 0.0, "l": 1000, "t": 922.023851}
{"r": 0.0, "l": 1000, "t": 935.884423}
{"r": 0.0, "l": 1000, "t": 953.880101}
{"r": 0.0, "l": 1000, "t": 969.643792}
{"r": 0.0, "l": 1000, "t": 987.539993}
{"r": 0.0, "l": 1000, "t": 1002.31185}
{"r": 0.0, "l": 1000, "t": 1017.756751}
{"r": 0.0, "l": 1000, "t": 1035.417407}
{"r": 0.0, "l": 1000, "t": 1050.834044}
{"r": 0.0, "l": 1000, "t": 1068.852386}
{"r": 0.0, "l": 1000, "t": 1085.016115}
{"r": 0.0, "l": 1000, "t": 1103.241242}
{"r": 0.0, "l": 1000, "t": 1119.000961}
{"r": 0.0, "l": 1000, "t": 1136.626537}
{"r": 0.0, "l": 1000, "t": 1152.614843}
{"r": 0.0, "l": 1000, "t": 1168.24577}
{"r": 0.0, "l": 1000, "t": 1184.002725}
{"r": 0.0, "l": 1000, "t": 1201.973939}
{"r": 0.0, "l": 1000, "t": 1218.42285}
{"r": 0.0, "l": 1000, "t": 1235.725639}
{"r": 0.0, "l": 1000, "t": 1250.614324}
{"r": 0.0, "l": 1000, "t": 1268.74181}
{"r": 0.0, "l": 1000, "t": 1284.498995}
{"r": 0.0, "l": 1000, "t": 1300.736378}
{"r": 0.0, "l": 1000, "t": 1317.990055}
{"r": 0.0, "l": 1000, "t": 1333.464551}
{"r": 0.0, "l": 1000, "t": 1351.066628}
{"r": 0.0, "l": 1000, "t": 1366.801784}
{"r": 0.0, "l": 1000, "t": 1384.496547}
{"r": 0.0, "l": 1000, "t": 1400.360969}
{"r": 0.0, "l": 1000, "t": 1416.455456}
{"r": 0.0, "l": 1000, "t": 1435.365204}
{"r": 0.0, "l": 1000, "t": 1454.616387}
{"r": 0.0, "l": 1000, "t": 1474.325444}
{"r": 0.0, "l": 1000, "t": 1493.984208}
{"r": 0.0, "l": 1000, "t": 1514.354534}
{"r": 0.0, "l": 1000, "t": 1536.640878}
{"r": 0.0, "l": 1000, "t": 1557.041873}
{"r": 0.0, "l": 1000, "t": 1577.261658}
{"r": 0.0, "l": 1000, "t": 1599.472167}
{"r": 0.0, "l": 1000, "t": 1621.703696}
{"r": 0.0, "l": 1000, "t": 1639.836673}
{"r": 0.0, "l": 1000, "t": 1661.089248}
{"r": 0.0, "l": 1000, "t": 1678.364172}
{"r": 0.0, "l": 1000, "t": 1700.520837}
{"r": 0.0, "l": 1000, "t": 1717.96606}
{"r": 0.0, "l": 1000, "t": 1737.212847}
{"r": 0.0, "l": 1000, "t": 1754.482471}
{"r": 0.0, "l": 1000, "t": 1776.364511}
{"r": 0.0, "l": 1000, "t": 1796.004083}
{"r": 0.0, "l": 1000, "t": 1815.394578}
{"r": 0.0, "l": 1000, "t": 1832.20612}
{"r": 0.0, "l": 1000, "t": 1850.716588}
{"r": 0.0, "l": 1000, "t": 1869.522966}
{"r": 0.0, "l": 1000, "t": 1889.00142}
{"r": 0.0, "l": 1000, "t": 1940.605516}
{"r": 0.0, "l": 1000, "t": 1999.957131}
{"r": 0.0, "l": 1000, "t": 2056.10548}
{"r": 0.0, "l": 1000, "t": 2119.219139}
{"r": 0.0, "l": 1000, "t": 2180.242109}
{"r": 0.0, "l": 1000, "t": 2237.514289}
{"r": 0.0, "l": 1000, "t": 2294.263102}
{"r": 0.0, "l": 1000, "t": 2356.705489}
{"r": 0.0, "l": 1000, "t": 2417.752946}
{"r": 0.0, "l": 1000, "t": 2477.064618}
{"r": 0.0, "l": 1000, "t": 2539.975235}
{"r": 0.0, "l": 1000, "t": 2599.489681}
{"r": 0.0, "l": 1000, "t": 2655.09966}
{"r": 0.0, "l": 1000, "t": 2709.688061}
{"r": 0.0, "l": 1000, "t": 2771.989748}
{"r": 0.0, "l": 1000, "t": 2833.105652}
{"r": 0.0, "l": 1000, "t": 2892.682265}
{"r": 0.0, "l": 1000, "t": 2959.529303}
{"r": 0.0, "l": 1000, "t": 3018.923365}
{"r": 0.0, "l": 1000, "t": 3083.963607}
{"r": 0.0, "l": 1000, "t": 3145.016113}
{"r": 0.0, "l": 1000, "t": 3204.328462}
{"r": 0.0, "l": 1000, "t": 3261.057161}
{"r": 0.0, "l": 1000, "t": 3323.90398}
{"r": 0.0, "l": 1000, "t": 3386.083529}
{"r": 0.0, "l": 1000, "t": 3453.147032}
{"r": 0.0, "l": 1000, "t": 3518.624904}
{"r": 0.0, "l": 1000, "t": 3573.803568}
{"r": 0.0, "l": 1000, "t": 3629.943212}
{"r": 0.0, "l": 1000, "t": 3685.373282}
{"r": 0.0, "l": 1000, "t": 3750.538367}
{"r": 0.0, "l": 1000, "t": 3804.474832}
{"r": 0.0, "l": 1000, "t": 3859.676932}
{"r": 0.0, "l": 1000, "t": 3916.446284}
{"r": 0.0, "l": 1000, "t": 3965.979989}
{"r": 0.0, "l": 1000, "t": 4025.238587}
{"r": 0.0, "l": 1000, "t": 4083.871546}
{"r": 0.0, "l": 1000, "t": 4140.516564}
{"r": 0.0, "l": 1000, "t": 4192.222579}
{"r": 0.0, "l": 1000, "t": 4252.494993}
{"r": 0.0, "l": 1000, "t": 4306.680367}
{"r": 0.0, "l": 1000, "t": 4359.723891}
{"r": 0.0, "l": 1000, "t": 4412.601675}
{"r": 0.0, "l": 1000, "t": 4471.32339}
{"r": 0.0, "l": 1000, "t": 4523.688674}
{"r": 0.0, "l": 1000, "t": 4580.783845}
{"r": 0.0, "l": 1000, "t": 4634.526687}
{"r": 0.0, "l": 1000, "t": 4691.299604}
{"r": 0.0, "l": 1000, "t": 4747.028639}
{"r": 0.0, "l": 1000, "t": 4800.636662}
{"r": 0.0, "l": 1000, "t": 4862.305309}
{"r": 0.0, "l": 1000, "t": 4914.49362}
{"r": 0.0, "l": 1000, "t": 4968.245685}
{"r": 0.0, "l": 1000, "t": 5022.232751}
{"r": 0.0, "l": 1000, "t": 5078.691095}
{"r": 0.0, "l": 1000, "t": 5137.375162}
{"r": 0.0, "l": 1000, "t": 5192.294382}
{"r": 0.0, "l": 1000, "t": 5246.379252}
{"r": 0.0, "l": 1000, "t": 5304.451721}
{"r": 0.0, "l": 1000, "t": 5356.392519}
{"r": 0.0, "l": 1000, "t": 5422.082227}
{"r": 0.0, "l": 1000, "t": 5489.441805}
{"r": 0.0, "l": 1000, "t": 5544.229892}
{"r": 0.0, "l": 1000, "t": 5606.311314}
{"r": 0.0, "l": 1000, "t": 5676.871965}
{"r": 0.0, "l": 1000, "t": 5735.264948}
{"r": 0.0, "l": 1000, "t": 5794.766176}
{"r": 0.0, "l": 1000, "t": 5858.886058}
{"r": 0.0, "l": 1000, "t": 5924.372202}
{"r": 0.0, "l": 1000, "t": 5989.975268}
{"r": 0.0, "l": 1000, "t": 6051.845942}
{"r": 0.0, "l": 1000, "t": 6112.863733}
{"r": 0.0, "l": 1000, "t": 6177.948886}
{"r": 0.0, "l": 1000, "t": 6244.389008}
{"r": 0.0, "l": 1000, "t": 6311.21836}
{"r": 0.0, "l": 1000, "t": 6372.890533}
{"r": 0.0, "l": 1000, "t": 6438.717343}
{"r": 0.0, "l": 1000, "t": 6502.979201}
{"r": 0.0, "l": 1000, "t": 6567.015127}
{"r": 0.0, "l": 1000, "t": 6627.39246}
{"r": 0.0, "l": 1000, "t": 6686.806006}
{"r": 0.0, "l": 1000, "t": 6754.748946}
{"r": 0.0, "l": 1000, "t": 6815.77204}
{"r": 0.0, "l": 1000, "t": 6876.996658}
{"r": 0.0, "l": 1000, "t": 6947.266175}
{"r": 0.0, "l": 1000, "t": 7012.815222}
{"r": 0.0, "l": 1000, "t": 7070.970836}
{"r": 0.0, "l": 1000, "t": 7144.406039}
{"r": 0.0, "l": 1000, "t": 7208.417461}
{"r": 0.0, "l": 1000, "t": 7273.264706}
{"r": 0.0, "l": 1000,