{"t_start": 1514975253.624497, "gym_version": "0.9.2", "env_id": "GridWorldNoFrameskip-v4"}
{"r": 0.0, "l": 1000, "t": 17.24866}
{"r": 0.0, "l": 1000, "t": 36.333397}
{"r": 0.0, "l": 1000, "t": 52.047671}
{"r": 0.0, "l": 1000, "t": 70.320573}
{"r": 0.0, "l": 1000, "t": 85.815325}
{"r": 0.0, "l": 1000, "t": 103.078354}
{"r": 0.0, "l": 1000, "t": 118.780011}
{"r": 0.0, "l": 1000, "t": 136.020253}
{"r": 0.0, "l": 1000, "t": 156.385778}
{"r": 0.0, "l": 1000, "t": 174.049334}
{"r": 0.0, "l": 1000, "t": 191.806191}
{"r": 0.0, "l": 1000, "t": 208.481842}
{"r": 0.0, "l": 1000, "t": 224.664343}
{"r": 0.0, "l": 1000, "t": 242.154997}
{"r": 0.0, "l": 1000, "t": 260.348159}
{"r": 0.0, "l": 1000, "t": 278.253968}
{"r": 0.0, "l": 1000, "t": 293.361914}
{"r": 0.0, "l": 1000, "t": 311.105558}
{"r": 0.0, "l": 1000, "t": 326.826803}
{"r": 0.0, "l": 1000, "t": 346.875971}
{"r": 0.0, "l": 1000, "t": 362.730684}
{"r": 0.0, "l": 1000, "t": 380.559993}
{"r": 0.0, "l": 1000, "t": 398.337786}
{"r": 0.0, "l": 1000, "t": 414.239205}
{"r": 0.0, "l": 1000, "t": 431.899405}
{"r": 0.0, "l": 1000, "t": 447.668546}
{"r": 0.0, "l": 1000, "t": 464.831852}
{"r": 0.0, "l": 1000, "t": 480.924581}
{"r": 0.0, "l": 1000, "t": 497.062933}
{"r": 0.0, "l": 1000, "t": 514.533102}
{"r": 0.0, "l": 1000, "t": 530.602198}
{"r": 0.0, "l": 1000, "t": 548.45296}
{"r": 0.0, "l": 1000, "t": 563.780611}
{"r": 0.0, "l": 1000, "t": 581.394834}
{"r": 0.0, "l": 1000, "t": 596.670129}
{"r": 0.0, "l": 1000, "t": 612.342278}
{"r": 0.0, "l": 1000, "t": 630.099416}
{"r": 0.0, "l": 1000, "t": 645.783751}
{"r": 0.0, "l": 1000, "t": 663.448416}
{"r": 0.0, "l": 1000, "t": 678.810965}
{"r": 0.0, "l": 1000, "t": 696.363919}
{"r": 0.0, "l": 1000, "t": 714.022027}
{"r": 0.0, "l": 1000, "t": 730.013879}
{"r": 0.0, "l": 1000, "t": 748.111606}
{"r": 0.0, "l": 1000, "t": 765.610788}
{"r": 0.0, "l": 1000, "t": 780.481659}
{"r": 0.0, "l": 1000, "t": 798.250585}
{"r": 0.0, "l": 1000, "t": 813.978439}
{"r": 0.0, "l": 1000, "t": 829.08031}
{"r": 0.0, "l": 1000, "t": 843.943476}
{"r": 0.0, "l": 1000, "t": 858.910187}
{"r": 0.0, "l": 1000, "t": 876.393629}
{"r": 0.0, "l": 1000, "t": 894.113549}
{"r": 0.0, "l": 1000, "t": 909.334212}
{"r": 0.0, "l": 1000, "t": 924.930371}
{"r": 0.0, "l": 1000, "t": 940.70246}
{"r": 0.0, "l": 1000, "t": 956.963219}
{"r": 0.0, "l": 1000, "t": 972.602749}
{"r": 0.0, "l": 1000, "t": 988.555208}
{"r": 0.0, "l": 1000, "t": 1005.263456}
{"r": 0.0, "l": 1000, "t": 1020.587688}
{"r": 0.0, "l": 1000, "t": 1038.369746}
{"r": 0.0, "l": 1000, "t": 1054.130729}
{"r": 0.0, "l": 1000, "t": 1072.415632}
{"r": 0.0, "l": 1000, "t": 1087.963732}
{"r": 0.0, "l": 1000, "t": 1104.395076}
{"r": 0.0, "l": 1000, "t": 1121.788662}
{"r": 0.0, "l": 1000, "t": 1139.783282}
{"r": 0.0, "l": 1000, "t": 1155.688127}
{"r": 0.0, "l": 1000, "t": 1171.353847}
{"r": 0.0, "l": 1000, "t": 1189.383873}
{"r": 0.0, "l": 1000, "t": 1205.018564}
{"r": 0.0, "l": 1000, "t": 1223.243052}
{"r": 0.0, "l": 1000, "t": 1238.544915}
{"r": 0.0, "l": 1000, "t": 1255.460819}
{"r": 0.0, "l": 1000, "t": 1271.366084}
{"r": 0.0, "l": 1000, "t": 1287.54555}
{"r": 0.0, "l": 1000, "t": 1303.399164}
{"r": 0.0, "l": 1000, "t": 1320.988079}
{"r": 0.0, "l": 1000, "t": 1336.399601}
{"r": 0.0, "l": 1000, "t": 1353.832327}
{"r": 0.0, "l": 1000, "t": 1369.440336}
{"r": 0.0, "l": 1000, "t": 1387.299896}
{"r": 0.0, "l": 1000, "t": 1403.16313}
{"r": 0.0, "l": 1000, "t": 1419.616216}
{"r": 0.0, "l": 1000, "t": 1438.539237}
{"r": 0.0, "l": 1000, "t": 1457.601922}
{"r": 0.0, "l": 1000, "t": 1477.428339}
{"r": 0.0, "l": 1000, "t": 1497.276198}
{"r": 0.0, "l": 1000, "t": 1517.460273}
{"r": 0.0, "l": 1000, "t": 1537.603784}
{"r": 0.0, "l": 1000, "t": 1559.754817}
{"r": 0.0, "l": 1000, "t": 1580.36838}
{"r": 0.0, "l": 1000, "t": 1600.04963}
{"r": 0.0, "l": 1000, "t": 1622.334882}
{"r": 0.0, "l": 1000, "t": 1642.374824}
{"r": 0.0, "l": 1000, "t": 1661.581818}
{"r": 0.0, "l": 1000, "t": 1681.053319}
{"r": 0.0, "l": 1000, "t": 1701.274904}
{"r": 0.0, "l": 1000, "t": 1720.62114}
{"r": 0.0, "l": 1000, "t": 1737.875645}
{"r": 0.0, "l": 1000, "t": 1757.134183}
{"r": 0.0, "l": 1000, "t": 1776.972386}
{"r": 0.0, "l": 1000, "t": 1799.094894}
{"r": 0.0, "l": 1000, "t": 1816.003571}
{"r": 0.0, "l": 1000, "t": 1834.770844}
{"r": 0.0, "l": 1000, "t": 1853.742644}
{"r": 0.0, "l": 1000, "t": 1872.654393}
{"r": 0.0, "l": 1000, "t": 1894.662162}
{"r": 0.0, "l": 1000, "t": 1949.806816}
{"r": 0.0, "l": 1000, "t": 2008.343305}
{"r": 0.0, "l": 1000, "t": 2065.04164}
{"r": 0.0, "l": 1000, "t": 2133.059222}
{"r": 0.0, "l": 1000, "t": 2194.661339}
{"r": 0.0, "l": 1000, "t": 2247.839923}
{"r": 0.0, "l": 1000, "t": 2307.602971}
{"r": 0.0, "l": 1000, "t": 2369.352745}
{"r": 0.0, "l": 1000, "t": 2432.530401}
{"r": 0.0, "l": 1000, "t": 2489.355725}
{"r": 0.0, "l": 1000, "t": 2550.208511}
{"r": 0.0, "l": 1000, "t": 2607.431527}
{"r": 0.0, "l": 1000, "t": 2666.083923}
{"r": 0.0, "l": 1000, "t": 2719.260958}
{"r": 0.0, "l": 1000, "t": 2782.991163}
{"r": 0.0, "l": 1000, "t": 2841.11378}
{"r": 0.0, "l": 1000, "t": 2900.208931}
{"r": 0.0, "l": 1000, "t": 2970.693315}
{"r": 0.0, "l": 1000, "t": 3029.337124}
{"r": 0.0, "l": 1000, "t": 3095.700098}
{"r": 0.0, "l": 1000, "t": 3155.131666}
{"r": 0.0, "l": 1000, "t": 3213.648678}
{"r": 0.0, "l": 1000, "t": 3271.897856}
{"r": 0.0, "l": 1000, "t": 3334.023957}
{"r": 0.0, "l": 1000, "t": 3396.283725}
{"r": 0.0, "l": 1000, "t": 3464.222583}
{"r": 0.0, "l": 1000, "t": 3528.159723}
{"r": 0.0, "l": 1000, "t": 3583.156844}
{"r": 0.0, "l": 1000, "t": 3639.800373}
{"r": 0.0, "l": 1000, "t": 3698.06275}
{"r": 0.0, "l": 1000, "t": 3756.870445}
{"r": 0.0, "l": 1000, "t": 3812.868536}
{"r": 0.0, "l": 1000, "t": 3865.975681}
{"r": 0.0, "l": 1000, "t": 3923.328419}
{"r": 0.0, "l": 1000, "t": 3976.948616}
{"r": 0.0, "l": 1000, "t": 4038.783603}
{"r": 0.0, "l": 1000, "t": 4092.982177}
{"r": 0.0, "l": 1000, "t": 4149.988834}
{"r": 0.0, "l": 1000, "t": 4205.170838}
{"r": 0.0, "l": 1000, "t": 4262.804519}
{"r": 0.0, "l": 1000, "t": 4315.580992}
{"r": 0.0, "l": 1000, "t": 4368.535887}
{"r": 0.0, "l": 1000, "t": 4422.357044}
{"r": 0.0, "l": 1000, "t": 4481.059835}
{"r": 0.0, "l": 1000, "t": 4533.709941}
{"r": 0.0, "l": 1000, "t": 4586.052021}
{"r": 0.0, "l": 1000, "t": 4644.743753}
{"r": 0.0, "l": 1000, "t": 4701.010243}
{"r": 0.0, "l": 1000, "t": 4756.90723}
{"r": 0.0, "l": 1000, "t": 4811.007759}
{"r": 0.0, "l": 1000, "t": 4872.406113}
{"r": 0.0, "l": 1000, "t": 4925.773239}
{"r": 0.0, "l": 1000, "t": 4979.765843}
{"r": 0.0, "l": 1000, "t": 5030.989602}
{"r": 0.0, "l": 1000, "t": 5088.484093}
{"r": 0.0, "l": 1000, "t": 5145.392673}
{"r": 0.0, "l": 1000, "t": 5203.276085}
{"r": 0.0, "l": 1000, "t": 5258.160028}
{"r": 0.0, "l": 1000, "t": 5314.079674}
{"r": 0.0, "l": 1000, "t": 5368.428426}
{"r": 0.0, "l": 1000, "t": 5432.638381}
{"r": 0.0, "l": 1000, "t": 5499.677068}
{"r": 0.0, "l": 1000, "t": 5553.307617}
{"r": 0.0, "l": 1000, "t": 5618.944955}
{"r": 0.0, "l": 1000, "t": 5687.495862}
{"r": 0.0, "l": 1000, "t": 5745.263697}
{"r": 0.0, "l": 1000, "t": 5807.202808}
{"r": 0.0, "l": 1000, "t": 5868.231847}
{"r": 0.0, "l": 1000, "t": 5935.34709}
{"r": 0.0, "l": 1000, "t": 6001.557213}
{"r": 0.0, "l": 1000, "t": 6061.878236}
{"r": 0.0, "l": 1000, "t": 6126.008337}
{"r": 0.0, "l": 1000, "t": 6190.486756}
{"r": 0.0, "l": 1000, "t": 6257.786696}
{"r": 0.0, "l": 1000, "t": 6323.765168}
{"r": 0.0, "l": 1000, "t": 6386.378244}
{"r": 0.0, "l": 1000, "t": 6449.800494}
{"r": 0.0, "l": 1000, "t": 6514.286565}
{"r": 0.0, "l": 1000, "t": 6576.780333}
{"r": 0.0, "l": 1000, "t": 6637.482315}
{"r": 0.0, "l": 1000, "t": 6697.486713}
{"r": 0.0, "l": 1000, "t": 6765.150715}
{"r": 0.0, "l": 1000, "t": 6831.042527}
{"r": 0.0, "l": 1000, "t": 6894.629656}
{"r": 0.0, "l": 1000, "t": 6958.480193}
{"r": 0.0, "l": 1000, "t": 7022.127244}
{"r": 0.0, "l": 1000, "t": 7087.974329}
{"r": 0.0, "l": 1000, "t": 7154.457143}
{"r": 0.0, "l": 1000, "t": 7218.280036}
{"r": 0.0, "l": 1000, "t": 7290.062903}
{"r": 0.0, "l": 1000,