{"t_start": 1515793912.4387062, "gym_version": "0.9.2", "env_id": "GridWorldNoFrameskip-v4"}
{"r": 0.0, "l": 1000, "t": 12.731202}
{"r": 0.0, "l": 1000, "t": 21.821318}
{"r": 0.0, "l": 1000, "t": 30.584222}
{"r": 0.0, "l": 1000, "t": 39.675707}
{"r": 0.0, "l": 1000, "t": 48.206758}
{"r": 0.0, "l": 1000, "t": 57.184172}
{"r": 0.0, "l": 1000, "t": 65.892496}
{"r": 0.0, "l": 1000, "t": 74.721698}
{"r": 0.0, "l": 1000, "t": 83.67521}
{"r": 0.0, "l": 1000, "t": 92.618928}
{"r": 0.0, "l": 1000, "t": 101.284014}
{"r": 0.0, "l": 1000, "t": 110.250002}
{"r": 0.0, "l": 1000, "t": 119.134771}
{"r": 0.0, "l": 1000, "t": 128.091809}
{"r": 0.0, "l": 1000, "t": 136.706825}
{"r": 0.0, "l": 1000, "t": 145.791939}
{"r": 0.0, "l": 1000, "t": 154.415031}
{"r": 0.0, "l": 1000, "t": 163.138085}
{"r": 0.0, "l": 1000, "t": 172.135463}
{"r": 0.0, "l": 1000, "t": 180.975392}
{"r": 0.0, "l": 1000, "t": 189.801957}
{"r": 0.0, "l": 1000, "t": 198.755456}
{"r": 0.0, "l": 1000, "t": 207.520848}
{"r": 0.0, "l": 1000, "t": 216.474012}
{"r": 0.0, "l": 1000, "t": 225.240759}
{"r": 0.0, "l": 1000, "t": 234.5891}
{"r": 0.0, "l": 1000, "t": 243.710385}
{"r": 0.0, "l": 1000, "t": 252.473889}
{"r": 0.0, "l": 1000, "t": 261.865533}
{"r": 0.0, "l": 1000, "t": 270.983426}
{"r": 0.0, "l": 1000, "t": 279.736794}
{"r": 0.0, "l": 1000, "t": 289.052786}
{"r": 0.0, "l": 1000, "t": 298.154746}
{"r": 0.0, "l": 1000, "t": 306.638466}
{"r": 0.0, "l": 1000, "t": 316.02709}
{"r": 0.0, "l": 1000, "t": 324.879071}
{"r": 0.0, "l": 1000, "t": 333.087118}
{"r": 0.0, "l": 1000, "t": 341.589915}
{"r": 0.0, "l": 1000, "t": 349.283984}
{"r": 0.0, "l": 1000, "t": 357.577259}
{"r": 0.0, "l": 1000, "t": 365.293767}
{"r": 0.0, "l": 1000, "t": 373.935271}
{"r": 0.0, "l": 1000, "t": 382.199816}
{"r": 0.0, "l": 1000, "t": 389.995183}
{"r": 0.0, "l": 1000, "t": 398.220622}
{"r": 0.0, "l": 1000, "t": 406.119247}
{"r": 0.0, "l": 1000, "t": 414.556823}
{"r": 0.0, "l": 1000, "t": 422.72141}
{"r": 0.0, "l": 1000, "t": 430.693101}
{"r": 0.0, "l": 1000, "t": 438.90562}
{"r": 0.0, "l": 1000, "t": 446.939229}
{"r": 0.0, "l": 1000, "t": 455.395453}
{"r": 0.0, "l": 1000, "t": 463.570626}
{"r": 0.0, "l": 1000, "t": 471.488152}
{"r": 0.0, "l": 1000, "t": 479.8215}
{"r": 0.0, "l": 1000, "t": 487.928174}
{"r": 0.0, "l": 1000, "t": 496.236161}
{"r": 0.0, "l": 1000, "t": 504.751375}
{"r": 0.0, "l": 1000, "t": 512.449037}
{"r": 0.0, "l": 1000, "t": 520.778251}
{"r": 0.0, "l": 1000, "t": 529.03989}
{"r": 0.0, "l": 1000, "t": 537.030598}
{"r": 0.0, "l": 1000, "t": 545.459509}
{"r": 0.0, "l": 1000, "t": 553.841672}
{"r": 0.0, "l": 1000, "t": 561.532997}
{"r": 0.0, "l": 1000, "t": 569.945211}
{"r": 0.0, "l": 1000, "t": 578.15711}
{"r": 0.0, "l": 1000, "t": 586.104223}
{"r": 0.0, "l": 1000, "t": 594.674234}
{"r": 0.0, "l": 1000, "t": 602.754586}
{"r": 0.0, "l": 1000, "t": 610.710395}
{"r": 0.0, "l": 1000, "t": 619.333607}
{"r": 0.0, "l": 1000, "t": 627.517586}
{"r": 0.0, "l": 1000, "t": 635.529254}
{"r": 0.0, "l": 1000, "t": 643.767708}
{"r": 0.0, "l": 1000, "t": 652.208337}
{"r": 0.0, "l": 1000, "t": 660.18448}
{"r": 0.0, "l": 1000, "t": 668.570956}
{"r": 0.0, "l": 1000, "t": 677.085748}
{"r": 0.0, "l": 1000, "t": 685.295007}
{"r": 0.0, "l": 1000, "t": 693.170831}
{"r": 0.0, "l": 1000, "t": 701.483531}
{"r": 0.0, "l": 1000, "t": 709.692451}
{"r": 0.0, "l": 1000, "t": 717.91724}
{"r": 0.0, "l": 1000, "t": 726.27337}
{"r": 0.0, "l": 1000, "t": 734.855021}
{"r": 0.0, "l": 1000, "t": 743.55848}
{"r": 0.0, "l": 1000, "t": 751.900418}
{"r": 0.0, "l": 1000, "t": 760.207371}
{"r": 0.0, "l": 1000, "t": 768.217047}
{"r": 0.0, "l": 1000, "t": 776.663593}
{"r": 0.0, "l": 1000, "t": 784.917416}
{"r": 0.0, "l": 1000, "t": 793.239195}
{"r": 0.0, "l": 1000, "t": 801.126649}
{"r": 0.0, "l": 1000, "t": 809.647771}
{"r": 0.0, "l": 1000, "t": 818.224728}
{"r": 0.0, "l": 1000, "t": 826.513884}
{"r": 0.0, "l": 1000, "t": 834.76589}
{"r": 0.0, "l": 1000, "t": 842.890549}
{"r": 0.0, "l": 1000, "t": 851.356759}
{"r": 0.0, "l": 1000, "t": 859.613335}
{"r": 0.0, "l": 1000, "t": 867.734664}
{"r": 0.0, "l": 1000, "t": 875.951096}
{"r": 0.0, "l": 1000, "t": 884.36031}
{"r": 0.0, "l": 1000, "t": 892.949544}
{"r": 0.0, "l": 1000, "t": 901.072423}
{"r": 0.0, "l": 1000, "t": 909.460389}
{"r": 0.0, "l": 1000, "t": 917.725204}
{"r": 0.0, "l": 1000, "t": 925.872292}
{"r": 0.0, "l": 1000, "t": 934.36604}
{"r": 0.0, "l": 1000, "t": 942.847253}
{"r": 0.0, "l": 1000, "t": 951.296645}
{"r": 0.0, "l": 1000, "t": 959.809309}
{"r": 0.0, "l": 1000, "t": 968.400665}
{"r": 0.0, "l": 1000, "t": 976.671536}
{"r": 0.0, "l": 1000, "t": 985.131255}
{"r": 0.0, "l": 1000, "t": 993.238792}
{"r": 0.0, "l": 1000, "t": 1001.626466}
{"r": 0.0, "l": 1000, "t": 1010.236702}
{"r": 0.0, "l": 1000, "t": 1018.756546}
{"r": 0.0, "l": 1000, "t": 1027.400054}
{"r": 0.0, "l": 1000, "t": 1035.915864}
{"r": 0.0, "l": 1000, "t": 1044.076521}
{"r": 0.0, "l": 1000, "t": 1051.901713}
{"r": 0.0, "l": 1000, "t": 1060.393894}
{"r": 0.0, "l": 1000, "t": 1068.84687}
{"r": 0.0, "l": 1000, "t": 1077.190555}
{"r": 0.0, "l": 1000, "t": 1085.525775}
{"r": 0.0, "l": 1000, "t": 1093.783896}
{"r": 0.0, "l": 1000, "t": 1102.550542}
{"r": 0.0, "l": 1000, "t": 1110.83894}
{"r": 0.0, "l": 1000, "t": 1119.096606}
{"r": 0.0, "l": 1000, "t": 1127.581037}
{"r": 0.0, "l": 1000, "t": 1136.252358}
{"r": 0.0, "l": 1000, "t": 1144.704212}
{"r": 0.0, "l": 1000, "t": 1152.953288}
{"r": 0.0, "l": 1000, "t": 1161.325311}
{"r": 0.0, "l": 1000, "t": 1169.644269}
{"r": 0.0, "l": 1000, "t": 1177.932933}
{"r": 0.0, "l": 1000, "t": 1186.470496}
{"r": 0.0, "l": 1000, "t": 1194.885716}
{"r": 0.0, "l": 1000, "t": 1203.299449}
{"r": 0.0, "l": 1000, "t": 1211.637198}
{"r": 0.0, "l": 1000, "t": 1220.044657}
{"r": 0.0, "l": 1000, "t": 1228.429591}
{"r": 0.0, "l": 1000, "t": 1236.390393}
{"r": 0.0, "l": 1000, "t": 1244.860025}
{"r": 0.0, "l": 1000, "t": 1253.40015}
{"r": 0.0, "l": 1000, "t": 1261.93561}
{"r": 0.0, "l": 1000, "t": 1270.319693}
{"r": 0.0, "l": 1000, "t": 1278.973215}
{"r": 0.0, "l": 1000, "t": 1287.198161}
{"r": 0.0, "l": 1000, "t": 1295.602084}
{"r": 0.0, "l": 1000, "t": 1304.03913}
{"r": 0.0, "l": 1000, "t": 1312.282663}
{"r": 0.0, "l": 1000, "t": 1320.814178}
{"r": 0.0, "l": 1000, "t": 1329.421136}
{"r": 0.0, "l": 1000, "t": 1337.793581}
{"r": 0.0, "l": 1000, "t": 1346.356073}
{"r": 0.0, "l": 1000, "t": 1354.662585}
{"r": 0.0, "l": 1000, "t": 1363.123234}
{"r": 0.0, "l": 1000, "t": 1371.025506}
{"r": 0.0, "l": 1000, "t": 1379.644453}
{"r": 0.0, "l": 1000, "t": 1388.144545}
{"r": 0.0, "l": 1000, "t": 1396.446214}
{"r": 0.0, "l": 1000, "t": 1405.83684}
{"r": 0.0, "l": 1000, "t": 1422.014924}
{"r": 0.0, "l": 1000, "t": 1437.814391}
{"r": 0.0, "l": 1000, "t": 1454.26561}
{"r": 0.0, "l": 1000, "t": 1470.767815}
{"r": 0.0, "l": 1000, "t": 1487.299485}
{"r": 0.0, "l": 1000, "t": 1502.786359}
{"r": 0.0, "l": 1000, "t": 1520.492834}
{"r": 0.0, "l": 1000, "t": 1535.217225}
{"r": 0.0, "l": 1000, "t": 1551.009756}
{"r": 0.0, "l": 1000, "t": 1567.829769}
{"r": 0.0, "l": 1000, "t": 1584.343543}
{"r": 0.0, "l": 1000, "t": 1599.906961}
{"r": 0.0, "l": 1000, "t": 1616.199805}
{"r": 0.0, "l": 1000, "t": 1633.050046}
{"r": 0.0, "l": 1000, "t": 1650.043509}
{"r": 0.0, "l": 1000, "t": 1666.72244}
{"r": 0.0, "l": 1000, "t": 1681.623538}
{"r": 0.0, "l": 1000, "t": 1697.36694}
{"r": 0.0, "l": 1000, "t": 1713.992552}
{"r": 0.0, "l": 1000, "t": 1730.2702}
{"r": 0.0, "l": 1000, "t": 1746.28026}
{"r": 0.0, "l": 1000, "t": 1763.5819}
{"r": 0.0, "l": 1000, "t": 1779.323921}
{"r": 0.0, "l": 1000, "t": 1795.546397}
{"r": 0.0, "l": 1000, "t": 1812.894871}
{"r": 0.0, "l": 1000, "t": 1828.878255}
{"r": 0.0, "l": 1000, "t": 1845.658934}
{"r": 0.0, "l": 1000, "t": 1861.846117}
{"r": 0.0, "l": 1000, "t": 1877.734117}
{"r": 0.0, "l": 1000, "t": 1894.413899}
{"r": 0.0, "l": 1000, "t": 1911.033234}
{"r": 0.0, "l": 1000, "t": 1926.160828}
{"r": 0.0, "l": 1000, "t": 1942.484489}
{"r": 0.0, "l": 1000, "t": 1958.209289}
{"r": 0.0, "l": 1000, "t": 1972.783256}
{"r": 0.0, "l": 1000,