{"t_start": 1515793912.4394212, "gym_version": "0.9.2", "env_id": "GridWorldNoFrameskip-v4"}
{"r": 0.0, "l": 1000, "t": 12.732427}
{"r": 0.0, "l": 1000, "t": 21.796152}
{"r": 0.0, "l": 1000, "t": 30.549561}
{"r": 0.0, "l": 1000, "t": 39.392164}
{"r": 0.0, "l": 1000, "t": 48.184676}
{"r": 0.0, "l": 1000, "t": 57.165082}
{"r": 0.0, "l": 1000, "t": 66.040507}
{"r": 0.0, "l": 1000, "t": 75.225708}
{"r": 0.0, "l": 1000, "t": 83.879576}
{"r": 0.0, "l": 1000, "t": 92.953576}
{"r": 0.0, "l": 1000, "t": 101.547083}
{"r": 0.0, "l": 1000, "t": 110.834907}
{"r": 0.0, "l": 1000, "t": 119.55322}
{"r": 0.0, "l": 1000, "t": 128.63492}
{"r": 0.0, "l": 1000, "t": 136.965086}
{"r": 0.0, "l": 1000, "t": 146.200536}
{"r": 0.0, "l": 1000, "t": 154.779046}
{"r": 0.0, "l": 1000, "t": 164.112842}
{"r": 0.0, "l": 1000, "t": 173.264922}
{"r": 0.0, "l": 1000, "t": 182.060016}
{"r": 0.0, "l": 1000, "t": 191.070188}
{"r": 0.0, "l": 1000, "t": 199.734785}
{"r": 0.0, "l": 1000, "t": 208.665655}
{"r": 0.0, "l": 1000, "t": 217.484891}
{"r": 0.0, "l": 1000, "t": 226.61521}
{"r": 0.0, "l": 1000, "t": 235.824011}
{"r": 0.0, "l": 1000, "t": 244.707043}
{"r": 0.0, "l": 1000, "t": 253.514189}
{"r": 0.0, "l": 1000, "t": 262.439063}
{"r": 0.0, "l": 1000, "t": 271.76519}
{"r": 0.0, "l": 1000, "t": 280.704806}
{"r": 0.0, "l": 1000, "t": 289.540345}
{"r": 0.0, "l": 1000, "t": 298.712495}
{"r": 0.0, "l": 1000, "t": 307.125003}
{"r": 0.0, "l": 1000, "t": 316.49106}
{"r": 0.0, "l": 1000, "t": 325.432934}
{"r": 0.0, "l": 1000, "t": 333.329897}
{"r": 0.0, "l": 1000, "t": 341.956986}
{"r": 0.0, "l": 1000, "t": 350.023561}
{"r": 0.0, "l": 1000, "t": 358.159753}
{"r": 0.0, "l": 1000, "t": 366.304707}
{"r": 0.0, "l": 1000, "t": 374.305123}
{"r": 0.0, "l": 1000, "t": 382.710522}
{"r": 0.0, "l": 1000, "t": 390.843575}
{"r": 0.0, "l": 1000, "t": 398.82788}
{"r": 0.0, "l": 1000, "t": 406.558308}
{"r": 0.0, "l": 1000, "t": 414.791366}
{"r": 0.0, "l": 1000, "t": 422.974421}
{"r": 0.0, "l": 1000, "t": 430.842101}
{"r": 0.0, "l": 1000, "t": 439.26245}
{"r": 0.0, "l": 1000, "t": 447.648501}
{"r": 0.0, "l": 1000, "t": 455.735419}
{"r": 0.0, "l": 1000, "t": 464.234459}
{"r": 0.0, "l": 1000, "t": 472.398386}
{"r": 0.0, "l": 1000, "t": 480.460396}
{"r": 0.0, "l": 1000, "t": 488.966801}
{"r": 0.0, "l": 1000, "t": 497.064904}
{"r": 0.0, "l": 1000, "t": 505.188877}
{"r": 0.0, "l": 1000, "t": 513.325891}
{"r": 0.0, "l": 1000, "t": 521.100578}
{"r": 0.0, "l": 1000, "t": 529.670486}
{"r": 0.0, "l": 1000, "t": 537.823261}
{"r": 0.0, "l": 1000, "t": 545.750372}
{"r": 0.0, "l": 1000, "t": 554.154624}
{"r": 0.0, "l": 1000, "t": 562.368285}
{"r": 0.0, "l": 1000, "t": 570.470436}
{"r": 0.0, "l": 1000, "t": 578.852928}
{"r": 0.0, "l": 1000, "t": 587.044336}
{"r": 0.0, "l": 1000, "t": 595.08025}
{"r": 0.0, "l": 1000, "t": 603.547229}
{"r": 0.0, "l": 1000, "t": 611.598548}
{"r": 0.0, "l": 1000, "t": 620.008492}
{"r": 0.0, "l": 1000, "t": 628.241194}
{"r": 0.0, "l": 1000, "t": 636.643289}
{"r": 0.0, "l": 1000, "t": 644.50382}
{"r": 0.0, "l": 1000, "t": 652.863467}
{"r": 0.0, "l": 1000, "t": 661.176804}
{"r": 0.0, "l": 1000, "t": 669.68845}
{"r": 0.0, "l": 1000, "t": 677.798309}
{"r": 0.0, "l": 1000, "t": 686.113451}
{"r": 0.0, "l": 1000, "t": 694.451206}
{"r": 0.0, "l": 1000, "t": 702.499069}
{"r": 0.0, "l": 1000, "t": 710.714725}
{"r": 0.0, "l": 1000, "t": 719.246042}
{"r": 0.0, "l": 1000, "t": 727.575636}
{"r": 0.0, "l": 1000, "t": 735.946301}
{"r": 0.0, "l": 1000, "t": 744.152073}
{"r": 0.0, "l": 1000, "t": 752.565564}
{"r": 0.0, "l": 1000, "t": 761.050038}
{"r": 0.0, "l": 1000, "t": 769.169661}
{"r": 0.0, "l": 1000, "t": 777.162063}
{"r": 0.0, "l": 1000, "t": 785.535459}
{"r": 0.0, "l": 1000, "t": 793.815017}
{"r": 0.0, "l": 1000, "t": 801.978714}
{"r": 0.0, "l": 1000, "t": 809.980715}
{"r": 0.0, "l": 1000, "t": 818.470708}
{"r": 0.0, "l": 1000, "t": 827.03813}
{"r": 0.0, "l": 1000, "t": 835.28571}
{"r": 0.0, "l": 1000, "t": 843.632049}
{"r": 0.0, "l": 1000, "t": 851.745914}
{"r": 0.0, "l": 1000, "t": 860.24345}
{"r": 0.0, "l": 1000, "t": 868.609892}
{"r": 0.0, "l": 1000, "t": 876.827831}
{"r": 0.0, "l": 1000, "t": 884.705889}
{"r": 0.0, "l": 1000, "t": 893.223706}
{"r": 0.0, "l": 1000, "t": 901.667333}
{"r": 0.0, "l": 1000, "t": 909.933196}
{"r": 0.0, "l": 1000, "t": 918.145397}
{"r": 0.0, "l": 1000, "t": 926.116228}
{"r": 0.0, "l": 1000, "t": 934.533156}
{"r": 0.0, "l": 1000, "t": 943.00936}
{"r": 0.0, "l": 1000, "t": 951.504986}
{"r": 0.0, "l": 1000, "t": 960.023249}
{"r": 0.0, "l": 1000, "t": 968.649789}
{"r": 0.0, "l": 1000, "t": 976.973713}
{"r": 0.0, "l": 1000, "t": 985.130622}
{"r": 0.0, "l": 1000, "t": 993.125393}
{"r": 0.0, "l": 1000, "t": 1001.586637}
{"r": 0.0, "l": 1000, "t": 1010.070477}
{"r": 0.0, "l": 1000, "t": 1018.582913}
{"r": 0.0, "l": 1000, "t": 1027.108628}
{"r": 0.0, "l": 1000, "t": 1035.721848}
{"r": 0.0, "l": 1000, "t": 1044.231469}
{"r": 0.0, "l": 1000, "t": 1052.502204}
{"r": 0.0, "l": 1000, "t": 1060.847525}
{"r": 0.0, "l": 1000, "t": 1069.204912}
{"r": 0.0, "l": 1000, "t": 1077.66414}
{"r": 0.0, "l": 1000, "t": 1086.229421}
{"r": 0.0, "l": 1000, "t": 1094.534671}
{"r": 0.0, "l": 1000, "t": 1103.066479}
{"r": 0.0, "l": 1000, "t": 1111.286435}
{"r": 0.0, "l": 1000, "t": 1119.826337}
{"r": 0.0, "l": 1000, "t": 1128.174065}
{"r": 0.0, "l": 1000, "t": 1136.893234}
{"r": 0.0, "l": 1000, "t": 1144.975279}
{"r": 0.0, "l": 1000, "t": 1153.447493}
{"r": 0.0, "l": 1000, "t": 1161.936096}
{"r": 0.0, "l": 1000, "t": 1170.3204}
{"r": 0.0, "l": 1000, "t": 1178.470563}
{"r": 0.0, "l": 1000, "t": 1186.496066}
{"r": 0.0, "l": 1000, "t": 1194.884901}
{"r": 0.0, "l": 1000, "t": 1203.30274}
{"r": 0.0, "l": 1000, "t": 1211.651306}
{"r": 0.0, "l": 1000, "t": 1220.094224}
{"r": 0.0, "l": 1000, "t": 1228.69172}
{"r": 0.0, "l": 1000, "t": 1236.995477}
{"r": 0.0, "l": 1000, "t": 1245.138301}
{"r": 0.0, "l": 1000, "t": 1253.637541}
{"r": 0.0, "l": 1000, "t": 1262.120133}
{"r": 0.0, "l": 1000, "t": 1270.719948}
{"r": 0.0, "l": 1000, "t": 1279.406367}
{"r": 0.0, "l": 1000, "t": 1287.800144}
{"r": 0.0, "l": 1000, "t": 1296.38004}
{"r": 0.0, "l": 1000, "t": 1304.938267}
{"r": 0.0, "l": 1000, "t": 1313.370217}
{"r": 0.0, "l": 1000, "t": 1321.863784}
{"r": 0.0, "l": 1000, "t": 1329.777593}
{"r": 0.0, "l": 1000, "t": 1338.348921}
{"r": 0.0, "l": 1000, "t": 1346.913388}
{"r": 0.0, "l": 1000, "t": 1355.395344}
{"r": 0.0, "l": 1000, "t": 1363.972398}
{"r": 0.0, "l": 1000, "t": 1372.274518}
{"r": 0.0, "l": 1000, "t": 1380.484411}
{"r": 0.0, "l": 1000, "t": 1388.938189}
{"r": 0.0, "l": 1000, "t": 1397.070313}
{"r": 0.0, "l": 1000, "t": 1407.832278}
{"r": 0.0, "l": 1000, "t": 1423.812351}
{"r": 0.0, "l": 1000, "t": 1439.484607}
{"r": 0.0, "l": 1000, "t": 1456.041826}
{"r": 0.0, "l": 1000, "t": 1472.208403}
{"r": 0.0, "l": 1000, "t": 1488.992165}
{"r": 0.0, "l": 1000, "t": 1505.363567}
{"r": 0.0, "l": 1000, "t": 1522.074807}
{"r": 0.0, "l": 1000, "t": 1537.321458}
{"r": 0.0, "l": 1000, "t": 1553.123184}
{"r": 0.0, "l": 1000, "t": 1569.645104}
{"r": 0.0, "l": 1000, "t": 1585.803225}
{"r": 0.0, "l": 1000, "t": 1602.643764}
{"r": 0.0, "l": 1000, "t": 1618.008308}
{"r": 0.0, "l": 1000, "t": 1635.078907}
{"r": 0.0, "l": 1000, "t": 1652.272329}
{"r": 0.0, "l": 1000, "t": 1668.903104}
{"r": 0.0, "l": 1000, "t": 1684.058213}
{"r": 0.0, "l": 1000, "t": 1699.942253}
{"r": 0.0, "l": 1000, "t": 1716.351948}
{"r": 0.0, "l": 1000, "t": 1733.534952}
{"r": 0.0, "l": 1000, "t": 1749.967494}
{"r": 0.0, "l": 1000, "t": 1766.615074}
{"r": 0.0, "l": 1000, "t": 1782.639509}
{"r": 0.0, "l": 1000, "t": 1799.081896}
{"r": 0.0, "l": 1000, "t": 1816.708139}
{"r": 0.0, "l": 1000, "t": 1832.365741}
{"r": 0.0, "l": 1000, "t": 1849.041391}
{"r": 0.0, "l": 1000, "t": 1865.473685}
{"r": 0.0, "l": 1000, "t": 1882.288743}
{"r": 0.0, "l": 1000, "t": 1898.606833}
{"r": 0.0, "l": 1000, "t": 1914.617696}
{"r": 0.0, "l": 1000, "t": 1930.208577}
{"r": 0.0, "l": 1000, "t": 1945.55828}
{"r": 0.0, "l": 1000, "t": 1960.97305}
{"r": 0.0, "l": 1000, "t": 1976.624949}
{"r": 0.0,