{"t_start": 1515793912.4411986, "gym_version": "0.9.2", "env_id": "GridWorldNoFrameskip-v4"}
{"r": 0.0, "l": 1000, "t": 12.734355}
{"r": 0.0, "l": 1000, "t": 21.794365}
{"r": 0.0, "l": 1000, "t": 30.56036}
{"r": 0.0, "l": 1000, "t": 39.410369}
{"r": 0.0, "l": 1000, "t": 48.218992}
{"r": 0.0, "l": 1000, "t": 57.461862}
{"r": 0.0, "l": 1000, "t": 65.903817}
{"r": 0.0, "l": 1000, "t": 74.740945}
{"r": 0.0, "l": 1000, "t": 83.685626}
{"r": 0.0, "l": 1000, "t": 92.402165}
{"r": 0.0, "l": 1000, "t": 101.403823}
{"r": 0.0, "l": 1000, "t": 110.506535}
{"r": 0.0, "l": 1000, "t": 119.290263}
{"r": 0.0, "l": 1000, "t": 128.147189}
{"r": 0.0, "l": 1000, "t": 136.963358}
{"r": 0.0, "l": 1000, "t": 146.177083}
{"r": 0.0, "l": 1000, "t": 154.59047}
{"r": 0.0, "l": 1000, "t": 163.561747}
{"r": 0.0, "l": 1000, "t": 172.542149}
{"r": 0.0, "l": 1000, "t": 181.812922}
{"r": 0.0, "l": 1000, "t": 190.808144}
{"r": 0.0, "l": 1000, "t": 199.467765}
{"r": 0.0, "l": 1000, "t": 208.201146}
{"r": 0.0, "l": 1000, "t": 217.070105}
{"r": 0.0, "l": 1000, "t": 225.957613}
{"r": 0.0, "l": 1000, "t": 234.983725}
{"r": 0.0, "l": 1000, "t": 244.162852}
{"r": 0.0, "l": 1000, "t": 253.176579}
{"r": 0.0, "l": 1000, "t": 262.144184}
{"r": 0.0, "l": 1000, "t": 271.28079}
{"r": 0.0, "l": 1000, "t": 280.309093}
{"r": 0.0, "l": 1000, "t": 289.239945}
{"r": 0.0, "l": 1000, "t": 298.164586}
{"r": 0.0, "l": 1000, "t": 306.775346}
{"r": 0.0, "l": 1000, "t": 315.747123}
{"r": 0.0, "l": 1000, "t": 324.438516}
{"r": 0.0, "l": 1000, "t": 332.905528}
{"r": 0.0, "l": 1000, "t": 341.265888}
{"r": 0.0, "l": 1000, "t": 349.390865}
{"r": 0.0, "l": 1000, "t": 357.802639}
{"r": 0.0, "l": 1000, "t": 365.566644}
{"r": 0.0, "l": 1000, "t": 373.808959}
{"r": 0.0, "l": 1000, "t": 382.02571}
{"r": 0.0, "l": 1000, "t": 389.975736}
{"r": 0.0, "l": 1000, "t": 398.458927}
{"r": 0.0, "l": 1000, "t": 406.526421}
{"r": 0.0, "l": 1000, "t": 414.770786}
{"r": 0.0, "l": 1000, "t": 422.961956}
{"r": 0.0, "l": 1000, "t": 430.84029}
{"r": 0.0, "l": 1000, "t": 439.260784}
{"r": 0.0, "l": 1000, "t": 447.346479}
{"r": 0.0, "l": 1000, "t": 455.530311}
{"r": 0.0, "l": 1000, "t": 463.762771}
{"r": 0.0, "l": 1000, "t": 471.474207}
{"r": 0.0, "l": 1000, "t": 479.831714}
{"r": 0.0, "l": 1000, "t": 488.149905}
{"r": 0.0, "l": 1000, "t": 496.244558}
{"r": 0.0, "l": 1000, "t": 504.731376}
{"r": 0.0, "l": 1000, "t": 512.828414}
{"r": 0.0, "l": 1000, "t": 520.899627}
{"r": 0.0, "l": 1000, "t": 529.334675}
{"r": 0.0, "l": 1000, "t": 537.434279}
{"r": 0.0, "l": 1000, "t": 545.606239}
{"r": 0.0, "l": 1000, "t": 554.114526}
{"r": 0.0, "l": 1000, "t": 561.819766}
{"r": 0.0, "l": 1000, "t": 570.168244}
{"r": 0.0, "l": 1000, "t": 578.618755}
{"r": 0.0, "l": 1000, "t": 586.626719}
{"r": 0.0, "l": 1000, "t": 594.913964}
{"r": 0.0, "l": 1000, "t": 603.286712}
{"r": 0.0, "l": 1000, "t": 611.368439}
{"r": 0.0, "l": 1000, "t": 619.499945}
{"r": 0.0, "l": 1000, "t": 627.773735}
{"r": 0.0, "l": 1000, "t": 636.090941}
{"r": 0.0, "l": 1000, "t": 644.072901}
{"r": 0.0, "l": 1000, "t": 652.46884}
{"r": 0.0, "l": 1000, "t": 660.59571}
{"r": 0.0, "l": 1000, "t": 668.791615}
{"r": 0.0, "l": 1000, "t": 677.096143}
{"r": 0.0, "l": 1000, "t": 685.311594}
{"r": 0.0, "l": 1000, "t": 693.180212}
{"r": 0.0, "l": 1000, "t": 701.67866}
{"r": 0.0, "l": 1000, "t": 709.777047}
{"r": 0.0, "l": 1000, "t": 718.349663}
{"r": 0.0, "l": 1000, "t": 726.425297}
{"r": 0.0, "l": 1000, "t": 734.871128}
{"r": 0.0, "l": 1000, "t": 743.346078}
{"r": 0.0, "l": 1000, "t": 751.46297}
{"r": 0.0, "l": 1000, "t": 759.487403}
{"r": 0.0, "l": 1000, "t": 767.892984}
{"r": 0.0, "l": 1000, "t": 776.31163}
{"r": 0.0, "l": 1000, "t": 784.46437}
{"r": 0.0, "l": 1000, "t": 792.428017}
{"r": 0.0, "l": 1000, "t": 800.862939}
{"r": 0.0, "l": 1000, "t": 809.166411}
{"r": 0.0, "l": 1000, "t": 817.666633}
{"r": 0.0, "l": 1000, "t": 826.053143}
{"r": 0.0, "l": 1000, "t": 834.083177}
{"r": 0.0, "l": 1000, "t": 842.613245}
{"r": 0.0, "l": 1000, "t": 851.140051}
{"r": 0.0, "l": 1000, "t": 859.234429}
{"r": 0.0, "l": 1000, "t": 867.188667}
{"r": 0.0, "l": 1000, "t": 875.712405}
{"r": 0.0, "l": 1000, "t": 883.972859}
{"r": 0.0, "l": 1000, "t": 892.328557}
{"r": 0.0, "l": 1000, "t": 900.613952}
{"r": 0.0, "l": 1000, "t": 908.613866}
{"r": 0.0, "l": 1000, "t": 917.029928}
{"r": 0.0, "l": 1000, "t": 925.325706}
{"r": 0.0, "l": 1000, "t": 933.72815}
{"r": 0.0, "l": 1000, "t": 942.208369}
{"r": 0.0, "l": 1000, "t": 950.626408}
{"r": 0.0, "l": 1000, "t": 958.716606}
{"r": 0.0, "l": 1000, "t": 967.115705}
{"r": 0.0, "l": 1000, "t": 975.709859}
{"r": 0.0, "l": 1000, "t": 984.226573}
{"r": 0.0, "l": 1000, "t": 992.593383}
{"r": 0.0, "l": 1000, "t": 1000.909781}
{"r": 0.0, "l": 1000, "t": 1009.401086}
{"r": 0.0, "l": 1000, "t": 1017.861523}
{"r": 0.0, "l": 1000, "t": 1025.933726}
{"r": 0.0, "l": 1000, "t": 1034.45942}
{"r": 0.0, "l": 1000, "t": 1042.993997}
{"r": 0.0, "l": 1000, "t": 1051.444653}
{"r": 0.0, "l": 1000, "t": 1059.889663}
{"r": 0.0, "l": 1000, "t": 1068.142843}
{"r": 0.0, "l": 1000, "t": 1076.472784}
{"r": 0.0, "l": 1000, "t": 1084.868041}
{"r": 0.0, "l": 1000, "t": 1092.980334}
{"r": 0.0, "l": 1000, "t": 1101.524932}
{"r": 0.0, "l": 1000, "t": 1110.110802}
{"r": 0.0, "l": 1000, "t": 1118.473021}
{"r": 0.0, "l": 1000, "t": 1126.806904}
{"r": 0.0, "l": 1000, "t": 1135.291432}
{"r": 0.0, "l": 1000, "t": 1143.647845}
{"r": 0.0, "l": 1000, "t": 1151.608111}
{"r": 0.0, "l": 1000, "t": 1160.219385}
{"r": 0.0, "l": 1000, "t": 1168.930537}
{"r": 0.0, "l": 1000, "t": 1177.374365}
{"r": 0.0, "l": 1000, "t": 1185.649126}
{"r": 0.0, "l": 1000, "t": 1193.856615}
{"r": 0.0, "l": 1000, "t": 1201.946595}
{"r": 0.0, "l": 1000, "t": 1210.31148}
{"r": 0.0, "l": 1000, "t": 1218.783264}
{"r": 0.0, "l": 1000, "t": 1227.287508}
{"r": 0.0, "l": 1000, "t": 1235.692425}
{"r": 0.0, "l": 1000, "t": 1244.185436}
{"r": 0.0, "l": 1000, "t": 1252.611333}
{"r": 0.0, "l": 1000, "t": 1260.995587}
{"r": 0.0, "l": 1000, "t": 1269.326674}
{"r": 0.0, "l": 1000, "t": 1277.983142}
{"r": 0.0, "l": 1000, "t": 1286.062322}
{"r": 0.0, "l": 1000, "t": 1294.609132}
{"r": 0.0, "l": 1000, "t": 1303.233908}
{"r": 0.0, "l": 1000, "t": 1311.704634}
{"r": 0.0, "l": 1000, "t": 1320.189139}
{"r": 0.0, "l": 1000, "t": 1328.693112}
{"r": 0.0, "l": 1000, "t": 1336.923341}
{"r": 0.0, "l": 1000, "t": 1345.471866}
{"r": 0.0, "l": 1000, "t": 1353.712884}
{"r": 0.0, "l": 1000, "t": 1362.300998}
{"r": 0.0, "l": 1000, "t": 1370.753556}
{"r": 0.0, "l": 1000, "t": 1379.22091}
{"r": 0.0, "l": 1000, "t": 1387.652626}
{"r": 0.0, "l": 1000, "t": 1396.058075}
{"r": 0.0, "l": 1000, "t": 1405.03089}
{"r": 0.0, "l": 1000, "t": 1421.524581}
{"r": 0.0, "l": 1000, "t": 1437.104463}
{"r": 0.0, "l": 1000, "t": 1453.789369}
{"r": 0.0, "l": 1000, "t": 1469.899818}
{"r": 0.0, "l": 1000, "t": 1486.570381}
{"r": 0.0, "l": 1000, "t": 1502.772074}
{"r": 0.0, "l": 1000, "t": 1520.113457}
{"r": 0.0, "l": 1000, "t": 1535.195915}
{"r": 0.0, "l": 1000, "t": 1551.389656}
{"r": 0.0, "l": 1000, "t": 1566.970594}
{"r": 0.0, "l": 1000, "t": 1583.547565}
{"r": 0.0, "l": 1000, "t": 1599.82935}
{"r": 0.0, "l": 1000, "t": 1615.355058}
{"r": 0.0, "l": 1000, "t": 1632.074828}
{"r": 0.0, "l": 1000, "t": 1649.74005}
{"r": 0.0, "l": 1000, "t": 1666.063017}
{"r": 0.0, "l": 1000, "t": 1681.635375}
{"r": 0.0, "l": 1000, "t": 1697.746555}
{"r": 0.0, "l": 1000, "t": 1714.158563}
{"r": 0.0, "l": 1000, "t": 1731.055358}
{"r": 0.0, "l": 1000, "t": 1747.210644}
{"r": 0.0, "l": 1000, "t": 1764.077593}
{"r": 0.0, "l": 1000, "t": 1779.942026}
{"r": 0.0, "l": 1000, "t": 1796.926823}
{"r": 0.0, "l": 1000, "t": 1813.964271}
{"r": 0.0, "l": 1000, "t": 1829.871123}
{"r": 0.0, "l": 1000, "t": 1847.2121}
{"r": 0.0, "l": 1000, "t": 1863.276346}
{"r": 0.0, "l": 1000, "t": 1879.322446}
{"r": 0.0, "l": 1000, "t": 1895.563825}
{"r": 0.0, "l": 1000, "t": 1911.917098}
{"r": 0.0, "l": 1000, "t": 1927.556544}
{"r": 0.0, "l": 1000, "t": 1943.837822}
{"r": 0.0, "l": 1000, "t": 1959.363396}
{"r": 0.0, "l": 1000, "t": 1973.805146}
{"r": 0.0,