{"t_start": 1515793912.4429755, "gym_version": "0.9.2", "env_id": "GridWorldNoFrameskip-v4"}
{"r": 0.0, "l": 1000, "t": 13.069142}
{"r": 0.0, "l": 1000, "t": 22.102401}
{"r": 0.0, "l": 1000, "t": 30.735855}
{"r": 0.0, "l": 1000, "t": 39.730729}
{"r": 0.0, "l": 1000, "t": 48.46988}
{"r": 0.0, "l": 1000, "t": 57.698037}
{"r": 0.0, "l": 1000, "t": 66.072867}
{"r": 0.0, "l": 1000, "t": 75.285161}
{"r": 0.0, "l": 1000, "t": 83.861915}
{"r": 0.0, "l": 1000, "t": 92.65038}
{"r": 0.0, "l": 1000, "t": 101.563311}
{"r": 0.0, "l": 1000, "t": 110.809345}
{"r": 0.0, "l": 1000, "t": 119.318146}
{"r": 0.0, "l": 1000, "t": 128.389223}
{"r": 0.0, "l": 1000, "t": 136.925946}
{"r": 0.0, "l": 1000, "t": 145.816501}
{"r": 0.0, "l": 1000, "t": 154.57706}
{"r": 0.0, "l": 1000, "t": 163.547924}
{"r": 0.0, "l": 1000, "t": 172.5065}
{"r": 0.0, "l": 1000, "t": 181.568365}
{"r": 0.0, "l": 1000, "t": 190.148123}
{"r": 0.0, "l": 1000, "t": 199.282416}
{"r": 0.0, "l": 1000, "t": 208.199496}
{"r": 0.0, "l": 1000, "t": 217.08915}
{"r": 0.0, "l": 1000, "t": 225.964614}
{"r": 0.0, "l": 1000, "t": 235.002653}
{"r": 0.0, "l": 1000, "t": 244.212182}
{"r": 0.0, "l": 1000, "t": 253.174667}
{"r": 0.0, "l": 1000, "t": 262.261721}
{"r": 0.0, "l": 1000, "t": 271.527306}
{"r": 0.0, "l": 1000, "t": 280.328426}
{"r": 0.0, "l": 1000, "t": 289.238382}
{"r": 0.0, "l": 1000, "t": 297.85793}
{"r": 0.0, "l": 1000, "t": 306.76208}
{"r": 0.0, "l": 1000, "t": 316.035011}
{"r": 0.0, "l": 1000, "t": 324.854145}
{"r": 0.0, "l": 1000, "t": 333.070983}
{"r": 0.0, "l": 1000, "t": 341.304904}
{"r": 0.0, "l": 1000, "t": 349.38918}
{"r": 0.0, "l": 1000, "t": 357.789856}
{"r": 0.0, "l": 1000, "t": 365.604831}
{"r": 0.0, "l": 1000, "t": 374.059351}
{"r": 0.0, "l": 1000, "t": 382.285064}
{"r": 0.0, "l": 1000, "t": 390.440019}
{"r": 0.0, "l": 1000, "t": 398.710681}
{"r": 0.0, "l": 1000, "t": 406.879301}
{"r": 0.0, "l": 1000, "t": 414.788115}
{"r": 0.0, "l": 1000, "t": 423.236741}
{"r": 0.0, "l": 1000, "t": 430.971317}
{"r": 0.0, "l": 1000, "t": 439.269563}
{"r": 0.0, "l": 1000, "t": 447.644845}
{"r": 0.0, "l": 1000, "t": 455.551975}
{"r": 0.0, "l": 1000, "t": 463.77211}
{"r": 0.0, "l": 1000, "t": 471.497782}
{"r": 0.0, "l": 1000, "t": 479.857945}
{"r": 0.0, "l": 1000, "t": 488.158378}
{"r": 0.0, "l": 1000, "t": 496.202164}
{"r": 0.0, "l": 1000, "t": 504.510854}
{"r": 0.0, "l": 1000, "t": 512.552028}
{"r": 0.0, "l": 1000, "t": 520.927655}
{"r": 0.0, "l": 1000, "t": 529.34412}
{"r": 0.0, "l": 1000, "t": 537.432633}
{"r": 0.0, "l": 1000, "t": 545.711442}
{"r": 0.0, "l": 1000, "t": 554.139757}
{"r": 0.0, "l": 1000, "t": 561.924759}
{"r": 0.0, "l": 1000, "t": 570.291929}
{"r": 0.0, "l": 1000, "t": 578.817744}
{"r": 0.0, "l": 1000, "t": 587.211621}
{"r": 0.0, "l": 1000, "t": 595.52462}
{"r": 0.0, "l": 1000, "t": 603.726118}
{"r": 0.0, "l": 1000, "t": 612.083453}
{"r": 0.0, "l": 1000, "t": 620.405078}
{"r": 0.0, "l": 1000, "t": 628.386352}
{"r": 0.0, "l": 1000, "t": 636.653029}
{"r": 0.0, "l": 1000, "t": 644.910252}
{"r": 0.0, "l": 1000, "t": 653.001148}
{"r": 0.0, "l": 1000, "t": 661.570971}
{"r": 0.0, "l": 1000, "t": 670.159148}
{"r": 0.0, "l": 1000, "t": 678.237532}
{"r": 0.0, "l": 1000, "t": 686.135179}
{"r": 0.0, "l": 1000, "t": 694.710061}
{"r": 0.0, "l": 1000, "t": 702.890935}
{"r": 0.0, "l": 1000, "t": 710.753928}
{"r": 0.0, "l": 1000, "t": 719.257532}
{"r": 0.0, "l": 1000, "t": 727.605109}
{"r": 0.0, "l": 1000, "t": 735.904865}
{"r": 0.0, "l": 1000, "t": 744.095589}
{"r": 0.0, "l": 1000, "t": 752.562211}
{"r": 0.0, "l": 1000, "t": 761.073157}
{"r": 0.0, "l": 1000, "t": 769.218769}
{"r": 0.0, "l": 1000, "t": 777.164944}
{"r": 0.0, "l": 1000, "t": 785.552285}
{"r": 0.0, "l": 1000, "t": 793.802271}
{"r": 0.0, "l": 1000, "t": 802.147747}
{"r": 0.0, "l": 1000, "t": 809.977263}
{"r": 0.0, "l": 1000, "t": 818.592022}
{"r": 0.0, "l": 1000, "t": 827.067461}
{"r": 0.0, "l": 1000, "t": 835.263589}
{"r": 0.0, "l": 1000, "t": 843.638387}
{"r": 0.0, "l": 1000, "t": 851.742718}
{"r": 0.0, "l": 1000, "t": 860.249385}
{"r": 0.0, "l": 1000, "t": 868.630265}
{"r": 0.0, "l": 1000, "t": 877.087534}
{"r": 0.0, "l": 1000, "t": 885.356339}
{"r": 0.0, "l": 1000, "t": 893.456236}
{"r": 0.0, "l": 1000, "t": 901.892005}
{"r": 0.0, "l": 1000, "t": 910.29306}
{"r": 0.0, "l": 1000, "t": 918.573167}
{"r": 0.0, "l": 1000, "t": 926.805815}
{"r": 0.0, "l": 1000, "t": 935.358183}
{"r": 0.0, "l": 1000, "t": 943.564633}
{"r": 0.0, "l": 1000, "t": 951.825851}
{"r": 0.0, "l": 1000, "t": 960.343739}
{"r": 0.0, "l": 1000, "t": 968.87008}
{"r": 0.0, "l": 1000, "t": 977.257395}
{"r": 0.0, "l": 1000, "t": 985.697326}
{"r": 0.0, "l": 1000, "t": 994.016769}
{"r": 0.0, "l": 1000, "t": 1002.147521}
{"r": 0.0, "l": 1000, "t": 1010.400433}
{"r": 0.0, "l": 1000, "t": 1018.931174}
{"r": 0.0, "l": 1000, "t": 1027.591388}
{"r": 0.0, "l": 1000, "t": 1036.278224}
{"r": 0.0, "l": 1000, "t": 1044.850241}
{"r": 0.0, "l": 1000, "t": 1053.081492}
{"r": 0.0, "l": 1000, "t": 1061.577391}
{"r": 0.0, "l": 1000, "t": 1069.804795}
{"r": 0.0, "l": 1000, "t": 1078.00195}
{"r": 0.0, "l": 1000, "t": 1086.564166}
{"r": 0.0, "l": 1000, "t": 1095.006235}
{"r": 0.0, "l": 1000, "t": 1103.646776}
{"r": 0.0, "l": 1000, "t": 1112.087667}
{"r": 0.0, "l": 1000, "t": 1120.52496}
{"r": 0.0, "l": 1000, "t": 1128.716293}
{"r": 0.0, "l": 1000, "t": 1136.929077}
{"r": 0.0, "l": 1000, "t": 1145.304867}
{"r": 0.0, "l": 1000, "t": 1153.465688}
{"r": 0.0, "l": 1000, "t": 1162.162476}
{"r": 0.0, "l": 1000, "t": 1170.688679}
{"r": 0.0, "l": 1000, "t": 1178.989629}
{"r": 0.0, "l": 1000, "t": 1187.296354}
{"r": 0.0, "l": 1000, "t": 1195.574869}
{"r": 0.0, "l": 1000, "t": 1203.730126}
{"r": 0.0, "l": 1000, "t": 1212.219466}
{"r": 0.0, "l": 1000, "t": 1220.77749}
{"r": 0.0, "l": 1000, "t": 1229.392935}
{"r": 0.0, "l": 1000, "t": 1237.927937}
{"r": 0.0, "l": 1000, "t": 1246.253083}
{"r": 0.0, "l": 1000, "t": 1254.611318}
{"r": 0.0, "l": 1000, "t": 1263.24762}
{"r": 0.0, "l": 1000, "t": 1271.493111}
{"r": 0.0, "l": 1000, "t": 1279.968326}
{"r": 0.0, "l": 1000, "t": 1288.236622}
{"r": 0.0, "l": 1000, "t": 1296.710411}
{"r": 0.0, "l": 1000, "t": 1305.356876}
{"r": 0.0, "l": 1000, "t": 1313.977343}
{"r": 0.0, "l": 1000, "t": 1322.447196}
{"r": 0.0, "l": 1000, "t": 1330.608526}
{"r": 0.0, "l": 1000, "t": 1338.930087}
{"r": 0.0, "l": 1000, "t": 1347.100131}
{"r": 0.0, "l": 1000, "t": 1355.622913}
{"r": 0.0, "l": 1000, "t": 1363.988191}
{"r": 0.0, "l": 1000, "t": 1372.593488}
{"r": 0.0, "l": 1000, "t": 1381.106284}
{"r": 0.0, "l": 1000, "t": 1389.418518}
{"r": 0.0, "l": 1000, "t": 1397.7801}
{"r": 0.0, "l": 1000, "t": 1408.742515}
{"r": 0.0, "l": 1000, "t": 1424.531319}
{"r": 0.0, "l": 1000, "t": 1440.260595}
{"r": 0.0, "l": 1000, "t": 1456.81649}
{"r": 0.0, "l": 1000, "t": 1472.820889}
{"r": 0.0, "l": 1000, "t": 1489.478374}
{"r": 0.0, "l": 1000, "t": 1505.701715}
{"r": 0.0, "l": 1000, "t": 1522.092445}
{"r": 0.0, "l": 1000, "t": 1537.677207}
{"r": 0.0, "l": 1000, "t": 1553.734916}
{"r": 0.0, "l": 1000, "t": 1570.204636}
{"r": 0.0, "l": 1000, "t": 1585.811684}
{"r": 0.0, "l": 1000, "t": 1602.671549}
{"r": 0.0, "l": 1000, "t": 1618.653798}
{"r": 0.0, "l": 1000, "t": 1636.225327}
{"r": 0.0, "l": 1000, "t": 1652.850978}
{"r": 0.0, "l": 1000, "t": 1669.624813}
{"r": 0.0, "l": 1000, "t": 1684.597882}
{"r": 0.0, "l": 1000, "t": 1700.310388}
{"r": 0.0, "l": 1000, "t": 1717.30642}
{"r": 0.0, "l": 1000, "t": 1734.076491}
{"r": 0.0, "l": 1000, "t": 1750.350998}
{"r": 0.0, "l": 1000, "t": 1766.873141}
{"r": 0.0, "l": 1000, "t": 1783.5648}
{"r": 0.0, "l": 1000, "t": 1799.924946}
{"r": 0.0, "l": 1000, "t": 1816.744934}
{"r": 0.0, "l": 1000, "t": 1832.5918}
{"r": 0.0, "l": 1000, "t": 1849.074908}
{"r": 0.0, "l": 1000, "t": 1865.470238}
{"r": 0.0, "l": 1000, "t": 1881.407128}
{"r": 0.0, "l": 1000, "t": 1897.982822}
{"r": 0.0, "l": 1000, "t": 1913.942372}
{"r": 0.0, "l": 1000, "t": 1929.430546}
{"r": 0.0, "l": 1000, "t": 1945.545448}
{"r": 0.0, "l": 1000, "t": 1960.945045}
{"r": 0.0, "l": 1000, "t": 1976.267267}
{"r": 0.0,