{"nupdates": 16100, "total_timesteps": 322000, "fps": 79, "policy_entropy": 1.259797215461731, "value_loss": 0.009016594849526882, "explained_variance": -0.022877931594848633}
{"nupdates": 16200, "total_timesteps": 324000, "fps": 78, "policy_entropy": 1.311962366104126, "value_loss": 0.00034722124109975994, "explained_variance": -1.2470054626464844}
{"nupdates": 16300, "total_timesteps": 326000, "fps": 78, "policy_entropy": 1.5311548709869385, "value_loss": 5.472257180372253e-05, "explained_variance": -0.3015170097351074}
{"nupdates": 16400, "total_timesteps": 328000, "fps": 78, "policy_entropy": 1.585235357284546, "value_loss": 0.00029923455440439284, "explained_variance": -0.9344971179962158}
{"nupdates": 16500, "total_timesteps": 330000, "fps": 77, "policy_entropy": 1.603796362876892, "value_loss": 0.0001046843608492054, "explained_variance": -0.4787445068359375}
{"nupdates": 16600, "total_timesteps": 332000, "fps": 77, "policy_entropy": 1.5099704265594482, "value_loss": 7.173242920543998e-05, "explained_variance": -0.7963383197784424}
{"nupdates": 16700, "total_timesteps": 334000, "fps": 77, "policy_entropy": 1.5876944065093994, "value_loss": 0.00017480101087130606, "explained_variance": -0.2681626081466675}
{"nupdates": 16800, "total_timesteps": 336000, "fps": 76, "policy_entropy": 1.6003491878509521, "value_loss": 0.00013763716560788453, "explained_variance": -0.8460286855697632}
{"nupdates": 16900, "total_timesteps": 338000, "fps": 76, "policy_entropy": 1.583611249923706, "value_loss": 0.00020994161604903638, "explained_variance": -1.6427662372589111}
{"nupdates": 17000, "total_timesteps": 340000, "fps": 76, "policy_entropy": 1.5533417463302612, "value_loss": 3.1518492698669434, "explained_variance": 0.006662130355834961}
{"nupdates": 17100, "total_timesteps": 342000, "fps": 76, "policy_entropy": 1.5348231792449951, "value_loss": 0.00029445861582644284, "explained_variance": -0.29450201988220215}
{"nupdates": 17200, "total_timesteps": 344000, "fps": 75, "policy_entropy": 1.0752317905426025, "value_loss": 0.0005231029354035854, "explained_variance": -0.04508554935455322}
{"nupdates": 17300, "total_timesteps": 346000, "fps": 75, "policy_entropy": 1.5640735626220703, "value_loss": 5.10175377712585e-05, "explained_variance": -0.7355091571807861}
{"nupdates": 17400, "total_timesteps": 348000, "fps": 75, "policy_entropy": 1.497315764427185, "value_loss": 8.644587069284171e-05, "explained_variance": -0.30557310581207275}
{"nupdates": 17500, "total_timesteps": 350000, "fps": 74, "policy_entropy": 1.57394278049469, "value_loss": 0.00019805711053777486, "explained_variance": -0.37256526947021484}
{"nupdates": 17600, "total_timesteps": 352000, "fps": 74, "policy_entropy": 1.5854203701019287, "value_loss": 0.0002981657162308693, "explained_variance": -0.27375078201293945}
{"nupdates": 17700, "total_timesteps": 354000, "fps": 74, "policy_entropy": 1.586867094039917, "value_loss": 6.563217903021723e-05, "explained_variance": -3.1370158195495605}
{"nupdates": 17800, "total_timesteps": 356000, "fps": 74, "policy_entropy": 1.5904839038848877, "value_loss": 3.776812081923708e-05, "explained_variance": -1.6751978397369385}
{"nupdates": 17900, "total_timesteps": 358000, "fps": 73, "policy_entropy": 1.5762865543365479, "value_loss": 0.003307658014819026, "explained_variance": -18.597187042236328}
{"nupdates": 18000, "total_timesteps": 360000, "fps": 73, "policy_entropy": 1.5913503170013428, "value_loss": 0.00014949934848118573, "explained_variance": -0.5852859020233154}
{"nupdates": 18100, "total_timesteps": 362000, "fps": 73, "policy_entropy": 1.5816622972488403, "value_loss": 1.5335001945495605, "explained_variance": -0.06117093563079834}
{"nupdates": 18200, "total_timesteps": 364000, "fps": 73, "policy_entropy": 1.5812053680419922, "value_loss": 0.0008747013052925467, "explained_variance": 0.007622659206390381}
{"nupdates": 18300, "total_timesteps": 366000, "fps": 72, "policy_entropy": 1.56180739402771, "value_loss": 6.862651389383245e-06, "explained_variance": -0.4302239418029785}
{"nupdates": 18400, "total_timesteps": 368000, "fps": 72, "policy_entropy": 1.5906533002853394, "value_loss": 9.183581278193742e-05, "explained_variance": 0.23602664470672607}
{"nupdates": 18500, "total_timesteps": 370000, "fps": 72, "policy_entropy": 1.5755733251571655, "value_loss": 3.349294274812564e-05, "explained_variance": 0.5049679279327393}
{"nupdates": 18600, "total_timesteps": 372000, "fps": 72, "policy_entropy": 1.5839879512786865, "value_loss": 3.583956276997924e-05, "explained_variance": -1.0084900856018066}
{"nupdates": 18700, "total_timesteps": 374000, "fps": 72, "policy_entropy": 1.5899052619934082, "value_loss": 7.085235847625881e-05, "explained_variance": -1.754035234451294}
{"nupdates": 18800, "total_timesteps": 376000, "fps": 71, "policy_entropy": 1.5925315618515015, "value_loss": 6.069792289054021e-05, "explained_variance": -0.7600792646408081}
{"nupdates": 18900, "total_timesteps": 378000, "fps": 71, "policy_entropy": 1.5938259363174438, "value_loss": 1.0961141015286557e-05, "explained_variance": -0.6358304023742676}
{"nupdates": 19000, "total_timesteps": 380000, "fps": 71, "policy_entropy": 1.60811448097229, "value_loss": 4.890137461188715e-06, "explained_variance": -0.12027907371520996}
{"nupdates": 19100, "total_timesteps": 382000, "fps": 71, "policy_entropy": 1.6048014163970947, "value_loss": 5.5673375754849985e-05, "explained_variance": -0.7568545341491699}
{"nupdates": 19200, "total_timesteps": 384000, "fps": 71, "policy_entropy": 1.5833919048309326, "value_loss": 1.820238321670331e-05, "explained_variance": -0.7242227792739868}
{"nupdates": 19300, "total_timesteps": 386000, "fps": 70, "policy_entropy": 1.6035114526748657, "value_loss": 1.669185257924255e-05, "explained_variance": -0.5947589874267578}
{"nupdates": 19400, "total_timesteps": 388000, "fps": 70, "policy_entropy": 1.5984978675842285, "value_loss": 6.492656211776193e-06, "explained_variance": -6.685415744781494}
{"nupdates": 19500, "total_timesteps": 390000, "fps": 70, "policy_entropy": 1.5951013565063477, "value_loss": 1.3747538105235435e-05, "explained_variance": -0.7913697957992554}
{"nupdates": 19600, "total_timesteps": 392000, "fps": 70, "policy_entropy": 1.607330083847046, "value_loss": 4.992710819351487e-05, "explained_variance": -2.395375967025757}
{"nupdates": 19700, "total_timesteps": 394000, "fps": 70, "policy_entropy": 1.5901460647583008, "value_loss": 2.9411927243927494e-05, "explained_variance": -2.1768641471862793}
{"nupdates": 19800, "total_timesteps": 396000, "fps": 69, "policy_entropy": 1.5960506200790405, "value_loss": 9.978977686841972e-06, "explained_variance": -0.10662353038787842}
{"nupdates": 19900, "total_timesteps": 398000, "fps": 69, "policy_entropy": 1.5924170017242432, "value_loss": 2.350761405978119e-06, "explained_variance": -2.119368076324463}
{"nupdates": 20000, "total_timesteps": 400000, "fps": 69, "policy_entropy": 1.6055492162704468, "value_loss": 3.5569307783589466e-06, "explained_variance": -0.5485168695449829}
{"nupdates": 20100, "total_timesteps": 402000, "fps": 69, "policy_entropy": 1.6026802062988281, "value_loss": 3.8075463635323104e-06, "explained_variance": 0.027669250965118408}
{"nupdates": 20200, "total_timesteps": 404000, "fps": 69, "policy_entropy": 1.605523705482483, "value_loss": 1.6415150165557861, "explained_variance": -0.005896806716918945}
{"nupdates": 20300, "total_timesteps": 406000, "fps": 68, "policy_entropy": 1.6065638065338135, "value_loss": 9.058011346496642e-05, "explained_variance": -0.20748770236968994}
{"nupdates": 20400, "total_timesteps": 408000, "fps": 68, "policy_entropy": 1.5985749959945679, "value_loss": 3.010739646924776e-06, "explained_variance": -0.3139312267303467}
{"nupdates": 20500, "total_timesteps": 410000, "fps": 68, "policy_entropy": 1.6047096252441406, "value_loss": 2.6181039629591396e-06, "explained_variance": -0.48652875423431396}
{"nupdates": 20600, "total_timesteps": 412000, "fps": 68,