{"t_start": 1516383414.9592655, "gym_version": "0.9.2", "env_id": "GridWorldNoFrameskip-v4"}
{"r": -25, "l": 1000, "t": 574.243987}
{"r": 15, "l": 1000, "t": 1135.153066}
{"r": -13, "l": 1000, "t": 1733.935025}
{"r": -121, "l": 1000, "t": 2334.32825}
{"r": -89, "l": 1000, "t": 2907.04265}
{"r": -54, "l": 1000, "t": 3496.561305}
{"r": -114, "l": 1000, "t": 4069.53481}
{"r": -80, "l": 1000, "t": 4682.178591}
{"r": -98, "l": 1000, "t": 5269.953712}
{"r": 26, "l": 1000, "t": 5849.717934}
{"r": -76, "l": 1000, "t": 6433.94428}
{"r": -89, "l": 1000, "t": 7023.727688}
{"r": -110, "l": 1000, "t": 7603.123932}
{"r": -54, "l": 1000, "t": 8173.444044}
{"r": -34, "l": 1000, "t": 8769.357835}
{"r": -4, "l": 1000, "t": 9369.744453}
{"r": 16, "l": 1000, "t": 9963.034887}
{"r": -10, "l": 1000, "t": 10566.242442}
{"r": 24, "l": 1000, "t": 11164.573902}
{"r": -25, "l": 1000, "t": 11732.554885}
{"r": -44, "l": 1000, "t": 12316.904096}
{"r": -47, "l": 1000, "t": 12935.425286}
{"r": -109, "l": 1000, "t": 13541.764254}
{"r": -84, "l": 1000, "t": 14121.640988}
{"r": 32, "l": 1000, "t": 14712.344567}
{"r": -59, "l": 1000, "t": 15295.757011}
{"r": -41, "l": 1000, "t": 15842.384591}
{"r": -107, "l": 1000, "t": 16386.961968}
{"r": -1, "l": 1000, "t": 16847.184695}
{"r": -1, "l": 1000, "t": 17309.692651}
{"r": -141, "l": 1000, "t": 17775.833914}
{"r": -21, "l": 1000, "t": 18249.11873}
{"r": -156, "l": 1000, "t": 18707.191643}
{"r": -92, "l": 1000, "t": 19173.023507}
{"r": -49, "l": 1000, "t": 19608.88697}
{"r": -17, "l": 1000, "t": 20063.09986}
{"r": -22, "l": 1000, "t": 20517.725778}
{"r": -40, "l": 1000, "t": 20983.405756}
{"r": -117, "l": 1000, "t": 21451.939386}
