{"t_start": 1516383414.9616835, "gym_version": "0.9.2", "env_id": "GridWorldNoFrameskip-v4"}
{"r": -73, "l": 1000, "t": 559.573555}
{"r": 34, "l": 1000, "t": 1117.659836}
{"r": 37, "l": 1000, "t": 1721.134893}
{"r": -105, "l": 1000, "t": 2322.402956}
{"r": -102, "l": 1000, "t": 2885.742219}
{"r": -66, "l": 1000, "t": 3469.597553}
{"r": -102, "l": 1000, "t": 4057.511391}
{"r": -63, "l": 1000, "t": 4670.560511}
{"r": -97, "l": 1000, "t": 5269.840514}
{"r": -13, "l": 1000, "t": 5849.801455}
{"r": -71, "l": 1000, "t": 6444.901876}
{"r": -93, "l": 1000, "t": 7034.555307}
{"r": -150, "l": 1000, "t": 7626.90115}
{"r": -84, "l": 1000, "t": 8201.831455}
{"r": -1, "l": 1000, "t": 8794.976122}
{"r": 28, "l": 1000, "t": 9396.086609}
{"r": -29, "l": 1000, "t": 9979.80258}
{"r": 20, "l": 1000, "t": 10577.926407}
{"r": -6, "l": 1000, "t": 11177.366106}
{"r": -50, "l": 1000, "t": 11732.686036}
{"r": -52, "l": 1000, "t": 12316.90895}
{"r": 33, "l": 1000, "t": 12920.939522}
{"r": -35, "l": 1000, "t": 13528.535947}
{"r": -89, "l": 1000, "t": 14107.436047}
{"r": -23, "l": 1000, "t": 14712.2618}
{"r": -93, "l": 1000, "t": 15295.662168}
{"r": -60, "l": 1000, "t": 15842.380195}
{"r": -110, "l": 1000, "t": 16387.014138}
{"r": -4, "l": 1000, "t": 16855.391886}
{"r": -73, "l": 1000, "t": 17318.319095}
{"r": -140, "l": 1000, "t": 17794.724202}
{"r": -42, "l": 1000, "t": 18267.127718}
{"r": -126, "l": 1000, "t": 18725.295619}
{"r": -95, "l": 1000, "t": 19183.401313}
{"r": -60, "l": 1000, "t": 19627.910576}
{"r": -104, "l": 1000, "t": 20082.578738}
{"r": -60, "l": 1000, "t": 20536.56598}
{"r": -21, "l": 1000, "t": 21001.938238}
{"r": -58, "l": 1000, "t": 21452.051626}
