{"t_start": 1516383414.96284, "gym_version": "0.9.2", "env_id": "GridWorldNoFrameskip-v4"}
{"r": -43, "l": 1000, "t": 574.265823}
{"r": -19, "l": 1000, "t": 1135.008142}
{"r": 34, "l": 1000, "t": 1712.340406}
{"r": -71, "l": 1000, "t": 2322.359195}
{"r": -136, "l": 1000, "t": 2885.741054}
{"r": -59, "l": 1000, "t": 3457.994279}
{"r": -58, "l": 1000, "t": 4057.640548}
{"r": -133, "l": 1000, "t": 4655.824875}
{"r": -65, "l": 1000, "t": 5258.465787}
{"r": -46, "l": 1000, "t": 5849.707569}
{"r": -65, "l": 1000, "t": 6433.755542}
{"r": -97, "l": 1000, "t": 7023.780874}
{"r": -139, "l": 1000, "t": 7603.216806}
{"r": -75, "l": 1000, "t": 8173.281096}
{"r": -34, "l": 1000, "t": 8745.780469}
{"r": -38, "l": 1000, "t": 9355.543148}
{"r": 29, "l": 1000, "t": 9939.98502}
{"r": 33, "l": 1000, "t": 10543.722953}
{"r": 2, "l": 1000, "t": 11138.53687}
{"r": 3, "l": 1000, "t": 11695.961035}
{"r": -64, "l": 1000, "t": 12268.160397}
{"r": 12, "l": 1000, "t": 12883.110699}
{"r": -93, "l": 1000, "t": 13479.475984}
{"r": -109, "l": 1000, "t": 14052.92074}
{"r": 28, "l": 1000, "t": 14659.797135}
{"r": -139, "l": 1000, "t": 15250.129233}
{"r": -27, "l": 1000, "t": 15798.747002}
{"r": -116, "l": 1000, "t": 16334.483809}
{"r": 6, "l": 1000, "t": 16804.806657}
{"r": -50, "l": 1000, "t": 17270.030229}
{"r": -90, "l": 1000, "t": 17744.915647}
{"r": -42, "l": 1000, "t": 18210.983404}
{"r": -81, "l": 1000, "t": 18670.000574}
{"r": -44, "l": 1000, "t": 19136.572948}
{"r": -54, "l": 1000, "t": 19579.018826}
{"r": -7, "l": 1000, "t": 20036.038574}
{"r": -70, "l": 1000, "t": 20496.785325}
{"r": -39, "l": 1000, "t": 20965.089861}
{"r": -124, "l": 1000, "t": 21432.503568}
