{"t_start": 1516383414.9641936, "gym_version": "0.9.2", "env_id": "GridWorldNoFrameskip-v4"}
{"r": -60, "l": 1000, "t": 574.34009}
{"r": -58, "l": 1000, "t": 1145.20418}
{"r": 11, "l": 1000, "t": 1733.959746}
{"r": -48, "l": 1000, "t": 2345.45948}
{"r": -132, "l": 1000, "t": 2919.619207}
{"r": -46, "l": 1000, "t": 3485.569604}
{"r": -69, "l": 1000, "t": 4069.586553}
{"r": -64, "l": 1000, "t": 4682.21186}
{"r": 3, "l": 1000, "t": 5269.999604}
{"r": -7, "l": 1000, "t": 5862.508518}
{"r": -96, "l": 1000, "t": 6456.548688}
{"r": -71, "l": 1000, "t": 7034.683484}
{"r": -87, "l": 1000, "t": 7626.83623}
{"r": -61, "l": 1000, "t": 8211.299165}
{"r": 11, "l": 1000, "t": 8782.7164}
{"r": -23, "l": 1000, "t": 9396.203428}
{"r": -25, "l": 1000, "t": 9979.911407}
{"r": 9, "l": 1000, "t": 10590.4385}
{"r": -31, "l": 1000, "t": 11200.173673}
{"r": -28, "l": 1000, "t": 11755.212614}
{"r": -66, "l": 1000, "t": 12354.328631}
{"r": 4, "l": 1000, "t": 12961.215761}
{"r": -46, "l": 1000, "t": 13570.954498}
{"r": -77, "l": 1000, "t": 14136.12222}
{"r": 25, "l": 1000, "t": 14737.754558}
{"r": -108, "l": 1000, "t": 15316.767015}
{"r": -63, "l": 1000, "t": 15851.146962}
{"r": -99, "l": 1000, "t": 16406.568873}
{"r": -1, "l": 1000, "t": 16863.79579}
{"r": -53, "l": 1000, "t": 17327.947496}
{"r": -64, "l": 1000, "t": 17803.646273}
{"r": -4, "l": 1000, "t": 18267.156013}
{"r": -82, "l": 1000, "t": 18725.194162}
{"r": -58, "l": 1000, "t": 19173.063982}
{"r": -57, "l": 1000, "t": 19618.719873}
{"r": -36, "l": 1000, "t": 20072.469801}
{"r": -59, "l": 1000, "t": 20527.315568}
{"r": -48, "l": 1000, "t": 20983.481333}
{"r": -103, "l": 1000, "t": 21442.791113}
