{"t_start": 1514545128.1718464, "gym_version": "0.9.2", "env_id": "GridWorldNoFrameskip-v4"}
{"r": 0.0, "l": 1000, "t": 15.728855}
{"r": 0.0, "l": 1000, "t": 34.367809}
{"r": 0.0, "l": 1000, "t": 55.093483}
{"r": 0.0, "l": 1000, "t": 73.605708}
{"r": 0.0, "l": 1000, "t": 91.92212}
{"r": 0.0, "l": 1000, "t": 107.709014}
{"r": 0.0, "l": 1000, "t": 124.8905}
{"r": 0.0, "l": 1000, "t": 140.711658}
{"r": 0.0, "l": 1000, "t": 158.514386}
{"r": 0.0, "l": 1000, "t": 174.098076}
{"r": 0.0, "l": 1000, "t": 190.539715}
{"r": 0.0, "l": 1000, "t": 208.22875}
{"r": 0.0, "l": 1000, "t": 225.819019}
{"r": 0.0, "l": 1000, "t": 241.493657}
{"r": 0.0, "l": 1000, "t": 259.233647}
{"r": 0.0, "l": 1000, "t": 274.820004}
{"r": 0.0, "l": 1000, "t": 292.689028}
{"r": 0.0, "l": 1000, "t": 310.053598}
{"r": 0.0, "l": 1000, "t": 327.650944}
{"r": 0.0, "l": 1000, "t": 343.750533}
{"r": 0.0, "l": 1000, "t": 361.808595}
{"r": 0.0, "l": 1000, "t": 378.079074}
{"r": 0.0, "l": 1000, "t": 396.527373}
{"r": 0.0, "l": 1000, "t": 412.878449}
{"r": 0.0, "l": 1000, "t": 431.551062}
{"r": 0.0, "l": 1000, "t": 448.07503}
{"r": 0.0, "l": 1000, "t": 467.04242}
{"r": 0.0, "l": 1000, "t": 485.232599}
{"r": 0.0, "l": 1000, "t": 503.907715}
{"r": 0.0, "l": 1000, "t": 520.106756}
{"r": 0.0, "l": 1000, "t": 538.567516}
{"r": 0.0, "l": 1000, "t": 554.672024}
{"r": 0.0, "l": 1000, "t": 572.892528}
{"r": 0.0, "l": 1000, "t": 588.829607}
{"r": 0.0, "l": 1000, "t": 604.665042}
{"r": 0.0, "l": 1000, "t": 622.918529}
{"r": 0.0, "l": 1000, "t": 641.519408}
{"r": 0.0, "l": 1000, "t": 659.522655}
{"r": 0.0, "l": 1000, "t": 678.360008}
{"r": 0.0, "l": 1000, "t": 695.861224}
{"r": 0.0, "l": 1000, "t": 711.308111}
{"r": 0.0, "l": 1000, "t": 729.369208}
{"r": 0.0, "l": 1000, "t": 745.255049}
{"r": 0.0, "l": 1000, "t": 762.34658}
{"r": 0.0, "l": 1000, "t": 778.559991}
{"r": 0.0, "l": 1000, "t": 796.888915}
{"r": 0.0, "l": 1000, "t": 815.088255}
{"r": 0.0, "l": 1000, "t": 833.398052}
{"r": 0.0, "l": 1000, "t": 851.610666}
{"r": 0.0, "l": 1000, "t": 869.290338}
{"r": 0.0, "l": 1000, "t": 887.837384}
{"r": 0.0, "l": 1000, "t": 905.976393}
{"r": 0.0, "l": 1000, "t": 922.047046}
{"r": 0.0, "l": 1000, "t": 939.45092}
{"r": 0.0, "l": 1000, "t": 956.785849}
{"r": 0.0, "l": 1000, "t": 973.070317}
{"r": 0.0, "l": 1000, "t": 989.202962}
{"r": 0.0, "l": 1000, "t": 1007.422166}
{"r": 0.0, "l": 1000, "t": 1023.352792}
{"r": 0.0, "l": 1000, "t": 1039.129937}
{"r": 0.0, "l": 1000, "t": 1057.913875}
{"r": 0.0, "l": 1000, "t": 1075.780304}
{"r": 0.0, "l": 1000, "t": 1091.787161}
{"r": 0.0, "l": 1000, "t": 1109.093319}
{"r": 0.0, "l": 1000, "t": 1124.821625}
{"r": 0.0, "l": 1000, "t": 1142.514522}
{"r": 0.0, "l": 1000, "t": 1157.542212}
{"r": 0.0, "l": 1000, "t": 1174.401935}
{"r": 0.0, "l": 1000, "t": 1189.209112}
{"r": 0.0, "l": 1000, "t": 1206.551837}
{"r": 0.0, "l": 1000, "t": 1223.943549}
{"r": 0.0, "l": 1000, "t": 1242.071814}
{"r": 0.0, "l": 1000, "t": 1258.13253}
{"r": 0.0, "l": 1000, "t": 1276.323195}
{"r": 0.0, "l": 1000, "t": 1294.346264}
{"r": 0.0, "l": 1000, "t": 1310.609032}
{"r": 0.0, "l": 1000, "t": 1328.60183}
{"r": 0.0, "l": 1000, "t": 1344.63224}
{"r": 0.0, "l": 1000, "t": 1362.077937}
{"r": 0.0, "l": 1000, "t": 1376.7393}
{"r": 0.0, "l": 1000, "t": 1393.969301}
{"r": 0.0, "l": 1000, "t": 1411.150199}
{"r": 0.0, "l": 1000, "t": 1427.093976}
{"r": 0.0, "l": 1000, "t": 1443.152508}
{"r": 0.0, "l": 1000, "t": 1461.366876}
{"r": 0.0, "l": 1000, "t": 1478.829686}
{"r": 0.0, "l": 1000, "t": 1494.436098}
{"r": 0.0, "l": 1000, "t": 1510.400825}
{"r": 0.0, "l": 1000, "t": 1530.392091}
{"r": 0.0, "l": 1000, "t": 1548.31043}
{"r": 0.0, "l": 1000, "t": 1564.564394}
{"r": 0.0, "l": 1000, "t": 1582.528205}
{"r": 0.0, "l": 1000, "t": 1600.057852}
{"r": 0.0, "l": 1000, "t": 1615.797796}
{"r": 0.0, "l": 1000, "t": 1634.266585}
{"r": 0.0, "l": 1000, "t": 1649.627194}
{"r": 0.0, "l": 1000, "t": 1667.544967}
{"r": 0.0, "l": 1000, "t": 1683.323043}
{"r": 0.0, "l": 1000, "t": 1699.039544}
{"r": 0.0, "l": 1000, "t": 1717.427863}
{"r": 0.0, "l": 1000, "t": 1733.628075}
{"r": 0.0, "l": 1000, "t": 1751.157562}
{"r": 0.0, "l": 1000, "t": 1768.268089}
{"r": 0.0, "l": 1000, "t": 1785.062962}
{"r": 0.0, "l": 1000, "t": 1802.085697}
{"r": 0.0, "l": 1000, "t": 1818.642323}
{"r": 0.0, "l": 1000, "t": 1832.976848}
{"r": 0.0, "l": 1000, "t": 1850.222127}
{"r": 0.0, "l": 1000, "t": 1868.180665}
{"r": 0.0, "l": 1000, "t": 1915.206893}
{"r": 0.0, "l": 1000, "t": 1967.916911}
{"r": 0.0, "l": 1000, "t": 2029.790908}
{"r": 0.0, "l": 1000, "t": 2084.620658}
{"r": 0.0, "l": 1000, "t": 2140.937488}
{"r": 0.0, "l": 1000, "t": 2201.969873}
{"r": 0.0, "l": 1000, "t": 2261.371316}
{"r": 0.0, "l": 1000, "t": 2323.059111}
{"r": 0.0, "l": 1000, "t": 2380.244732}
{"r": 0.0, "l": 1000, "t": 2444.741537}
{"r": 0.0, "l": 1000, "t": 2505.670584}
{"r": 0.0, "l": 1000, "t": 2564.290014}
{"r": 0.0, "l": 1000, "t": 2621.991618}
{"r": 0.0, "l": 1000, "t": 2683.416009}
{"r": 0.0, "l": 1000, "t": 2743.936576}
{"r": 0.0, "l": 1000, "t": 2813.267906}
{"r": 0.0, "l": 1000, "t": 2870.150436}
{"r": 0.0, "l": 1000, "t": 2918.228855}
{"r": 0.0, "l": 1000, "t": 2980.835532}
{"r": 0.0, "l": 1000, "t": 3044.049849}
{"r": 0.0, "l": 1000, "t": 3104.504947}
{"r": 0.0, "l": 1000, "t": 3169.321516}
{"r": 0.0, "l": 1000, "t": 3228.122658}
{"r": 0.0, "l": 1000, "t": 3285.553311}
{"r": 0.0, "l": 1000, "t": 3353.830897}
{"r": 0.0, "l": 1000, "t": 3406.865772}
{"r": 0.0, "l": 1000, "t": 3475.573038}
{"r": 0.0, "l": 1000, "t": 3535.826979}
{"r": 0.0, "l": 1000, "t": 3600.542278}
{"r": 0.0, "l": 1000, "t": 3665.251472}
{"r": 0.0, "l": 1000, "t": 3723.620472}
{"r": 0.0, "l": 1000, "t": 3787.992975}
{"r": 0.0, "l": 1000, "t": 3847.660532}
{"r": 0.0, "l": 1000, "t": 3903.610331}
{"r": 0.0, "l": 1000, "t": 3972.669075}
{"r": 0.0, "l": 1000, "t": 4033.947331}
{"r": 0.0, "l": 1000, "t": 4099.371432}
{"r": 0.0, "l": 1000, "t": 4164.142369}
{"r": 0.0, "l": 1000, "t": 4224.850747}
{"r": 0.0, "l": 1000, "t": 4286.528368}
{"r": 0.0, "l": 1000, "t": 4348.792922}
{"r": 0.0, "l": 1000, "t": 4409.105409}
{"r": 0.0, "l": 1000, "t": 4470.181629}
{"r": 0.0, "l": 1000, "t": 4529.469033}
{"r": 0.0, "l": 1000, "t": 4590.138578}
{"r": 0.0, "l": 1000, "t": 4650.752759}
{"r": 0.0, "l": 1000, "t": 4707.988698}
{"r": 0.0, "l": 1000, "t": 4766.253624}
{"r": 0.0, "l": 1000, "t": 4829.310591}
{"r": 0.0, "l": 1000, "t": 4887.340504}
{"r": 0.0, "l": 1000, "t": 4949.073138}
{"r": 0.0, "l": 1000, "t": 5012.34155}
{"r": 0.0, "l": 1000, "t": 5068.934411}
{"r": 0.0, "l": 1000, "t": 5131.24863}
{"r": 0.0, "l": 1000, "t": 5198.088217}
{"r": 0.0, "l": 1000, "t": 5258.253651}
{"r": 0.0, "l": 1000, "t": 5316.308554}
{"r": 0.0, "l": 1000, "t": 5381.873848}
{"r": 0.0, "l": 1000, "t": 5447.758229}
{"r": 0.0, "l": 1000, "t": 5509.649477}
{"r": 0.0, "l": 1000, "t": 5566.202126}
{"r": 0.0, "l": 1000, "t": 5626.871452}
{"r": 0.0, "l": 1000, "t": 5688.786237}
{"r": 0.0, "l": 1000, "t": 5746.205996}
{"r": 0.0, "l": 1000, "t": 5808.232239}
{"r": 0.0, "l": 1000, "t": 5874.152296}
{"r": 0.0, "l": 1000, "t": 5933.858441}
{"r": 0.0, "l": 1000, "t": 5996.71544}
{"r": 0.0, "l": 1000, "t": 6055.448017}
{"r": 0.0, "l": 1000, "t": 6117.766174}
{"r": 0.0, "l": 1000, "t": 6181.820816}
{"r": 0.0, "l": 1000, "t": 6250.322607}
{"r": 0.0, "l": 1000, "t": 6316.345219}
{"r": 0.0, "l": 1000, "t": 6376.128422}
{"r": 0.0, "l": 1000, "t": 6436.484604}
{"r": 0.0, "l": 1000, "t": 6500.437334}
{"r": 0.0, "l": 1000, "t": 6561.976698}
{"r": 0.0, "l": 1000, "t": 6621.843026}
{"r": 0.0, "l": 1000, "t": 6685.277303}
{"r": 0.0, "l": 1000, "t": 6746.95921}
{"r": 0.0, "l": 1000, "t": 6808.170321}
{"r": 0.0, "l": 1000, "t": 6872.136463}
{"r": 0.0, "l": 1000, "t": 6931.944502}
{"r": 0.0, "l": 1000, "t": 6991.880445}
{"r": 0.0, "l": 1000, "t": 7056.709966}
{"r": 0.0, "l": 1000, "t": 7116.424947}
{"r": 0.0, "l": 1000, "t": 7181.823325}
{"r": 0.0, "l": 1000, "t": 7244.757026}
{"r": 0.0, "l": 1000, "t": 7304.820273}
{"r": 0.0, "l": 1000, "t": 7359.806525}
{"r": 0.0, "l": 1000,