{"t_start": 1517492975.8808286, "gym_version": "0.9.3", "env_id": "GridWorldNoFrameskip-v4"}
{"t": 14.178704, "r": 2, "l": 1000}
{"t": 16.123861, "r": -11, "l": 1000}
{"t": 18.045739, "r": -96, "l": 1000}
{"t": 19.945813, "r": -72, "l": 1000}
{"t": 21.862196, "r": -26, "l": 1000}
{"t": 23.760295, "r": -7, "l": 1000}
{"t": 25.65013, "r": -11, "l": 1000}
{"t": 27.521759, "r": -32, "l": 1000}
{"t": 29.447562, "r": -60, "l": 1000}
{"t": 31.370669, "r": -69, "l": 1000}
{"t": 33.309561, "r": -48, "l": 1000}
{"t": 35.233543, "r": -28, "l": 1000}
{"t": 37.149271, "r": -107, "l": 1000}
{"t": 39.062616, "r": -19, "l": 1000}
{"t": 41.008178, "r": -33, "l": 1000}
{"t": 42.94151, "r": 41, "l": 1000}
{"t": 44.851326, "r": 41, "l": 1000}
{"t": 46.706253, "r": -27, "l": 1000}
{"t": 48.59471, "r": -89, "l": 1000}
{"t": 50.499473, "r": 5, "l": 1000}
{"t": 52.445296, "r": -9, "l": 1000}
{"t": 54.331864, "r": 62, "l": 1000}
{"t": 56.256146, "r": -32, "l": 1000}
{"t": 58.142994, "r": -26, "l": 1000}
{"t": 60.007074, "r": 20, "l": 1000}
{"t": 61.877185, "r": -59, "l": 1000}
{"t": 63.677728, "r": -44, "l": 1000}
{"t": 65.600379, "r": -23, "l": 1000}
{"t": 67.459447, "r": -7, "l": 1000}
{"t": 69.198539, "r": -36, "l": 1000}
{"t": 70.957994, "r": -75, "l": 1000}
{"t": 72.827077, "r": -68, "l": 1000}
{"t": 74.659031, "r": -32, "l": 1000}
{"t": 76.556787, "r": 16, "l": 1000}
{"t": 78.416499, "r": -16, "l": 1000}
{"t": 80.230093, "r": -26, "l": 1000}
{"t": 82.223968, "r": -92, "l": 1000}
{"t": 84.013864, "r": 28, "l": 1000}
{"t": 85.928988, "r": 0, "l": 1000}
{"t": 87.76105, "r": 47, "l": 1000}
{"t": 89.586128, "r": -2, "l": 1000}
{"t": 91.511007, "r": -14, "l": 1000}
{"t": 93.436208, "r": -63, "l": 1000}
{"t": 95.333588, "r": 7, "l": 1000}
{"t": 97.285793, "r": -28, "l": 1000}
{"t": 99.173207, "r": -20, "l": 1000}
{"t": 100.990712, "r": -40, "l": 1000}
{"t": 102.849202, "r": -22, "l": 1000}
{"t": 104.680805, "r": 28, "l": 1000}
{"t": 106.611357, "r": -40, "l": 1000}
{"t": 108.575677, "r": -91, "l": 1000}
{"t": 110.417819, "r": -15, "l": 1000}
{"t": 112.310042, "r": -38, "l": 1000}
{"t": 114.29065, "r": -55, "l": 1000}
{"t": 116.194154, "r": 12, "l": 1000}
{"t": 118.251915, "r": -64, "l": 1000}
{"t": 120.736656, "r": -40, "l": 1000}
{"t": 123.19343, "r": 72, "l": 1000}
{"t": 125.571265, "r": 100, "l": 1000}
{"t": 127.979569, "r": -37, "l": 1000}
{"t": 130.179439, "r": 37, "l": 1000}
{"t": 132.423097, "r": 2, "l": 1000}
{"t": 134.635022, "r": -43, "l": 1000}
{"t": 136.844568, "r": -66, "l": 1000}
{"t": 139.079153, "r": -1, "l": 1000}
{"t": 141.283449, "r": -12, "l": 1000}
{"t": 143.494169, "r": -84, "l": 1000}
{"t": 145.728539, "r": -8, "l": 1000}
{"t": 147.941252, "r": -75, "l": 1000}
{"t": 150.156874, "r": 110, "l": 1000}
{"t": 152.362139, "r": -13, "l": 1000}
{"t": 154.572771, "r": -102, "l": 1000}
{"t": 156.761283, "r": -169, "l": 1000}
{"t": 158.966576, "r": -392, "l": 1000}
{"t": 161.169092, "r": -590, "l": 1000}
{"t": 163.393593, "r": -443, "l": 1000}
{"t": 165.562205, "r": -902, "l": 1000}
{"t": 167.781562, "r": -931, "l": 1000}
{"t": 170.034236, "r": -857, "l": 1000}
{"t": 172.247909, "r": -932, "l": 1000}
{"t": 174.516921, "r": -932, "l": 1000}
{"t": 176.763675, "r": -956, "l": 1000}
{"t": 178.997916, "r": -862, "l": 1000}
{"t": 181.275935, "r": -956, "l": 1000}
{"t": 183.4838, "r": -816, "l": 1000}
{"t": 185.729374, "r": -270, "l": 1000}
{"t": 187.944501, "r": -463, "l": 1000}
{"t": 190.170587, "r": -737, "l": 1000}
{"t": 192.363222, "r": -560, "l": 1000}
{"t": 194.568467, "r": -337, "l": 1000}
{"t": 196.809421, "r": -552, "l": 1000}
{"t": 199.004622, "r": -370, "l": 1000}
{"t": 201.292185, "r": -441, "l": 1000}
{"t": 203.534339, "r": -354, "l": 1000}
{"t": 205.761529, "r": -547, "l": 1000}
{"t": 207.975296, "r": -725, "l": 1000}
{"t": 210.247163, "r": -800, "l": 1000}
{"t": 212.472913, "r": -876, "l": 1000}
{"t": 214.681811, "r": -864, "l": 1000}
{"t": 216.935609, "r": -228, "l": 1000}
{"t": 219.191937, "r": -641, "l": 1000}
{"t": 221.458875, "r": -407, "l": 1000}
{"t": 223.740526, "r": -431, "l": 1000}
{"t": 225.966992, "r": -566, "l": 1000}
{"t": 228.190442, "r": -479, "l": 1000}
{"t": 230.453676, "r": -335, "l": 1000}
{"t": 232.701476, "r": -431, "l": 1000}
{"t": 234.94466, "r": -492, "l": 1000}
{"t": 237.136986, "r": -197, "l": 1000}
{"t": 239.41234, "r": -370, "l": 1000}
{"t": 241.610815, "r": -863, "l": 1000}
{"t": 243.813451, "r": -666, "l": 1000}
{"t": 246.057625, "r": -784, "l": 1000}
{"t": 248.29427, "r": -927, "l": 1000}
{"t": 250.572471, "r": -898, "l": 1000}
{"t": 252.851738, "r": -974, "l": 1000}
{"t": 255.08972, "r": -692, "l": 1000}
{"t": 257.372839, "r": -988, "l": 1000}
{"t": 259.662378, "r": -994, "l": 1000}
{"t": 261.954158, "r": -573, "l": 1000}
{"t": 264.239693, "r": -606, "l": 1000}
{"t": 266.462141, "r": -410, "l": 1000}
{"t": 268.690499, "r": -494, "l": 1000}
{"t": 270.957043, "r": -371, "l": 1000}
{"t": 273.165761, "r": -386, "l": 1000}
{"t": 275.447628, "r": -769, "l": 1000}
{"t": 277.660803, "r": -384, "l": 1000}
{"t": 279.875392, "r": -259, "l": 1000}
{"t": 282.121591, "r": -281, "l": 1000}
{"t": 284.416224, "r": -236, "l": 1000}
{"t": 286.65749, "r": -94, "l": 1000}
{"t": 288.932306, "r": -150, "l": 1000}
{"t": 291.163418, "r": -188, "l": 1000}
{"t": 293.38614, "r": -493, "l": 1000}
{"t": 295.620107, "r": -58, "l": 1000}
{"t": 297.844841, "r": -248, "l": 1000}
{"t": 300.121401, "r": -253, "l": 1000}
{"t": 302.387501, "r": -535, "l": 1000}
{"t": 304.634248, "r": -343, "l": 1000}
{"t": 306.862271, "r": -450, "l": 1000}
{"t": 309.138609, "r": -700, "l": 1000}
{"t": 311.374035, "r": -290, "l": 1000}
{"t": 313.636, "r": -254, "l": 1000}
{"t": 315.891192, "r": -473, "l": 1000}
{"t": 318.129903, "r": -483, "l": 1000}
{"t": 320.358856, "r": -682, "l": 1000}
{"t": 322.615853, "r": -182, "l": 1000}
{"t": 324.881106, "r": -235, "l": 1000}
{"t": 327.127369, "r": -719, "l": 1000}
{"t": 329.38548, "r": -226, "l": 1000}
{"t": 331.646838, "r": -428, "l": 1000}
{"t": 333.933768, "r": -277, "l": 1000}
{"t": 336.214106, "r": -180, "l": 1000}
{"t": 338.530585, "r": -621, "l": 1000}
{"t": 340.792763, "r": -377, "l": 1000}
{"t": 343.031947, "r": -795, "l": 1000}
{"t": 345.280675, "r": -611, "l": 1000}
{"t": 347.56751, "r": -733, "l": 1000}
{"t": 349.830117, "r": -478, "l": 1000}
{"t": 352.066101, "r": -584, "l": 1000}
{"t": 354.295086, "r": -466, "l": 1000}
{"t": 356.591924, "r": -351, "l": 1000}
{"t": 358.795862, "r": -336, "l": 1000}
{"t": 361.04165, "r": -582, "l": 1000}
{"t": 363.327212, "r": -412, "l": 1000}
{"t": 365.620877, "r": -348, "l": 1000}
{"t": 367.872594, "r": -322, "l": 1000}
{"t": 370.133412, "r": -350, "l": 1000}
{"t": 372.406063, "r": -508, "l": 1000}
{"t": 374.676385, "r": -601, "l": 1000}
{"t": 376.921698, "r": -315, "l": 1000}
{"t": 379.178247, "r": -492, "l": 1000}
{"t": 381.415115, "r": -307, "l": 1000}
{"t": 383.671838, "r": -274, "l": 1000}
{"t": 385.978995, "r": -639, "l": 1000}
{"t": 388.231288, "r": -414, "l": 1000}
{"t": 390.490651, "r": -500, "l": 1000}
{"t": 392.760982, "r": -111, "l": 1000}
{"t": 395.038577, "r": -1, "l": 1000}
{"t": 397.301542, "r": -404, "l": 1000}
{"t": 399.499813, "r": -187, "l": 1000}
{"t": 401.74988, "r": -421, "l": 1000}
{"t": 403.987692, "r": -362, "l": 1000}
{"t": 406.212359, "r": -415, "l": 1000}
{"t": 408.462238, "r": -399, "l": 1000}
{"t": 410.695082, "r": -655, "l": 1000}
{"t": 412.956861, "r": -362, "l": 1000}
{"t": 415.199004, "r": -181, "l": 1000}
{"t": 417.4286, "r": -279, "l": 1000}
{"t": 419.700651, "r": -268, "l": 1000}
{"t": 421.972678, "r": -178, "l": 1000}
{"t": 424.195495, "r": -520, "l": 1000}
{"t": 426.503225, "r": -401, "l": 1000}
{"t": 428.755251, "r": -613, "l": 1000}
