{"t_start": 1517492975.8831375, "gym_version": "0.9.3", "env_id": "GridWorldNoFrameskip-v4"}
{"t": 14.187565, "r": -73, "l": 1000}
{"t": 16.137963, "r": 85, "l": 1000}
{"t": 18.094752, "r": 41, "l": 1000}
{"t": 20.029148, "r": -13, "l": 1000}
{"t": 21.943826, "r": -30, "l": 1000}
{"t": 23.862051, "r": -80, "l": 1000}
{"t": 25.784334, "r": 4, "l": 1000}
{"t": 27.680954, "r": -33, "l": 1000}
{"t": 29.582941, "r": 43, "l": 1000}
{"t": 31.558504, "r": -8, "l": 1000}
{"t": 33.476289, "r": -46, "l": 1000}
{"t": 35.375408, "r": -126, "l": 1000}
{"t": 37.301853, "r": -63, "l": 1000}
{"t": 39.20588, "r": 2, "l": 1000}
{"t": 41.149532, "r": -47, "l": 1000}
{"t": 43.083555, "r": -4, "l": 1000}
{"t": 44.993231, "r": 60, "l": 1000}
{"t": 46.810728, "r": -49, "l": 1000}
{"t": 48.676085, "r": 14, "l": 1000}
{"t": 50.577293, "r": -10, "l": 1000}
{"t": 52.520129, "r": 32, "l": 1000}
{"t": 54.403655, "r": 20, "l": 1000}
{"t": 56.329231, "r": -24, "l": 1000}
{"t": 58.238217, "r": -20, "l": 1000}
{"t": 60.089053, "r": -29, "l": 1000}
{"t": 61.96709, "r": -136, "l": 1000}
{"t": 63.769939, "r": -30, "l": 1000}
{"t": 65.670984, "r": 26, "l": 1000}
{"t": 67.507614, "r": -15, "l": 1000}
{"t": 69.186318, "r": -3, "l": 1000}
{"t": 70.932517, "r": -47, "l": 1000}
{"t": 72.762479, "r": -1, "l": 1000}
{"t": 74.578396, "r": -28, "l": 1000}
{"t": 76.448409, "r": -144, "l": 1000}
{"t": 78.326566, "r": -60, "l": 1000}
{"t": 80.210784, "r": -80, "l": 1000}
{"t": 82.155723, "r": -106, "l": 1000}
{"t": 84.005249, "r": -80, "l": 1000}
{"t": 85.882295, "r": -61, "l": 1000}
{"t": 87.811048, "r": 28, "l": 1000}
{"t": 89.677225, "r": 19, "l": 1000}
{"t": 91.515319, "r": -24, "l": 1000}
{"t": 93.350939, "r": 44, "l": 1000}
{"t": 95.265539, "r": -30, "l": 1000}
{"t": 97.199818, "r": 7, "l": 1000}
{"t": 99.108778, "r": -8, "l": 1000}
{"t": 100.982211, "r": -18, "l": 1000}
{"t": 102.829727, "r": -6, "l": 1000}
{"t": 104.664683, "r": 38, "l": 1000}
{"t": 106.538568, "r": -1, "l": 1000}
{"t": 108.455278, "r": -42, "l": 1000}
{"t": 110.324174, "r": -4, "l": 1000}
{"t": 112.213588, "r": 6, "l": 1000}
{"t": 114.143512, "r": -50, "l": 1000}
{"t": 116.028738, "r": -54, "l": 1000}
{"t": 118.039473, "r": -20, "l": 1000}
{"t": 120.592698, "r": -136, "l": 1000}
{"t": 123.059974, "r": -68, "l": 1000}
{"t": 125.41879, "r": -18, "l": 1000}
{"t": 127.82088, "r": -26, "l": 1000}
{"t": 130.041369, "r": -121, "l": 1000}
{"t": 132.250042, "r": -58, "l": 1000}
{"t": 134.508224, "r": 46, "l": 1000}
{"t": 136.755983, "r": 0, "l": 1000}
{"t": 138.897695, "r": -28, "l": 1000}
{"t": 141.124189, "r": -84, "l": 1000}
{"t": 143.304108, "r": -124, "l": 1000}
{"t": 145.515754, "r": 41, "l": 1000}
{"t": 147.726407, "r": 21, "l": 1000}
{"t": 149.946647, "r": -47, "l": 1000}
{"t": 152.139133, "r": -95, "l": 1000}
{"t": 154.373963, "r": -93, "l": 1000}
{"t": 156.58447, "r": -144, "l": 1000}
{"t": 158.804514, "r": -494, "l": 1000}
{"t": 161.01296, "r": -622, "l": 1000}
{"t": 163.195222, "r": -559, "l": 1000}
{"t": 165.401097, "r": -892, "l": 1000}
{"t": 167.581511, "r": -910, "l": 1000}
{"t": 169.812014, "r": -866, "l": 1000}
{"t": 172.038105, "r": -950, "l": 1000}
{"t": 174.280336, "r": -923, "l": 1000}
{"t": 176.516198, "r": -972, "l": 1000}
{"t": 178.741251, "r": -826, "l": 1000}
{"t": 180.983771, "r": -953, "l": 1000}
{"t": 183.214229, "r": -855, "l": 1000}
{"t": 185.422262, "r": -207, "l": 1000}
{"t": 187.64503, "r": -520, "l": 1000}
{"t": 189.909369, "r": -797, "l": 1000}
{"t": 192.133544, "r": -557, "l": 1000}
{"t": 194.362126, "r": -426, "l": 1000}
{"t": 196.579913, "r": -541, "l": 1000}
{"t": 198.756673, "r": -463, "l": 1000}
{"t": 201.032479, "r": -537, "l": 1000}
{"t": 203.260083, "r": -365, "l": 1000}
{"t": 205.453255, "r": -565, "l": 1000}
{"t": 207.680926, "r": -744, "l": 1000}
{"t": 209.964561, "r": -830, "l": 1000}
{"t": 212.157507, "r": -890, "l": 1000}
{"t": 214.367759, "r": -896, "l": 1000}
{"t": 216.630577, "r": -238, "l": 1000}
{"t": 218.878643, "r": -686, "l": 1000}
{"t": 221.111413, "r": -445, "l": 1000}
{"t": 223.354249, "r": -402, "l": 1000}
{"t": 225.575214, "r": -625, "l": 1000}
{"t": 227.759314, "r": -479, "l": 1000}
{"t": 229.984457, "r": -564, "l": 1000}
{"t": 232.277506, "r": -185, "l": 1000}
{"t": 234.474417, "r": -654, "l": 1000}
{"t": 236.664324, "r": -294, "l": 1000}
{"t": 238.897763, "r": -583, "l": 1000}
{"t": 241.145567, "r": -705, "l": 1000}
{"t": 243.393913, "r": -710, "l": 1000}
{"t": 245.641707, "r": -766, "l": 1000}
{"t": 247.844611, "r": -907, "l": 1000}
{"t": 250.088992, "r": -865, "l": 1000}
{"t": 252.345669, "r": -946, "l": 1000}
{"t": 254.601935, "r": -699, "l": 1000}
{"t": 256.868916, "r": -995, "l": 1000}
{"t": 259.161752, "r": -986, "l": 1000}
{"t": 261.419107, "r": -662, "l": 1000}
{"t": 263.684773, "r": -558, "l": 1000}
{"t": 265.959188, "r": -480, "l": 1000}
{"t": 268.207604, "r": -453, "l": 1000}
{"t": 270.445209, "r": -287, "l": 1000}
{"t": 272.683069, "r": -463, "l": 1000}
{"t": 274.887113, "r": -767, "l": 1000}
{"t": 277.105276, "r": -499, "l": 1000}
{"t": 279.304268, "r": -433, "l": 1000}
{"t": 281.540233, "r": -304, "l": 1000}
{"t": 283.827687, "r": -446, "l": 1000}
{"t": 286.108248, "r": -130, "l": 1000}
{"t": 288.369152, "r": -247, "l": 1000}
{"t": 290.666728, "r": -332, "l": 1000}
{"t": 292.92885, "r": -497, "l": 1000}
{"t": 295.141104, "r": -69, "l": 1000}
{"t": 297.410353, "r": -225, "l": 1000}
{"t": 299.63754, "r": -136, "l": 1000}
{"t": 301.85319, "r": -499, "l": 1000}
{"t": 304.092308, "r": -606, "l": 1000}
{"t": 306.363681, "r": -489, "l": 1000}
{"t": 308.57745, "r": -572, "l": 1000}
{"t": 310.835969, "r": -378, "l": 1000}
{"t": 313.080262, "r": -292, "l": 1000}
{"t": 315.356049, "r": -346, "l": 1000}
{"t": 317.643646, "r": -472, "l": 1000}
{"t": 319.875766, "r": -718, "l": 1000}
{"t": 322.170329, "r": -281, "l": 1000}
{"t": 324.477768, "r": -310, "l": 1000}
{"t": 326.730192, "r": -528, "l": 1000}
{"t": 328.996502, "r": -215, "l": 1000}
{"t": 331.282617, "r": -323, "l": 1000}
{"t": 333.56638, "r": -447, "l": 1000}
{"t": 335.825476, "r": -254, "l": 1000}
{"t": 338.119775, "r": -651, "l": 1000}
{"t": 340.433571, "r": -453, "l": 1000}
{"t": 342.705011, "r": -718, "l": 1000}
{"t": 344.950753, "r": -690, "l": 1000}
{"t": 347.210454, "r": -709, "l": 1000}
{"t": 349.46401, "r": -611, "l": 1000}
{"t": 351.739963, "r": -513, "l": 1000}
{"t": 354.015072, "r": -534, "l": 1000}
{"t": 356.278453, "r": -316, "l": 1000}
{"t": 358.580551, "r": -339, "l": 1000}
{"t": 360.867538, "r": -549, "l": 1000}
{"t": 363.152454, "r": -528, "l": 1000}
{"t": 365.412828, "r": -303, "l": 1000}
{"t": 367.694792, "r": -296, "l": 1000}
{"t": 369.977899, "r": -278, "l": 1000}
{"t": 372.214814, "r": -396, "l": 1000}
{"t": 374.448464, "r": -637, "l": 1000}
{"t": 376.727234, "r": -200, "l": 1000}
{"t": 378.953759, "r": -613, "l": 1000}
{"t": 381.197517, "r": -428, "l": 1000}
{"t": 383.486874, "r": -349, "l": 1000}
{"t": 385.740747, "r": -620, "l": 1000}
{"t": 387.976903, "r": -459, "l": 1000}
{"t": 390.223076, "r": -325, "l": 1000}
{"t": 392.523219, "r": -239, "l": 1000}
{"t": 394.760208, "r": -46, "l": 1000}
{"t": 397.001364, "r": -460, "l": 1000}
{"t": 399.193014, "r": -179, "l": 1000}
{"t": 401.416054, "r": -257, "l": 1000}
{"t": 403.641905, "r": -330, "l": 1000}
{"t": 405.895863, "r": -359, "l": 1000}
{"t": 408.117382, "r": -426, "l": 1000}
{"t": 410.336386, "r": -749, "l": 1000}
{"t": 412.631671, "r": -375, "l": 1000}
{"t": 414.9288, "r": -141, "l": 1000}
{"t": 417.180854, "r": -227, "l": 1000}
{"t": 419.45817, "r": -272, "l": 1000}
{"t": 421.769778, "r": -285, "l": 1000}
{"t": 424.012164, "r": -630, "l": 1000}
{"t": 426.286932, "r": -397, "l": 1000}
{"t": 428.576604, "r": -673, "l": 1000}
