{"fps": 4.353759035165367, "explained_variance": -0.0028024911880493164, "policy_entropy": 1.6092151403427124, "value_loss": 5.255566120147705, "total_timesteps": 28000, "nupdates": 2800}
{"fps": 201.2960916161983, "explained_variance": 0.010612130165100098, "policy_entropy": 1.6091973781585693, "value_loss": 5.3066511154174805, "total_timesteps": 29000, "nupdates": 2900}
{"fps": 212.81290463993895, "explained_variance": 0.005853235721588135, "policy_entropy": 1.6092078685760498, "value_loss": 5.267719268798828, "total_timesteps": 30000, "nupdates": 3000}
{"fps": 222.53356742408369, "explained_variance": -0.013237833976745605, "policy_entropy": 1.6092113256454468, "value_loss": 5.227654457092285, "total_timesteps": 31000, "nupdates": 3100}
{"fps": 223.59220420239717, "explained_variance": -0.010546207427978516, "policy_entropy": 1.6089906692504883, "value_loss": 5.224905490875244, "total_timesteps": 32000, "nupdates": 3200}
{"fps": 221.84835262297358, "explained_variance": -0.007586956024169922, "policy_entropy": 1.608819603919983, "value_loss": 5.322957992553711, "total_timesteps": 33000, "nupdates": 3300}
{"fps": 220.00657978662693, "explained_variance": -0.022084951400756836, "policy_entropy": 1.605139970779419, "value_loss": 5.106766700744629, "total_timesteps": 34000, "nupdates": 3400}
{"fps": 221.9504634427938, "explained_variance": 0.049220383167266846, "policy_entropy": 1.5587828159332275, "value_loss": 5.235545635223389, "total_timesteps": 35000, "nupdates": 3500}
{"fps": 222.96390473890474, "explained_variance": -5.005346298217773, "policy_entropy": 1.2619397640228271, "value_loss": 233.6455841064453, "total_timesteps": 36000, "nupdates": 3600}
{"fps": 223.86729570560883, "explained_variance": -5.566854000091553, "policy_entropy": 0.6203097105026245, "value_loss": 1.6849310398101807, "total_timesteps": 37000, "nupdates": 3700}
{"fps": 224.2225803250981, "explained_variance": 5.602836608886719e-06, "policy_entropy": 0.21753081679344177, "value_loss": 4.9532252887729555e-05, "total_timesteps": 38000, "nupdates": 3800}
{"fps": 222.05759409193843, "explained_variance": 0.0, "policy_entropy": 0.09690790623426437, "value_loss": 0.00012455848627723753, "total_timesteps": 39000, "nupdates": 3900}
{"fps": 221.00899152644232, "explained_variance": -1.1920928955078125e-07, "policy_entropy": 0.25591182708740234, "value_loss": 0.0007043539080768824, "total_timesteps": 40000, "nupdates": 4000}
{"fps": 220.04808599321794, "explained_variance": -0.6447315216064453, "policy_entropy": 0.7880984544754028, "value_loss": 7.091334342956543, "total_timesteps": 41000, "nupdates": 4100}
{"fps": 219.0699353320458, "explained_variance": -0.20906972885131836, "policy_entropy": 0.5431474447250366, "value_loss": 0.28347402811050415, "total_timesteps": 42000, "nupdates": 4200}
{"fps": 221.65905431690678, "explained_variance": -4.296365737915039, "policy_entropy": 0.33216747641563416, "value_loss": 0.4722285270690918, "total_timesteps": 43000, "nupdates": 4300}
{"fps": 220.66378684644533, "explained_variance": -0.1797802448272705, "policy_entropy": 0.586932897567749, "value_loss": 0.6022676229476929, "total_timesteps": 44000, "nupdates": 4400}
{"fps": 221.68696095230746, "explained_variance": -6.101918697357178, "policy_entropy": 0.6280167698860168, "value_loss": 0.40323930978775024, "total_timesteps": 45000, "nupdates": 4500}
{"fps": 220.39246562515567, "explained_variance": -1260.18115234375, "policy_entropy": 0.6916521191596985, "value_loss": 1.2286322116851807, "total_timesteps": 46000, "nupdates": 4600}
{"fps": 221.75836455913148, "explained_variance": -1384.1214599609375, "policy_entropy": 0.39144283533096313, "value_loss": 0.5296218991279602, "total_timesteps": 47000, "nupdates": 4700}
{"fps": 219.48085811946794, "explained_variance": -1.6832969188690186, "policy_entropy": 0.870730996131897, "value_loss": 4.321300029754639, "total_timesteps": 48000, "nupdates": 4800}
{"fps": 221.71963306104428, "explained_variance": -11.07490348815918, "policy_entropy": 0.3564801812171936, "value_loss": 0.21743306517601013, "total_timesteps": 49000, "nupdates": 4900}
{"fps": 220.5118690559364, "explained_variance": -1143.68359375, "policy_entropy": 0.3010435402393341, "value_loss": 0.9802053570747375, "total_timesteps": 50000, "nupdates": 5000}
{"fps": 220.4628638194888, "explained_variance": -32.192935943603516, "policy_entropy": 0.903581976890564, "value_loss": 4.001797676086426, "total_timesteps": 51000, "nupdates": 5100}
{"fps": 221.20602339266102, "explained_variance": -4.14584493637085, "policy_entropy": 0.7265951037406921, "value_loss": 0.4786667823791504, "total_timesteps": 52000, "nupdates": 5200}
{"fps": 219.39345715070925, "explained_variance": -0.7308969497680664, "policy_entropy": 0.6726482510566711, "value_loss": 3.089423894882202, "total_timesteps": 53000, "nupdates": 5300}
{"fps": 219.79172758449315, "explained_variance": -72.08248138427734, "policy_entropy": 0.8122249841690063, "value_loss": 0.627475380897522, "total_timesteps": 54000, "nupdates": 5400}
{"fps": 221.2282966455381, "explained_variance": -0.9673869609832764, "policy_entropy": 0.1091073751449585, "value_loss": 0.47416406869888306, "total_timesteps": 55000, "nupdates": 5500}
{"fps": 222.18141010343612, "explained_variance": 0.0026322007179260254, "policy_entropy": 0.6535584330558777, "value_loss": 0.0030246723908931017, "total_timesteps": 56000, "nupdates": 5600}
{"fps": 219.94040539933962, "explained_variance": 0.0008873343467712402, "policy_entropy": 0.3076363205909729, "value_loss": 0.003646381199359894, "total_timesteps": 57000, "nupdates": 5700}
{"fps": 219.65853795211277, "explained_variance": 0.0, "policy_entropy": 0.18426717817783356, "value_loss": 0.0013790277298539877, "total_timesteps": 58000, "nupdates": 5800}
{"fps": 217.86716852476647, "explained_variance": -0.325844407081604, "policy_entropy": 1.0590882301330566, "value_loss": 0.6329337954521179, "total_timesteps": 59000, "nupdates": 5900}
{"fps": 218.30447696810072, "explained_variance": 0.0, "policy_entropy": 0.40297970175743103, "value_loss": 0.010976690798997879, "total_timesteps": 60000, "nupdates": 6000}
{"fps": 218.320033033997, "explained_variance": -1.9644150733947754, "policy_entropy": 0.5595341920852661, "value_loss": 0.3388221859931946, "total_timesteps": 61000, "nupdates": 6100}
{"fps": 221.6561609578488, "explained_variance": -1.1920928955078125e-07, "policy_entropy": 0.15772488713264465, "value_loss": 0.011096492409706116, "total_timesteps": 62000, "nupdates": 6200}
{"fps": 221.27726923334617, "explained_variance": -3.1886019706726074, "policy_entropy": 0.6077582836151123, "value_loss": 0.39681142568588257, "total_timesteps": 63000, "nupdates": 6300}
{"fps": 218.91297075990855, "explained_variance": -6.11597204208374, "policy_entropy": 0.40364208817481995, "value_loss": 0.6528695821762085, "total_timesteps": 64000, "nupdates": 6400}
{"fps": 218.06235434643875, "explained_variance": -0.18583440780639648, "policy_entropy": 0.6419289708137512, "value_loss": 0.12278064340353012, "total_timesteps": 65000, "nupdates": 6500}
{"fps": 218.87047538049993, "explained_variance": -27.53230094909668, "policy_entropy": 0.24006693065166473, "value_loss": 0.22731244564056396, "total_timesteps": 66000, "nupdates": 6600}
{"fps": 221.3080924614546, "explained_variance": -6.300416946411133, "policy_entropy": 0.6985693573951721, "value_loss": 0.3491244912147522, "total_timesteps": 67000, "nupdates": 6700}
{"fps": 218.73522835888085, "explained_variance": -0.8225245475769043, "policy_entropy": 0.1856692135334015, "value_loss": 1.2317909002304077, "total_timesteps": 68000, "nupdates": 6800}
{"fps": 219.1770513908373, "explained_variance": -0.8405872583389282, "policy_entropy": 0.3333715796470642, "value_loss": 2.0142650604248047, "total_timesteps": 69000, "nupdates": 6900}
{"fps": 220.10126128193028, "explained_variance": -3.707017421722412, "policy_entropy": 0.39853841066360474, "value_loss": 0.5841113328933716, "total_timesteps": 70000,