{"t_start": 1515691645.6824129, "gym_version": "0.9.2", "env_id": "GridWorldNoFrameskip-v4"}
{"r": 0.0, "l": 1000, "t": 28.352501}
{"r": 0.0, "l": 1000, "t": 55.886366}
{"r": 0.0, "l": 1000, "t": 80.905886}
{"r": 0.0, "l": 1000, "t": 106.872299}
{"r": 0.0, "l": 1000, "t": 132.500211}
{"r": 0.0, "l": 1000, "t": 158.479007}
{"r": 0.0, "l": 1000, "t": 183.984037}
{"r": 0.0, "l": 1000, "t": 209.874294}
{"r": 0.0, "l": 1000, "t": 236.062023}
{"r": 0.0, "l": 1000, "t": 261.492886}
{"r": 0.0, "l": 1000, "t": 286.310892}
{"r": 0.0, "l": 1000, "t": 311.581642}
{"r": 0.0, "l": 1000, "t": 336.621535}
{"r": 0.0, "l": 1000, "t": 361.715235}
{"r": 0.0, "l": 1000, "t": 387.147877}
{"r": 0.0, "l": 1000, "t": 412.265005}
{"r": 0.0, "l": 1000, "t": 437.603619}
{"r": 0.0, "l": 1000, "t": 463.591182}
{"r": 0.0, "l": 1000, "t": 489.008946}
{"r": 0.0, "l": 1000, "t": 515.343045}
{"r": 0.0, "l": 1000, "t": 541.425877}
{"r": 0.0, "l": 1000, "t": 566.662666}
{"r": 0.0, "l": 1000, "t": 592.493196}
{"r": 0.0, "l": 1000, "t": 619.337058}
{"r": 0.0, "l": 1000, "t": 646.230835}
{"r": 0.0, "l": 1000, "t": 673.322513}
{"r": 0.0, "l": 1000, "t": 699.776001}
{"r": 0.0, "l": 1000, "t": 726.913741}
{"r": 0.0, "l": 1000, "t": 753.045037}
{"r": 0.0, "l": 1000, "t": 779.009354}
{"r": 0.0, "l": 1000, "t": 805.184988}
{"r": 0.0, "l": 1000, "t": 831.230245}
{"r": 0.0, "l": 1000, "t": 858.831723}
{"r": 0.0, "l": 1000, "t": 884.212469}
{"r": 0.0, "l": 1000, "t": 910.306572}
{"r": 0.0, "l": 1000, "t": 937.409442}
{"r": 0.0, "l": 1000, "t": 964.813457}
{"r": 0.0, "l": 1000, "t": 990.964144}
{"r": 0.0, "l": 1000, "t": 1017.312705}
{"r": 0.0, "l": 1000, "t": 1044.793551}
{"r": 0.0, "l": 1000, "t": 1070.870437}
{"r": 0.0, "l": 1000, "t": 1097.237594}
{"r": 0.0, "l": 1000, "t": 1124.144711}
{"r": 0.0, "l": 1000, "t": 1150.652982}
{"r": 0.0, "l": 1000, "t": 1178.484328}
{"r": 0.0, "l": 1000, "t": 1205.270316}
{"r": 0.0, "l": 1000, "t": 1231.564319}
{"r": 0.0, "l": 1000, "t": 1257.767816}
{"r": 0.0, "l": 1000, "t": 1284.992756}
{"r": 0.0, "l": 1000, "t": 1311.576514}
{"r": 0.0, "l": 1000, "t": 1338.256011}
{"r": 0.0, "l": 1000, "t": 1365.913274}
{"r": 0.0, "l": 1000, "t": 1392.206018}
{"r": 0.0, "l": 1000, "t": 1419.295503}
{"r": 0.0, "l": 1000, "t": 1446.2741}
{"r": 0.0, "l": 1000, "t": 1473.891602}
{"r": 0.0, "l": 1000, "t": 1500.983233}
{"r": 0.0, "l": 1000, "t": 1528.252729}
{"r": 0.0, "l": 1000, "t": 1554.501618}
{"r": 0.0, "l": 1000, "t": 1581.703777}
{"r": 0.0, "l": 1000, "t": 1607.803214}
{"r": 0.0, "l": 1000, "t": 1634.855721}
{"r": 0.0, "l": 1000, "t": 1678.28755}
{"r": 0.0, "l": 1000, "t": 1722.734271}
{"r": 0.0, "l": 1000, "t": 1770.199641}
{"r": 0.0, "l": 1000, "t": 1814.827445}
{"r": 0.0, "l": 1000, "t": 1860.319945}
{"r": 0.0, "l": 1000, "t": 1906.494792}
{"r": 0.0, "l": 1000, "t": 1952.847435}
{"r": 0.0, "l": 1000, "t": 1996.670062}
{"r": 0.0, "l": 1000, "t": 2042.119441}
{"r": 0.0, "l": 1000, "t": 2088.2133}
{"r": 0.0, "l": 1000, "t": 2133.944167}
{"r": 0.0, "l": 1000, "t": 2179.870234}
{"r": 0.0, "l": 1000, "t": 2225.564883}
{"r": 0.0, "l": 1000, "t": 2272.6294}
{"r": 0.0, "l": 1000, "t": 2316.957943}
{"r": 0.0, "l": 1000, "t": 2363.165612}
{"r": 0.0, "l": 1000, "t": 2410.966209}
{"r": 0.0, "l": 1000, "t": 2456.427644}
{"r": 0.0, "l": 1000, "t": 2502.393716}
{"r": 0.0, "l": 1000, "t": 2549.56978}
{"r": 0.0, "l": 1000, "t": 2595.023993}
{"r": 0.0, "l": 1000, "t": 2640.493785}
{"r": 0.0, "l": 1000, "t": 2687.449011}
{"r": 0.0, "l": 1000, "t": 2734.422967}
{"r": 0.0, "l": 1000, "t": 2777.460364}
{"r": 0.0, "l": 1000, "t": 2823.883611}
{"r": 0.0, "l": 1000, "t": 2869.785399}
{"r": 0.0, "l": 1000, "t": 2915.0877}
{"r": 0.0, "l": 1000, "t": 2960.934776}
{"r": 0.0, "l": 1000, "t": 3009.873809}
{"r": 0.0, "l": 1000, "t": 3056.796993}
{"r": 0.0, "l": 1000, "t": 3103.658255}
{"r": 0.0, "l": 1000, "t": 3149.790946}
{"r": 0.0, "l": 1000, "t": 3197.477805}
{"r": 0.0, "l": 1000, "t": 3244.194628}
{"r": 0.0, "l": 1000, "t": 3288.083294}
{"r": 0.0, "l": 1000, "t": 3334.266886}
{"r": 0.0, "l": 1000, "t": 3378.367776}
{"r": 0.0, "l": 1000, "t": 3421.381404}
{"r": 0.0, "l": 1000, "t": 3467.268021}
{"r": 0.0, "l": 1000, "t": 3514.239235}
{"r": 0.0, "l": 1000, "t": 3560.775249}
{"r": 0.0, "l": 1000, "t": 3603.896259}
{"r": 0.0, "l": 1000, "t": 3652.052043}
{"r": 0.0, "l": 1000, "t": 3699.847425}
{"r": 0.0, "l": 1000, "t": 3744.949351}
{"r": 0.0, "l": 1000, "t": 3792.863584}
{"r": 0.0, "l": 1000, "t": 3840.262914}
{"r": 0.0, "l": 1000, "t": 3888.258852}
{"r": 0.0, "l": 1000, "t": 3934.268058}
{"r": 0.0, "l": 1000, "t": 3981.741564}
{"r": 0.0, "l": 1000, "t": 4029.464642}
{"r": 0.0, "l": 1000, "t": 4075.660183}
{"r": 0.0, "l": 1000, "t": 4122.37466}
{"r": 0.0, "l": 1000, "t": 4169.957787}
{"r": 0.0, "l": 1000, "t": 4215.920743}
{"r": 0.0, "l": 1000, "t": 4263.302245}
{"r": 0.0, "l": 1000, "t": 4311.02387}
{"r": 0.0, "l": 1000, "t": 4357.986546}
{"r": 0.0, "l": 1000, "t": 4402.817665}
{"r": 0.0, "l": 1000, "t": 4452.697661}
{"r": 0.0, "l": 1000, "t": 4501.062957}
{"r": 0.0, "l": 1000, "t": 4547.200268}
{"r": 0.0, "l": 1000, "t": 4593.833558}
{"r": 0.0, "l": 1000, "t": 4644.26869}
{"r": 0.0, "l": 1000, "t": 4693.04751}
{"r": 0.0, "l": 1000, "t": 4741.027537}
{"r": 0.0, "l": 1000, "t": 4789.055108}
{"r": 0.0, "l": 1000, "t": 4836.616006}
{"r": 0.0, "l": 1000, "t": 4881.777693}
{"r": 0.0, "l": 1000, "t": 4930.798509}
{"r": 0.0, "l": 1000, "t": 4980.305487}
{"r": 0.0, "l": 1000, "t": 5028.560457}
{"r": 0.0, "l": 1000, "t": 5076.811525}
{"r": 0.0, "l": 1000, "t": 5131.892658}
{"r": 0.0, "l": 1000, "t": 5185.787187}
{"r": 0.0, "l": 1000, "t": 5244.167397}
{"r": 0.0, "l": 1000, "t": 5300.055502}
{"r": 0.0, "l": 1000, "t": 5355.437789}
{"r": 0.0, "l": 1000, "t": 5412.15502}
{"r": 0.0, "l": 1000, "t": 5467.041326}
{"r": 0.0, "l": 1000, "t": 5521.45291}
{"r": 0.0, "l": 1000, "t": 5580.082986}
{"r": 0.0, "l": 1000, "t": 5637.379728}
{"r": 0.0, "l": 1000, "t": 5690.877481}
{"r": 0.0, "l": 1000, "t": 5748.006658}
{"r": 0.0, "l": 1000, "t": 5807.201671}
{"r": 0.0, "l": 1000, "t": 5862.351182}
{"r": 0.0, "l": 1000, "t": 5919.049153}
{"r": 0.0, "l": 1000, "t": 5977.782948}
{"r": 0.0, "l": 1000, "t": 6033.232693}
{"r": 0.0, "l": 1000, "t": 6091.608381}
{"r": 0.0, "l": 1000, "t": 6147.004275}
{"r": 0.0, "l": 1000, "t": 6203.521738}
{"r": 0.0, "l": 1000, "t": 6260.261888}
{"r": 0.0, "l": 1000, "t": 6316.880584}
{"r": 0.0, "l": 1000, "t": 6373.277799}
{"r": 0.0, "l": 1000, "t": 6429.412734}
{"r": 0.0, "l": 1000, "t": 6483.877624}
{"r": 0.0, "l": 1000, "t": 6543.045732}
{"r": 0.0, "l": 1000, "t": 6600.091487}
{"r": 0.0, "l": 1000, "t": 6655.029163}
{"r": 0.0, "l": 1000, "t": 6710.880701}
{"r": 0.0, "l": 1000, "t": 6767.907624}
{"r": 0.0, "l": 1000, "t": 6822.798336}
{"r": 0.0, "l": 1000, "t": 6878.539307}
{"r": 0.0, "l": 1000, "t": 6934.427998}
{"r": 0.0, "l": 1000, "t": 6989.266503}
{"r": 0.0, "l": 1000, "t": 7048.109985}
{"r": 0.0, "l": 1000, "t": 7103.81504}
{"r": 0.0, "l": 1000, "t": 7158.43499}
{"r": 0.0, "l": 1000, "t": 7216.142507}
{"r": 0.0, "l": 1000, "t": 7273.292973}
{"r": 0.0, "l": 1000, "t": 7329.181163}
{"r": 0.0, "l": 1000, "t": 7388.601391}
{"r": 0.0, "l": 1000, "t": 7447.254136}
{"r": 0.0, "l": 1000, "t": 7503.866003}
{"r": 0.0, "l": 1000, "t": 7563.532823}
{"r": 0.0, "l": 1000, "t": 7617.490849}
{"r": 0.0, "l": 1000, "t": 7674.225852}
{"r": 0.0, "l": 1000, "t": 7732.627505}
{"r": 0.0, "l": 1000, "t": 7790.890384}
{"r": 0.0, "l": 1000, "t": 7849.899193}
{"r": 0.0, "l": 1000, "t": 7908.424478}
{"r": 0.0, "l": 1000, "t": 7964.616066}
{"r": 0.0, "l": 1000, "t": 8022.673239}
{"r": 0.0, "l": 1000, "t": 8082.023321}
{"r": 0.0, "l": 1000, "t": 8138.372016}
{"r": 0.0, "l": 1000, "t": 8196.113524}
{"r": 0.0, "l": 1000, "t": 8253.042085}
{"r": 0.0, "l": 1000, "t": 8309.546289}
{"r": 0.0, "l": 1000, "t": 8369.684958}
{"r": 0.0, "l": 1000, "t": 8428.375219}
{"r": 0.0, "l": 1000, "t": 8486.182644}
{"r": 0.0, "l": 1000, "t": 8545.427533}
{"r": 0.0, "l": 1000, "t": 8603.741923}
{"r": 0.0, "l": 1000,