{"t_start": 1515691645.6814759, "gym_version": "0.9.2", "env_id": "GridWorldNoFrameskip-v4"}
{"r": 0.0, "l": 1000, "t": 28.324684}
{"r": 0.0, "l": 1000, "t": 55.234169}
{"r": 0.0, "l": 1000, "t": 80.512204}
{"r": 0.0, "l": 1000, "t": 105.424591}
{"r": 0.0, "l": 1000, "t": 131.367486}
{"r": 0.0, "l": 1000, "t": 156.491848}
{"r": 0.0, "l": 1000, "t": 181.314619}
{"r": 0.0, "l": 1000, "t": 207.567662}
{"r": 0.0, "l": 1000, "t": 234.558352}
{"r": 0.0, "l": 1000, "t": 259.353985}
{"r": 0.0, "l": 1000, "t": 284.707227}
{"r": 0.0, "l": 1000, "t": 309.532279}
{"r": 0.0, "l": 1000, "t": 334.006281}
{"r": 0.0, "l": 1000, "t": 358.675191}
{"r": 0.0, "l": 1000, "t": 384.1891}
{"r": 0.0, "l": 1000, "t": 409.037493}
{"r": 0.0, "l": 1000, "t": 433.942037}
{"r": 0.0, "l": 1000, "t": 459.602828}
{"r": 0.0, "l": 1000, "t": 485.615128}
{"r": 0.0, "l": 1000, "t": 511.697832}
{"r": 0.0, "l": 1000, "t": 537.468721}
{"r": 0.0, "l": 1000, "t": 563.523112}
{"r": 0.0, "l": 1000, "t": 588.893198}
{"r": 0.0, "l": 1000, "t": 615.111547}
{"r": 0.0, "l": 1000, "t": 641.531941}
{"r": 0.0, "l": 1000, "t": 667.964501}
{"r": 0.0, "l": 1000, "t": 695.298703}
{"r": 0.0, "l": 1000, "t": 722.532886}
{"r": 0.0, "l": 1000, "t": 748.55724}
{"r": 0.0, "l": 1000, "t": 775.045626}
{"r": 0.0, "l": 1000, "t": 801.230725}
{"r": 0.0, "l": 1000, "t": 827.943075}
{"r": 0.0, "l": 1000, "t": 854.216135}
{"r": 0.0, "l": 1000, "t": 881.434379}
{"r": 0.0, "l": 1000, "t": 907.561695}
{"r": 0.0, "l": 1000, "t": 933.954406}
{"r": 0.0, "l": 1000, "t": 960.925799}
{"r": 0.0, "l": 1000, "t": 987.729501}
{"r": 0.0, "l": 1000, "t": 1013.882039}
{"r": 0.0, "l": 1000, "t": 1041.124465}
{"r": 0.0, "l": 1000, "t": 1068.016371}
{"r": 0.0, "l": 1000, "t": 1095.238794}
{"r": 0.0, "l": 1000, "t": 1121.855538}
{"r": 0.0, "l": 1000, "t": 1148.404051}
{"r": 0.0, "l": 1000, "t": 1175.525058}
{"r": 0.0, "l": 1000, "t": 1202.475244}
{"r": 0.0, "l": 1000, "t": 1228.763675}
{"r": 0.0, "l": 1000, "t": 1254.528317}
{"r": 0.0, "l": 1000, "t": 1281.375028}
{"r": 0.0, "l": 1000, "t": 1308.706717}
{"r": 0.0, "l": 1000, "t": 1335.014371}
{"r": 0.0, "l": 1000, "t": 1363.095234}
{"r": 0.0, "l": 1000, "t": 1389.344033}
{"r": 0.0, "l": 1000, "t": 1416.304437}
{"r": 0.0, "l": 1000, "t": 1442.964345}
{"r": 0.0, "l": 1000, "t": 1469.858384}
{"r": 0.0, "l": 1000, "t": 1496.580722}
{"r": 0.0, "l": 1000, "t": 1524.731677}
{"r": 0.0, "l": 1000, "t": 1551.372843}
{"r": 0.0, "l": 1000, "t": 1578.039228}
{"r": 0.0, "l": 1000, "t": 1605.304552}
{"r": 0.0, "l": 1000, "t": 1632.207237}
{"r": 0.0, "l": 1000, "t": 1675.142118}
{"r": 0.0, "l": 1000, "t": 1720.234699}
{"r": 0.0, "l": 1000, "t": 1766.612228}
{"r": 0.0, "l": 1000, "t": 1811.279339}
{"r": 0.0, "l": 1000, "t": 1858.008319}
{"r": 0.0, "l": 1000, "t": 1904.618409}
{"r": 0.0, "l": 1000, "t": 1949.513828}
{"r": 0.0, "l": 1000, "t": 1994.088432}
{"r": 0.0, "l": 1000, "t": 2040.431164}
{"r": 0.0, "l": 1000, "t": 2088.173126}
{"r": 0.0, "l": 1000, "t": 2132.754751}
{"r": 0.0, "l": 1000, "t": 2177.707157}
{"r": 0.0, "l": 1000, "t": 2224.468869}
{"r": 0.0, "l": 1000, "t": 2270.526549}
{"r": 0.0, "l": 1000, "t": 2315.764483}
{"r": 0.0, "l": 1000, "t": 2362.059601}
{"r": 0.0, "l": 1000, "t": 2407.979911}
{"r": 0.0, "l": 1000, "t": 2453.767777}
{"r": 0.0, "l": 1000, "t": 2500.776894}
{"r": 0.0, "l": 1000, "t": 2547.030293}
{"r": 0.0, "l": 1000, "t": 2594.098153}
{"r": 0.0, "l": 1000, "t": 2638.88079}
{"r": 0.0, "l": 1000, "t": 2685.334595}
{"r": 0.0, "l": 1000, "t": 2731.163409}
{"r": 0.0, "l": 1000, "t": 2773.843537}
{"r": 0.0, "l": 1000, "t": 2820.389781}
{"r": 0.0, "l": 1000, "t": 2866.268439}
{"r": 0.0, "l": 1000, "t": 2912.776823}
{"r": 0.0, "l": 1000, "t": 2957.276707}
{"r": 0.0, "l": 1000, "t": 3003.516832}
{"r": 0.0, "l": 1000, "t": 3052.132076}
{"r": 0.0, "l": 1000, "t": 3098.648872}
{"r": 0.0, "l": 1000, "t": 3145.430063}
{"r": 0.0, "l": 1000, "t": 3191.199237}
{"r": 0.0, "l": 1000, "t": 3237.960131}
{"r": 0.0, "l": 1000, "t": 3280.888962}
{"r": 0.0, "l": 1000, "t": 3327.276321}
{"r": 0.0, "l": 1000, "t": 3372.583974}
{"r": 0.0, "l": 1000, "t": 3417.17305}
{"r": 0.0, "l": 1000, "t": 3463.425055}
{"r": 0.0, "l": 1000, "t": 3510.402858}
{"r": 0.0, "l": 1000, "t": 3557.968586}
{"r": 0.0, "l": 1000, "t": 3602.768494}
{"r": 0.0, "l": 1000, "t": 3649.56573}
{"r": 0.0, "l": 1000, "t": 3698.232139}
{"r": 0.0, "l": 1000, "t": 3743.955656}
{"r": 0.0, "l": 1000, "t": 3790.74309}
{"r": 0.0, "l": 1000, "t": 3838.623702}
{"r": 0.0, "l": 1000, "t": 3886.610645}
{"r": 0.0, "l": 1000, "t": 3930.80555}
{"r": 0.0, "l": 1000, "t": 3978.167472}
{"r": 0.0, "l": 1000, "t": 4026.357382}
{"r": 0.0, "l": 1000, "t": 4071.469958}
{"r": 0.0, "l": 1000, "t": 4118.913977}
{"r": 0.0, "l": 1000, "t": 4167.297308}
{"r": 0.0, "l": 1000, "t": 4212.624761}
{"r": 0.0, "l": 1000, "t": 4260.053822}
{"r": 0.0, "l": 1000, "t": 4307.418531}
{"r": 0.0, "l": 1000, "t": 4355.369181}
{"r": 0.0, "l": 1000, "t": 4400.023219}
{"r": 0.0, "l": 1000, "t": 4448.753587}
{"r": 0.0, "l": 1000, "t": 4497.564386}
{"r": 0.0, "l": 1000, "t": 4545.088778}
{"r": 0.0, "l": 1000, "t": 4591.592545}
{"r": 0.0, "l": 1000, "t": 4640.37176}
{"r": 0.0, "l": 1000, "t": 4690.397655}
{"r": 0.0, "l": 1000, "t": 4738.604771}
{"r": 0.0, "l": 1000, "t": 4786.771656}
{"r": 0.0, "l": 1000, "t": 4834.855377}
{"r": 0.0, "l": 1000, "t": 4878.875589}
{"r": 0.0, "l": 1000, "t": 4927.304122}
{"r": 0.0, "l": 1000, "t": 4975.601578}
{"r": 0.0, "l": 1000, "t": 5024.822455}
{"r": 0.0, "l": 1000, "t": 5074.755283}
{"r": 0.0, "l": 1000, "t": 5128.871681}
{"r": 0.0, "l": 1000, "t": 5184.080248}
{"r": 0.0, "l": 1000, "t": 5241.906909}
{"r": 0.0, "l": 1000, "t": 5298.395842}
{"r": 0.0, "l": 1000, "t": 5353.128466}
{"r": 0.0, "l": 1000, "t": 5409.204535}
{"r": 0.0, "l": 1000, "t": 5465.120589}
{"r": 0.0, "l": 1000, "t": 5518.82567}
{"r": 0.0, "l": 1000, "t": 5575.716806}
{"r": 0.0, "l": 1000, "t": 5632.848712}
{"r": 0.0, "l": 1000, "t": 5687.933189}
{"r": 0.0, "l": 1000, "t": 5744.283173}
{"r": 0.0, "l": 1000, "t": 5801.768573}
{"r": 0.0, "l": 1000, "t": 5857.080542}
{"r": 0.0, "l": 1000, "t": 5912.248323}
{"r": 0.0, "l": 1000, "t": 5969.657629}
{"r": 0.0, "l": 1000, "t": 6023.933843}
{"r": 0.0, "l": 1000, "t": 6082.085858}
{"r": 0.0, "l": 1000, "t": 6138.624324}
{"r": 0.0, "l": 1000, "t": 6192.54494}
{"r": 0.0, "l": 1000, "t": 6250.433304}
{"r": 0.0, "l": 1000, "t": 6307.26074}
{"r": 0.0, "l": 1000, "t": 6362.016595}
{"r": 0.0, "l": 1000, "t": 6419.530904}
{"r": 0.0, "l": 1000, "t": 6474.807559}
{"r": 0.0, "l": 1000, "t": 6532.127051}
{"r": 0.0, "l": 1000, "t": 6591.352816}
{"r": 0.0, "l": 1000, "t": 6646.38737}
{"r": 0.0, "l": 1000, "t": 6702.072994}
{"r": 0.0, "l": 1000, "t": 6760.090144}
{"r": 0.0, "l": 1000, "t": 6815.183458}
{"r": 0.0, "l": 1000, "t": 6870.914773}
{"r": 0.0, "l": 1000, "t": 6925.908844}
{"r": 0.0, "l": 1000, "t": 6979.970717}
{"r": 0.0, "l": 1000, "t": 7037.642341}
{"r": 0.0, "l": 1000, "t": 7095.044759}
{"r": 0.0, "l": 1000, "t": 7150.281726}
{"r": 0.0, "l": 1000, "t": 7208.735492}
{"r": 0.0, "l": 1000, "t": 7266.390646}
{"r": 0.0, "l": 1000, "t": 7324.454973}
{"r": 0.0, "l": 1000, "t": 7382.322908}
{"r": 0.0, "l": 1000, "t": 7440.357289}
{"r": 0.0, "l": 1000, "t": 7496.710725}
{"r": 0.0, "l": 1000, "t": 7555.014125}
{"r": 0.0, "l": 1000, "t": 7611.14754}
{"r": 0.0, "l": 1000, "t": 7669.307276}
{"r": 0.0, "l": 1000, "t": 7724.497154}
{"r": 0.0, "l": 1000, "t": 7781.562163}
{"r": 0.0, "l": 1000, "t": 7839.145364}
{"r": 0.0, "l": 1000, "t": 7898.498742}
{"r": 0.0, "l": 1000, "t": 7954.197408}
{"r": 0.0, "l": 1000, "t": 8014.751662}
{"r": 0.0, "l": 1000, "t": 8073.820528}
{"r": 0.0, "l": 1000, "t": 8128.414287}
{"r": 0.0, "l": 1000, "t": 8187.666655}
{"r": 0.0, "l": 1000, "t": 8244.235742}
{"r": 0.0, "l": 1000, "t": 8301.35769}
{"r": 0.0, "l": 1000, "t": 8359.952162}
{"r": 0.0, "l": 1000, "t": 8418.668147}
{"r": 0.0, "l": 1000, "t": 8475.242322}
{"r": 0.0, "l": 1000, "t": 8535.981445}
{"r": 0.0, "l": 1000, "t": 8595.020605}
{"r": 0.0, "l": 1000,