{"t_start": 1515691645.706561, "gym_version": "0.9.2", "env_id": "GridWorldNoFrameskip-v4"}
{"r": 0.0, "l": 1000, "t": 28.335474}
{"r": 0.0, "l": 1000, "t": 55.892292}
{"r": 0.0, "l": 1000, "t": 80.860541}
{"r": 0.0, "l": 1000, "t": 105.996166}
{"r": 0.0, "l": 1000, "t": 131.349613}
{"r": 0.0, "l": 1000, "t": 157.150917}
{"r": 0.0, "l": 1000, "t": 183.166337}
{"r": 0.0, "l": 1000, "t": 209.026618}
{"r": 0.0, "l": 1000, "t": 235.409871}
{"r": 0.0, "l": 1000, "t": 259.893682}
{"r": 0.0, "l": 1000, "t": 284.682891}
{"r": 0.0, "l": 1000, "t": 310.282916}
{"r": 0.0, "l": 1000, "t": 334.123241}
{"r": 0.0, "l": 1000, "t": 359.186626}
{"r": 0.0, "l": 1000, "t": 384.168253}
{"r": 0.0, "l": 1000, "t": 409.620731}
{"r": 0.0, "l": 1000, "t": 434.551749}
{"r": 0.0, "l": 1000, "t": 459.6284}
{"r": 0.0, "l": 1000, "t": 485.661869}
{"r": 0.0, "l": 1000, "t": 511.288125}
{"r": 0.0, "l": 1000, "t": 537.448168}
{"r": 0.0, "l": 1000, "t": 562.889747}
{"r": 0.0, "l": 1000, "t": 588.935321}
{"r": 0.0, "l": 1000, "t": 615.511644}
{"r": 0.0, "l": 1000, "t": 642.826653}
{"r": 0.0, "l": 1000, "t": 670.130676}
{"r": 0.0, "l": 1000, "t": 696.671685}
{"r": 0.0, "l": 1000, "t": 723.087107}
{"r": 0.0, "l": 1000, "t": 749.882553}
{"r": 0.0, "l": 1000, "t": 775.258471}
{"r": 0.0, "l": 1000, "t": 801.968296}
{"r": 0.0, "l": 1000, "t": 827.919595}
{"r": 0.0, "l": 1000, "t": 855.056936}
{"r": 0.0, "l": 1000, "t": 881.438024}
{"r": 0.0, "l": 1000, "t": 908.111442}
{"r": 0.0, "l": 1000, "t": 934.382892}
{"r": 0.0, "l": 1000, "t": 961.951242}
{"r": 0.0, "l": 1000, "t": 988.734932}
{"r": 0.0, "l": 1000, "t": 1015.277623}
{"r": 0.0, "l": 1000, "t": 1041.977473}
{"r": 0.0, "l": 1000, "t": 1068.713687}
{"r": 0.0, "l": 1000, "t": 1095.319938}
{"r": 0.0, "l": 1000, "t": 1122.472653}
{"r": 0.0, "l": 1000, "t": 1149.525297}
{"r": 0.0, "l": 1000, "t": 1176.656002}
{"r": 0.0, "l": 1000, "t": 1203.493599}
{"r": 0.0, "l": 1000, "t": 1229.542449}
{"r": 0.0, "l": 1000, "t": 1255.560161}
{"r": 0.0, "l": 1000, "t": 1281.926252}
{"r": 0.0, "l": 1000, "t": 1308.711137}
{"r": 0.0, "l": 1000, "t": 1336.564343}
{"r": 0.0, "l": 1000, "t": 1364.419262}
{"r": 0.0, "l": 1000, "t": 1390.811139}
{"r": 0.0, "l": 1000, "t": 1417.5401}
{"r": 0.0, "l": 1000, "t": 1445.590227}
{"r": 0.0, "l": 1000, "t": 1472.143507}
{"r": 0.0, "l": 1000, "t": 1499.912536}
{"r": 0.0, "l": 1000, "t": 1526.596658}
{"r": 0.0, "l": 1000, "t": 1553.845653}
{"r": 0.0, "l": 1000, "t": 1581.778665}
{"r": 0.0, "l": 1000, "t": 1607.726073}
{"r": 0.0, "l": 1000, "t": 1634.726436}
{"r": 0.0, "l": 1000, "t": 1678.049945}
{"r": 0.0, "l": 1000, "t": 1722.745832}
{"r": 0.0, "l": 1000, "t": 1770.263268}
{"r": 0.0, "l": 1000, "t": 1813.734102}
{"r": 0.0, "l": 1000, "t": 1859.354834}
{"r": 0.0, "l": 1000, "t": 1906.477999}
{"r": 0.0, "l": 1000, "t": 1952.834019}
{"r": 0.0, "l": 1000, "t": 1996.775313}
{"r": 0.0, "l": 1000, "t": 2043.14515}
{"r": 0.0, "l": 1000, "t": 2091.19604}
{"r": 0.0, "l": 1000, "t": 2136.77334}
{"r": 0.0, "l": 1000, "t": 2181.624489}
{"r": 0.0, "l": 1000, "t": 2228.891433}
{"r": 0.0, "l": 1000, "t": 2275.565306}
{"r": 0.0, "l": 1000, "t": 2322.405546}
{"r": 0.0, "l": 1000, "t": 2368.784852}
{"r": 0.0, "l": 1000, "t": 2414.68629}
{"r": 0.0, "l": 1000, "t": 2459.888639}
{"r": 0.0, "l": 1000, "t": 2506.122676}
{"r": 0.0, "l": 1000, "t": 2553.523811}
{"r": 0.0, "l": 1000, "t": 2600.265327}
{"r": 0.0, "l": 1000, "t": 2646.393536}
{"r": 0.0, "l": 1000, "t": 2693.178169}
{"r": 0.0, "l": 1000, "t": 2739.958754}
{"r": 0.0, "l": 1000, "t": 2782.388946}
{"r": 0.0, "l": 1000, "t": 2828.751623}
{"r": 0.0, "l": 1000, "t": 2874.607804}
{"r": 0.0, "l": 1000, "t": 2921.27239}
{"r": 0.0, "l": 1000, "t": 2967.740796}
{"r": 0.0, "l": 1000, "t": 3015.29435}
{"r": 0.0, "l": 1000, "t": 3063.337255}
{"r": 0.0, "l": 1000, "t": 3109.932264}
{"r": 0.0, "l": 1000, "t": 3155.984107}
{"r": 0.0, "l": 1000, "t": 3200.852903}
{"r": 0.0, "l": 1000, "t": 3246.685585}
{"r": 0.0, "l": 1000, "t": 3291.724459}
{"r": 0.0, "l": 1000, "t": 3338.207383}
{"r": 0.0, "l": 1000, "t": 3382.385251}
{"r": 0.0, "l": 1000, "t": 3427.498282}
{"r": 0.0, "l": 1000, "t": 3473.480514}
{"r": 0.0, "l": 1000, "t": 3521.326521}
{"r": 0.0, "l": 1000, "t": 3568.463501}
{"r": 0.0, "l": 1000, "t": 3613.183577}
{"r": 0.0, "l": 1000, "t": 3661.056964}
{"r": 0.0, "l": 1000, "t": 3708.885576}
{"r": 0.0, "l": 1000, "t": 3754.164213}
{"r": 0.0, "l": 1000, "t": 3801.89887}
{"r": 0.0, "l": 1000, "t": 3850.194136}
{"r": 0.0, "l": 1000, "t": 3895.616793}
{"r": 0.0, "l": 1000, "t": 3941.731173}
{"r": 0.0, "l": 1000, "t": 3989.087371}
{"r": 0.0, "l": 1000, "t": 4036.267029}
{"r": 0.0, "l": 1000, "t": 4081.563643}
{"r": 0.0, "l": 1000, "t": 4128.768108}
{"r": 0.0, "l": 1000, "t": 4176.500523}
{"r": 0.0, "l": 1000, "t": 4221.393606}
{"r": 0.0, "l": 1000, "t": 4267.993501}
{"r": 0.0, "l": 1000, "t": 4315.673262}
{"r": 0.0, "l": 1000, "t": 4363.886878}
{"r": 0.0, "l": 1000, "t": 4408.56483}
{"r": 0.0, "l": 1000, "t": 4458.11907}
{"r": 0.0, "l": 1000, "t": 4506.839362}
{"r": 0.0, "l": 1000, "t": 4552.061003}
{"r": 0.0, "l": 1000, "t": 4598.614959}
{"r": 0.0, "l": 1000, "t": 4647.97634}
{"r": 0.0, "l": 1000, "t": 4697.512422}
{"r": 0.0, "l": 1000, "t": 4745.248935}
{"r": 0.0, "l": 1000, "t": 4793.150332}
{"r": 0.0, "l": 1000, "t": 4840.325797}
{"r": 0.0, "l": 1000, "t": 4886.464495}
{"r": 0.0, "l": 1000, "t": 4935.264691}
{"r": 0.0, "l": 1000, "t": 4984.961522}
{"r": 0.0, "l": 1000, "t": 5032.906629}
{"r": 0.0, "l": 1000, "t": 5081.556276}
{"r": 0.0, "l": 1000, "t": 5135.04598}
{"r": 0.0, "l": 1000, "t": 5190.121492}
{"r": 0.0, "l": 1000, "t": 5248.891563}
{"r": 0.0, "l": 1000, "t": 5304.738389}
{"r": 0.0, "l": 1000, "t": 5359.802708}
{"r": 0.0, "l": 1000, "t": 5417.38}
{"r": 0.0, "l": 1000, "t": 5473.8421}
{"r": 0.0, "l": 1000, "t": 5526.963113}
{"r": 0.0, "l": 1000, "t": 5583.406356}
{"r": 0.0, "l": 1000, "t": 5639.569326}
{"r": 0.0, "l": 1000, "t": 5691.015761}
{"r": 0.0, "l": 1000, "t": 5747.993544}
{"r": 0.0, "l": 1000, "t": 5805.037017}
{"r": 0.0, "l": 1000, "t": 5860.412771}
{"r": 0.0, "l": 1000, "t": 5917.43328}
{"r": 0.0, "l": 1000, "t": 5974.683799}
{"r": 0.0, "l": 1000, "t": 6031.160455}
{"r": 0.0, "l": 1000, "t": 6088.227405}
{"r": 0.0, "l": 1000, "t": 6145.816699}
{"r": 0.0, "l": 1000, "t": 6201.264154}
{"r": 0.0, "l": 1000, "t": 6257.975903}
{"r": 0.0, "l": 1000, "t": 6314.207198}
{"r": 0.0, "l": 1000, "t": 6370.186087}
{"r": 0.0, "l": 1000, "t": 6426.432227}
{"r": 0.0, "l": 1000, "t": 6482.826158}
{"r": 0.0, "l": 1000, "t": 6539.519595}
{"r": 0.0, "l": 1000, "t": 6598.244032}
{"r": 0.0, "l": 1000, "t": 6653.077369}
{"r": 0.0, "l": 1000, "t": 6708.660166}
{"r": 0.0, "l": 1000, "t": 6767.821}
{"r": 0.0, "l": 1000, "t": 6822.893259}
{"r": 0.0, "l": 1000, "t": 6878.530437}
{"r": 0.0, "l": 1000, "t": 6934.623635}
{"r": 0.0, "l": 1000, "t": 6991.260404}
{"r": 0.0, "l": 1000, "t": 7048.170124}
{"r": 0.0, "l": 1000, "t": 7105.364922}
{"r": 0.0, "l": 1000, "t": 7159.937885}
{"r": 0.0, "l": 1000, "t": 7219.338448}
{"r": 0.0, "l": 1000, "t": 7276.865119}
{"r": 0.0, "l": 1000, "t": 7333.071273}
{"r": 0.0, "l": 1000, "t": 7390.961095}
{"r": 0.0, "l": 1000, "t": 7451.229464}
{"r": 0.0, "l": 1000, "t": 7505.943616}
{"r": 0.0, "l": 1000, "t": 7563.567942}
{"r": 0.0, "l": 1000, "t": 7617.434516}
{"r": 0.0, "l": 1000, "t": 7674.014291}
{"r": 0.0, "l": 1000, "t": 7730.094198}
{"r": 0.0, "l": 1000, "t": 7787.322554}
{"r": 0.0, "l": 1000, "t": 7845.094295}
{"r": 0.0, "l": 1000, "t": 7903.207918}
{"r": 0.0, "l": 1000, "t": 7959.136666}
{"r": 0.0, "l": 1000, "t": 8018.712334}
{"r": 0.0, "l": 1000, "t": 8078.320679}
{"r": 0.0, "l": 1000, "t": 8134.484343}
{"r": 0.0, "l": 1000, "t": 8191.357886}
{"r": 0.0, "l": 1000, "t": 8248.141405}
{"r": 0.0, "l": 1000, "t": 8304.510681}
{"r": 0.0, "l": 1000, "t": 8363.378644}
{"r": 0.0, "l": 1000, "t": 8422.00406}
{"r": 0.0, "l": 1000, "t": 8480.065124}
{"r": 0.0, "l": 1000, "t": 8538.033973}
{"r": 0.0, "l": 1000, "t": 8596.823414}
{"r": 0.0, "l": 1000, "t": 8655.172551}
{"r": 0.0,