{"t_start": 1515691645.7128217, "gym_version": "0.9.2", "env_id": "GridWorldNoFrameskip-v4"}
{"r": 0.0, "l": 1000, "t": 27.691678}
{"r": 0.0, "l": 1000, "t": 55.126632}
{"r": 0.0, "l": 1000, "t": 80.405142}
{"r": 0.0, "l": 1000, "t": 105.422565}
{"r": 0.0, "l": 1000, "t": 130.26603}
{"r": 0.0, "l": 1000, "t": 156.460333}
{"r": 0.0, "l": 1000, "t": 182.321775}
{"r": 0.0, "l": 1000, "t": 207.540883}
{"r": 0.0, "l": 1000, "t": 234.527286}
{"r": 0.0, "l": 1000, "t": 259.351523}
{"r": 0.0, "l": 1000, "t": 284.129436}
{"r": 0.0, "l": 1000, "t": 309.482009}
{"r": 0.0, "l": 1000, "t": 334.056992}
{"r": 0.0, "l": 1000, "t": 359.509907}
{"r": 0.0, "l": 1000, "t": 384.800223}
{"r": 0.0, "l": 1000, "t": 409.703736}
{"r": 0.0, "l": 1000, "t": 435.431211}
{"r": 0.0, "l": 1000, "t": 460.925204}
{"r": 0.0, "l": 1000, "t": 486.30713}
{"r": 0.0, "l": 1000, "t": 512.695837}
{"r": 0.0, "l": 1000, "t": 538.962952}
{"r": 0.0, "l": 1000, "t": 564.005079}
{"r": 0.0, "l": 1000, "t": 589.485627}
{"r": 0.0, "l": 1000, "t": 615.564307}
{"r": 0.0, "l": 1000, "t": 643.601641}
{"r": 0.0, "l": 1000, "t": 670.761521}
{"r": 0.0, "l": 1000, "t": 698.302486}
{"r": 0.0, "l": 1000, "t": 724.962295}
{"r": 0.0, "l": 1000, "t": 751.102713}
{"r": 0.0, "l": 1000, "t": 777.082968}
{"r": 0.0, "l": 1000, "t": 804.465626}
{"r": 0.0, "l": 1000, "t": 830.670293}
{"r": 0.0, "l": 1000, "t": 857.879654}
{"r": 0.0, "l": 1000, "t": 884.131794}
{"r": 0.0, "l": 1000, "t": 910.854112}
{"r": 0.0, "l": 1000, "t": 937.141083}
{"r": 0.0, "l": 1000, "t": 964.005404}
{"r": 0.0, "l": 1000, "t": 990.895489}
{"r": 0.0, "l": 1000, "t": 1018.167481}
{"r": 0.0, "l": 1000, "t": 1044.86535}
{"r": 0.0, "l": 1000, "t": 1072.39811}
{"r": 0.0, "l": 1000, "t": 1098.864625}
{"r": 0.0, "l": 1000, "t": 1125.175545}
{"r": 0.0, "l": 1000, "t": 1152.36346}
{"r": 0.0, "l": 1000, "t": 1179.232725}
{"r": 0.0, "l": 1000, "t": 1206.635246}
{"r": 0.0, "l": 1000, "t": 1232.673928}
{"r": 0.0, "l": 1000, "t": 1259.277534}
{"r": 0.0, "l": 1000, "t": 1285.443452}
{"r": 0.0, "l": 1000, "t": 1313.310474}
{"r": 0.0, "l": 1000, "t": 1340.700223}
{"r": 0.0, "l": 1000, "t": 1367.442337}
{"r": 0.0, "l": 1000, "t": 1394.049078}
{"r": 0.0, "l": 1000, "t": 1420.971454}
{"r": 0.0, "l": 1000, "t": 1448.238649}
{"r": 0.0, "l": 1000, "t": 1474.880278}
{"r": 0.0, "l": 1000, "t": 1502.579748}
{"r": 0.0, "l": 1000, "t": 1530.390326}
{"r": 0.0, "l": 1000, "t": 1557.494084}
{"r": 0.0, "l": 1000, "t": 1584.932688}
{"r": 0.0, "l": 1000, "t": 1610.684413}
{"r": 0.0, "l": 1000, "t": 1639.326031}
{"r": 0.0, "l": 1000, "t": 1683.071202}
{"r": 0.0, "l": 1000, "t": 1728.186366}
{"r": 0.0, "l": 1000, "t": 1774.691767}
{"r": 0.0, "l": 1000, "t": 1817.713254}
{"r": 0.0, "l": 1000, "t": 1864.419537}
{"r": 0.0, "l": 1000, "t": 1910.865906}
{"r": 0.0, "l": 1000, "t": 1955.953765}
{"r": 0.0, "l": 1000, "t": 2001.21217}
{"r": 0.0, "l": 1000, "t": 2047.494172}
{"r": 0.0, "l": 1000, "t": 2094.897104}
{"r": 0.0, "l": 1000, "t": 2138.75414}
{"r": 0.0, "l": 1000, "t": 2184.077436}
{"r": 0.0, "l": 1000, "t": 2231.136494}
{"r": 0.0, "l": 1000, "t": 2277.023782}
{"r": 0.0, "l": 1000, "t": 2322.399389}
{"r": 0.0, "l": 1000, "t": 2369.493529}
{"r": 0.0, "l": 1000, "t": 2416.361201}
{"r": 0.0, "l": 1000, "t": 2460.977329}
{"r": 0.0, "l": 1000, "t": 2507.162583}
{"r": 0.0, "l": 1000, "t": 2554.94403}
{"r": 0.0, "l": 1000, "t": 2600.510883}
{"r": 0.0, "l": 1000, "t": 2646.447243}
{"r": 0.0, "l": 1000, "t": 2693.194453}
{"r": 0.0, "l": 1000, "t": 2738.932763}
{"r": 0.0, "l": 1000, "t": 2782.387253}
{"r": 0.0, "l": 1000, "t": 2828.880696}
{"r": 0.0, "l": 1000, "t": 2874.660281}
{"r": 0.0, "l": 1000, "t": 2922.261229}
{"r": 0.0, "l": 1000, "t": 2967.70476}
{"r": 0.0, "l": 1000, "t": 3015.215597}
{"r": 0.0, "l": 1000, "t": 3062.520291}
{"r": 0.0, "l": 1000, "t": 3107.69979}
{"r": 0.0, "l": 1000, "t": 3154.645764}
{"r": 0.0, "l": 1000, "t": 3200.712514}
{"r": 0.0, "l": 1000, "t": 3246.628461}
{"r": 0.0, "l": 1000, "t": 3290.714401}
{"r": 0.0, "l": 1000, "t": 3338.333067}
{"r": 0.0, "l": 1000, "t": 3383.688777}
{"r": 0.0, "l": 1000, "t": 3428.746403}
{"r": 0.0, "l": 1000, "t": 3475.031576}
{"r": 0.0, "l": 1000, "t": 3521.454216}
{"r": 0.0, "l": 1000, "t": 3568.456394}
{"r": 0.0, "l": 1000, "t": 3612.178071}
{"r": 0.0, "l": 1000, "t": 3659.97357}
{"r": 0.0, "l": 1000, "t": 3705.875959}
{"r": 0.0, "l": 1000, "t": 3752.259326}
{"r": 0.0, "l": 1000, "t": 3801.116978}
{"r": 0.0, "l": 1000, "t": 3848.059192}
{"r": 0.0, "l": 1000, "t": 3895.614219}
{"r": 0.0, "l": 1000, "t": 3941.74971}
{"r": 0.0, "l": 1000, "t": 3990.197795}
{"r": 0.0, "l": 1000, "t": 4038.048935}
{"r": 0.0, "l": 1000, "t": 4082.966259}
{"r": 0.0, "l": 1000, "t": 4129.979725}
{"r": 0.0, "l": 1000, "t": 4178.646969}
{"r": 0.0, "l": 1000, "t": 4223.664254}
{"r": 0.0, "l": 1000, "t": 4270.235336}
{"r": 0.0, "l": 1000, "t": 4320.217613}
{"r": 0.0, "l": 1000, "t": 4367.534133}
{"r": 0.0, "l": 1000, "t": 4413.029887}
{"r": 0.0, "l": 1000, "t": 4461.764443}
{"r": 0.0, "l": 1000, "t": 4510.159025}
{"r": 0.0, "l": 1000, "t": 4555.944911}
{"r": 0.0, "l": 1000, "t": 4603.042004}
{"r": 0.0, "l": 1000, "t": 4652.557274}
{"r": 0.0, "l": 1000, "t": 4700.071602}
{"r": 0.0, "l": 1000, "t": 4748.962895}
{"r": 0.0, "l": 1000, "t": 4797.542441}
{"r": 0.0, "l": 1000, "t": 4844.40077}
{"r": 0.0, "l": 1000, "t": 4889.36718}
{"r": 0.0, "l": 1000, "t": 4936.685343}
{"r": 0.0, "l": 1000, "t": 4986.494678}
{"r": 0.0, "l": 1000, "t": 5034.266457}
{"r": 0.0, "l": 1000, "t": 5084.147138}
{"r": 0.0, "l": 1000, "t": 5139.534429}
{"r": 0.0, "l": 1000, "t": 5194.434261}
{"r": 0.0, "l": 1000, "t": 5252.07639}
{"r": 0.0, "l": 1000, "t": 5308.844427}
{"r": 0.0, "l": 1000, "t": 5362.76489}
{"r": 0.0, "l": 1000, "t": 5417.489506}
{"r": 0.0, "l": 1000, "t": 5475.133564}
{"r": 0.0, "l": 1000, "t": 5528.261063}
{"r": 0.0, "l": 1000, "t": 5585.148641}
{"r": 0.0, "l": 1000, "t": 5641.127921}
{"r": 0.0, "l": 1000, "t": 5694.761034}
{"r": 0.0, "l": 1000, "t": 5751.216289}
{"r": 0.0, "l": 1000, "t": 5810.113355}
{"r": 0.0, "l": 1000, "t": 5865.287238}
{"r": 0.0, "l": 1000, "t": 5920.985335}
{"r": 0.0, "l": 1000, "t": 5977.886251}
{"r": 0.0, "l": 1000, "t": 6033.175078}
{"r": 0.0, "l": 1000, "t": 6090.208154}
{"r": 0.0, "l": 1000, "t": 6146.885957}
{"r": 0.0, "l": 1000, "t": 6199.877369}
{"r": 0.0, "l": 1000, "t": 6258.118531}
{"r": 0.0, "l": 1000, "t": 6314.242361}
{"r": 0.0, "l": 1000, "t": 6370.202283}
{"r": 0.0, "l": 1000, "t": 6426.474102}
{"r": 0.0, "l": 1000, "t": 6481.758646}
{"r": 0.0, "l": 1000, "t": 6539.46419}
{"r": 0.0, "l": 1000, "t": 6598.198014}
{"r": 0.0, "l": 1000, "t": 6654.864331}
{"r": 0.0, "l": 1000, "t": 6710.857784}
{"r": 0.0, "l": 1000, "t": 6767.980659}
{"r": 0.0, "l": 1000, "t": 6824.423073}
{"r": 0.0, "l": 1000, "t": 6880.680793}
{"r": 0.0, "l": 1000, "t": 6934.61117}
{"r": 0.0, "l": 1000, "t": 6989.243829}
{"r": 0.0, "l": 1000, "t": 7046.21737}
{"r": 0.0, "l": 1000, "t": 7105.264004}
{"r": 0.0, "l": 1000, "t": 7161.791224}
{"r": 0.0, "l": 1000, "t": 7219.360847}
{"r": 0.0, "l": 1000, "t": 7278.570781}
{"r": 0.0, "l": 1000, "t": 7336.691542}
{"r": 0.0, "l": 1000, "t": 7394.344833}
{"r": 0.0, "l": 1000, "t": 7453.706943}
{"r": 0.0, "l": 1000, "t": 7510.823467}
{"r": 0.0, "l": 1000, "t": 7569.581821}
{"r": 0.0, "l": 1000, "t": 7623.847674}
{"r": 0.0, "l": 1000, "t": 7680.342113}
{"r": 0.0, "l": 1000, "t": 7736.579431}
{"r": 0.0, "l": 1000, "t": 7794.869705}
{"r": 0.0, "l": 1000, "t": 7854.201113}
{"r": 0.0, "l": 1000, "t": 7912.031549}
{"r": 0.0, "l": 1000, "t": 7967.764851}
{"r": 0.0, "l": 1000, "t": 8027.258006}
{"r": 0.0, "l": 1000, "t": 8086.745725}
{"r": 0.0, "l": 1000, "t": 8143.799967}
{"r": 0.0, "l": 1000, "t": 8200.086562}
{"r": 0.0, "l": 1000, "t": 8258.100197}
{"r": 0.0, "l": 1000, "t": 8314.052048}
{"r": 0.0, "l": 1000, "t": 8373.213345}
{"r": 0.0, "l": 1000, "t": 8431.244541}
{"r": 0.0, "l": 1000, "t": 8488.496305}
{"r": 0.0, "l": 1000, "t": 8548.640982}
{"r": 0.0, "l": 1000, "t": 8606.396402}
{"r": 0.0, "l": 1000,