{"t_start": 1515691645.7137363, "gym_version": "0.9.2", "env_id": "GridWorldNoFrameskip-v4"}
{"r": 0.0, "l": 1000, "t": 28.248296}
{"r": 0.0, "l": 1000, "t": 55.833592}
{"r": 0.0, "l": 1000, "t": 81.850167}
{"r": 0.0, "l": 1000, "t": 106.84443}
{"r": 0.0, "l": 1000, "t": 131.942798}
{"r": 0.0, "l": 1000, "t": 157.092181}
{"r": 0.0, "l": 1000, "t": 182.367253}
{"r": 0.0, "l": 1000, "t": 208.991561}
{"r": 0.0, "l": 1000, "t": 235.360096}
{"r": 0.0, "l": 1000, "t": 260.750154}
{"r": 0.0, "l": 1000, "t": 286.179587}
{"r": 0.0, "l": 1000, "t": 310.725202}
{"r": 0.0, "l": 1000, "t": 335.920211}
{"r": 0.0, "l": 1000, "t": 360.526501}
{"r": 0.0, "l": 1000, "t": 385.909109}
{"r": 0.0, "l": 1000, "t": 410.852192}
{"r": 0.0, "l": 1000, "t": 436.53873}
{"r": 0.0, "l": 1000, "t": 462.200116}
{"r": 0.0, "l": 1000, "t": 487.119504}
{"r": 0.0, "l": 1000, "t": 512.753875}
{"r": 0.0, "l": 1000, "t": 538.266365}
{"r": 0.0, "l": 1000, "t": 563.926727}
{"r": 0.0, "l": 1000, "t": 589.454418}
{"r": 0.0, "l": 1000, "t": 616.739189}
{"r": 0.0, "l": 1000, "t": 644.254547}
{"r": 0.0, "l": 1000, "t": 670.734462}
{"r": 0.0, "l": 1000, "t": 697.499391}
{"r": 0.0, "l": 1000, "t": 724.219966}
{"r": 0.0, "l": 1000, "t": 751.14914}
{"r": 0.0, "l": 1000, "t": 778.068984}
{"r": 0.0, "l": 1000, "t": 804.592283}
{"r": 0.0, "l": 1000, "t": 831.144634}
{"r": 0.0, "l": 1000, "t": 857.930348}
{"r": 0.0, "l": 1000, "t": 884.129546}
{"r": 0.0, "l": 1000, "t": 910.343209}
{"r": 0.0, "l": 1000, "t": 937.396253}
{"r": 0.0, "l": 1000, "t": 964.78864}
{"r": 0.0, "l": 1000, "t": 990.849023}
{"r": 0.0, "l": 1000, "t": 1017.228265}
{"r": 0.0, "l": 1000, "t": 1044.763328}
{"r": 0.0, "l": 1000, "t": 1070.820077}
{"r": 0.0, "l": 1000, "t": 1098.249662}
{"r": 0.0, "l": 1000, "t": 1125.25011}
{"r": 0.0, "l": 1000, "t": 1152.332011}
{"r": 0.0, "l": 1000, "t": 1178.461466}
{"r": 0.0, "l": 1000, "t": 1205.197433}
{"r": 0.0, "l": 1000, "t": 1231.514086}
{"r": 0.0, "l": 1000, "t": 1257.708992}
{"r": 0.0, "l": 1000, "t": 1284.149101}
{"r": 0.0, "l": 1000, "t": 1311.101172}
{"r": 0.0, "l": 1000, "t": 1339.123714}
{"r": 0.0, "l": 1000, "t": 1365.887954}
{"r": 0.0, "l": 1000, "t": 1392.229138}
{"r": 0.0, "l": 1000, "t": 1420.13927}
{"r": 0.0, "l": 1000, "t": 1447.586447}
{"r": 0.0, "l": 1000, "t": 1473.951132}
{"r": 0.0, "l": 1000, "t": 1500.955517}
{"r": 0.0, "l": 1000, "t": 1529.286601}
{"r": 0.0, "l": 1000, "t": 1556.028373}
{"r": 0.0, "l": 1000, "t": 1583.642914}
{"r": 0.0, "l": 1000, "t": 1608.778903}
{"r": 0.0, "l": 1000, "t": 1636.984208}
{"r": 0.0, "l": 1000, "t": 1682.365481}
{"r": 0.0, "l": 1000, "t": 1726.78764}
{"r": 0.0, "l": 1000, "t": 1773.07027}
{"r": 0.0, "l": 1000, "t": 1816.656201}
{"r": 0.0, "l": 1000, "t": 1861.880927}
{"r": 0.0, "l": 1000, "t": 1907.949827}
{"r": 0.0, "l": 1000, "t": 1952.829373}
{"r": 0.0, "l": 1000, "t": 1996.835415}
{"r": 0.0, "l": 1000, "t": 2044.764555}
{"r": 0.0, "l": 1000, "t": 2091.15835}
{"r": 0.0, "l": 1000, "t": 2135.226838}
{"r": 0.0, "l": 1000, "t": 2179.899861}
{"r": 0.0, "l": 1000, "t": 2227.227917}
{"r": 0.0, "l": 1000, "t": 2272.851319}
{"r": 0.0, "l": 1000, "t": 2318.344318}
{"r": 0.0, "l": 1000, "t": 2365.700609}
{"r": 0.0, "l": 1000, "t": 2412.031143}
{"r": 0.0, "l": 1000, "t": 2457.406415}
{"r": 0.0, "l": 1000, "t": 2505.131477}
{"r": 0.0, "l": 1000, "t": 2550.853506}
{"r": 0.0, "l": 1000, "t": 2598.427609}
{"r": 0.0, "l": 1000, "t": 2643.013565}
{"r": 0.0, "l": 1000, "t": 2689.607266}
{"r": 0.0, "l": 1000, "t": 2735.823395}
{"r": 0.0, "l": 1000, "t": 2779.391216}
{"r": 0.0, "l": 1000, "t": 2825.451175}
{"r": 0.0, "l": 1000, "t": 2871.507805}
{"r": 0.0, "l": 1000, "t": 2917.936291}
{"r": 0.0, "l": 1000, "t": 2962.39568}
{"r": 0.0, "l": 1000, "t": 3009.890032}
{"r": 0.0, "l": 1000, "t": 3058.171973}
{"r": 0.0, "l": 1000, "t": 3103.725142}
{"r": 0.0, "l": 1000, "t": 3149.661666}
{"r": 0.0, "l": 1000, "t": 3195.704082}
{"r": 0.0, "l": 1000, "t": 3242.807974}
{"r": 0.0, "l": 1000, "t": 3286.259728}
{"r": 0.0, "l": 1000, "t": 3331.984449}
{"r": 0.0, "l": 1000, "t": 3376.486101}
{"r": 0.0, "l": 1000, "t": 3421.359364}
{"r": 0.0, "l": 1000, "t": 3467.330075}
{"r": 0.0, "l": 1000, "t": 3514.298474}
{"r": 0.0, "l": 1000, "t": 3560.926425}
{"r": 0.0, "l": 1000, "t": 3606.149739}
{"r": 0.0, "l": 1000, "t": 3653.107162}
{"r": 0.0, "l": 1000, "t": 3701.546844}
{"r": 0.0, "l": 1000, "t": 3746.168736}
{"r": 0.0, "l": 1000, "t": 3794.101686}
{"r": 0.0, "l": 1000, "t": 3840.293374}
{"r": 0.0, "l": 1000, "t": 3888.195313}
{"r": 0.0, "l": 1000, "t": 3934.190178}
{"r": 0.0, "l": 1000, "t": 3980.57755}
{"r": 0.0, "l": 1000, "t": 4029.468614}
{"r": 0.0, "l": 1000, "t": 4074.315512}
{"r": 0.0, "l": 1000, "t": 4120.996464}
{"r": 0.0, "l": 1000, "t": 4167.451709}
{"r": 0.0, "l": 1000, "t": 4213.915057}
{"r": 0.0, "l": 1000, "t": 4261.328332}
{"r": 0.0, "l": 1000, "t": 4308.520875}
{"r": 0.0, "l": 1000, "t": 4355.510617}
{"r": 0.0, "l": 1000, "t": 4400.071673}
{"r": 0.0, "l": 1000, "t": 4448.72106}
{"r": 0.0, "l": 1000, "t": 4498.341469}
{"r": 0.0, "l": 1000, "t": 4543.546937}
{"r": 0.0, "l": 1000, "t": 4591.416202}
{"r": 0.0, "l": 1000, "t": 4640.274328}
{"r": 0.0, "l": 1000, "t": 4688.942067}
{"r": 0.0, "l": 1000, "t": 4736.840339}
{"r": 0.0, "l": 1000, "t": 4785.340886}
{"r": 0.0, "l": 1000, "t": 4832.860759}
{"r": 0.0, "l": 1000, "t": 4878.73051}
{"r": 0.0, "l": 1000, "t": 4925.794236}
{"r": 0.0, "l": 1000, "t": 4975.439855}
{"r": 0.0, "l": 1000, "t": 5022.791453}
{"r": 0.0, "l": 1000, "t": 5071.730071}
{"r": 0.0, "l": 1000, "t": 5124.586362}
{"r": 0.0, "l": 1000, "t": 5180.10483}
{"r": 0.0, "l": 1000, "t": 5237.94024}
{"r": 0.0, "l": 1000, "t": 5294.443515}
{"r": 0.0, "l": 1000, "t": 5348.355901}
{"r": 0.0, "l": 1000, "t": 5404.080024}
{"r": 0.0, "l": 1000, "t": 5459.768903}
{"r": 0.0, "l": 1000, "t": 5513.937438}
{"r": 0.0, "l": 1000, "t": 5570.66836}
{"r": 0.0, "l": 1000, "t": 5626.314903}
{"r": 0.0, "l": 1000, "t": 5681.236342}
{"r": 0.0, "l": 1000, "t": 5736.738676}
{"r": 0.0, "l": 1000, "t": 5794.826218}
{"r": 0.0, "l": 1000, "t": 5848.422794}
{"r": 0.0, "l": 1000, "t": 5904.961178}
{"r": 0.0, "l": 1000, "t": 5961.906521}
{"r": 0.0, "l": 1000, "t": 6018.363375}
{"r": 0.0, "l": 1000, "t": 6074.865048}
{"r": 0.0, "l": 1000, "t": 6131.705544}
{"r": 0.0, "l": 1000, "t": 6186.123081}
{"r": 0.0, "l": 1000, "t": 6244.758488}
{"r": 0.0, "l": 1000, "t": 6303.526085}
{"r": 0.0, "l": 1000, "t": 6359.458098}
{"r": 0.0, "l": 1000, "t": 6416.376389}
{"r": 0.0, "l": 1000, "t": 6471.414166}
{"r": 0.0, "l": 1000, "t": 6528.631078}
{"r": 0.0, "l": 1000, "t": 6584.73039}
{"r": 0.0, "l": 1000, "t": 6640.850559}
{"r": 0.0, "l": 1000, "t": 6696.896871}
{"r": 0.0, "l": 1000, "t": 6756.471688}
{"r": 0.0, "l": 1000, "t": 6811.366296}
{"r": 0.0, "l": 1000, "t": 6868.923369}
{"r": 0.0, "l": 1000, "t": 6924.541013}
{"r": 0.0, "l": 1000, "t": 6977.836538}
{"r": 0.0, "l": 1000, "t": 7035.713278}
{"r": 0.0, "l": 1000, "t": 7094.881041}
{"r": 0.0, "l": 1000, "t": 7148.11622}
{"r": 0.0, "l": 1000, "t": 7206.706217}
{"r": 0.0, "l": 1000, "t": 7265.15129}
{"r": 0.0, "l": 1000, "t": 7321.901382}
{"r": 0.0, "l": 1000, "t": 7382.183695}
{"r": 0.0, "l": 1000, "t": 7440.225546}
{"r": 0.0, "l": 1000, "t": 7496.811258}
{"r": 0.0, "l": 1000, "t": 7556.473975}
{"r": 0.0, "l": 1000, "t": 7611.123374}
{"r": 0.0, "l": 1000, "t": 7669.291319}
{"r": 0.0, "l": 1000, "t": 7726.300514}
{"r": 0.0, "l": 1000, "t": 7783.263318}
{"r": 0.0, "l": 1000, "t": 7841.869027}
{"r": 0.0, "l": 1000, "t": 7900.27108}
{"r": 0.0, "l": 1000, "t": 7956.14895}
{"r": 0.0, "l": 1000, "t": 8016.409254}
{"r": 0.0, "l": 1000, "t": 8075.68883}
{"r": 0.0, "l": 1000, "t": 8131.707181}
{"r": 0.0, "l": 1000, "t": 8187.799541}
{"r": 0.0, "l": 1000, "t": 8245.754989}
{"r": 0.0, "l": 1000, "t": 8301.504102}
{"r": 0.0, "l": 1000, "t": 8361.677819}
{"r": 0.0, "l": 1000, "t": 8421.950501}
{"r": 0.0, "l": 1000, "t": 8480.002012}
{"r": 0.0, "l": 1000, "t": 8539.753086}
{"r": 0.0, "l": 1000, "t": 8597.95324}
{"r": 0.0, "l": 1000, "t": 8655.066728}
{"r": 0.0,