{"t_start": 1515691645.7192028, "gym_version": "0.9.2", "env_id": "GridWorldNoFrameskip-v4"}
{"r": 0.0, "l": 1000, "t": 28.215615}
{"r": 0.0, "l": 1000, "t": 54.429706}
{"r": 0.0, "l": 1000, "t": 79.766382}
{"r": 0.0, "l": 1000, "t": 104.827824}
{"r": 0.0, "l": 1000, "t": 130.215541}
{"r": 0.0, "l": 1000, "t": 155.785805}
{"r": 0.0, "l": 1000, "t": 181.83363}
{"r": 0.0, "l": 1000, "t": 207.48698}
{"r": 0.0, "l": 1000, "t": 233.715703}
{"r": 0.0, "l": 1000, "t": 258.802206}
{"r": 0.0, "l": 1000, "t": 284.095727}
{"r": 0.0, "l": 1000, "t": 309.417613}
{"r": 0.0, "l": 1000, "t": 333.613261}
{"r": 0.0, "l": 1000, "t": 358.606178}
{"r": 0.0, "l": 1000, "t": 383.46723}
{"r": 0.0, "l": 1000, "t": 408.933274}
{"r": 0.0, "l": 1000, "t": 434.543433}
{"r": 0.0, "l": 1000, "t": 459.951138}
{"r": 0.0, "l": 1000, "t": 485.553603}
{"r": 0.0, "l": 1000, "t": 511.19895}
{"r": 0.0, "l": 1000, "t": 537.083067}
{"r": 0.0, "l": 1000, "t": 562.91328}
{"r": 0.0, "l": 1000, "t": 588.322798}
{"r": 0.0, "l": 1000, "t": 614.377974}
{"r": 0.0, "l": 1000, "t": 641.4694}
{"r": 0.0, "l": 1000, "t": 668.340883}
{"r": 0.0, "l": 1000, "t": 694.61021}
{"r": 0.0, "l": 1000, "t": 721.888128}
{"r": 0.0, "l": 1000, "t": 748.894606}
{"r": 0.0, "l": 1000, "t": 775.085002}
{"r": 0.0, "l": 1000, "t": 801.926846}
{"r": 0.0, "l": 1000, "t": 828.459744}
{"r": 0.0, "l": 1000, "t": 855.072572}
{"r": 0.0, "l": 1000, "t": 881.403403}
{"r": 0.0, "l": 1000, "t": 908.033503}
{"r": 0.0, "l": 1000, "t": 934.32372}
{"r": 0.0, "l": 1000, "t": 960.842573}
{"r": 0.0, "l": 1000, "t": 987.147149}
{"r": 0.0, "l": 1000, "t": 1013.262064}
{"r": 0.0, "l": 1000, "t": 1039.682054}
{"r": 0.0, "l": 1000, "t": 1066.86292}
{"r": 0.0, "l": 1000, "t": 1093.415991}
{"r": 0.0, "l": 1000, "t": 1119.833529}
{"r": 0.0, "l": 1000, "t": 1146.743979}
{"r": 0.0, "l": 1000, "t": 1173.967849}
{"r": 0.0, "l": 1000, "t": 1201.684052}
{"r": 0.0, "l": 1000, "t": 1227.749822}
{"r": 0.0, "l": 1000, "t": 1253.38892}
{"r": 0.0, "l": 1000, "t": 1279.797763}
{"r": 0.0, "l": 1000, "t": 1307.313204}
{"r": 0.0, "l": 1000, "t": 1334.883724}
{"r": 0.0, "l": 1000, "t": 1362.278735}
{"r": 0.0, "l": 1000, "t": 1388.843424}
{"r": 0.0, "l": 1000, "t": 1415.131057}
{"r": 0.0, "l": 1000, "t": 1442.817823}
{"r": 0.0, "l": 1000, "t": 1469.709733}
{"r": 0.0, "l": 1000, "t": 1496.456515}
{"r": 0.0, "l": 1000, "t": 1523.750968}
{"r": 0.0, "l": 1000, "t": 1550.748263}
{"r": 0.0, "l": 1000, "t": 1577.960603}
{"r": 0.0, "l": 1000, "t": 1604.777813}
{"r": 0.0, "l": 1000, "t": 1631.132972}
{"r": 0.0, "l": 1000, "t": 1673.77259}
{"r": 0.0, "l": 1000, "t": 1718.797498}
{"r": 0.0, "l": 1000, "t": 1766.401959}
{"r": 0.0, "l": 1000, "t": 1809.841732}
{"r": 0.0, "l": 1000, "t": 1856.315862}
{"r": 0.0, "l": 1000, "t": 1902.211876}
{"r": 0.0, "l": 1000, "t": 1948.3318}
{"r": 0.0, "l": 1000, "t": 1992.817018}
{"r": 0.0, "l": 1000, "t": 2039.444211}
{"r": 0.0, "l": 1000, "t": 2085.456754}
{"r": 0.0, "l": 1000, "t": 2130.273195}
{"r": 0.0, "l": 1000, "t": 2176.441574}
{"r": 0.0, "l": 1000, "t": 2222.257922}
{"r": 0.0, "l": 1000, "t": 2269.673882}
{"r": 0.0, "l": 1000, "t": 2314.687272}
{"r": 0.0, "l": 1000, "t": 2361.926477}
{"r": 0.0, "l": 1000, "t": 2407.917366}
{"r": 0.0, "l": 1000, "t": 2452.901156}
{"r": 0.0, "l": 1000, "t": 2498.970557}
{"r": 0.0, "l": 1000, "t": 2544.867984}
{"r": 0.0, "l": 1000, "t": 2591.604633}
{"r": 0.0, "l": 1000, "t": 2635.777704}
{"r": 0.0, "l": 1000, "t": 2683.668739}
{"r": 0.0, "l": 1000, "t": 2730.965835}
{"r": 0.0, "l": 1000, "t": 2773.787269}
{"r": 0.0, "l": 1000, "t": 2819.492941}
{"r": 0.0, "l": 1000, "t": 2865.273013}
{"r": 0.0, "l": 1000, "t": 2911.252986}
{"r": 0.0, "l": 1000, "t": 2957.202999}
{"r": 0.0, "l": 1000, "t": 3006.046637}
{"r": 0.0, "l": 1000, "t": 3053.344978}
{"r": 0.0, "l": 1000, "t": 3098.768098}
{"r": 0.0, "l": 1000, "t": 3145.366404}
{"r": 0.0, "l": 1000, "t": 3191.034795}
{"r": 0.0, "l": 1000, "t": 3236.563913}
{"r": 0.0, "l": 1000, "t": 3280.781465}
{"r": 0.0, "l": 1000, "t": 3327.195849}
{"r": 0.0, "l": 1000, "t": 3372.622524}
{"r": 0.0, "l": 1000, "t": 3418.210391}
{"r": 0.0, "l": 1000, "t": 3463.398565}
{"r": 0.0, "l": 1000, "t": 3509.034587}
{"r": 0.0, "l": 1000, "t": 3557.693913}
{"r": 0.0, "l": 1000, "t": 3601.142899}
{"r": 0.0, "l": 1000, "t": 3649.462633}
{"r": 0.0, "l": 1000, "t": 3696.65615}
{"r": 0.0, "l": 1000, "t": 3741.254176}
{"r": 0.0, "l": 1000, "t": 3790.542191}
{"r": 0.0, "l": 1000, "t": 3837.70562}
{"r": 0.0, "l": 1000, "t": 3885.110893}
{"r": 0.0, "l": 1000, "t": 3929.455976}
{"r": 0.0, "l": 1000, "t": 3975.931403}
{"r": 0.0, "l": 1000, "t": 4025.14753}
{"r": 0.0, "l": 1000, "t": 4069.760621}
{"r": 0.0, "l": 1000, "t": 4115.288615}
{"r": 0.0, "l": 1000, "t": 4164.274369}
{"r": 0.0, "l": 1000, "t": 4209.817312}
{"r": 0.0, "l": 1000, "t": 4256.030845}
{"r": 0.0, "l": 1000, "t": 4304.479427}
{"r": 0.0, "l": 1000, "t": 4352.068725}
{"r": 0.0, "l": 1000, "t": 4396.665749}
{"r": 0.0, "l": 1000, "t": 4446.135453}
{"r": 0.0, "l": 1000, "t": 4495.721606}
{"r": 0.0, "l": 1000, "t": 4541.872381}
{"r": 0.0, "l": 1000, "t": 4588.775419}
{"r": 0.0, "l": 1000, "t": 4637.519993}
{"r": 0.0, "l": 1000, "t": 4686.976967}
{"r": 0.0, "l": 1000, "t": 4735.578308}
{"r": 0.0, "l": 1000, "t": 4782.821127}
{"r": 0.0, "l": 1000, "t": 4831.133099}
{"r": 0.0, "l": 1000, "t": 4876.06321}
{"r": 0.0, "l": 1000, "t": 4924.328964}
{"r": 0.0, "l": 1000, "t": 4974.367379}
{"r": 0.0, "l": 1000, "t": 5021.378144}
{"r": 0.0, "l": 1000, "t": 5071.727442}
{"r": 0.0, "l": 1000, "t": 5125.803922}
{"r": 0.0, "l": 1000, "t": 5179.988439}
{"r": 0.0, "l": 1000, "t": 5235.058629}
{"r": 0.0, "l": 1000, "t": 5292.745221}
{"r": 0.0, "l": 1000, "t": 5346.992883}
{"r": 0.0, "l": 1000, "t": 5403.801431}
{"r": 0.0, "l": 1000, "t": 5459.763525}
{"r": 0.0, "l": 1000, "t": 5512.672777}
{"r": 0.0, "l": 1000, "t": 5570.688696}
{"r": 0.0, "l": 1000, "t": 5626.444212}
{"r": 0.0, "l": 1000, "t": 5681.171019}
{"r": 0.0, "l": 1000, "t": 5736.762427}
{"r": 0.0, "l": 1000, "t": 5796.253182}
{"r": 0.0, "l": 1000, "t": 5849.97193}
{"r": 0.0, "l": 1000, "t": 5906.935461}
{"r": 0.0, "l": 1000, "t": 5963.570714}
{"r": 0.0, "l": 1000, "t": 6020.864442}
{"r": 0.0, "l": 1000, "t": 6077.114361}
{"r": 0.0, "l": 1000, "t": 6135.951079}
{"r": 0.0, "l": 1000, "t": 6188.226554}
{"r": 0.0, "l": 1000, "t": 6244.827662}
{"r": 0.0, "l": 1000, "t": 6302.091537}
{"r": 0.0, "l": 1000, "t": 6356.800719}
{"r": 0.0, "l": 1000, "t": 6412.953139}
{"r": 0.0, "l": 1000, "t": 6470.129651}
{"r": 0.0, "l": 1000, "t": 6525.49575}
{"r": 0.0, "l": 1000, "t": 6582.888079}
{"r": 0.0, "l": 1000, "t": 6639.204}
{"r": 0.0, "l": 1000, "t": 6694.068497}
{"r": 0.0, "l": 1000, "t": 6753.035828}
{"r": 0.0, "l": 1000, "t": 6808.041001}
{"r": 0.0, "l": 1000, "t": 6865.830252}
{"r": 0.0, "l": 1000, "t": 6920.91447}
{"r": 0.0, "l": 1000, "t": 6974.409577}
{"r": 0.0, "l": 1000, "t": 7031.060946}
{"r": 0.0, "l": 1000, "t": 7088.981898}
{"r": 0.0, "l": 1000, "t": 7145.124492}
{"r": 0.0, "l": 1000, "t": 7201.061059}
{"r": 0.0, "l": 1000, "t": 7260.673113}
{"r": 0.0, "l": 1000, "t": 7316.790813}
{"r": 0.0, "l": 1000, "t": 7375.166931}
{"r": 0.0, "l": 1000, "t": 7435.31334}
{"r": 0.0, "l": 1000, "t": 7492.667994}
{"r": 0.0, "l": 1000, "t": 7550.332174}
{"r": 0.0, "l": 1000, "t": 7608.750818}
{"r": 0.0, "l": 1000, "t": 7664.029543}
{"r": 0.0, "l": 1000, "t": 7719.059762}
{"r": 0.0, "l": 1000, "t": 7777.14093}
{"r": 0.0, "l": 1000, "t": 7833.113797}
{"r": 0.0, "l": 1000, "t": 7891.197103}
{"r": 0.0, "l": 1000, "t": 7947.723024}
{"r": 0.0, "l": 1000, "t": 8006.749051}
{"r": 0.0, "l": 1000, "t": 8064.568316}
{"r": 0.0, "l": 1000, "t": 8119.875868}
{"r": 0.0, "l": 1000, "t": 8178.655656}
{"r": 0.0, "l": 1000, "t": 8234.912634}
{"r": 0.0, "l": 1000, "t": 8291.830562}
{"r": 0.0, "l": 1000, "t": 8349.938194}
{"r": 0.0, "l": 1000, "t": 8408.748717}
{"r": 0.0, "l": 1000, "t": 8465.914737}
{"r": 0.0, "l": 1000, "t": 8525.095474}
{"r": 0.0, "l": 1000, "t": 8584.739776}
{"r": 0.0, "l": 1000, "t": 8642.05469}
{"r": 0.0,