{"t_start": 1515691645.7210906, "gym_version": "0.9.2", "env_id": "GridWorldNoFrameskip-v4"}
{"r": 0.0, "l": 1000, "t": 28.261855}
{"r": 0.0, "l": 1000, "t": 55.201458}
{"r": 0.0, "l": 1000, "t": 80.815964}
{"r": 0.0, "l": 1000, "t": 105.886591}
{"r": 0.0, "l": 1000, "t": 131.932553}
{"r": 0.0, "l": 1000, "t": 157.090508}
{"r": 0.0, "l": 1000, "t": 183.130499}
{"r": 0.0, "l": 1000, "t": 209.097274}
{"r": 0.0, "l": 1000, "t": 235.996917}
{"r": 0.0, "l": 1000, "t": 260.795671}
{"r": 0.0, "l": 1000, "t": 285.230051}
{"r": 0.0, "l": 1000, "t": 310.302221}
{"r": 0.0, "l": 1000, "t": 334.981739}
{"r": 0.0, "l": 1000, "t": 359.501631}
{"r": 0.0, "l": 1000, "t": 384.707768}
{"r": 0.0, "l": 1000, "t": 409.702376}
{"r": 0.0, "l": 1000, "t": 435.49554}
{"r": 0.0, "l": 1000, "t": 461.591412}
{"r": 0.0, "l": 1000, "t": 486.381535}
{"r": 0.0, "l": 1000, "t": 512.743444}
{"r": 0.0, "l": 1000, "t": 538.259291}
{"r": 0.0, "l": 1000, "t": 563.530393}
{"r": 0.0, "l": 1000, "t": 589.40229}
{"r": 0.0, "l": 1000, "t": 615.476897}
{"r": 0.0, "l": 1000, "t": 642.936678}
{"r": 0.0, "l": 1000, "t": 669.337517}
{"r": 0.0, "l": 1000, "t": 696.093725}
{"r": 0.0, "l": 1000, "t": 722.521913}
{"r": 0.0, "l": 1000, "t": 748.899686}
{"r": 0.0, "l": 1000, "t": 776.09205}
{"r": 0.0, "l": 1000, "t": 802.45601}
{"r": 0.0, "l": 1000, "t": 829.548285}
{"r": 0.0, "l": 1000, "t": 856.14193}
{"r": 0.0, "l": 1000, "t": 882.866351}
{"r": 0.0, "l": 1000, "t": 908.948111}
{"r": 0.0, "l": 1000, "t": 936.030799}
{"r": 0.0, "l": 1000, "t": 962.924951}
{"r": 0.0, "l": 1000, "t": 989.921435}
{"r": 0.0, "l": 1000, "t": 1016.566384}
{"r": 0.0, "l": 1000, "t": 1043.284079}
{"r": 0.0, "l": 1000, "t": 1070.26887}
{"r": 0.0, "l": 1000, "t": 1096.567422}
{"r": 0.0, "l": 1000, "t": 1123.95034}
{"r": 0.0, "l": 1000, "t": 1150.591867}
{"r": 0.0, "l": 1000, "t": 1177.476084}
{"r": 0.0, "l": 1000, "t": 1204.318299}
{"r": 0.0, "l": 1000, "t": 1230.415631}
{"r": 0.0, "l": 1000, "t": 1256.26025}
{"r": 0.0, "l": 1000, "t": 1283.06902}
{"r": 0.0, "l": 1000, "t": 1310.387504}
{"r": 0.0, "l": 1000, "t": 1338.232095}
{"r": 0.0, "l": 1000, "t": 1365.352407}
{"r": 0.0, "l": 1000, "t": 1391.62589}
{"r": 0.0, "l": 1000, "t": 1418.306033}
{"r": 0.0, "l": 1000, "t": 1445.543023}
{"r": 0.0, "l": 1000, "t": 1472.386542}
{"r": 0.0, "l": 1000, "t": 1499.908302}
{"r": 0.0, "l": 1000, "t": 1527.271275}
{"r": 0.0, "l": 1000, "t": 1554.412277}
{"r": 0.0, "l": 1000, "t": 1582.504988}
{"r": 0.0, "l": 1000, "t": 1608.731744}
{"r": 0.0, "l": 1000, "t": 1635.646311}
{"r": 0.0, "l": 1000, "t": 1681.496022}
{"r": 0.0, "l": 1000, "t": 1726.609919}
{"r": 0.0, "l": 1000, "t": 1773.061661}
{"r": 0.0, "l": 1000, "t": 1816.43896}
{"r": 0.0, "l": 1000, "t": 1861.880199}
{"r": 0.0, "l": 1000, "t": 1908.102827}
{"r": 0.0, "l": 1000, "t": 1953.905061}
{"r": 0.0, "l": 1000, "t": 1998.422592}
{"r": 0.0, "l": 1000, "t": 2044.782125}
{"r": 0.0, "l": 1000, "t": 2091.145858}
{"r": 0.0, "l": 1000, "t": 2135.229116}
{"r": 0.0, "l": 1000, "t": 2181.436966}
{"r": 0.0, "l": 1000, "t": 2227.270224}
{"r": 0.0, "l": 1000, "t": 2274.484642}
{"r": 0.0, "l": 1000, "t": 2321.217947}
{"r": 0.0, "l": 1000, "t": 2367.007905}
{"r": 0.0, "l": 1000, "t": 2413.498763}
{"r": 0.0, "l": 1000, "t": 2458.972535}
{"r": 0.0, "l": 1000, "t": 2505.078336}
{"r": 0.0, "l": 1000, "t": 2550.904042}
{"r": 0.0, "l": 1000, "t": 2598.488233}
{"r": 0.0, "l": 1000, "t": 2644.639077}
{"r": 0.0, "l": 1000, "t": 2691.836885}
{"r": 0.0, "l": 1000, "t": 2737.273716}
{"r": 0.0, "l": 1000, "t": 2780.38659}
{"r": 0.0, "l": 1000, "t": 2825.562603}
{"r": 0.0, "l": 1000, "t": 2871.547456}
{"r": 0.0, "l": 1000, "t": 2919.05777}
{"r": 0.0, "l": 1000, "t": 2965.39778}
{"r": 0.0, "l": 1000, "t": 3012.906344}
{"r": 0.0, "l": 1000, "t": 3061.025721}
{"r": 0.0, "l": 1000, "t": 3106.615823}
{"r": 0.0, "l": 1000, "t": 3152.046687}
{"r": 0.0, "l": 1000, "t": 3197.356174}
{"r": 0.0, "l": 1000, "t": 3242.731739}
{"r": 0.0, "l": 1000, "t": 3286.24795}
{"r": 0.0, "l": 1000, "t": 3332.178043}
{"r": 0.0, "l": 1000, "t": 3378.356888}
{"r": 0.0, "l": 1000, "t": 3423.121868}
{"r": 0.0, "l": 1000, "t": 3471.127045}
{"r": 0.0, "l": 1000, "t": 3519.07469}
{"r": 0.0, "l": 1000, "t": 3565.926217}
{"r": 0.0, "l": 1000, "t": 3610.539007}
{"r": 0.0, "l": 1000, "t": 3656.142618}
{"r": 0.0, "l": 1000, "t": 3704.679134}
{"r": 0.0, "l": 1000, "t": 3749.855721}
{"r": 0.0, "l": 1000, "t": 3797.183795}
{"r": 0.0, "l": 1000, "t": 3844.55146}
{"r": 0.0, "l": 1000, "t": 3892.371483}
{"r": 0.0, "l": 1000, "t": 3938.811856}
{"r": 0.0, "l": 1000, "t": 3986.542273}
{"r": 0.0, "l": 1000, "t": 4034.06266}
{"r": 0.0, "l": 1000, "t": 4080.470119}
{"r": 0.0, "l": 1000, "t": 4125.743086}
{"r": 0.0, "l": 1000, "t": 4174.029057}
{"r": 0.0, "l": 1000, "t": 4220.480058}
{"r": 0.0, "l": 1000, "t": 4268.035112}
{"r": 0.0, "l": 1000, "t": 4317.474483}
{"r": 0.0, "l": 1000, "t": 4365.475856}
{"r": 0.0, "l": 1000, "t": 4410.169891}
{"r": 0.0, "l": 1000, "t": 4459.214319}
{"r": 0.0, "l": 1000, "t": 4507.94908}
{"r": 0.0, "l": 1000, "t": 4553.830104}
{"r": 0.0, "l": 1000, "t": 4600.532993}
{"r": 0.0, "l": 1000, "t": 4651.177066}
{"r": 0.0, "l": 1000, "t": 4698.901863}
{"r": 0.0, "l": 1000, "t": 4747.16887}
{"r": 0.0, "l": 1000, "t": 4796.543418}
{"r": 0.0, "l": 1000, "t": 4844.335099}
{"r": 0.0, "l": 1000, "t": 4889.464483}
{"r": 0.0, "l": 1000, "t": 4938.062458}
{"r": 0.0, "l": 1000, "t": 4986.660502}
{"r": 0.0, "l": 1000, "t": 5034.281236}
{"r": 0.0, "l": 1000, "t": 5082.681645}
{"r": 0.0, "l": 1000, "t": 5136.173035}
{"r": 0.0, "l": 1000, "t": 5190.175575}
{"r": 0.0, "l": 1000, "t": 5246.88141}
{"r": 0.0, "l": 1000, "t": 5304.684505}
{"r": 0.0, "l": 1000, "t": 5358.499149}
{"r": 0.0, "l": 1000, "t": 5413.669018}
{"r": 0.0, "l": 1000, "t": 5471.751832}
{"r": 0.0, "l": 1000, "t": 5525.266236}
{"r": 0.0, "l": 1000, "t": 5581.816046}
{"r": 0.0, "l": 1000, "t": 5639.581878}
{"r": 0.0, "l": 1000, "t": 5692.928712}
{"r": 0.0, "l": 1000, "t": 5751.252021}
{"r": 0.0, "l": 1000, "t": 5810.378845}
{"r": 0.0, "l": 1000, "t": 5865.279134}
{"r": 0.0, "l": 1000, "t": 5921.969107}
{"r": 0.0, "l": 1000, "t": 5977.972458}
{"r": 0.0, "l": 1000, "t": 6035.277217}
{"r": 0.0, "l": 1000, "t": 6091.643781}
{"r": 0.0, "l": 1000, "t": 6149.025966}
{"r": 0.0, "l": 1000, "t": 6203.530374}
{"r": 0.0, "l": 1000, "t": 6261.648171}
{"r": 0.0, "l": 1000, "t": 6316.871386}
{"r": 0.0, "l": 1000, "t": 6373.071612}
{"r": 0.0, "l": 1000, "t": 6429.272594}
{"r": 0.0, "l": 1000, "t": 6483.729215}
{"r": 0.0, "l": 1000, "t": 6541.695365}
{"r": 0.0, "l": 1000, "t": 6596.748822}
{"r": 0.0, "l": 1000, "t": 6653.238922}
{"r": 0.0, "l": 1000, "t": 6710.798974}
{"r": 0.0, "l": 1000, "t": 6770.125169}
{"r": 0.0, "l": 1000, "t": 6824.522867}
{"r": 0.0, "l": 1000, "t": 6880.589052}
{"r": 0.0, "l": 1000, "t": 6934.645844}
{"r": 0.0, "l": 1000, "t": 6991.294866}
{"r": 0.0, "l": 1000, "t": 7048.194875}
{"r": 0.0, "l": 1000, "t": 7107.080959}
{"r": 0.0, "l": 1000, "t": 7160.020386}
{"r": 0.0, "l": 1000, "t": 7217.74006}
{"r": 0.0, "l": 1000, "t": 7276.501848}
{"r": 0.0, "l": 1000, "t": 7332.952214}
{"r": 0.0, "l": 1000, "t": 7390.821324}
{"r": 0.0, "l": 1000, "t": 7449.138081}
{"r": 0.0, "l": 1000, "t": 7505.774713}
{"r": 0.0, "l": 1000, "t": 7561.662494}
{"r": 0.0, "l": 1000, "t": 7617.496935}
{"r": 0.0, "l": 1000, "t": 7674.164412}
{"r": 0.0, "l": 1000, "t": 7730.226155}
{"r": 0.0, "l": 1000, "t": 7788.636303}
{"r": 0.0, "l": 1000, "t": 7848.114929}
{"r": 0.0, "l": 1000, "t": 7905.10288}
{"r": 0.0, "l": 1000, "t": 7961.863241}
{"r": 0.0, "l": 1000, "t": 8022.723094}
{"r": 0.0, "l": 1000, "t": 8083.518965}
{"r": 0.0, "l": 1000, "t": 8138.412619}
{"r": 0.0, "l": 1000, "t": 8196.057044}
{"r": 0.0, "l": 1000, "t": 8252.980932}
{"r": 0.0, "l": 1000, "t": 8309.528237}
{"r": 0.0, "l": 1000, "t": 8366.938962}
{"r": 0.0, "l": 1000, "t": 8424.425611}
{"r": 0.0, "l": 1000, "t": 8484.15913}
{"r": 0.0, "l": 1000, "t": 8543.858302}
{"r": 0.0, "l": 1000, "t": 8601.63412}
{"r": 0.0, "l": 1000, "t": 8657.42622}
{"r": 0.0,