{"t_start": 1515691645.7228928, "gym_version": "0.9.2", "env_id": "GridWorldNoFrameskip-v4"}
{"r": 0.0, "l": 1000, "t": 27.688882}
{"r": 0.0, "l": 1000, "t": 55.199734}
{"r": 0.0, "l": 1000, "t": 80.44971}
{"r": 0.0, "l": 1000, "t": 105.409761}
{"r": 0.0, "l": 1000, "t": 130.255759}
{"r": 0.0, "l": 1000, "t": 155.664239}
{"r": 0.0, "l": 1000, "t": 181.159831}
{"r": 0.0, "l": 1000, "t": 207.13998}
{"r": 0.0, "l": 1000, "t": 233.379863}
{"r": 0.0, "l": 1000, "t": 258.21024}
{"r": 0.0, "l": 1000, "t": 283.371168}
{"r": 0.0, "l": 1000, "t": 308.099616}
{"r": 0.0, "l": 1000, "t": 333.14953}
{"r": 0.0, "l": 1000, "t": 357.95997}
{"r": 0.0, "l": 1000, "t": 382.660129}
{"r": 0.0, "l": 1000, "t": 408.159473}
{"r": 0.0, "l": 1000, "t": 433.499724}
{"r": 0.0, "l": 1000, "t": 459.061151}
{"r": 0.0, "l": 1000, "t": 484.171947}
{"r": 0.0, "l": 1000, "t": 510.137328}
{"r": 0.0, "l": 1000, "t": 535.938475}
{"r": 0.0, "l": 1000, "t": 560.994452}
{"r": 0.0, "l": 1000, "t": 586.974298}
{"r": 0.0, "l": 1000, "t": 613.659511}
{"r": 0.0, "l": 1000, "t": 641.015442}
{"r": 0.0, "l": 1000, "t": 667.413638}
{"r": 0.0, "l": 1000, "t": 694.010725}
{"r": 0.0, "l": 1000, "t": 720.685644}
{"r": 0.0, "l": 1000, "t": 747.894979}
{"r": 0.0, "l": 1000, "t": 773.970026}
{"r": 0.0, "l": 1000, "t": 801.11994}
{"r": 0.0, "l": 1000, "t": 827.854686}
{"r": 0.0, "l": 1000, "t": 853.74027}
{"r": 0.0, "l": 1000, "t": 879.782264}
{"r": 0.0, "l": 1000, "t": 906.324306}
{"r": 0.0, "l": 1000, "t": 932.803021}
{"r": 0.0, "l": 1000, "t": 959.290113}
{"r": 0.0, "l": 1000, "t": 985.796152}
{"r": 0.0, "l": 1000, "t": 1012.085935}
{"r": 0.0, "l": 1000, "t": 1038.67002}
{"r": 0.0, "l": 1000, "t": 1066.035848}
{"r": 0.0, "l": 1000, "t": 1092.784809}
{"r": 0.0, "l": 1000, "t": 1119.373926}
{"r": 0.0, "l": 1000, "t": 1146.11425}
{"r": 0.0, "l": 1000, "t": 1173.570025}
{"r": 0.0, "l": 1000, "t": 1200.94845}
{"r": 0.0, "l": 1000, "t": 1227.235051}
{"r": 0.0, "l": 1000, "t": 1253.50958}
{"r": 0.0, "l": 1000, "t": 1280.188469}
{"r": 0.0, "l": 1000, "t": 1307.434629}
{"r": 0.0, "l": 1000, "t": 1334.469309}
{"r": 0.0, "l": 1000, "t": 1362.146059}
{"r": 0.0, "l": 1000, "t": 1388.839423}
{"r": 0.0, "l": 1000, "t": 1415.12728}
{"r": 0.0, "l": 1000, "t": 1442.853978}
{"r": 0.0, "l": 1000, "t": 1469.684449}
{"r": 0.0, "l": 1000, "t": 1496.456411}
{"r": 0.0, "l": 1000, "t": 1523.643844}
{"r": 0.0, "l": 1000, "t": 1550.778759}
{"r": 0.0, "l": 1000, "t": 1577.867206}
{"r": 0.0, "l": 1000, "t": 1604.675058}
{"r": 0.0, "l": 1000, "t": 1631.030302}
{"r": 0.0, "l": 1000, "t": 1672.665246}
{"r": 0.0, "l": 1000, "t": 1716.940255}
{"r": 0.0, "l": 1000, "t": 1763.721204}
{"r": 0.0, "l": 1000, "t": 1806.412268}
{"r": 0.0, "l": 1000, "t": 1852.673365}
{"r": 0.0, "l": 1000, "t": 1898.663932}
{"r": 0.0, "l": 1000, "t": 1944.304071}
{"r": 0.0, "l": 1000, "t": 1988.212839}
{"r": 0.0, "l": 1000, "t": 2035.659425}
{"r": 0.0, "l": 1000, "t": 2081.306008}
{"r": 0.0, "l": 1000, "t": 2125.951854}
{"r": 0.0, "l": 1000, "t": 2171.178569}
{"r": 0.0, "l": 1000, "t": 2217.912231}
{"r": 0.0, "l": 1000, "t": 2264.007173}
{"r": 0.0, "l": 1000, "t": 2308.789197}
{"r": 0.0, "l": 1000, "t": 2355.85922}
{"r": 0.0, "l": 1000, "t": 2401.187355}
{"r": 0.0, "l": 1000, "t": 2445.663416}
{"r": 0.0, "l": 1000, "t": 2491.875248}
{"r": 0.0, "l": 1000, "t": 2538.213287}
{"r": 0.0, "l": 1000, "t": 2585.886262}
{"r": 0.0, "l": 1000, "t": 2628.660216}
{"r": 0.0, "l": 1000, "t": 2676.105048}
{"r": 0.0, "l": 1000, "t": 2723.074763}
{"r": 0.0, "l": 1000, "t": 2767.555502}
{"r": 0.0, "l": 1000, "t": 2812.972605}
{"r": 0.0, "l": 1000, "t": 2858.753977}
{"r": 0.0, "l": 1000, "t": 2904.516994}
{"r": 0.0, "l": 1000, "t": 2949.599994}
{"r": 0.0, "l": 1000, "t": 2997.661514}
{"r": 0.0, "l": 1000, "t": 3045.320036}
{"r": 0.0, "l": 1000, "t": 3092.335613}
{"r": 0.0, "l": 1000, "t": 3138.146316}
{"r": 0.0, "l": 1000, "t": 3184.201164}
{"r": 0.0, "l": 1000, "t": 3229.921371}
{"r": 0.0, "l": 1000, "t": 3273.152577}
{"r": 0.0, "l": 1000, "t": 3320.157635}
{"r": 0.0, "l": 1000, "t": 3365.622912}
{"r": 0.0, "l": 1000, "t": 3410.549217}
{"r": 0.0, "l": 1000, "t": 3456.410561}
{"r": 0.0, "l": 1000, "t": 3503.283526}
{"r": 0.0, "l": 1000, "t": 3550.505651}
{"r": 0.0, "l": 1000, "t": 3594.128548}
{"r": 0.0, "l": 1000, "t": 3640.707202}
{"r": 0.0, "l": 1000, "t": 3689.040911}
{"r": 0.0, "l": 1000, "t": 3735.600834}
{"r": 0.0, "l": 1000, "t": 3781.761276}
{"r": 0.0, "l": 1000, "t": 3829.769148}
{"r": 0.0, "l": 1000, "t": 3878.435009}
{"r": 0.0, "l": 1000, "t": 3923.183747}
{"r": 0.0, "l": 1000, "t": 3970.112287}
{"r": 0.0, "l": 1000, "t": 4018.287307}
{"r": 0.0, "l": 1000, "t": 4063.400864}
{"r": 0.0, "l": 1000, "t": 4110.802532}
{"r": 0.0, "l": 1000, "t": 4159.225036}
{"r": 0.0, "l": 1000, "t": 4205.858655}
{"r": 0.0, "l": 1000, "t": 4250.448031}
{"r": 0.0, "l": 1000, "t": 4298.099169}
{"r": 0.0, "l": 1000, "t": 4346.69449}
{"r": 0.0, "l": 1000, "t": 4391.280853}
{"r": 0.0, "l": 1000, "t": 4439.369813}
{"r": 0.0, "l": 1000, "t": 4489.087535}
{"r": 0.0, "l": 1000, "t": 4536.85291}
{"r": 0.0, "l": 1000, "t": 4584.170617}
{"r": 0.0, "l": 1000, "t": 4632.748169}
{"r": 0.0, "l": 1000, "t": 4681.940149}
{"r": 0.0, "l": 1000, "t": 4729.687021}
{"r": 0.0, "l": 1000, "t": 4777.821749}
{"r": 0.0, "l": 1000, "t": 4825.891702}
{"r": 0.0, "l": 1000, "t": 4869.84815}
{"r": 0.0, "l": 1000, "t": 4918.486217}
{"r": 0.0, "l": 1000, "t": 4967.858046}
{"r": 0.0, "l": 1000, "t": 5015.975581}
{"r": 0.0, "l": 1000, "t": 5064.577837}
{"r": 0.0, "l": 1000, "t": 5117.001194}
{"r": 0.0, "l": 1000, "t": 5173.251566}
{"r": 0.0, "l": 1000, "t": 5229.322036}
{"r": 0.0, "l": 1000, "t": 5285.988549}
{"r": 0.0, "l": 1000, "t": 5341.019302}
{"r": 0.0, "l": 1000, "t": 5396.831838}
{"r": 0.0, "l": 1000, "t": 5453.447265}
{"r": 0.0, "l": 1000, "t": 5506.162192}
{"r": 0.0, "l": 1000, "t": 5564.133512}
{"r": 0.0, "l": 1000, "t": 5619.700785}
{"r": 0.0, "l": 1000, "t": 5674.779024}
{"r": 0.0, "l": 1000, "t": 5730.962067}
{"r": 0.0, "l": 1000, "t": 5789.19599}
{"r": 0.0, "l": 1000, "t": 5843.786906}
{"r": 0.0, "l": 1000, "t": 5900.378052}
{"r": 0.0, "l": 1000, "t": 5957.181365}
{"r": 0.0, "l": 1000, "t": 6014.623992}
{"r": 0.0, "l": 1000, "t": 6072.545681}
{"r": 0.0, "l": 1000, "t": 6129.335009}
{"r": 0.0, "l": 1000, "t": 6182.820682}
{"r": 0.0, "l": 1000, "t": 6240.791426}
{"r": 0.0, "l": 1000, "t": 6296.938374}
{"r": 0.0, "l": 1000, "t": 6352.298732}
{"r": 0.0, "l": 1000, "t": 6408.23549}
{"r": 0.0, "l": 1000, "t": 6465.639223}
{"r": 0.0, "l": 1000, "t": 6521.88464}
{"r": 0.0, "l": 1000, "t": 6578.519951}
{"r": 0.0, "l": 1000, "t": 6635.184902}
{"r": 0.0, "l": 1000, "t": 6690.789011}
{"r": 0.0, "l": 1000, "t": 6749.242855}
{"r": 0.0, "l": 1000, "t": 6803.956874}
{"r": 0.0, "l": 1000, "t": 6861.119456}
{"r": 0.0, "l": 1000, "t": 6917.013223}
{"r": 0.0, "l": 1000, "t": 6970.659917}
{"r": 0.0, "l": 1000, "t": 7027.368021}
{"r": 0.0, "l": 1000, "t": 7085.169737}
{"r": 0.0, "l": 1000, "t": 7139.954211}
{"r": 0.0, "l": 1000, "t": 7197.143285}
{"r": 0.0, "l": 1000, "t": 7256.427651}
{"r": 0.0, "l": 1000, "t": 7312.088016}
{"r": 0.0, "l": 1000, "t": 7371.465607}
{"r": 0.0, "l": 1000, "t": 7430.056993}
{"r": 0.0, "l": 1000, "t": 7486.97411}
{"r": 0.0, "l": 1000, "t": 7545.433912}
{"r": 0.0, "l": 1000, "t": 7603.436535}
{"r": 0.0, "l": 1000, "t": 7657.118001}
{"r": 0.0, "l": 1000, "t": 7713.277153}
{"r": 0.0, "l": 1000, "t": 7770.363385}
{"r": 0.0, "l": 1000, "t": 7828.345629}
{"r": 0.0, "l": 1000, "t": 7887.619429}
{"r": 0.0, "l": 1000, "t": 7944.526991}
{"r": 0.0, "l": 1000, "t": 8002.180911}
{"r": 0.0, "l": 1000, "t": 8061.07359}
{"r": 0.0, "l": 1000, "t": 8117.194148}
{"r": 0.0, "l": 1000, "t": 8175.167128}
{"r": 0.0, "l": 1000, "t": 8232.033473}
{"r": 0.0, "l": 1000, "t": 8289.065724}
{"r": 0.0, "l": 1000, "t": 8347.697234}
{"r": 0.0, "l": 1000, "t": 8405.419707}
{"r": 0.0, "l": 1000, "t": 8463.004122}
{"r": 0.0, "l": 1000, "t": 8522.273554}
{"r": 0.0, "l": 1000, "t": 8583.121788}
{"r": 0.0, "l": 1000,