{"t_start": 1515691645.6855252, "gym_version": "0.9.2", "env_id": "GridWorldNoFrameskip-v4"}
{"r": 0.0, "l": 1000, "t": 28.349477}
{"r": 0.0, "l": 1000, "t": 55.883176}
{"r": 0.0, "l": 1000, "t": 80.930347}
{"r": 0.0, "l": 1000, "t": 106.843001}
{"r": 0.0, "l": 1000, "t": 132.072471}
{"r": 0.0, "l": 1000, "t": 157.212229}
{"r": 0.0, "l": 1000, "t": 183.210894}
{"r": 0.0, "l": 1000, "t": 209.12343}
{"r": 0.0, "l": 1000, "t": 236.003414}
{"r": 0.0, "l": 1000, "t": 260.777554}
{"r": 0.0, "l": 1000, "t": 284.75457}
{"r": 0.0, "l": 1000, "t": 309.57708}
{"r": 0.0, "l": 1000, "t": 335.059576}
{"r": 0.0, "l": 1000, "t": 359.580623}
{"r": 0.0, "l": 1000, "t": 385.182353}
{"r": 0.0, "l": 1000, "t": 410.402807}
{"r": 0.0, "l": 1000, "t": 435.523231}
{"r": 0.0, "l": 1000, "t": 460.979468}
{"r": 0.0, "l": 1000, "t": 487.030668}
{"r": 0.0, "l": 1000, "t": 511.769157}
{"r": 0.0, "l": 1000, "t": 538.170271}
{"r": 0.0, "l": 1000, "t": 563.949383}
{"r": 0.0, "l": 1000, "t": 589.430775}
{"r": 0.0, "l": 1000, "t": 615.561379}
{"r": 0.0, "l": 1000, "t": 643.629402}
{"r": 0.0, "l": 1000, "t": 670.140465}
{"r": 0.0, "l": 1000, "t": 696.763732}
{"r": 0.0, "l": 1000, "t": 724.22111}
{"r": 0.0, "l": 1000, "t": 751.150238}
{"r": 0.0, "l": 1000, "t": 777.132161}
{"r": 0.0, "l": 1000, "t": 804.521176}
{"r": 0.0, "l": 1000, "t": 830.740657}
{"r": 0.0, "l": 1000, "t": 858.034242}
{"r": 0.0, "l": 1000, "t": 884.122068}
{"r": 0.0, "l": 1000, "t": 910.261358}
{"r": 0.0, "l": 1000, "t": 936.709658}
{"r": 0.0, "l": 1000, "t": 962.980358}
{"r": 0.0, "l": 1000, "t": 989.871319}
{"r": 0.0, "l": 1000, "t": 1016.099946}
{"r": 0.0, "l": 1000, "t": 1043.342068}
{"r": 0.0, "l": 1000, "t": 1070.763094}
{"r": 0.0, "l": 1000, "t": 1097.093871}
{"r": 0.0, "l": 1000, "t": 1123.979715}
{"r": 0.0, "l": 1000, "t": 1150.19108}
{"r": 0.0, "l": 1000, "t": 1177.456445}
{"r": 0.0, "l": 1000, "t": 1204.352332}
{"r": 0.0, "l": 1000, "t": 1230.396924}
{"r": 0.0, "l": 1000, "t": 1256.337261}
{"r": 0.0, "l": 1000, "t": 1282.982955}
{"r": 0.0, "l": 1000, "t": 1310.282022}
{"r": 0.0, "l": 1000, "t": 1337.350831}
{"r": 0.0, "l": 1000, "t": 1364.490077}
{"r": 0.0, "l": 1000, "t": 1390.827376}
{"r": 0.0, "l": 1000, "t": 1417.077729}
{"r": 0.0, "l": 1000, "t": 1444.88283}
{"r": 0.0, "l": 1000, "t": 1471.610696}
{"r": 0.0, "l": 1000, "t": 1498.697685}
{"r": 0.0, "l": 1000, "t": 1525.521252}
{"r": 0.0, "l": 1000, "t": 1552.6996}
{"r": 0.0, "l": 1000, "t": 1579.611309}
{"r": 0.0, "l": 1000, "t": 1606.244867}
{"r": 0.0, "l": 1000, "t": 1633.352046}
{"r": 0.0, "l": 1000, "t": 1676.232912}
{"r": 0.0, "l": 1000, "t": 1720.267009}
{"r": 0.0, "l": 1000, "t": 1767.815251}
{"r": 0.0, "l": 1000, "t": 1812.216912}
{"r": 0.0, "l": 1000, "t": 1858.2209}
{"r": 0.0, "l": 1000, "t": 1904.762746}
{"r": 0.0, "l": 1000, "t": 1951.238081}
{"r": 0.0, "l": 1000, "t": 1995.159548}
{"r": 0.0, "l": 1000, "t": 2042.089528}
{"r": 0.0, "l": 1000, "t": 2089.924656}
{"r": 0.0, "l": 1000, "t": 2135.174086}
{"r": 0.0, "l": 1000, "t": 2180.031335}
{"r": 0.0, "l": 1000, "t": 2225.630765}
{"r": 0.0, "l": 1000, "t": 2272.870255}
{"r": 0.0, "l": 1000, "t": 2318.244921}
{"r": 0.0, "l": 1000, "t": 2365.531626}
{"r": 0.0, "l": 1000, "t": 2413.437156}
{"r": 0.0, "l": 1000, "t": 2458.937708}
{"r": 0.0, "l": 1000, "t": 2503.629089}
{"r": 0.0, "l": 1000, "t": 2550.788587}
{"r": 0.0, "l": 1000, "t": 2597.348599}
{"r": 0.0, "l": 1000, "t": 2643.041996}
{"r": 0.0, "l": 1000, "t": 2690.428392}
{"r": 0.0, "l": 1000, "t": 2735.994558}
{"r": 0.0, "l": 1000, "t": 2780.340439}
{"r": 0.0, "l": 1000, "t": 2825.511749}
{"r": 0.0, "l": 1000, "t": 2871.530532}
{"r": 0.0, "l": 1000, "t": 2917.920721}
{"r": 0.0, "l": 1000, "t": 2961.156307}
{"r": 0.0, "l": 1000, "t": 3008.383216}
{"r": 0.0, "l": 1000, "t": 3056.795796}
{"r": 0.0, "l": 1000, "t": 3101.983727}
{"r": 0.0, "l": 1000, "t": 3149.725385}
{"r": 0.0, "l": 1000, "t": 3195.647419}
{"r": 0.0, "l": 1000, "t": 3241.181653}
{"r": 0.0, "l": 1000, "t": 3284.492669}
{"r": 0.0, "l": 1000, "t": 3331.994337}
{"r": 0.0, "l": 1000, "t": 3378.456174}
{"r": 0.0, "l": 1000, "t": 3422.912434}
{"r": 0.0, "l": 1000, "t": 3469.248939}
{"r": 0.0, "l": 1000, "t": 3515.44095}
{"r": 0.0, "l": 1000, "t": 3562.769231}
{"r": 0.0, "l": 1000, "t": 3607.554333}
{"r": 0.0, "l": 1000, "t": 3654.978016}
{"r": 0.0, "l": 1000, "t": 3701.692136}
{"r": 0.0, "l": 1000, "t": 3746.230102}
{"r": 0.0, "l": 1000, "t": 3794.171588}
{"r": 0.0, "l": 1000, "t": 3841.482064}
{"r": 0.0, "l": 1000, "t": 3889.759784}
{"r": 0.0, "l": 1000, "t": 3935.576922}
{"r": 0.0, "l": 1000, "t": 3981.803758}
{"r": 0.0, "l": 1000, "t": 4031.054522}
{"r": 0.0, "l": 1000, "t": 4075.720801}
{"r": 0.0, "l": 1000, "t": 4122.425981}
{"r": 0.0, "l": 1000, "t": 4171.097781}
{"r": 0.0, "l": 1000, "t": 4216.837064}
{"r": 0.0, "l": 1000, "t": 4264.425852}
{"r": 0.0, "l": 1000, "t": 4312.036598}
{"r": 0.0, "l": 1000, "t": 4359.379468}
{"r": 0.0, "l": 1000, "t": 4402.814533}
{"r": 0.0, "l": 1000, "t": 4451.135385}
{"r": 0.0, "l": 1000, "t": 4499.744485}
{"r": 0.0, "l": 1000, "t": 4547.136652}
{"r": 0.0, "l": 1000, "t": 4593.780559}
{"r": 0.0, "l": 1000, "t": 4643.051848}
{"r": 0.0, "l": 1000, "t": 4690.448024}
{"r": 0.0, "l": 1000, "t": 4739.451669}
{"r": 0.0, "l": 1000, "t": 4786.770094}
{"r": 0.0, "l": 1000, "t": 4834.981317}
{"r": 0.0, "l": 1000, "t": 4880.188879}
{"r": 0.0, "l": 1000, "t": 4929.559568}
{"r": 0.0, "l": 1000, "t": 4978.898816}
{"r": 0.0, "l": 1000, "t": 5027.19468}
{"r": 0.0, "l": 1000, "t": 5076.680069}
{"r": 0.0, "l": 1000, "t": 5130.034692}
{"r": 0.0, "l": 1000, "t": 5185.670413}
{"r": 0.0, "l": 1000, "t": 5242.10692}
{"r": 0.0, "l": 1000, "t": 5299.96917}
{"r": 0.0, "l": 1000, "t": 5353.223241}
{"r": 0.0, "l": 1000, "t": 5409.32941}
{"r": 0.0, "l": 1000, "t": 5466.973434}
{"r": 0.0, "l": 1000, "t": 5521.458803}
{"r": 0.0, "l": 1000, "t": 5578.632857}
{"r": 0.0, "l": 1000, "t": 5634.443077}
{"r": 0.0, "l": 1000, "t": 5688.011377}
{"r": 0.0, "l": 1000, "t": 5744.381123}
{"r": 0.0, "l": 1000, "t": 5803.323312}
{"r": 0.0, "l": 1000, "t": 5858.761322}
{"r": 0.0, "l": 1000, "t": 5914.861915}
{"r": 0.0, "l": 1000, "t": 5972.261115}
{"r": 0.0, "l": 1000, "t": 6027.661431}
{"r": 0.0, "l": 1000, "t": 6084.947115}
{"r": 0.0, "l": 1000, "t": 6141.235866}
{"r": 0.0, "l": 1000, "t": 6195.448161}
{"r": 0.0, "l": 1000, "t": 6252.787769}
{"r": 0.0, "l": 1000, "t": 6309.394689}
{"r": 0.0, "l": 1000, "t": 6364.131882}
{"r": 0.0, "l": 1000, "t": 6422.474662}
{"r": 0.0, "l": 1000, "t": 6477.909789}
{"r": 0.0, "l": 1000, "t": 6532.248868}
{"r": 0.0, "l": 1000, "t": 6589.126991}
{"r": 0.0, "l": 1000, "t": 6644.705407}
{"r": 0.0, "l": 1000, "t": 6702.188192}
{"r": 0.0, "l": 1000, "t": 6761.482002}
{"r": 0.0, "l": 1000, "t": 6815.210365}
{"r": 0.0, "l": 1000, "t": 6871.044659}
{"r": 0.0, "l": 1000, "t": 6927.548797}
{"r": 0.0, "l": 1000, "t": 6982.41142}
{"r": 0.0, "l": 1000, "t": 7039.278524}
{"r": 0.0, "l": 1000, "t": 7098.203388}
{"r": 0.0, "l": 1000, "t": 7151.575546}
{"r": 0.0, "l": 1000, "t": 7210.440053}
{"r": 0.0, "l": 1000, "t": 7266.43223}
{"r": 0.0, "l": 1000, "t": 7322.115657}
{"r": 0.0, "l": 1000, "t": 7382.271445}
{"r": 0.0, "l": 1000, "t": 7442.635091}
{"r": 0.0, "l": 1000, "t": 7499.31366}
{"r": 0.0, "l": 1000, "t": 7556.669881}
{"r": 0.0, "l": 1000, "t": 7614.117784}
{"r": 0.0, "l": 1000, "t": 7669.336582}
{"r": 0.0, "l": 1000, "t": 7726.415255}
{"r": 0.0, "l": 1000, "t": 7784.298795}
{"r": 0.0, "l": 1000, "t": 7843.252573}
{"r": 0.0, "l": 1000, "t": 7901.79343}
{"r": 0.0, "l": 1000, "t": 7957.490125}
{"r": 0.0, "l": 1000, "t": 8016.571021}
{"r": 0.0, "l": 1000, "t": 8075.70782}
{"r": 0.0, "l": 1000, "t": 8130.683792}
{"r": 0.0, "l": 1000, "t": 8189.610705}
{"r": 0.0, "l": 1000, "t": 8245.92816}
{"r": 0.0, "l": 1000, "t": 8302.923608}
{"r": 0.0, "l": 1000, "t": 8360.17445}
{"r": 0.0, "l": 1000, "t": 8420.141091}
{"r": 0.0, "l": 1000, "t": 8477.175199}
{"r": 0.0, "l": 1000, "t": 8536.040978}
{"r": 0.0, "l": 1000, "t": 8596.738376}
{"r": 0.0, "l": 1000, "t": 8655.19269}
{"r": 0.0,