{"t_start": 1515691645.6852288, "gym_version": "0.9.2", "env_id": "GridWorldNoFrameskip-v4"}
{"r": 0.0, "l": 1000, "t": 27.64713}
{"r": 0.0, "l": 1000, "t": 54.399461}
{"r": 0.0, "l": 1000, "t": 79.73303}
{"r": 0.0, "l": 1000, "t": 104.855058}
{"r": 0.0, "l": 1000, "t": 129.87078}
{"r": 0.0, "l": 1000, "t": 155.721796}
{"r": 0.0, "l": 1000, "t": 181.860093}
{"r": 0.0, "l": 1000, "t": 208.174805}
{"r": 0.0, "l": 1000, "t": 234.480479}
{"r": 0.0, "l": 1000, "t": 258.952884}
{"r": 0.0, "l": 1000, "t": 283.455994}
{"r": 0.0, "l": 1000, "t": 308.839079}
{"r": 0.0, "l": 1000, "t": 333.582539}
{"r": 0.0, "l": 1000, "t": 359.109205}
{"r": 0.0, "l": 1000, "t": 384.208635}
{"r": 0.0, "l": 1000, "t": 409.637389}
{"r": 0.0, "l": 1000, "t": 434.787363}
{"r": 0.0, "l": 1000, "t": 460.141742}
{"r": 0.0, "l": 1000, "t": 486.157922}
{"r": 0.0, "l": 1000, "t": 511.769123}
{"r": 0.0, "l": 1000, "t": 537.465593}
{"r": 0.0, "l": 1000, "t": 562.831444}
{"r": 0.0, "l": 1000, "t": 588.377521}
{"r": 0.0, "l": 1000, "t": 614.483275}
{"r": 0.0, "l": 1000, "t": 642.164947}
{"r": 0.0, "l": 1000, "t": 668.526914}
{"r": 0.0, "l": 1000, "t": 695.330659}
{"r": 0.0, "l": 1000, "t": 721.854976}
{"r": 0.0, "l": 1000, "t": 748.924116}
{"r": 0.0, "l": 1000, "t": 775.171557}
{"r": 0.0, "l": 1000, "t": 802.417874}
{"r": 0.0, "l": 1000, "t": 828.433448}
{"r": 0.0, "l": 1000, "t": 855.15378}
{"r": 0.0, "l": 1000, "t": 882.221323}
{"r": 0.0, "l": 1000, "t": 908.159554}
{"r": 0.0, "l": 1000, "t": 934.378309}
{"r": 0.0, "l": 1000, "t": 961.922463}
{"r": 0.0, "l": 1000, "t": 988.774708}
{"r": 0.0, "l": 1000, "t": 1015.247505}
{"r": 0.0, "l": 1000, "t": 1042.022496}
{"r": 0.0, "l": 1000, "t": 1069.665028}
{"r": 0.0, "l": 1000, "t": 1096.570518}
{"r": 0.0, "l": 1000, "t": 1123.44995}
{"r": 0.0, "l": 1000, "t": 1150.622454}
{"r": 0.0, "l": 1000, "t": 1178.381433}
{"r": 0.0, "l": 1000, "t": 1205.267995}
{"r": 0.0, "l": 1000, "t": 1231.120389}
{"r": 0.0, "l": 1000, "t": 1256.949778}
{"r": 0.0, "l": 1000, "t": 1284.094564}
{"r": 0.0, "l": 1000, "t": 1310.411613}
{"r": 0.0, "l": 1000, "t": 1337.432106}
{"r": 0.0, "l": 1000, "t": 1365.309399}
{"r": 0.0, "l": 1000, "t": 1392.179834}
{"r": 0.0, "l": 1000, "t": 1419.292427}
{"r": 0.0, "l": 1000, "t": 1446.271158}
{"r": 0.0, "l": 1000, "t": 1472.418839}
{"r": 0.0, "l": 1000, "t": 1499.471852}
{"r": 0.0, "l": 1000, "t": 1527.324744}
{"r": 0.0, "l": 1000, "t": 1553.778861}
{"r": 0.0, "l": 1000, "t": 1580.941893}
{"r": 0.0, "l": 1000, "t": 1607.742345}
{"r": 0.0, "l": 1000, "t": 1633.89025}
{"r": 0.0, "l": 1000, "t": 1678.018733}
{"r": 0.0, "l": 1000, "t": 1722.762324}
{"r": 0.0, "l": 1000, "t": 1770.283408}
{"r": 0.0, "l": 1000, "t": 1814.838732}
{"r": 0.0, "l": 1000, "t": 1860.10263}
{"r": 0.0, "l": 1000, "t": 1906.492218}
{"r": 0.0, "l": 1000, "t": 1951.449141}
{"r": 0.0, "l": 1000, "t": 1995.169041}
{"r": 0.0, "l": 1000, "t": 2042.066709}
{"r": 0.0, "l": 1000, "t": 2088.274846}
{"r": 0.0, "l": 1000, "t": 2133.836651}
{"r": 0.0, "l": 1000, "t": 2179.867461}
{"r": 0.0, "l": 1000, "t": 2225.599905}
{"r": 0.0, "l": 1000, "t": 2272.870594}
{"r": 0.0, "l": 1000, "t": 2319.612538}
{"r": 0.0, "l": 1000, "t": 2365.534963}
{"r": 0.0, "l": 1000, "t": 2411.814558}
{"r": 0.0, "l": 1000, "t": 2455.304428}
{"r": 0.0, "l": 1000, "t": 2502.36916}
{"r": 0.0, "l": 1000, "t": 2548.662247}
{"r": 0.0, "l": 1000, "t": 2595.021369}
{"r": 0.0, "l": 1000, "t": 2640.410169}
{"r": 0.0, "l": 1000, "t": 2687.543606}
{"r": 0.0, "l": 1000, "t": 2734.455775}
{"r": 0.0, "l": 1000, "t": 2777.457555}
{"r": 0.0, "l": 1000, "t": 2823.935399}
{"r": 0.0, "l": 1000, "t": 2869.972926}
{"r": 0.0, "l": 1000, "t": 2916.554664}
{"r": 0.0, "l": 1000, "t": 2962.549598}
{"r": 0.0, "l": 1000, "t": 3011.500247}
{"r": 0.0, "l": 1000, "t": 3058.199593}
{"r": 0.0, "l": 1000, "t": 3102.030999}
{"r": 0.0, "l": 1000, "t": 3149.758205}
{"r": 0.0, "l": 1000, "t": 3195.619276}
{"r": 0.0, "l": 1000, "t": 3241.181891}
{"r": 0.0, "l": 1000, "t": 3284.521625}
{"r": 0.0, "l": 1000, "t": 3332.224605}
{"r": 0.0, "l": 1000, "t": 3378.573848}
{"r": 0.0, "l": 1000, "t": 3423.094671}
{"r": 0.0, "l": 1000, "t": 3471.12328}
{"r": 0.0, "l": 1000, "t": 3517.564231}
{"r": 0.0, "l": 1000, "t": 3563.999149}
{"r": 0.0, "l": 1000, "t": 3608.961238}
{"r": 0.0, "l": 1000, "t": 3655.964722}
{"r": 0.0, "l": 1000, "t": 3702.779997}
{"r": 0.0, "l": 1000, "t": 3748.271898}
{"r": 0.0, "l": 1000, "t": 3797.201254}
{"r": 0.0, "l": 1000, "t": 3845.885324}
{"r": 0.0, "l": 1000, "t": 3892.510148}
{"r": 0.0, "l": 1000, "t": 3937.235603}
{"r": 0.0, "l": 1000, "t": 3984.523997}
{"r": 0.0, "l": 1000, "t": 4032.547048}
{"r": 0.0, "l": 1000, "t": 4077.778888}
{"r": 0.0, "l": 1000, "t": 4123.824678}
{"r": 0.0, "l": 1000, "t": 4172.575217}
{"r": 0.0, "l": 1000, "t": 4217.544637}
{"r": 0.0, "l": 1000, "t": 4266.175855}
{"r": 0.0, "l": 1000, "t": 4315.500352}
{"r": 0.0, "l": 1000, "t": 4362.460361}
{"r": 0.0, "l": 1000, "t": 4406.511034}
{"r": 0.0, "l": 1000, "t": 4455.558325}
{"r": 0.0, "l": 1000, "t": 4504.879693}
{"r": 0.0, "l": 1000, "t": 4552.048241}
{"r": 0.0, "l": 1000, "t": 4600.450281}
{"r": 0.0, "l": 1000, "t": 4649.754819}
{"r": 0.0, "l": 1000, "t": 4697.65655}
{"r": 0.0, "l": 1000, "t": 4745.293248}
{"r": 0.0, "l": 1000, "t": 4794.898058}
{"r": 0.0, "l": 1000, "t": 4843.188389}
{"r": 0.0, "l": 1000, "t": 4888.327984}
{"r": 0.0, "l": 1000, "t": 4938.02747}
{"r": 0.0, "l": 1000, "t": 4988.403135}
{"r": 0.0, "l": 1000, "t": 5036.158171}
{"r": 0.0, "l": 1000, "t": 5085.539618}
{"r": 0.0, "l": 1000, "t": 5139.604219}
{"r": 0.0, "l": 1000, "t": 5193.24384}
{"r": 0.0, "l": 1000, "t": 5250.450897}
{"r": 0.0, "l": 1000, "t": 5306.401784}
{"r": 0.0, "l": 1000, "t": 5359.825123}
{"r": 0.0, "l": 1000, "t": 5413.933602}
{"r": 0.0, "l": 1000, "t": 5470.181854}
{"r": 0.0, "l": 1000, "t": 5523.614131}
{"r": 0.0, "l": 1000, "t": 5581.58759}
{"r": 0.0, "l": 1000, "t": 5637.454698}
{"r": 0.0, "l": 1000, "t": 5691.040466}
{"r": 0.0, "l": 1000, "t": 5748.004661}
{"r": 0.0, "l": 1000, "t": 5804.998987}
{"r": 0.0, "l": 1000, "t": 5860.352162}
{"r": 0.0, "l": 1000, "t": 5915.800717}
{"r": 0.0, "l": 1000, "t": 5972.352608}
{"r": 0.0, "l": 1000, "t": 6027.544708}
{"r": 0.0, "l": 1000, "t": 6084.922512}
{"r": 0.0, "l": 1000, "t": 6141.22763}
{"r": 0.0, "l": 1000, "t": 6195.572727}
{"r": 0.0, "l": 1000, "t": 6254.417758}
{"r": 0.0, "l": 1000, "t": 6309.460735}
{"r": 0.0, "l": 1000, "t": 6364.330432}
{"r": 0.0, "l": 1000, "t": 6420.738319}
{"r": 0.0, "l": 1000, "t": 6476.213273}
{"r": 0.0, "l": 1000, "t": 6532.254838}
{"r": 0.0, "l": 1000, "t": 6589.182233}
{"r": 0.0, "l": 1000, "t": 6646.238205}
{"r": 0.0, "l": 1000, "t": 6700.009853}
{"r": 0.0, "l": 1000, "t": 6758.088158}
{"r": 0.0, "l": 1000, "t": 6813.557368}
{"r": 0.0, "l": 1000, "t": 6869.088336}
{"r": 0.0, "l": 1000, "t": 6924.492329}
{"r": 0.0, "l": 1000, "t": 6979.903893}
{"r": 0.0, "l": 1000, "t": 7037.680358}
{"r": 0.0, "l": 1000, "t": 7094.965033}
{"r": 0.0, "l": 1000, "t": 7151.342092}
{"r": 0.0, "l": 1000, "t": 7208.512557}
{"r": 0.0, "l": 1000, "t": 7268.40018}
{"r": 0.0, "l": 1000, "t": 7322.159382}
{"r": 0.0, "l": 1000, "t": 7380.984729}
{"r": 0.0, "l": 1000, "t": 7440.305736}
{"r": 0.0, "l": 1000, "t": 7496.749193}
{"r": 0.0, "l": 1000, "t": 7556.497053}
{"r": 0.0, "l": 1000, "t": 7611.144935}
{"r": 0.0, "l": 1000, "t": 7667.672135}
{"r": 0.0, "l": 1000, "t": 7724.450635}
{"r": 0.0, "l": 1000, "t": 7781.568506}
{"r": 0.0, "l": 1000, "t": 7839.182217}
{"r": 0.0, "l": 1000, "t": 7897.150727}
{"r": 0.0, "l": 1000, "t": 7954.085438}
{"r": 0.0, "l": 1000, "t": 8013.528646}
{"r": 0.0, "l": 1000, "t": 8073.624583}
{"r": 0.0, "l": 1000, "t": 8128.247606}
{"r": 0.0, "l": 1000, "t": 8185.855549}
{"r": 0.0, "l": 1000, "t": 8242.548947}
{"r": 0.0, "l": 1000, "t": 8298.728049}
{"r": 0.0, "l": 1000, "t": 8356.609057}
{"r": 0.0, "l": 1000, "t": 8414.321998}
{"r": 0.0, "l": 1000, "t": 8472.979436}
{"r": 0.0, "l": 1000, "t": 8533.207438}
{"r": 0.0, "l": 1000, "t": 8592.26857}
{"r": 0.0, "l": 1000,