{"t_start": 1515691645.6873004, "gym_version": "0.9.2", "env_id": "GridWorldNoFrameskip-v4"}
{"r": 0.0, "l": 1000, "t": 28.319316}
{"r": 0.0, "l": 1000, "t": 55.205459}
{"r": 0.0, "l": 1000, "t": 80.848845}
{"r": 0.0, "l": 1000, "t": 106.841288}
{"r": 0.0, "l": 1000, "t": 131.96492}
{"r": 0.0, "l": 1000, "t": 157.18927}
{"r": 0.0, "l": 1000, "t": 183.180963}
{"r": 0.0, "l": 1000, "t": 209.017105}
{"r": 0.0, "l": 1000, "t": 235.428406}
{"r": 0.0, "l": 1000, "t": 260.098376}
{"r": 0.0, "l": 1000, "t": 285.282077}
{"r": 0.0, "l": 1000, "t": 310.750833}
{"r": 0.0, "l": 1000, "t": 335.787405}
{"r": 0.0, "l": 1000, "t": 360.623747}
{"r": 0.0, "l": 1000, "t": 386.000626}
{"r": 0.0, "l": 1000, "t": 411.70169}
{"r": 0.0, "l": 1000, "t": 436.536012}
{"r": 0.0, "l": 1000, "t": 462.248892}
{"r": 0.0, "l": 1000, "t": 487.792797}
{"r": 0.0, "l": 1000, "t": 513.385568}
{"r": 0.0, "l": 1000, "t": 538.291491}
{"r": 0.0, "l": 1000, "t": 563.540068}
{"r": 0.0, "l": 1000, "t": 589.457992}
{"r": 0.0, "l": 1000, "t": 616.759324}
{"r": 0.0, "l": 1000, "t": 643.597874}
{"r": 0.0, "l": 1000, "t": 670.194167}
{"r": 0.0, "l": 1000, "t": 696.738499}
{"r": 0.0, "l": 1000, "t": 724.197519}
{"r": 0.0, "l": 1000, "t": 750.04039}
{"r": 0.0, "l": 1000, "t": 776.116699}
{"r": 0.0, "l": 1000, "t": 802.415791}
{"r": 0.0, "l": 1000, "t": 828.458173}
{"r": 0.0, "l": 1000, "t": 855.097961}
{"r": 0.0, "l": 1000, "t": 881.47902}
{"r": 0.0, "l": 1000, "t": 908.12969}
{"r": 0.0, "l": 1000, "t": 934.348891}
{"r": 0.0, "l": 1000, "t": 961.03508}
{"r": 0.0, "l": 1000, "t": 987.829022}
{"r": 0.0, "l": 1000, "t": 1013.900687}
{"r": 0.0, "l": 1000, "t": 1041.172979}
{"r": 0.0, "l": 1000, "t": 1068.063596}
{"r": 0.0, "l": 1000, "t": 1095.259764}
{"r": 0.0, "l": 1000, "t": 1121.84994}
{"r": 0.0, "l": 1000, "t": 1148.561522}
{"r": 0.0, "l": 1000, "t": 1176.290762}
{"r": 0.0, "l": 1000, "t": 1203.511535}
{"r": 0.0, "l": 1000, "t": 1229.478734}
{"r": 0.0, "l": 1000, "t": 1256.232055}
{"r": 0.0, "l": 1000, "t": 1282.526414}
{"r": 0.0, "l": 1000, "t": 1308.779809}
{"r": 0.0, "l": 1000, "t": 1336.65148}
{"r": 0.0, "l": 1000, "t": 1364.515356}
{"r": 0.0, "l": 1000, "t": 1391.598805}
{"r": 0.0, "l": 1000, "t": 1418.538802}
{"r": 0.0, "l": 1000, "t": 1446.269177}
{"r": 0.0, "l": 1000, "t": 1473.180491}
{"r": 0.0, "l": 1000, "t": 1500.009347}
{"r": 0.0, "l": 1000, "t": 1528.197408}
{"r": 0.0, "l": 1000, "t": 1554.642986}
{"r": 0.0, "l": 1000, "t": 1582.580982}
{"r": 0.0, "l": 1000, "t": 1609.675817}
{"r": 0.0, "l": 1000, "t": 1636.798939}
{"r": 0.0, "l": 1000, "t": 1681.328363}
{"r": 0.0, "l": 1000, "t": 1725.746302}
{"r": 0.0, "l": 1000, "t": 1772.942505}
{"r": 0.0, "l": 1000, "t": 1816.552878}
{"r": 0.0, "l": 1000, "t": 1861.878543}
{"r": 0.0, "l": 1000, "t": 1909.670441}
{"r": 0.0, "l": 1000, "t": 1953.876328}
{"r": 0.0, "l": 1000, "t": 1998.533981}
{"r": 0.0, "l": 1000, "t": 2044.787545}
{"r": 0.0, "l": 1000, "t": 2091.178756}
{"r": 0.0, "l": 1000, "t": 2136.792568}
{"r": 0.0, "l": 1000, "t": 2181.638562}
{"r": 0.0, "l": 1000, "t": 2227.281205}
{"r": 0.0, "l": 1000, "t": 2272.92184}
{"r": 0.0, "l": 1000, "t": 2318.330847}
{"r": 0.0, "l": 1000, "t": 2365.699778}
{"r": 0.0, "l": 1000, "t": 2413.596262}
{"r": 0.0, "l": 1000, "t": 2457.43302}
{"r": 0.0, "l": 1000, "t": 2503.465628}
{"r": 0.0, "l": 1000, "t": 2550.676996}
{"r": 0.0, "l": 1000, "t": 2596.286374}
{"r": 0.0, "l": 1000, "t": 2640.663923}
{"r": 0.0, "l": 1000, "t": 2687.745107}
{"r": 0.0, "l": 1000, "t": 2734.418621}
{"r": 0.0, "l": 1000, "t": 2777.370501}
{"r": 0.0, "l": 1000, "t": 2822.719797}
{"r": 0.0, "l": 1000, "t": 2868.617069}
{"r": 0.0, "l": 1000, "t": 2916.488174}
{"r": 0.0, "l": 1000, "t": 2962.486716}
{"r": 0.0, "l": 1000, "t": 3008.45368}
{"r": 0.0, "l": 1000, "t": 3056.625274}
{"r": 0.0, "l": 1000, "t": 3103.653517}
{"r": 0.0, "l": 1000, "t": 3149.75621}
{"r": 0.0, "l": 1000, "t": 3197.333318}
{"r": 0.0, "l": 1000, "t": 3242.827556}
{"r": 0.0, "l": 1000, "t": 3286.344572}
{"r": 0.0, "l": 1000, "t": 3332.228603}
{"r": 0.0, "l": 1000, "t": 3378.372497}
{"r": 0.0, "l": 1000, "t": 3423.099321}
{"r": 0.0, "l": 1000, "t": 3469.269472}
{"r": 0.0, "l": 1000, "t": 3517.322746}
{"r": 0.0, "l": 1000, "t": 3564.043197}
{"r": 0.0, "l": 1000, "t": 3607.539534}
{"r": 0.0, "l": 1000, "t": 3655.957779}
{"r": 0.0, "l": 1000, "t": 3702.784507}
{"r": 0.0, "l": 1000, "t": 3748.019761}
{"r": 0.0, "l": 1000, "t": 3795.717586}
{"r": 0.0, "l": 1000, "t": 3843.193056}
{"r": 0.0, "l": 1000, "t": 3890.768458}
{"r": 0.0, "l": 1000, "t": 3937.12085}
{"r": 0.0, "l": 1000, "t": 3984.525087}
{"r": 0.0, "l": 1000, "t": 4034.093368}
{"r": 0.0, "l": 1000, "t": 4079.165704}
{"r": 0.0, "l": 1000, "t": 4125.79172}
{"r": 0.0, "l": 1000, "t": 4173.980446}
{"r": 0.0, "l": 1000, "t": 4217.616341}
{"r": 0.0, "l": 1000, "t": 4264.353741}
{"r": 0.0, "l": 1000, "t": 4312.101496}
{"r": 0.0, "l": 1000, "t": 4360.751004}
{"r": 0.0, "l": 1000, "t": 4406.707831}
{"r": 0.0, "l": 1000, "t": 4456.601559}
{"r": 0.0, "l": 1000, "t": 4504.921586}
{"r": 0.0, "l": 1000, "t": 4551.992674}
{"r": 0.0, "l": 1000, "t": 4598.637651}
{"r": 0.0, "l": 1000, "t": 4647.958447}
{"r": 0.0, "l": 1000, "t": 4696.6359}
{"r": 0.0, "l": 1000, "t": 4745.200814}
{"r": 0.0, "l": 1000, "t": 4793.137885}
{"r": 0.0, "l": 1000, "t": 4840.286719}
{"r": 0.0, "l": 1000, "t": 4885.254818}
{"r": 0.0, "l": 1000, "t": 4933.733716}
{"r": 0.0, "l": 1000, "t": 4983.820049}
{"r": 0.0, "l": 1000, "t": 5031.556165}
{"r": 0.0, "l": 1000, "t": 5081.522549}
{"r": 0.0, "l": 1000, "t": 5136.109098}
{"r": 0.0, "l": 1000, "t": 5188.94779}
{"r": 0.0, "l": 1000, "t": 5247.042751}
{"r": 0.0, "l": 1000, "t": 5303.242023}
{"r": 0.0, "l": 1000, "t": 5358.552842}
{"r": 0.0, "l": 1000, "t": 5415.725286}
{"r": 0.0, "l": 1000, "t": 5471.993027}
{"r": 0.0, "l": 1000, "t": 5526.902592}
{"r": 0.0, "l": 1000, "t": 5583.560201}
{"r": 0.0, "l": 1000, "t": 5641.017438}
{"r": 0.0, "l": 1000, "t": 5694.694007}
{"r": 0.0, "l": 1000, "t": 5752.932498}
{"r": 0.0, "l": 1000, "t": 5810.302956}
{"r": 0.0, "l": 1000, "t": 5865.31638}
{"r": 0.0, "l": 1000, "t": 5919.134038}
{"r": 0.0, "l": 1000, "t": 5976.373749}
{"r": 0.0, "l": 1000, "t": 6031.370291}
{"r": 0.0, "l": 1000, "t": 6090.112716}
{"r": 0.0, "l": 1000, "t": 6145.915625}
{"r": 0.0, "l": 1000, "t": 6201.488553}
{"r": 0.0, "l": 1000, "t": 6260.257013}
{"r": 0.0, "l": 1000, "t": 6316.839883}
{"r": 0.0, "l": 1000, "t": 6373.071465}
{"r": 0.0, "l": 1000, "t": 6431.113442}
{"r": 0.0, "l": 1000, "t": 6486.597983}
{"r": 0.0, "l": 1000, "t": 6544.942813}
{"r": 0.0, "l": 1000, "t": 6601.808007}
{"r": 0.0, "l": 1000, "t": 6656.547504}
{"r": 0.0, "l": 1000, "t": 6713.912884}
{"r": 0.0, "l": 1000, "t": 6771.56084}
{"r": 0.0, "l": 1000, "t": 6826.279991}
{"r": 0.0, "l": 1000, "t": 6880.787391}
{"r": 0.0, "l": 1000, "t": 6936.896375}
{"r": 0.0, "l": 1000, "t": 6991.319498}
{"r": 0.0, "l": 1000, "t": 7050.252613}
{"r": 0.0, "l": 1000, "t": 7107.109025}
{"r": 0.0, "l": 1000, "t": 7163.263623}
{"r": 0.0, "l": 1000, "t": 7221.037516}
{"r": 0.0, "l": 1000, "t": 7278.65645}
{"r": 0.0, "l": 1000, "t": 7335.341281}
{"r": 0.0, "l": 1000, "t": 7390.98481}
{"r": 0.0, "l": 1000, "t": 7451.311811}
{"r": 0.0, "l": 1000, "t": 7509.230992}
{"r": 0.0, "l": 1000, "t": 7567.097661}
{"r": 0.0, "l": 1000, "t": 7621.997303}
{"r": 0.0, "l": 1000, "t": 7677.556408}
{"r": 0.0, "l": 1000, "t": 7735.223254}
{"r": 0.0, "l": 1000, "t": 7792.71292}
{"r": 0.0, "l": 1000, "t": 7851.366397}
{"r": 0.0, "l": 1000, "t": 7908.474569}
{"r": 0.0, "l": 1000, "t": 7961.953272}
{"r": 0.0, "l": 1000, "t": 8020.723027}
{"r": 0.0, "l": 1000, "t": 8079.816844}
{"r": 0.0, "l": 1000, "t": 8134.667352}
{"r": 0.0, "l": 1000, "t": 8194.070609}
{"r": 0.0, "l": 1000, "t": 8251.050108}
{"r": 0.0, "l": 1000, "t": 8305.894944}
{"r": 0.0, "l": 1000, "t": 8365.073212}
{"r": 0.0, "l": 1000, "t": 8424.322955}
{"r": 0.0, "l": 1000, "t": 8481.961686}
{"r": 0.0, "l": 1000, "t": 8541.82286}
{"r": 0.0, "l": 1000, "t": 8601.676541}
{"r": 0.0, "l": 1000, "t": 8659.631144}
{"r": 0.0,