{"t_start": 1515691645.6917624, "gym_version": "0.9.2", "env_id": "GridWorldNoFrameskip-v4"}
{"r": 0.0, "l": 1000, "t": 28.293959}
{"r": 0.0, "l": 1000, "t": 55.147618}
{"r": 0.0, "l": 1000, "t": 80.844331}
{"r": 0.0, "l": 1000, "t": 106.011069}
{"r": 0.0, "l": 1000, "t": 131.280366}
{"r": 0.0, "l": 1000, "t": 155.834763}
{"r": 0.0, "l": 1000, "t": 181.961103}
{"r": 0.0, "l": 1000, "t": 208.341038}
{"r": 0.0, "l": 1000, "t": 234.754035}
{"r": 0.0, "l": 1000, "t": 260.09436}
{"r": 0.0, "l": 1000, "t": 284.774889}
{"r": 0.0, "l": 1000, "t": 309.571214}
{"r": 0.0, "l": 1000, "t": 335.114663}
{"r": 0.0, "l": 1000, "t": 359.605025}
{"r": 0.0, "l": 1000, "t": 385.280963}
{"r": 0.0, "l": 1000, "t": 410.396717}
{"r": 0.0, "l": 1000, "t": 436.09199}
{"r": 0.0, "l": 1000, "t": 461.735893}
{"r": 0.0, "l": 1000, "t": 487.76494}
{"r": 0.0, "l": 1000, "t": 513.49996}
{"r": 0.0, "l": 1000, "t": 539.682123}
{"r": 0.0, "l": 1000, "t": 565.157042}
{"r": 0.0, "l": 1000, "t": 591.001715}
{"r": 0.0, "l": 1000, "t": 617.524915}
{"r": 0.0, "l": 1000, "t": 644.325099}
{"r": 0.0, "l": 1000, "t": 670.753051}
{"r": 0.0, "l": 1000, "t": 696.786394}
{"r": 0.0, "l": 1000, "t": 723.508291}
{"r": 0.0, "l": 1000, "t": 750.007535}
{"r": 0.0, "l": 1000, "t": 776.112337}
{"r": 0.0, "l": 1000, "t": 802.460006}
{"r": 0.0, "l": 1000, "t": 828.484023}
{"r": 0.0, "l": 1000, "t": 855.03821}
{"r": 0.0, "l": 1000, "t": 881.391691}
{"r": 0.0, "l": 1000, "t": 908.05561}
{"r": 0.0, "l": 1000, "t": 934.345578}
{"r": 0.0, "l": 1000, "t": 960.944801}
{"r": 0.0, "l": 1000, "t": 987.801968}
{"r": 0.0, "l": 1000, "t": 1013.873202}
{"r": 0.0, "l": 1000, "t": 1041.085999}
{"r": 0.0, "l": 1000, "t": 1068.035105}
{"r": 0.0, "l": 1000, "t": 1095.207561}
{"r": 0.0, "l": 1000, "t": 1121.876099}
{"r": 0.0, "l": 1000, "t": 1148.417325}
{"r": 0.0, "l": 1000, "t": 1175.471148}
{"r": 0.0, "l": 1000, "t": 1202.85412}
{"r": 0.0, "l": 1000, "t": 1228.778292}
{"r": 0.0, "l": 1000, "t": 1254.518404}
{"r": 0.0, "l": 1000, "t": 1281.817443}
{"r": 0.0, "l": 1000, "t": 1308.75224}
{"r": 0.0, "l": 1000, "t": 1336.526816}
{"r": 0.0, "l": 1000, "t": 1363.157694}
{"r": 0.0, "l": 1000, "t": 1390.213775}
{"r": 0.0, "l": 1000, "t": 1417.523846}
{"r": 0.0, "l": 1000, "t": 1445.604009}
{"r": 0.0, "l": 1000, "t": 1472.412427}
{"r": 0.0, "l": 1000, "t": 1499.930268}
{"r": 0.0, "l": 1000, "t": 1527.318402}
{"r": 0.0, "l": 1000, "t": 1553.826259}
{"r": 0.0, "l": 1000, "t": 1581.021456}
{"r": 0.0, "l": 1000, "t": 1607.748623}
{"r": 0.0, "l": 1000, "t": 1635.508586}
{"r": 0.0, "l": 1000, "t": 1679.774077}
{"r": 0.0, "l": 1000, "t": 1725.535188}
{"r": 0.0, "l": 1000, "t": 1770.368883}
{"r": 0.0, "l": 1000, "t": 1814.838394}
{"r": 0.0, "l": 1000, "t": 1861.82809}
{"r": 0.0, "l": 1000, "t": 1907.846328}
{"r": 0.0, "l": 1000, "t": 1952.675511}
{"r": 0.0, "l": 1000, "t": 1996.719573}
{"r": 0.0, "l": 1000, "t": 2043.153427}
{"r": 0.0, "l": 1000, "t": 2091.141787}
{"r": 0.0, "l": 1000, "t": 2136.779542}
{"r": 0.0, "l": 1000, "t": 2181.378336}
{"r": 0.0, "l": 1000, "t": 2227.250159}
{"r": 0.0, "l": 1000, "t": 2272.909719}
{"r": 0.0, "l": 1000, "t": 2319.693703}
{"r": 0.0, "l": 1000, "t": 2366.949171}
{"r": 0.0, "l": 1000, "t": 2414.619843}
{"r": 0.0, "l": 1000, "t": 2457.345046}
{"r": 0.0, "l": 1000, "t": 2503.46574}
{"r": 0.0, "l": 1000, "t": 2550.788099}
{"r": 0.0, "l": 1000, "t": 2598.406316}
{"r": 0.0, "l": 1000, "t": 2643.162126}
{"r": 0.0, "l": 1000, "t": 2690.387213}
{"r": 0.0, "l": 1000, "t": 2737.302978}
{"r": 0.0, "l": 1000, "t": 2780.334163}
{"r": 0.0, "l": 1000, "t": 2825.558135}
{"r": 0.0, "l": 1000, "t": 2871.524484}
{"r": 0.0, "l": 1000, "t": 2917.987205}
{"r": 0.0, "l": 1000, "t": 2963.755348}
{"r": 0.0, "l": 1000, "t": 3012.876239}
{"r": 0.0, "l": 1000, "t": 3058.376248}
{"r": 0.0, "l": 1000, "t": 3103.698846}
{"r": 0.0, "l": 1000, "t": 3149.658433}
{"r": 0.0, "l": 1000, "t": 3195.726242}
{"r": 0.0, "l": 1000, "t": 3242.466433}
{"r": 0.0, "l": 1000, "t": 3286.193119}
{"r": 0.0, "l": 1000, "t": 3331.987152}
{"r": 0.0, "l": 1000, "t": 3378.357837}
{"r": 0.0, "l": 1000, "t": 3422.908285}
{"r": 0.0, "l": 1000, "t": 3469.270759}
{"r": 0.0, "l": 1000, "t": 3517.538347}
{"r": 0.0, "l": 1000, "t": 3563.99272}
{"r": 0.0, "l": 1000, "t": 3608.955815}
{"r": 0.0, "l": 1000, "t": 3655.997351}
{"r": 0.0, "l": 1000, "t": 3702.735669}
{"r": 0.0, "l": 1000, "t": 3747.918415}
{"r": 0.0, "l": 1000, "t": 3795.636371}
{"r": 0.0, "l": 1000, "t": 3844.461018}
{"r": 0.0, "l": 1000, "t": 3890.498239}
{"r": 0.0, "l": 1000, "t": 3937.11711}
{"r": 0.0, "l": 1000, "t": 3983.447228}
{"r": 0.0, "l": 1000, "t": 4032.4921}
{"r": 0.0, "l": 1000, "t": 4077.728338}
{"r": 0.0, "l": 1000, "t": 4123.615866}
{"r": 0.0, "l": 1000, "t": 4171.172996}
{"r": 0.0, "l": 1000, "t": 4217.458315}
{"r": 0.0, "l": 1000, "t": 4264.350282}
{"r": 0.0, "l": 1000, "t": 4314.095796}
{"r": 0.0, "l": 1000, "t": 4362.4342}
{"r": 0.0, "l": 1000, "t": 4406.768394}
{"r": 0.0, "l": 1000, "t": 4456.600162}
{"r": 0.0, "l": 1000, "t": 4504.915364}
{"r": 0.0, "l": 1000, "t": 4551.118443}
{"r": 0.0, "l": 1000, "t": 4598.584228}
{"r": 0.0, "l": 1000, "t": 4647.990862}
{"r": 0.0, "l": 1000, "t": 4697.73205}
{"r": 0.0, "l": 1000, "t": 4745.26377}
{"r": 0.0, "l": 1000, "t": 4793.170592}
{"r": 0.0, "l": 1000, "t": 4841.698346}
{"r": 0.0, "l": 1000, "t": 4886.522848}
{"r": 0.0, "l": 1000, "t": 4935.253649}
{"r": 0.0, "l": 1000, "t": 4985.035683}
{"r": 0.0, "l": 1000, "t": 5034.18425}
{"r": 0.0, "l": 1000, "t": 5082.634413}
{"r": 0.0, "l": 1000, "t": 5136.109885}
{"r": 0.0, "l": 1000, "t": 5190.387156}
{"r": 0.0, "l": 1000, "t": 5246.905524}
{"r": 0.0, "l": 1000, "t": 5303.194185}
{"r": 0.0, "l": 1000, "t": 5356.962759}
{"r": 0.0, "l": 1000, "t": 5413.802642}
{"r": 0.0, "l": 1000, "t": 5470.308098}
{"r": 0.0, "l": 1000, "t": 5523.657971}
{"r": 0.0, "l": 1000, "t": 5581.578031}
{"r": 0.0, "l": 1000, "t": 5637.668591}
{"r": 0.0, "l": 1000, "t": 5692.852218}
{"r": 0.0, "l": 1000, "t": 5749.590328}
{"r": 0.0, "l": 1000, "t": 5808.142837}
{"r": 0.0, "l": 1000, "t": 5862.464188}
{"r": 0.0, "l": 1000, "t": 5917.386467}
{"r": 0.0, "l": 1000, "t": 5974.641208}
{"r": 0.0, "l": 1000, "t": 6030.030897}
{"r": 0.0, "l": 1000, "t": 6088.111521}
{"r": 0.0, "l": 1000, "t": 6142.824707}
{"r": 0.0, "l": 1000, "t": 6196.913622}
{"r": 0.0, "l": 1000, "t": 6254.440074}
{"r": 0.0, "l": 1000, "t": 6311.323956}
{"r": 0.0, "l": 1000, "t": 6366.404908}
{"r": 0.0, "l": 1000, "t": 6422.655449}
{"r": 0.0, "l": 1000, "t": 6479.559644}
{"r": 0.0, "l": 1000, "t": 6536.925006}
{"r": 0.0, "l": 1000, "t": 6595.054116}
{"r": 0.0, "l": 1000, "t": 6650.486139}
{"r": 0.0, "l": 1000, "t": 6706.519233}
{"r": 0.0, "l": 1000, "t": 6764.28126}
{"r": 0.0, "l": 1000, "t": 6819.18844}
{"r": 0.0, "l": 1000, "t": 6876.30338}
{"r": 0.0, "l": 1000, "t": 6930.915995}
{"r": 0.0, "l": 1000, "t": 6986.725641}
{"r": 0.0, "l": 1000, "t": 7044.616592}
{"r": 0.0, "l": 1000, "t": 7102.124323}
{"r": 0.0, "l": 1000, "t": 7156.561033}
{"r": 0.0, "l": 1000, "t": 7214.586852}
{"r": 0.0, "l": 1000, "t": 7273.336886}
{"r": 0.0, "l": 1000, "t": 7331.342935}
{"r": 0.0, "l": 1000, "t": 7388.633086}
{"r": 0.0, "l": 1000, "t": 7447.2229}
{"r": 0.0, "l": 1000, "t": 7503.802823}
{"r": 0.0, "l": 1000, "t": 7561.485259}
{"r": 0.0, "l": 1000, "t": 7617.415756}
{"r": 0.0, "l": 1000, "t": 7674.150493}
{"r": 0.0, "l": 1000, "t": 7730.303293}
{"r": 0.0, "l": 1000, "t": 7788.778031}
{"r": 0.0, "l": 1000, "t": 7846.349185}
{"r": 0.0, "l": 1000, "t": 7905.048297}
{"r": 0.0, "l": 1000, "t": 7961.865576}
{"r": 0.0, "l": 1000, "t": 8020.605546}
{"r": 0.0, "l": 1000, "t": 8081.896028}
{"r": 0.0, "l": 1000, "t": 8137.043135}
{"r": 0.0, "l": 1000, "t": 8194.108302}
{"r": 0.0, "l": 1000, "t": 8251.035326}
{"r": 0.0, "l": 1000, "t": 8305.932106}
{"r": 0.0, "l": 1000, "t": 8366.795411}
{"r": 0.0, "l": 1000, "t": 8424.396286}
{"r": 0.0, "l": 1000, "t": 8484.076604}
{"r": 0.0, "l": 1000, "t": 8541.881858}
{"r": 0.0, "l": 1000, "t": 8600.041158}
{"r": 0.0, "l": 1000, "t": 8657.209248}
{"r": 0.0,