{"t_start": 1515691645.6945019, "gym_version": "0.9.2", "env_id": "GridWorldNoFrameskip-v4"}
{"r": 0.0, "l": 1000, "t": 27.638379}
{"r": 0.0, "l": 1000, "t": 55.099846}
{"r": 0.0, "l": 1000, "t": 80.44382}
{"r": 0.0, "l": 1000, "t": 105.389652}
{"r": 0.0, "l": 1000, "t": 130.333971}
{"r": 0.0, "l": 1000, "t": 155.81058}
{"r": 0.0, "l": 1000, "t": 181.851068}
{"r": 0.0, "l": 1000, "t": 208.165327}
{"r": 0.0, "l": 1000, "t": 234.471817}
{"r": 0.0, "l": 1000, "t": 259.897388}
{"r": 0.0, "l": 1000, "t": 284.702097}
{"r": 0.0, "l": 1000, "t": 309.520518}
{"r": 0.0, "l": 1000, "t": 335.051932}
{"r": 0.0, "l": 1000, "t": 359.522786}
{"r": 0.0, "l": 1000, "t": 385.202322}
{"r": 0.0, "l": 1000, "t": 410.762904}
{"r": 0.0, "l": 1000, "t": 436.1354}
{"r": 0.0, "l": 1000, "t": 462.297741}
{"r": 0.0, "l": 1000, "t": 488.373661}
{"r": 0.0, "l": 1000, "t": 514.392131}
{"r": 0.0, "l": 1000, "t": 540.42125}
{"r": 0.0, "l": 1000, "t": 565.823205}
{"r": 0.0, "l": 1000, "t": 591.660725}
{"r": 0.0, "l": 1000, "t": 618.04458}
{"r": 0.0, "l": 1000, "t": 645.094723}
{"r": 0.0, "l": 1000, "t": 672.198173}
{"r": 0.0, "l": 1000, "t": 699.292189}
{"r": 0.0, "l": 1000, "t": 725.550318}
{"r": 0.0, "l": 1000, "t": 751.629391}
{"r": 0.0, "l": 1000, "t": 778.138237}
{"r": 0.0, "l": 1000, "t": 804.606505}
{"r": 0.0, "l": 1000, "t": 831.190817}
{"r": 0.0, "l": 1000, "t": 857.943278}
{"r": 0.0, "l": 1000, "t": 884.891021}
{"r": 0.0, "l": 1000, "t": 910.893301}
{"r": 0.0, "l": 1000, "t": 938.258581}
{"r": 0.0, "l": 1000, "t": 964.051404}
{"r": 0.0, "l": 1000, "t": 990.864252}
{"r": 0.0, "l": 1000, "t": 1017.185329}
{"r": 0.0, "l": 1000, "t": 1044.194455}
{"r": 0.0, "l": 1000, "t": 1070.78387}
{"r": 0.0, "l": 1000, "t": 1097.225505}
{"r": 0.0, "l": 1000, "t": 1124.059423}
{"r": 0.0, "l": 1000, "t": 1150.585956}
{"r": 0.0, "l": 1000, "t": 1177.551809}
{"r": 0.0, "l": 1000, "t": 1205.258722}
{"r": 0.0, "l": 1000, "t": 1231.553474}
{"r": 0.0, "l": 1000, "t": 1258.511198}
{"r": 0.0, "l": 1000, "t": 1284.175632}
{"r": 0.0, "l": 1000, "t": 1311.65686}
{"r": 0.0, "l": 1000, "t": 1339.758139}
{"r": 0.0, "l": 1000, "t": 1366.589099}
{"r": 0.0, "l": 1000, "t": 1392.243696}
{"r": 0.0, "l": 1000, "t": 1419.379909}
{"r": 0.0, "l": 1000, "t": 1446.291308}
{"r": 0.0, "l": 1000, "t": 1473.879794}
{"r": 0.0, "l": 1000, "t": 1500.00338}
{"r": 0.0, "l": 1000, "t": 1528.190169}
{"r": 0.0, "l": 1000, "t": 1554.409343}
{"r": 0.0, "l": 1000, "t": 1581.724701}
{"r": 0.0, "l": 1000, "t": 1608.664592}
{"r": 0.0, "l": 1000, "t": 1635.514856}
{"r": 0.0, "l": 1000, "t": 1678.285472}
{"r": 0.0, "l": 1000, "t": 1722.726377}
{"r": 0.0, "l": 1000, "t": 1770.199455}
{"r": 0.0, "l": 1000, "t": 1813.746182}
{"r": 0.0, "l": 1000, "t": 1860.135838}
{"r": 0.0, "l": 1000, "t": 1906.45293}
{"r": 0.0, "l": 1000, "t": 1951.228366}
{"r": 0.0, "l": 1000, "t": 1995.051389}
{"r": 0.0, "l": 1000, "t": 2042.080975}
{"r": 0.0, "l": 1000, "t": 2089.88786}
{"r": 0.0, "l": 1000, "t": 2135.160816}
{"r": 0.0, "l": 1000, "t": 2179.953013}
{"r": 0.0, "l": 1000, "t": 2225.509911}
{"r": 0.0, "l": 1000, "t": 2271.292189}
{"r": 0.0, "l": 1000, "t": 2315.940595}
{"r": 0.0, "l": 1000, "t": 2362.091392}
{"r": 0.0, "l": 1000, "t": 2409.438135}
{"r": 0.0, "l": 1000, "t": 2453.93469}
{"r": 0.0, "l": 1000, "t": 2500.884595}
{"r": 0.0, "l": 1000, "t": 2546.973997}
{"r": 0.0, "l": 1000, "t": 2595.012092}
{"r": 0.0, "l": 1000, "t": 2638.969247}
{"r": 0.0, "l": 1000, "t": 2687.539019}
{"r": 0.0, "l": 1000, "t": 2732.413503}
{"r": 0.0, "l": 1000, "t": 2776.479523}
{"r": 0.0, "l": 1000, "t": 2822.60115}
{"r": 0.0, "l": 1000, "t": 2869.777871}
{"r": 0.0, "l": 1000, "t": 2917.865312}
{"r": 0.0, "l": 1000, "t": 2963.755517}
{"r": 0.0, "l": 1000, "t": 3011.495541}
{"r": 0.0, "l": 1000, "t": 3059.87464}
{"r": 0.0, "l": 1000, "t": 3103.846317}
{"r": 0.0, "l": 1000, "t": 3151.714793}
{"r": 0.0, "l": 1000, "t": 3197.453107}
{"r": 0.0, "l": 1000, "t": 3244.155818}
{"r": 0.0, "l": 1000, "t": 3288.07989}
{"r": 0.0, "l": 1000, "t": 3335.725399}
{"r": 0.0, "l": 1000, "t": 3380.58729}
{"r": 0.0, "l": 1000, "t": 3425.081367}
{"r": 0.0, "l": 1000, "t": 3470.912826}
{"r": 0.0, "l": 1000, "t": 3518.974779}
{"r": 0.0, "l": 1000, "t": 3565.893084}
{"r": 0.0, "l": 1000, "t": 3610.75951}
{"r": 0.0, "l": 1000, "t": 3658.211822}
{"r": 0.0, "l": 1000, "t": 3704.92944}
{"r": 0.0, "l": 1000, "t": 3751.005711}
{"r": 0.0, "l": 1000, "t": 3798.785645}
{"r": 0.0, "l": 1000, "t": 3845.815547}
{"r": 0.0, "l": 1000, "t": 3892.325428}
{"r": 0.0, "l": 1000, "t": 3938.839478}
{"r": 0.0, "l": 1000, "t": 3984.615539}
{"r": 0.0, "l": 1000, "t": 4032.5384}
{"r": 0.0, "l": 1000, "t": 4077.624676}
{"r": 0.0, "l": 1000, "t": 4123.605954}
{"r": 0.0, "l": 1000, "t": 4172.471564}
{"r": 0.0, "l": 1000, "t": 4217.39024}
{"r": 0.0, "l": 1000, "t": 4266.118818}
{"r": 0.0, "l": 1000, "t": 4314.223419}
{"r": 0.0, "l": 1000, "t": 4360.61313}
{"r": 0.0, "l": 1000, "t": 4405.435308}
{"r": 0.0, "l": 1000, "t": 4453.828107}
{"r": 0.0, "l": 1000, "t": 4502.809497}
{"r": 0.0, "l": 1000, "t": 4549.067859}
{"r": 0.0, "l": 1000, "t": 4596.527091}
{"r": 0.0, "l": 1000, "t": 4645.409748}
{"r": 0.0, "l": 1000, "t": 4694.315422}
{"r": 0.0, "l": 1000, "t": 4742.912721}
{"r": 0.0, "l": 1000, "t": 4790.072375}
{"r": 0.0, "l": 1000, "t": 4837.678879}
{"r": 0.0, "l": 1000, "t": 4884.076832}
{"r": 0.0, "l": 1000, "t": 4933.622427}
{"r": 0.0, "l": 1000, "t": 4981.637038}
{"r": 0.0, "l": 1000, "t": 5028.819127}
{"r": 0.0, "l": 1000, "t": 5078.739698}
{"r": 0.0, "l": 1000, "t": 5131.97581}
{"r": 0.0, "l": 1000, "t": 5187.633677}
{"r": 0.0, "l": 1000, "t": 5244.062389}
{"r": 0.0, "l": 1000, "t": 5300.023851}
{"r": 0.0, "l": 1000, "t": 5355.451481}
{"r": 0.0, "l": 1000, "t": 5412.19803}
{"r": 0.0, "l": 1000, "t": 5468.439522}
{"r": 0.0, "l": 1000, "t": 5521.313204}
{"r": 0.0, "l": 1000, "t": 5578.657948}
{"r": 0.0, "l": 1000, "t": 5636.195318}
{"r": 0.0, "l": 1000, "t": 5688.028853}
{"r": 0.0, "l": 1000, "t": 5744.408895}
{"r": 0.0, "l": 1000, "t": 5803.315824}
{"r": 0.0, "l": 1000, "t": 5858.810077}
{"r": 0.0, "l": 1000, "t": 5915.791935}
{"r": 0.0, "l": 1000, "t": 5972.348104}
{"r": 0.0, "l": 1000, "t": 6027.695713}
{"r": 0.0, "l": 1000, "t": 6084.948056}
{"r": 0.0, "l": 1000, "t": 6142.744406}
{"r": 0.0, "l": 1000, "t": 6196.881035}
{"r": 0.0, "l": 1000, "t": 6254.371575}
{"r": 0.0, "l": 1000, "t": 6311.485426}
{"r": 0.0, "l": 1000, "t": 6366.616055}
{"r": 0.0, "l": 1000, "t": 6422.589681}
{"r": 0.0, "l": 1000, "t": 6477.901317}
{"r": 0.0, "l": 1000, "t": 6535.403097}
{"r": 0.0, "l": 1000, "t": 6592.68125}
{"r": 0.0, "l": 1000, "t": 6648.781639}
{"r": 0.0, "l": 1000, "t": 6704.965954}
{"r": 0.0, "l": 1000, "t": 6763.325285}
{"r": 0.0, "l": 1000, "t": 6818.963207}
{"r": 0.0, "l": 1000, "t": 6874.684153}
{"r": 0.0, "l": 1000, "t": 6930.882561}
{"r": 0.0, "l": 1000, "t": 6985.320444}
{"r": 0.0, "l": 1000, "t": 7042.985579}
{"r": 0.0, "l": 1000, "t": 7100.589535}
{"r": 0.0, "l": 1000, "t": 7156.558389}
{"r": 0.0, "l": 1000, "t": 7216.033405}
{"r": 0.0, "l": 1000, "t": 7273.342766}
{"r": 0.0, "l": 1000, "t": 7331.135486}
{"r": 0.0, "l": 1000, "t": 7388.58981}
{"r": 0.0, "l": 1000, "t": 7448.944322}
{"r": 0.0, "l": 1000, "t": 7507.794469}
{"r": 0.0, "l": 1000, "t": 7565.522484}
{"r": 0.0, "l": 1000, "t": 7620.373836}
{"r": 0.0, "l": 1000, "t": 7677.374541}
{"r": 0.0, "l": 1000, "t": 7732.539571}
{"r": 0.0, "l": 1000, "t": 7790.85318}
{"r": 0.0, "l": 1000, "t": 7851.151291}
{"r": 0.0, "l": 1000, "t": 7906.666502}
{"r": 0.0, "l": 1000, "t": 7964.611719}
{"r": 0.0, "l": 1000, "t": 8022.613889}
{"r": 0.0, "l": 1000, "t": 8079.808199}
{"r": 0.0, "l": 1000, "t": 8134.632965}
{"r": 0.0, "l": 1000, "t": 8194.045453}
{"r": 0.0, "l": 1000, "t": 8253.007536}
{"r": 0.0, "l": 1000, "t": 8308.113719}
{"r": 0.0, "l": 1000, "t": 8366.979104}
{"r": 0.0, "l": 1000, "t": 8424.325886}
{"r": 0.0, "l": 1000, "t": 8482.027853}
{"r": 0.0, "l": 1000, "t": 8543.857865}
{"r": 0.0, "l": 1000, "t": 8601.603517}
{"r": 0.0, "l": 1000, "t": 8659.570841}
{"r": 0.0,