{"t_start": 1515691645.697282, "gym_version": "0.9.2", "env_id": "GridWorldNoFrameskip-v4"}
{"r": 0.0, "l": 1000, "t": 27.660244}
{"r": 0.0, "l": 1000, "t": 54.453485}
{"r": 0.0, "l": 1000, "t": 79.809788}
{"r": 0.0, "l": 1000, "t": 104.955636}
{"r": 0.0, "l": 1000, "t": 129.882683}
{"r": 0.0, "l": 1000, "t": 154.933104}
{"r": 0.0, "l": 1000, "t": 179.879855}
{"r": 0.0, "l": 1000, "t": 206.549935}
{"r": 0.0, "l": 1000, "t": 232.994325}
{"r": 0.0, "l": 1000, "t": 258.201799}
{"r": 0.0, "l": 1000, "t": 283.382548}
{"r": 0.0, "l": 1000, "t": 308.059483}
{"r": 0.0, "l": 1000, "t": 332.597745}
{"r": 0.0, "l": 1000, "t": 357.039841}
{"r": 0.0, "l": 1000, "t": 382.278214}
{"r": 0.0, "l": 1000, "t": 407.465461}
{"r": 0.0, "l": 1000, "t": 433.036684}
{"r": 0.0, "l": 1000, "t": 458.470797}
{"r": 0.0, "l": 1000, "t": 484.143132}
{"r": 0.0, "l": 1000, "t": 510.23059}
{"r": 0.0, "l": 1000, "t": 536.490335}
{"r": 0.0, "l": 1000, "t": 562.239643}
{"r": 0.0, "l": 1000, "t": 587.443196}
{"r": 0.0, "l": 1000, "t": 614.360356}
{"r": 0.0, "l": 1000, "t": 642.023157}
{"r": 0.0, "l": 1000, "t": 669.2697}
{"r": 0.0, "l": 1000, "t": 696.110063}
{"r": 0.0, "l": 1000, "t": 722.608361}
{"r": 0.0, "l": 1000, "t": 748.991493}
{"r": 0.0, "l": 1000, "t": 776.236219}
{"r": 0.0, "l": 1000, "t": 803.45379}
{"r": 0.0, "l": 1000, "t": 829.570943}
{"r": 0.0, "l": 1000, "t": 856.134795}
{"r": 0.0, "l": 1000, "t": 882.209655}
{"r": 0.0, "l": 1000, "t": 908.971543}
{"r": 0.0, "l": 1000, "t": 936.048101}
{"r": 0.0, "l": 1000, "t": 962.528481}
{"r": 0.0, "l": 1000, "t": 988.738039}
{"r": 0.0, "l": 1000, "t": 1015.25972}
{"r": 0.0, "l": 1000, "t": 1042.014858}
{"r": 0.0, "l": 1000, "t": 1068.827982}
{"r": 0.0, "l": 1000, "t": 1095.2501}
{"r": 0.0, "l": 1000, "t": 1121.928548}
{"r": 0.0, "l": 1000, "t": 1149.534772}
{"r": 0.0, "l": 1000, "t": 1176.71172}
{"r": 0.0, "l": 1000, "t": 1204.3411}
{"r": 0.0, "l": 1000, "t": 1230.440052}
{"r": 0.0, "l": 1000, "t": 1256.909427}
{"r": 0.0, "l": 1000, "t": 1283.137016}
{"r": 0.0, "l": 1000, "t": 1311.159825}
{"r": 0.0, "l": 1000, "t": 1338.259524}
{"r": 0.0, "l": 1000, "t": 1365.874483}
{"r": 0.0, "l": 1000, "t": 1392.191644}
{"r": 0.0, "l": 1000, "t": 1418.535785}
{"r": 0.0, "l": 1000, "t": 1446.337748}
{"r": 0.0, "l": 1000, "t": 1473.2559}
{"r": 0.0, "l": 1000, "t": 1500.918968}
{"r": 0.0, "l": 1000, "t": 1528.216012}
{"r": 0.0, "l": 1000, "t": 1554.492861}
{"r": 0.0, "l": 1000, "t": 1581.689631}
{"r": 0.0, "l": 1000, "t": 1607.811516}
{"r": 0.0, "l": 1000, "t": 1635.505356}
{"r": 0.0, "l": 1000, "t": 1678.173186}
{"r": 0.0, "l": 1000, "t": 1722.766908}
{"r": 0.0, "l": 1000, "t": 1768.626276}
{"r": 0.0, "l": 1000, "t": 1812.101547}
{"r": 0.0, "l": 1000, "t": 1858.001842}
{"r": 0.0, "l": 1000, "t": 1903.606954}
{"r": 0.0, "l": 1000, "t": 1949.499105}
{"r": 0.0, "l": 1000, "t": 1993.00265}
{"r": 0.0, "l": 1000, "t": 2040.445273}
{"r": 0.0, "l": 1000, "t": 2088.268316}
{"r": 0.0, "l": 1000, "t": 2132.765559}
{"r": 0.0, "l": 1000, "t": 2177.750084}
{"r": 0.0, "l": 1000, "t": 2224.528373}
{"r": 0.0, "l": 1000, "t": 2271.259836}
{"r": 0.0, "l": 1000, "t": 2316.698787}
{"r": 0.0, "l": 1000, "t": 2363.112699}
{"r": 0.0, "l": 1000, "t": 2409.646913}
{"r": 0.0, "l": 1000, "t": 2455.106755}
{"r": 0.0, "l": 1000, "t": 2500.82796}
{"r": 0.0, "l": 1000, "t": 2546.899449}
{"r": 0.0, "l": 1000, "t": 2594.939874}
{"r": 0.0, "l": 1000, "t": 2638.936485}
{"r": 0.0, "l": 1000, "t": 2686.561513}
{"r": 0.0, "l": 1000, "t": 2732.240357}
{"r": 0.0, "l": 1000, "t": 2776.404713}
{"r": 0.0, "l": 1000, "t": 2821.344863}
{"r": 0.0, "l": 1000, "t": 2867.536752}
{"r": 0.0, "l": 1000, "t": 2914.850298}
{"r": 0.0, "l": 1000, "t": 2959.609034}
{"r": 0.0, "l": 1000, "t": 3008.209839}
{"r": 0.0, "l": 1000, "t": 3055.430986}
{"r": 0.0, "l": 1000, "t": 3101.877315}
{"r": 0.0, "l": 1000, "t": 3148.602829}
{"r": 0.0, "l": 1000, "t": 3194.763641}
{"r": 0.0, "l": 1000, "t": 3241.090346}
{"r": 0.0, "l": 1000, "t": 3284.455163}
{"r": 0.0, "l": 1000, "t": 3330.970746}
{"r": 0.0, "l": 1000, "t": 3376.554693}
{"r": 0.0, "l": 1000, "t": 3422.901826}
{"r": 0.0, "l": 1000, "t": 3469.241471}
{"r": 0.0, "l": 1000, "t": 3515.459758}
{"r": 0.0, "l": 1000, "t": 3562.655715}
{"r": 0.0, "l": 1000, "t": 3605.958281}
{"r": 0.0, "l": 1000, "t": 3653.120914}
{"r": 0.0, "l": 1000, "t": 3700.213553}
{"r": 0.0, "l": 1000, "t": 3746.319967}
{"r": 0.0, "l": 1000, "t": 3795.669607}
{"r": 0.0, "l": 1000, "t": 3843.189045}
{"r": 0.0, "l": 1000, "t": 3890.701764}
{"r": 0.0, "l": 1000, "t": 3935.647647}
{"r": 0.0, "l": 1000, "t": 3983.364513}
{"r": 0.0, "l": 1000, "t": 4031.103467}
{"r": 0.0, "l": 1000, "t": 4075.815267}
{"r": 0.0, "l": 1000, "t": 4123.609745}
{"r": 0.0, "l": 1000, "t": 4171.22005}
{"r": 0.0, "l": 1000, "t": 4217.450186}
{"r": 0.0, "l": 1000, "t": 4264.246176}
{"r": 0.0, "l": 1000, "t": 4311.979985}
{"r": 0.0, "l": 1000, "t": 4359.330101}
{"r": 0.0, "l": 1000, "t": 4404.255942}
{"r": 0.0, "l": 1000, "t": 4452.682653}
{"r": 0.0, "l": 1000, "t": 4501.104936}
{"r": 0.0, "l": 1000, "t": 4549.021842}
{"r": 0.0, "l": 1000, "t": 4596.55418}
{"r": 0.0, "l": 1000, "t": 4645.335001}
{"r": 0.0, "l": 1000, "t": 4695.516007}
{"r": 0.0, "l": 1000, "t": 4743.09294}
{"r": 0.0, "l": 1000, "t": 4791.429923}
{"r": 0.0, "l": 1000, "t": 4839.396674}
{"r": 0.0, "l": 1000, "t": 4882.72723}
{"r": 0.0, "l": 1000, "t": 4932.146408}
{"r": 0.0, "l": 1000, "t": 4982.746369}
{"r": 0.0, "l": 1000, "t": 5030.173402}
{"r": 0.0, "l": 1000, "t": 5078.847164}
{"r": 0.0, "l": 1000, "t": 5133.450035}
{"r": 0.0, "l": 1000, "t": 5185.855871}
{"r": 0.0, "l": 1000, "t": 5242.089244}
{"r": 0.0, "l": 1000, "t": 5299.994422}
{"r": 0.0, "l": 1000, "t": 5353.215897}
{"r": 0.0, "l": 1000, "t": 5409.243601}
{"r": 0.0, "l": 1000, "t": 5465.122854}
{"r": 0.0, "l": 1000, "t": 5518.896829}
{"r": 0.0, "l": 1000, "t": 5576.954716}
{"r": 0.0, "l": 1000, "t": 5632.788105}
{"r": 0.0, "l": 1000, "t": 5686.891504}
{"r": 0.0, "l": 1000, "t": 5742.842927}
{"r": 0.0, "l": 1000, "t": 5800.278653}
{"r": 0.0, "l": 1000, "t": 5855.83305}
{"r": 0.0, "l": 1000, "t": 5912.063622}
{"r": 0.0, "l": 1000, "t": 5968.326105}
{"r": 0.0, "l": 1000, "t": 6023.666595}
{"r": 0.0, "l": 1000, "t": 6079.673169}
{"r": 0.0, "l": 1000, "t": 6137.104442}
{"r": 0.0, "l": 1000, "t": 6190.603053}
{"r": 0.0, "l": 1000, "t": 6248.392641}
{"r": 0.0, "l": 1000, "t": 6305.144877}
{"r": 0.0, "l": 1000, "t": 6359.518756}
{"r": 0.0, "l": 1000, "t": 6416.372538}
{"r": 0.0, "l": 1000, "t": 6473.401397}
{"r": 0.0, "l": 1000, "t": 6530.796748}
{"r": 0.0, "l": 1000, "t": 6589.036439}
{"r": 0.0, "l": 1000, "t": 6644.691654}
{"r": 0.0, "l": 1000, "t": 6700.021008}
{"r": 0.0, "l": 1000, "t": 6758.079486}
{"r": 0.0, "l": 1000, "t": 6813.348537}
{"r": 0.0, "l": 1000, "t": 6868.840878}
{"r": 0.0, "l": 1000, "t": 6922.532882}
{"r": 0.0, "l": 1000, "t": 6975.993137}
{"r": 0.0, "l": 1000, "t": 7034.156779}
{"r": 0.0, "l": 1000, "t": 7092.864363}
{"r": 0.0, "l": 1000, "t": 7147.888076}
{"r": 0.0, "l": 1000, "t": 7204.198169}
{"r": 0.0, "l": 1000, "t": 7262.340733}
{"r": 0.0, "l": 1000, "t": 7319.799963}
{"r": 0.0, "l": 1000, "t": 7378.656627}
{"r": 0.0, "l": 1000, "t": 7437.369274}
{"r": 0.0, "l": 1000, "t": 7492.69359}
{"r": 0.0, "l": 1000, "t": 7552.611812}
{"r": 0.0, "l": 1000, "t": 7608.842572}
{"r": 0.0, "l": 1000, "t": 7664.0091}
{"r": 0.0, "l": 1000, "t": 7720.733714}
{"r": 0.0, "l": 1000, "t": 7777.296267}
{"r": 0.0, "l": 1000, "t": 7836.376845}
{"r": 0.0, "l": 1000, "t": 7894.609715}
{"r": 0.0, "l": 1000, "t": 7951.155624}
{"r": 0.0, "l": 1000, "t": 8010.562799}
{"r": 0.0, "l": 1000, "t": 8069.830943}
{"r": 0.0, "l": 1000, "t": 8124.702028}
{"r": 0.0, "l": 1000, "t": 8182.025315}
{"r": 0.0, "l": 1000, "t": 8240.308213}
{"r": 0.0, "l": 1000, "t": 8296.052598}
{"r": 0.0, "l": 1000, "t": 8354.189113}
{"r": 0.0, "l": 1000, "t": 8412.010684}
{"r": 0.0, "l": 1000, "t": 8470.551597}
{"r": 0.0, "l": 1000, "t": 8531.191515}
{"r": 0.0, "l": 1000, "t": 8590.209998}
{"r": 0.0, "l": 1000, "t": 8649.26795}
{"r": 0.0,