{"t_start": 1515691645.7013068, "gym_version": "0.9.2", "env_id": "GridWorldNoFrameskip-v4"}
{"r": 0.0, "l": 1000, "t": 28.277818}
{"r": 0.0, "l": 1000, "t": 55.16243}
{"r": 0.0, "l": 1000, "t": 80.835037}
{"r": 0.0, "l": 1000, "t": 105.997505}
{"r": 0.0, "l": 1000, "t": 130.326128}
{"r": 0.0, "l": 1000, "t": 156.44587}
{"r": 0.0, "l": 1000, "t": 181.895384}
{"r": 0.0, "l": 1000, "t": 208.220747}
{"r": 0.0, "l": 1000, "t": 234.470579}
{"r": 0.0, "l": 1000, "t": 259.334905}
{"r": 0.0, "l": 1000, "t": 284.666073}
{"r": 0.0, "l": 1000, "t": 309.564838}
{"r": 0.0, "l": 1000, "t": 335.044522}
{"r": 0.0, "l": 1000, "t": 359.565601}
{"r": 0.0, "l": 1000, "t": 385.243711}
{"r": 0.0, "l": 1000, "t": 410.760107}
{"r": 0.0, "l": 1000, "t": 436.034427}
{"r": 0.0, "l": 1000, "t": 461.664469}
{"r": 0.0, "l": 1000, "t": 487.071153}
{"r": 0.0, "l": 1000, "t": 513.426348}
{"r": 0.0, "l": 1000, "t": 538.97948}
{"r": 0.0, "l": 1000, "t": 563.956705}
{"r": 0.0, "l": 1000, "t": 589.422131}
{"r": 0.0, "l": 1000, "t": 615.516479}
{"r": 0.0, "l": 1000, "t": 642.899172}
{"r": 0.0, "l": 1000, "t": 669.342868}
{"r": 0.0, "l": 1000, "t": 696.075766}
{"r": 0.0, "l": 1000, "t": 722.580006}
{"r": 0.0, "l": 1000, "t": 749.981412}
{"r": 0.0, "l": 1000, "t": 775.263512}
{"r": 0.0, "l": 1000, "t": 802.381293}
{"r": 0.0, "l": 1000, "t": 828.444744}
{"r": 0.0, "l": 1000, "t": 855.02816}
{"r": 0.0, "l": 1000, "t": 880.776447}
{"r": 0.0, "l": 1000, "t": 907.594842}
{"r": 0.0, "l": 1000, "t": 933.912534}
{"r": 0.0, "l": 1000, "t": 960.860486}
{"r": 0.0, "l": 1000, "t": 987.710641}
{"r": 0.0, "l": 1000, "t": 1013.362536}
{"r": 0.0, "l": 1000, "t": 1040.268523}
{"r": 0.0, "l": 1000, "t": 1067.442755}
{"r": 0.0, "l": 1000, "t": 1093.981368}
{"r": 0.0, "l": 1000, "t": 1120.721574}
{"r": 0.0, "l": 1000, "t": 1147.312314}
{"r": 0.0, "l": 1000, "t": 1173.938058}
{"r": 0.0, "l": 1000, "t": 1200.972854}
{"r": 0.0, "l": 1000, "t": 1227.731406}
{"r": 0.0, "l": 1000, "t": 1254.083168}
{"r": 0.0, "l": 1000, "t": 1280.277174}
{"r": 0.0, "l": 1000, "t": 1308.260237}
{"r": 0.0, "l": 1000, "t": 1334.951676}
{"r": 0.0, "l": 1000, "t": 1362.18606}
{"r": 0.0, "l": 1000, "t": 1389.331434}
{"r": 0.0, "l": 1000, "t": 1415.306613}
{"r": 0.0, "l": 1000, "t": 1442.951098}
{"r": 0.0, "l": 1000, "t": 1469.761731}
{"r": 0.0, "l": 1000, "t": 1497.243839}
{"r": 0.0, "l": 1000, "t": 1523.713244}
{"r": 0.0, "l": 1000, "t": 1551.326794}
{"r": 0.0, "l": 1000, "t": 1578.964688}
{"r": 0.0, "l": 1000, "t": 1605.264886}
{"r": 0.0, "l": 1000, "t": 1632.095232}
{"r": 0.0, "l": 1000, "t": 1675.057557}
{"r": 0.0, "l": 1000, "t": 1718.902567}
{"r": 0.0, "l": 1000, "t": 1766.534194}
{"r": 0.0, "l": 1000, "t": 1809.929465}
{"r": 0.0, "l": 1000, "t": 1855.535509}
{"r": 0.0, "l": 1000, "t": 1901.042535}
{"r": 0.0, "l": 1000, "t": 1946.687012}
{"r": 0.0, "l": 1000, "t": 1990.717848}
{"r": 0.0, "l": 1000, "t": 2038.137413}
{"r": 0.0, "l": 1000, "t": 2084.431216}
{"r": 0.0, "l": 1000, "t": 2128.857623}
{"r": 0.0, "l": 1000, "t": 2175.221245}
{"r": 0.0, "l": 1000, "t": 2221.332579}
{"r": 0.0, "l": 1000, "t": 2267.572926}
{"r": 0.0, "l": 1000, "t": 2312.284642}
{"r": 0.0, "l": 1000, "t": 2359.046564}
{"r": 0.0, "l": 1000, "t": 2405.756487}
{"r": 0.0, "l": 1000, "t": 2450.695345}
{"r": 0.0, "l": 1000, "t": 2496.675988}
{"r": 0.0, "l": 1000, "t": 2542.508721}
{"r": 0.0, "l": 1000, "t": 2590.263859}
{"r": 0.0, "l": 1000, "t": 2634.090517}
{"r": 0.0, "l": 1000, "t": 2681.643726}
{"r": 0.0, "l": 1000, "t": 2728.063599}
{"r": 0.0, "l": 1000, "t": 2771.863056}
{"r": 0.0, "l": 1000, "t": 2817.40622}
{"r": 0.0, "l": 1000, "t": 2863.484712}
{"r": 0.0, "l": 1000, "t": 2910.190511}
{"r": 0.0, "l": 1000, "t": 2956.110883}
{"r": 0.0, "l": 1000, "t": 3003.450761}
{"r": 0.0, "l": 1000, "t": 3051.158519}
{"r": 0.0, "l": 1000, "t": 3097.222843}
{"r": 0.0, "l": 1000, "t": 3143.810067}
{"r": 0.0, "l": 1000, "t": 3189.745233}
{"r": 0.0, "l": 1000, "t": 3236.488628}
{"r": 0.0, "l": 1000, "t": 3279.365735}
{"r": 0.0, "l": 1000, "t": 3327.1856}
{"r": 0.0, "l": 1000, "t": 3371.819812}
{"r": 0.0, "l": 1000, "t": 3417.156514}
{"r": 0.0, "l": 1000, "t": 3464.977472}
{"r": 0.0, "l": 1000, "t": 3510.296032}
{"r": 0.0, "l": 1000, "t": 3557.709022}
{"r": 0.0, "l": 1000, "t": 3601.087808}
{"r": 0.0, "l": 1000, "t": 3648.306228}
{"r": 0.0, "l": 1000, "t": 3695.803552}
{"r": 0.0, "l": 1000, "t": 3741.275672}
{"r": 0.0, "l": 1000, "t": 3788.893277}
{"r": 0.0, "l": 1000, "t": 3836.450127}
{"r": 0.0, "l": 1000, "t": 3883.793167}
{"r": 0.0, "l": 1000, "t": 3929.494113}
{"r": 0.0, "l": 1000, "t": 3975.945641}
{"r": 0.0, "l": 1000, "t": 4024.13167}
{"r": 0.0, "l": 1000, "t": 4069.778277}
{"r": 0.0, "l": 1000, "t": 4117.677383}
{"r": 0.0, "l": 1000, "t": 4165.024814}
{"r": 0.0, "l": 1000, "t": 4212.492997}
{"r": 0.0, "l": 1000, "t": 4257.602493}
{"r": 0.0, "l": 1000, "t": 4305.638925}
{"r": 0.0, "l": 1000, "t": 4353.286438}
{"r": 0.0, "l": 1000, "t": 4397.890146}
{"r": 0.0, "l": 1000, "t": 4447.346831}
{"r": 0.0, "l": 1000, "t": 4495.824878}
{"r": 0.0, "l": 1000, "t": 4541.822513}
{"r": 0.0, "l": 1000, "t": 4590.058627}
{"r": 0.0, "l": 1000, "t": 4638.875709}
{"r": 0.0, "l": 1000, "t": 4688.948586}
{"r": 0.0, "l": 1000, "t": 4736.798046}
{"r": 0.0, "l": 1000, "t": 4785.324789}
{"r": 0.0, "l": 1000, "t": 4832.808749}
{"r": 0.0, "l": 1000, "t": 4878.752855}
{"r": 0.0, "l": 1000, "t": 4927.90849}
{"r": 0.0, "l": 1000, "t": 4977.622296}
{"r": 0.0, "l": 1000, "t": 5024.608863}
{"r": 0.0, "l": 1000, "t": 5074.499041}
{"r": 0.0, "l": 1000, "t": 5126.03103}
{"r": 0.0, "l": 1000, "t": 5181.714777}
{"r": 0.0, "l": 1000, "t": 5238.073659}
{"r": 0.0, "l": 1000, "t": 5294.426512}
{"r": 0.0, "l": 1000, "t": 5348.325731}
{"r": 0.0, "l": 1000, "t": 5404.014527}
{"r": 0.0, "l": 1000, "t": 5461.646244}
{"r": 0.0, "l": 1000, "t": 5515.938824}
{"r": 0.0, "l": 1000, "t": 5572.63763}
{"r": 0.0, "l": 1000, "t": 5630.087861}
{"r": 0.0, "l": 1000, "t": 5683.85663}
{"r": 0.0, "l": 1000, "t": 5739.866673}
{"r": 0.0, "l": 1000, "t": 5797.969086}
{"r": 0.0, "l": 1000, "t": 5851.538728}
{"r": 0.0, "l": 1000, "t": 5909.216788}
{"r": 0.0, "l": 1000, "t": 5965.883472}
{"r": 0.0, "l": 1000, "t": 6020.905915}
{"r": 0.0, "l": 1000, "t": 6077.308822}
{"r": 0.0, "l": 1000, "t": 6134.220455}
{"r": 0.0, "l": 1000, "t": 6188.278175}
{"r": 0.0, "l": 1000, "t": 6246.859504}
{"r": 0.0, "l": 1000, "t": 6305.104892}
{"r": 0.0, "l": 1000, "t": 6359.464844}
{"r": 0.0, "l": 1000, "t": 6414.668832}
{"r": 0.0, "l": 1000, "t": 6471.251962}
{"r": 0.0, "l": 1000, "t": 6527.422131}
{"r": 0.0, "l": 1000, "t": 6584.670224}
{"r": 0.0, "l": 1000, "t": 6640.865454}
{"r": 0.0, "l": 1000, "t": 6696.823033}
{"r": 0.0, "l": 1000, "t": 6754.548747}
{"r": 0.0, "l": 1000, "t": 6809.400149}
{"r": 0.0, "l": 1000, "t": 6865.923729}
{"r": 0.0, "l": 1000, "t": 6920.932009}
{"r": 0.0, "l": 1000, "t": 6975.823155}
{"r": 0.0, "l": 1000, "t": 7031.128905}
{"r": 0.0, "l": 1000, "t": 7090.451903}
{"r": 0.0, "l": 1000, "t": 7143.388924}
{"r": 0.0, "l": 1000, "t": 7200.782388}
{"r": 0.0, "l": 1000, "t": 7259.251386}
{"r": 0.0, "l": 1000, "t": 7315.229827}
{"r": 0.0, "l": 1000, "t": 7373.649474}
{"r": 0.0, "l": 1000, "t": 7433.611347}
{"r": 0.0, "l": 1000, "t": 7490.71423}
{"r": 0.0, "l": 1000, "t": 7550.401926}
{"r": 0.0, "l": 1000, "t": 7607.035632}
{"r": 0.0, "l": 1000, "t": 7661.525379}
{"r": 0.0, "l": 1000, "t": 7717.643911}
{"r": 0.0, "l": 1000, "t": 7775.006474}
{"r": 0.0, "l": 1000, "t": 7833.122262}
{"r": 0.0, "l": 1000, "t": 7891.193649}
{"r": 0.0, "l": 1000, "t": 7948.91781}
{"r": 0.0, "l": 1000, "t": 8006.867812}
{"r": 0.0, "l": 1000, "t": 8066.058791}
{"r": 0.0, "l": 1000, "t": 8122.592673}
{"r": 0.0, "l": 1000, "t": 8180.732915}
{"r": 0.0, "l": 1000, "t": 8238.533868}
{"r": 0.0, "l": 1000, "t": 8296.192269}
{"r": 0.0, "l": 1000, "t": 8354.231427}
{"r": 0.0, "l": 1000, "t": 8414.191894}
{"r": 0.0, "l": 1000, "t": 8470.547007}
{"r": 0.0, "l": 1000, "t": 8529.737489}
{"r": 0.0, "l": 1000, "t": 8588.815915}
{"r": 0.0, "l": 1000,