{"t_start": 1515691645.703603, "gym_version": "0.9.2", "env_id": "GridWorldNoFrameskip-v4"}
{"r": 0.0, "l": 1000, "t": 28.252068}
{"r": 0.0, "l": 1000, "t": 55.821703}
{"r": 0.0, "l": 1000, "t": 81.831614}
{"r": 0.0, "l": 1000, "t": 106.083677}
{"r": 0.0, "l": 1000, "t": 131.988735}
{"r": 0.0, "l": 1000, "t": 157.600985}
{"r": 0.0, "l": 1000, "t": 183.305273}
{"r": 0.0, "l": 1000, "t": 209.024242}
{"r": 0.0, "l": 1000, "t": 235.412353}
{"r": 0.0, "l": 1000, "t": 259.96897}
{"r": 0.0, "l": 1000, "t": 284.664913}
{"r": 0.0, "l": 1000, "t": 309.488178}
{"r": 0.0, "l": 1000, "t": 334.124246}
{"r": 0.0, "l": 1000, "t": 359.573487}
{"r": 0.0, "l": 1000, "t": 384.809235}
{"r": 0.0, "l": 1000, "t": 410.367729}
{"r": 0.0, "l": 1000, "t": 436.054177}
{"r": 0.0, "l": 1000, "t": 461.685549}
{"r": 0.0, "l": 1000, "t": 487.753506}
{"r": 0.0, "l": 1000, "t": 513.42403}
{"r": 0.0, "l": 1000, "t": 539.023971}
{"r": 0.0, "l": 1000, "t": 563.98394}
{"r": 0.0, "l": 1000, "t": 590.196468}
{"r": 0.0, "l": 1000, "t": 616.771242}
{"r": 0.0, "l": 1000, "t": 643.61051}
{"r": 0.0, "l": 1000, "t": 670.275862}
{"r": 0.0, "l": 1000, "t": 697.510281}
{"r": 0.0, "l": 1000, "t": 724.928738}
{"r": 0.0, "l": 1000, "t": 751.578742}
{"r": 0.0, "l": 1000, "t": 778.073567}
{"r": 0.0, "l": 1000, "t": 804.59759}
{"r": 0.0, "l": 1000, "t": 830.702938}
{"r": 0.0, "l": 1000, "t": 857.29357}
{"r": 0.0, "l": 1000, "t": 884.109271}
{"r": 0.0, "l": 1000, "t": 910.224569}
{"r": 0.0, "l": 1000, "t": 936.648018}
{"r": 0.0, "l": 1000, "t": 963.938891}
{"r": 0.0, "l": 1000, "t": 990.859026}
{"r": 0.0, "l": 1000, "t": 1017.176475}
{"r": 0.0, "l": 1000, "t": 1044.246526}
{"r": 0.0, "l": 1000, "t": 1071.573505}
{"r": 0.0, "l": 1000, "t": 1097.240961}
{"r": 0.0, "l": 1000, "t": 1124.72886}
{"r": 0.0, "l": 1000, "t": 1151.673931}
{"r": 0.0, "l": 1000, "t": 1178.393504}
{"r": 0.0, "l": 1000, "t": 1205.195805}
{"r": 0.0, "l": 1000, "t": 1231.102761}
{"r": 0.0, "l": 1000, "t": 1256.909087}
{"r": 0.0, "l": 1000, "t": 1282.591482}
{"r": 0.0, "l": 1000, "t": 1309.707255}
{"r": 0.0, "l": 1000, "t": 1337.308228}
{"r": 0.0, "l": 1000, "t": 1364.543206}
{"r": 0.0, "l": 1000, "t": 1391.686878}
{"r": 0.0, "l": 1000, "t": 1419.275327}
{"r": 0.0, "l": 1000, "t": 1447.434851}
{"r": 0.0, "l": 1000, "t": 1473.959305}
{"r": 0.0, "l": 1000, "t": 1501.850634}
{"r": 0.0, "l": 1000, "t": 1528.232498}
{"r": 0.0, "l": 1000, "t": 1554.565065}
{"r": 0.0, "l": 1000, "t": 1582.543098}
{"r": 0.0, "l": 1000, "t": 1608.659372}
{"r": 0.0, "l": 1000, "t": 1635.512564}
{"r": 0.0, "l": 1000, "t": 1678.26984}
{"r": 0.0, "l": 1000, "t": 1722.748788}
{"r": 0.0, "l": 1000, "t": 1768.738466}
{"r": 0.0, "l": 1000, "t": 1812.252602}
{"r": 0.0, "l": 1000, "t": 1858.203232}
{"r": 0.0, "l": 1000, "t": 1903.648667}
{"r": 0.0, "l": 1000, "t": 1949.524724}
{"r": 0.0, "l": 1000, "t": 1992.98702}
{"r": 0.0, "l": 1000, "t": 2039.408965}
{"r": 0.0, "l": 1000, "t": 2085.392842}
{"r": 0.0, "l": 1000, "t": 2131.257444}
{"r": 0.0, "l": 1000, "t": 2177.657824}
{"r": 0.0, "l": 1000, "t": 2223.085595}
{"r": 0.0, "l": 1000, "t": 2269.688036}
{"r": 0.0, "l": 1000, "t": 2313.644828}
{"r": 0.0, "l": 1000, "t": 2360.562846}
{"r": 0.0, "l": 1000, "t": 2405.881251}
{"r": 0.0, "l": 1000, "t": 2450.393608}
{"r": 0.0, "l": 1000, "t": 2496.750231}
{"r": 0.0, "l": 1000, "t": 2543.781101}
{"r": 0.0, "l": 1000, "t": 2591.574317}
{"r": 0.0, "l": 1000, "t": 2635.789977}
{"r": 0.0, "l": 1000, "t": 2683.673419}
{"r": 0.0, "l": 1000, "t": 2730.368451}
{"r": 0.0, "l": 1000, "t": 2773.844003}
{"r": 0.0, "l": 1000, "t": 2819.503501}
{"r": 0.0, "l": 1000, "t": 2865.283753}
{"r": 0.0, "l": 1000, "t": 2911.171327}
{"r": 0.0, "l": 1000, "t": 2956.13877}
{"r": 0.0, "l": 1000, "t": 3003.502222}
{"r": 0.0, "l": 1000, "t": 3051.094366}
{"r": 0.0, "l": 1000, "t": 3097.274131}
{"r": 0.0, "l": 1000, "t": 3143.93155}
{"r": 0.0, "l": 1000, "t": 3190.90537}
{"r": 0.0, "l": 1000, "t": 3237.896358}
{"r": 0.0, "l": 1000, "t": 3282.248111}
{"r": 0.0, "l": 1000, "t": 3327.283621}
{"r": 0.0, "l": 1000, "t": 3374.087201}
{"r": 0.0, "l": 1000, "t": 3417.154567}
{"r": 0.0, "l": 1000, "t": 3463.328619}
{"r": 0.0, "l": 1000, "t": 3510.336795}
{"r": 0.0, "l": 1000, "t": 3557.946333}
{"r": 0.0, "l": 1000, "t": 3601.084796}
{"r": 0.0, "l": 1000, "t": 3648.193188}
{"r": 0.0, "l": 1000, "t": 3696.628112}
{"r": 0.0, "l": 1000, "t": 3742.780112}
{"r": 0.0, "l": 1000, "t": 3790.688655}
{"r": 0.0, "l": 1000, "t": 3838.700191}
{"r": 0.0, "l": 1000, "t": 3886.612194}
{"r": 0.0, "l": 1000, "t": 3932.213465}
{"r": 0.0, "l": 1000, "t": 3978.149236}
{"r": 0.0, "l": 1000, "t": 4026.416188}
{"r": 0.0, "l": 1000, "t": 4072.49921}
{"r": 0.0, "l": 1000, "t": 4119.023358}
{"r": 0.0, "l": 1000, "t": 4167.335432}
{"r": 0.0, "l": 1000, "t": 4212.609838}
{"r": 0.0, "l": 1000, "t": 4258.681735}
{"r": 0.0, "l": 1000, "t": 4305.731964}
{"r": 0.0, "l": 1000, "t": 4353.333378}
{"r": 0.0, "l": 1000, "t": 4397.879983}
{"r": 0.0, "l": 1000, "t": 4446.210183}
{"r": 0.0, "l": 1000, "t": 4495.741743}
{"r": 0.0, "l": 1000, "t": 4541.682591}
{"r": 0.0, "l": 1000, "t": 4588.695585}
{"r": 0.0, "l": 1000, "t": 4637.456193}
{"r": 0.0, "l": 1000, "t": 4686.807943}
{"r": 0.0, "l": 1000, "t": 4734.338435}
{"r": 0.0, "l": 1000, "t": 4782.756615}
{"r": 0.0, "l": 1000, "t": 4831.069947}
{"r": 0.0, "l": 1000, "t": 4877.397327}
{"r": 0.0, "l": 1000, "t": 4925.68276}
{"r": 0.0, "l": 1000, "t": 4975.500171}
{"r": 0.0, "l": 1000, "t": 5022.854653}
{"r": 0.0, "l": 1000, "t": 5071.920146}
{"r": 0.0, "l": 1000, "t": 5124.477046}
{"r": 0.0, "l": 1000, "t": 5180.007229}
{"r": 0.0, "l": 1000, "t": 5235.079134}
{"r": 0.0, "l": 1000, "t": 5292.766587}
{"r": 0.0, "l": 1000, "t": 5348.236596}
{"r": 0.0, "l": 1000, "t": 5403.95384}
{"r": 0.0, "l": 1000, "t": 5461.570364}
{"r": 0.0, "l": 1000, "t": 5514.095386}
{"r": 0.0, "l": 1000, "t": 5572.711381}
{"r": 0.0, "l": 1000, "t": 5628.779381}
{"r": 0.0, "l": 1000, "t": 5683.856779}
{"r": 0.0, "l": 1000, "t": 5739.863734}
{"r": 0.0, "l": 1000, "t": 5797.851037}
{"r": 0.0, "l": 1000, "t": 5851.398418}
{"r": 0.0, "l": 1000, "t": 5908.473191}
{"r": 0.0, "l": 1000, "t": 5963.506818}
{"r": 0.0, "l": 1000, "t": 6020.874109}
{"r": 0.0, "l": 1000, "t": 6076.95031}
{"r": 0.0, "l": 1000, "t": 6134.221025}
{"r": 0.0, "l": 1000, "t": 6188.22966}
{"r": 0.0, "l": 1000, "t": 6246.710893}
{"r": 0.0, "l": 1000, "t": 6305.141286}
{"r": 0.0, "l": 1000, "t": 6359.638242}
{"r": 0.0, "l": 1000, "t": 6417.836701}
{"r": 0.0, "l": 1000, "t": 6473.398468}
{"r": 0.0, "l": 1000, "t": 6528.808107}
{"r": 0.0, "l": 1000, "t": 6586.548985}
{"r": 0.0, "l": 1000, "t": 6642.17652}
{"r": 0.0, "l": 1000, "t": 6696.773089}
{"r": 0.0, "l": 1000, "t": 6754.826544}
{"r": 0.0, "l": 1000, "t": 6811.11857}
{"r": 0.0, "l": 1000, "t": 6865.975213}
{"r": 0.0, "l": 1000, "t": 6922.469023}
{"r": 0.0, "l": 1000, "t": 6977.896708}
{"r": 0.0, "l": 1000, "t": 7035.772147}
{"r": 0.0, "l": 1000, "t": 7092.911685}
{"r": 0.0, "l": 1000, "t": 7147.976482}
{"r": 0.0, "l": 1000, "t": 7204.196489}
{"r": 0.0, "l": 1000, "t": 7262.289856}
{"r": 0.0, "l": 1000, "t": 7318.162834}
{"r": 0.0, "l": 1000, "t": 7377.14664}
{"r": 0.0, "l": 1000, "t": 7435.354321}
{"r": 0.0, "l": 1000, "t": 7492.680207}
{"r": 0.0, "l": 1000, "t": 7550.406873}
{"r": 0.0, "l": 1000, "t": 7607.007158}
{"r": 0.0, "l": 1000, "t": 7661.521616}
{"r": 0.0, "l": 1000, "t": 7716.151491}
{"r": 0.0, "l": 1000, "t": 7775.006719}
{"r": 0.0, "l": 1000, "t": 7833.107376}
{"r": 0.0, "l": 1000, "t": 7893.260432}
{"r": 0.0, "l": 1000, "t": 7948.799614}
{"r": 0.0, "l": 1000, "t": 8006.86636}
{"r": 0.0, "l": 1000, "t": 8067.877473}
{"r": 0.0, "l": 1000, "t": 8122.643774}
{"r": 0.0, "l": 1000, "t": 8181.93562}
{"r": 0.0, "l": 1000, "t": 8238.531628}
{"r": 0.0, "l": 1000, "t": 8294.643983}
{"r": 0.0, "l": 1000, "t": 8352.426449}
{"r": 0.0, "l": 1000, "t": 8410.668826}
{"r": 0.0, "l": 1000, "t": 8467.912951}
{"r": 0.0, "l": 1000, "t": 8527.981966}
{"r": 0.0, "l": 1000, "t": 8586.118713}
{"r": 0.0, "l": 1000, "t": 8643.864142}
{"r": 0.0,