{"nupdates": 16400, "total_timesteps": 328000, "fps": 85, "policy_entropy": 1.2377116680145264, "value_loss": 0.003110182471573353, "explained_variance": -0.09936642646789551}
{"nupdates": 16500, "total_timesteps": 330000, "fps": 85, "policy_entropy": 1.305557131767273, "value_loss": 3.141348861390725e-05, "explained_variance": -2.374317169189453}
{"nupdates": 16600, "total_timesteps": 332000, "fps": 85, "policy_entropy": 1.476070761680603, "value_loss": 3.4975782909896225e-05, "explained_variance": -0.18921303749084473}
{"nupdates": 16700, "total_timesteps": 334000, "fps": 84, "policy_entropy": 1.6031385660171509, "value_loss": 9.914345719153062e-05, "explained_variance": -4.671529769897461}
{"nupdates": 16800, "total_timesteps": 336000, "fps": 84, "policy_entropy": 1.5912892818450928, "value_loss": 0.0002965537132695317, "explained_variance": -6.587465763092041}
{"nupdates": 16900, "total_timesteps": 338000, "fps": 84, "policy_entropy": 1.6086571216583252, "value_loss": 1.2204739505250473e-05, "explained_variance": -0.13366460800170898}
{"nupdates": 17000, "total_timesteps": 340000, "fps": 83, "policy_entropy": 1.6078364849090576, "value_loss": 0.00011461649410193786, "explained_variance": -2.8694567680358887}
{"nupdates": 17100, "total_timesteps": 342000, "fps": 83, "policy_entropy": 1.6019283533096313, "value_loss": 3.8765836507081985e-05, "explained_variance": -1.8525633811950684}
{"nupdates": 17200, "total_timesteps": 344000, "fps": 83, "policy_entropy": 1.590544581413269, "value_loss": 0.00013861129991710186, "explained_variance": -1.0614449977874756}
{"nupdates": 17300, "total_timesteps": 346000, "fps": 82, "policy_entropy": 1.5991846323013306, "value_loss": 1.581356809765566e-05, "explained_variance": -4.837393283843994}
{"nupdates": 17400, "total_timesteps": 348000, "fps": 82, "policy_entropy": 1.573122501373291, "value_loss": 0.17677748203277588, "explained_variance": -0.04863154888153076}
{"nupdates": 17500, "total_timesteps": 350000, "fps": 82, "policy_entropy": 1.5725969076156616, "value_loss": 0.005977400578558445, "explained_variance": -32.4224739074707}
{"nupdates": 17600, "total_timesteps": 352000, "fps": 82, "policy_entropy": 1.5980278253555298, "value_loss": 0.00014004537661094218, "explained_variance": -1.9317576885223389}
{"nupdates": 17700, "total_timesteps": 354000, "fps": 81, "policy_entropy": 1.4679462909698486, "value_loss": 4.4336560677038506e-05, "explained_variance": -0.18145787715911865}
{"nupdates": 17800, "total_timesteps": 356000, "fps": 81, "policy_entropy": 1.5856378078460693, "value_loss": 2.309607771167066e-05, "explained_variance": 0.5885845124721527}
{"nupdates": 17900, "total_timesteps": 358000, "fps": 81, "policy_entropy": 1.5541017055511475, "value_loss": 1.9684737708303146e-05, "explained_variance": -12.369865417480469}
{"nupdates": 18000, "total_timesteps": 360000, "fps": 80, "policy_entropy": 1.5936800241470337, "value_loss": 0.004540044814348221, "explained_variance": -11.246463775634766}
{"nupdates": 18100, "total_timesteps": 362000, "fps": 80, "policy_entropy": 1.5923871994018555, "value_loss": 0.10528559982776642, "explained_variance": -0.009521245956420898}
{"nupdates": 18200, "total_timesteps": 364000, "fps": 80, "policy_entropy": 1.592296838760376, "value_loss": 0.000902093481272459, "explained_variance": -0.06409621238708496}
{"nupdates": 18300, "total_timesteps": 366000, "fps": 80, "policy_entropy": 1.559897780418396, "value_loss": 0.00026796857127919793, "explained_variance": -0.21538770198822021}
{"nupdates": 18400, "total_timesteps": 368000, "fps": 79, "policy_entropy": 1.5735538005828857, "value_loss": 8.955106750363484e-06, "explained_variance": -0.7521698474884033}
{"nupdates": 18500, "total_timesteps": 370000, "fps": 79, "policy_entropy": 1.528273582458496, "value_loss": 4.411070403875783e-05, "explained_variance": -2.8435301780700684}
{"nupdates": 18600, "total_timesteps": 372000, "fps": 79, "policy_entropy": 1.575069785118103, "value_loss": 1.0480257515155245e-05, "explained_variance": -1.8641128540039062}
{"nupdates": 18700, "total_timesteps": 374000, "fps": 79, "policy_entropy": 1.5926539897918701, "value_loss": 7.348869985435158e-06, "explained_variance": 0.36933434009552}
{"nupdates": 18800, "total_timesteps": 376000, "fps": 78, "policy_entropy": 1.5870659351348877, "value_loss": 4.771781277668197e-06, "explained_variance": 0.6064961552619934}
{"nupdates": 18900, "total_timesteps": 378000, "fps": 78, "policy_entropy": 1.5792369842529297, "value_loss": 3.9886622289486695e-06, "explained_variance": -2.3246912956237793}
{"nupdates": 19000, "total_timesteps": 380000, "fps": 78, "policy_entropy": 1.5808241367340088, "value_loss": 1.3777046206087107e-06, "explained_variance": -0.5975899696350098}
{"nupdates": 19100, "total_timesteps": 382000, "fps": 78, "policy_entropy": 1.5238889455795288, "value_loss": 1.5951634395605652e-06, "explained_variance": 0.1408591866493225}
{"nupdates": 19200, "total_timesteps": 384000, "fps": 78, "policy_entropy": 1.6010570526123047, "value_loss": 1.1116992027382366e-05, "explained_variance": -2.343144655227661}
{"nupdates": 19300, "total_timesteps": 386000, "fps": 77, "policy_entropy": 1.5964378118515015, "value_loss": 4.464581252250355e-06, "explained_variance": -1.2180399894714355}
{"nupdates": 19400, "total_timesteps": 388000, "fps": 77, "policy_entropy": 1.6047065258026123, "value_loss": 6.180758646223694e-06, "explained_variance": -0.9520407915115356}
{"nupdates": 19500, "total_timesteps": 390000, "fps": 77, "policy_entropy": 1.6018654108047485, "value_loss": 2.1706873667426407e-06, "explained_variance": -0.9936628341674805}
{"nupdates": 19600, "total_timesteps": 392000, "fps": 77, "policy_entropy": 1.5717025995254517, "value_loss": 5.064824108558241e-06, "explained_variance": -0.9922845363616943}
{"nupdates": 19700, "total_timesteps": 394000, "fps": 77, "policy_entropy": 1.6063340902328491, "value_loss": 9.205226888298057e-06, "explained_variance": 0.4265900254249573}
{"nupdates": 19800, "total_timesteps": 396000, "fps": 76, "policy_entropy": 1.5967247486114502, "value_loss": 4.741985321743414e-06, "explained_variance": -6.018225193023682}
{"nupdates": 19900, "total_timesteps": 398000, "fps": 76, "policy_entropy": 1.6061948537826538, "value_loss": 6.717966130054265e-07, "explained_variance": -0.318325400352478}
{"nupdates": 20000, "total_timesteps": 400000, "fps": 76, "policy_entropy": 1.591921091079712, "value_loss": 3.179158625243872e-07, "explained_variance": -10.191466331481934}
{"nupdates": 20100, "total_timesteps": 402000, "fps": 76, "policy_entropy": 1.5993362665176392, "value_loss": 8.061949301918503e-06, "explained_variance": -5.728111743927002}
{"nupdates": 20200, "total_timesteps": 404000, "fps": 76, "policy_entropy": 1.587754487991333, "value_loss": 2.4407795535807963e-06, "explained_variance": -7.353351593017578}
{"nupdates": 20300, "total_timesteps": 406000, "fps": 75, "policy_entropy": 1.6018245220184326, "value_loss": 1.4509812444885029e-06, "explained_variance": -1.4651741981506348}
{"nupdates": 20400, "total_timesteps": 408000, "fps": 75, "policy_entropy": 1.5798803567886353, "value_loss": 0.0007675531087443233, "explained_variance": -15.712974548339844}
{"nupdates": 20500, "total_timesteps": 410000, "fps": 75, "policy_entropy": 1.6026626825332642, "value_loss": 0.00011166992044309154, "explained_variance": -0.08014237880706787}
{"nupdates": 20600, "total_timesteps": 412000, "fps": 75, "policy_entropy": 1.5371084213256836, "value_loss": 0.16772763431072235, "explained_variance": 0.023178815841674805}
{"nupdates": 20700, "total_timesteps": 414000, "fps": 75, "policy_entropy": 1.6004831790924072, "value_loss": 0.00025272570201195776, "explained_variance": -0.003958225250244141}
{"nupdates": 20800, "total_timesteps": 416000, "fps": 74, "policy_entropy": 1.600563645362854, "value_loss": 8.457922376692295e-05, "explained_variance": 0.09385746717453003}
{"nupdates": 20900, "total_timesteps": 418000, "fps": 74,