{"t_start": 1514545096.4718566, "gym_version": "0.9.2", "env_id": "GridWorldNoFrameskip-v4"}
{"r": 0.0, "l": 1000, "t": 16.715141}
{"r": 0.0, "l": 1000, "t": 35.979964}
{"r": 0.0, "l": 1000, "t": 54.989947}
{"r": 0.0, "l": 1000, "t": 76.268116}
{"r": 0.0, "l": 1000, "t": 98.581098}
{"r": 0.0, "l": 1000, "t": 117.3133}
{"r": 0.0, "l": 1000, "t": 138.082162}
{"r": 0.0, "l": 1000, "t": 156.499578}
{"r": 0.0, "l": 1000, "t": 174.954681}
{"r": 0.0, "l": 1000, "t": 191.766771}
{"r": 0.0, "l": 1000, "t": 210.452084}
{"r": 0.0, "l": 1000, "t": 228.882159}
{"r": 0.0, "l": 1000, "t": 244.784731}
{"r": 0.0, "l": 1000, "t": 263.693773}
{"r": 0.0, "l": 1000, "t": 282.436853}
{"r": 0.0, "l": 1000, "t": 297.929917}
{"r": 0.0, "l": 1000, "t": 316.612465}
{"r": 0.0, "l": 1000, "t": 332.590415}
{"r": 0.0, "l": 1000, "t": 350.854677}
{"r": 0.0, "l": 1000, "t": 366.683462}
{"r": 0.0, "l": 1000, "t": 385.332933}
{"r": 0.0, "l": 1000, "t": 404.258945}
{"r": 0.0, "l": 1000, "t": 422.414911}
{"r": 0.0, "l": 1000, "t": 438.036495}
{"r": 0.0, "l": 1000, "t": 456.351281}
{"r": 0.0, "l": 1000, "t": 474.916029}
{"r": 0.0, "l": 1000, "t": 490.597017}
{"r": 0.0, "l": 1000, "t": 509.475913}
{"r": 0.0, "l": 1000, "t": 528.053351}
{"r": 0.0, "l": 1000, "t": 544.533932}
{"r": 0.0, "l": 1000, "t": 563.125554}
{"r": 0.0, "l": 1000, "t": 581.353533}
{"r": 0.0, "l": 1000, "t": 597.034016}
{"r": 0.0, "l": 1000, "t": 612.845374}
{"r": 0.0, "l": 1000, "t": 631.127381}
{"r": 0.0, "l": 1000, "t": 646.906581}
{"r": 0.0, "l": 1000, "t": 662.704762}
{"r": 0.0, "l": 1000, "t": 678.473011}
{"r": 0.0, "l": 1000, "t": 696.344107}
{"r": 0.0, "l": 1000, "t": 714.445691}
{"r": 0.0, "l": 1000, "t": 729.877789}
{"r": 0.0, "l": 1000, "t": 745.531368}
{"r": 0.0, "l": 1000, "t": 760.906052}
{"r": 0.0, "l": 1000, "t": 778.594927}
{"r": 0.0, "l": 1000, "t": 793.734657}
{"r": 0.0, "l": 1000, "t": 808.875265}
{"r": 0.0, "l": 1000, "t": 824.722634}
{"r": 0.0, "l": 1000, "t": 842.2028}
{"r": 0.0, "l": 1000, "t": 858.203899}
{"r": 0.0, "l": 1000, "t": 875.773609}
{"r": 0.0, "l": 1000, "t": 891.803047}
{"r": 0.0, "l": 1000, "t": 909.276748}
{"r": 0.0, "l": 1000, "t": 926.950031}
{"r": 0.0, "l": 1000, "t": 941.659449}
{"r": 0.0, "l": 1000, "t": 959.361224}
{"r": 0.0, "l": 1000, "t": 974.252043}
{"r": 0.0, "l": 1000, "t": 991.626436}
{"r": 0.0, "l": 1000, "t": 1007.49097}
{"r": 0.0, "l": 1000, "t": 1025.558353}
{"r": 0.0, "l": 1000, "t": 1043.868867}
{"r": 0.0, "l": 1000, "t": 1061.741875}
{"r": 0.0, "l": 1000, "t": 1077.663269}
{"r": 0.0, "l": 1000, "t": 1095.65622}
{"r": 0.0, "l": 1000, "t": 1113.660555}
{"r": 0.0, "l": 1000, "t": 1129.701059}
{"r": 0.0, "l": 1000, "t": 1146.916278}
{"r": 0.0, "l": 1000, "t": 1161.945555}
{"r": 0.0, "l": 1000, "t": 1180.112106}
{"r": 0.0, "l": 1000, "t": 1195.204322}
{"r": 0.0, "l": 1000, "t": 1210.613225}
{"r": 0.0, "l": 1000, "t": 1228.134647}
{"r": 0.0, "l": 1000, "t": 1243.584394}
{"r": 0.0, "l": 1000, "t": 1261.728844}
{"r": 0.0, "l": 1000, "t": 1280.203931}
{"r": 0.0, "l": 1000, "t": 1295.926481}
{"r": 0.0, "l": 1000, "t": 1313.836649}
{"r": 0.0, "l": 1000, "t": 1331.503883}
{"r": 0.0, "l": 1000, "t": 1346.404622}
{"r": 0.0, "l": 1000, "t": 1364.244213}
{"r": 0.0, "l": 1000, "t": 1379.917586}
{"r": 0.0, "l": 1000, "t": 1397.682423}
{"r": 0.0, "l": 1000, "t": 1412.850687}
{"r": 0.0, "l": 1000, "t": 1428.60311}
{"r": 0.0, "l": 1000, "t": 1445.610976}
{"r": 0.0, "l": 1000, "t": 1463.006413}
{"r": 0.0, "l": 1000, "t": 1478.123135}
{"r": 0.0, "l": 1000, "t": 1495.611882}
{"r": 0.0, "l": 1000, "t": 1511.060211}
{"r": 0.0, "l": 1000, "t": 1528.894037}
{"r": 0.0, "l": 1000, "t": 1544.056558}
{"r": 0.0, "l": 1000, "t": 1562.362736}
{"r": 0.0, "l": 1000, "t": 1577.196373}
{"r": 0.0, "l": 1000, "t": 1594.426023}
{"r": 0.0, "l": 1000, "t": 1612.804907}
{"r": 0.0, "l": 1000, "t": 1630.15368}
{"r": 0.0, "l": 1000, "t": 1647.866218}
{"r": 0.0, "l": 1000, "t": 1665.98924}
{"r": 0.0, "l": 1000, "t": 1683.576625}
{"r": 0.0, "l": 1000, "t": 1701.462715}
{"r": 0.0, "l": 1000, "t": 1721.657926}
{"r": 0.0, "l": 1000, "t": 1739.338814}
{"r": 0.0, "l": 1000, "t": 1759.805019}
{"r": 0.0, "l": 1000, "t": 1780.377291}
{"r": 0.0, "l": 1000, "t": 1804.236518}
{"r": 0.0, "l": 1000, "t": 1825.616723}
{"r": 0.0, "l": 1000, "t": 1846.387115}
{"r": 0.0, "l": 1000, "t": 1870.262697}
{"r": 0.0, "l": 1000, "t": 1893.12658}
{"r": 0.0, "l": 1000, "t": 1913.683524}
{"r": 0.0, "l": 1000, "t": 1937.261876}
{"r": 0.0, "l": 1000, "t": 1957.860857}
{"r": 0.0, "l": 1000, "t": 1977.983129}
{"r": 0.0, "l": 1000, "t": 1998.682295}
{"r": 0.0, "l": 1000, "t": 2019.373169}
{"r": 0.0, "l": 1000, "t": 2039.950246}
{"r": 0.0, "l": 1000, "t": 2063.664186}
{"r": 0.0, "l": 1000, "t": 2085.955651}
{"r": 0.0, "l": 1000, "t": 2105.492688}
{"r": 0.0, "l": 1000, "t": 2130.842152}
{"r": 0.0, "l": 1000, "t": 2152.836626}
{"r": 0.0, "l": 1000, "t": 2174.366612}
{"r": 0.0, "l": 1000, "t": 2199.494605}
{"r": 0.0, "l": 1000, "t": 2218.732295}
{"r": 0.0, "l": 1000, "t": 2253.921806}
{"r": 0.0, "l": 1000, "t": 2319.866358}
{"r": 0.0, "l": 1000, "t": 2383.684777}
{"r": 0.0, "l": 1000, "t": 2443.780383}
{"r": 0.0, "l": 1000, "t": 2512.004861}
{"r": 0.0, "l": 1000, "t": 2575.118972}
{"r": 0.0, "l": 1000, "t": 2630.123637}
{"r": 0.0, "l": 1000, "t": 2697.038547}
{"r": 0.0, "l": 1000, "t": 2755.978235}
{"r": 0.0, "l": 1000, "t": 2819.774066}
{"r": 0.0, "l": 1000, "t": 2885.81432}
{"r": 0.0, "l": 1000, "t": 2949.432723}
{"r": 0.0, "l": 1000, "t": 3008.326667}
{"r": 0.0, "l": 1000, "t": 3067.322698}
{"r": 0.0, "l": 1000, "t": 3123.359634}
{"r": 0.0, "l": 1000, "t": 3179.700961}
{"r": 0.0, "l": 1000, "t": 3247.195301}
{"r": 0.0, "l": 1000, "t": 3312.687394}
{"r": 0.0, "l": 1000, "t": 3375.125136}
{"r": 0.0, "l": 1000, "t": 3439.898941}
{"r": 0.0, "l": 1000, "t": 3505.989056}
{"r": 0.0, "l": 1000, "t": 3562.816677}
{"r": 0.0, "l": 1000, "t": 3620.893148}
{"r": 0.0, "l": 1000, "t": 3674.821916}
{"r": 0.0, "l": 1000, "t": 3731.625839}
{"r": 0.0, "l": 1000, "t": 3796.775208}
{"r": 0.0, "l": 1000, "t": 3857.605421}
{"r": 0.0, "l": 1000, "t": 3914.54388}
{"r": 0.0, "l": 1000, "t": 3975.379708}
{"r": 0.0, "l": 1000, "t": 4033.8802}
{"r": 0.0, "l": 1000, "t": 4094.913409}
{"r": 0.0, "l": 1000, "t": 4153.925326}
{"r": 0.0, "l": 1000, "t": 4214.497358}
{"r": 0.0, "l": 1000, "t": 4272.505084}
{"r": 0.0, "l": 1000, "t": 4331.75583}
{"r": 0.0, "l": 1000, "t": 4388.211645}
{"r": 0.0, "l": 1000, "t": 4451.135658}
{"r": 0.0, "l": 1000, "t": 4512.02473}
{"r": 0.0, "l": 1000, "t": 4573.534176}
{"r": 0.0, "l": 1000, "t": 4631.804355}
{"r": 0.0, "l": 1000, "t": 4685.864735}
{"r": 0.0, "l": 1000, "t": 4750.670098}
{"r": 0.0, "l": 1000, "t": 4813.631822}
{"r": 0.0, "l": 1000, "t": 4871.846703}
{"r": 0.0, "l": 1000, "t": 4930.755833}
{"r": 0.0, "l": 1000, "t": 4989.552232}
{"r": 0.0, "l": 1000, "t": 5047.357048}
{"r": 0.0, "l": 1000, "t": 5108.2379}
{"r": 0.0, "l": 1000, "t": 5169.41155}
{"r": 0.0, "l": 1000, "t": 5229.22524}
{"r": 0.0, "l": 1000, "t": 5289.026884}
{"r": 0.0, "l": 1000, "t": 5345.386938}
{"r": 0.0, "l": 1000, "t": 5403.44859}
{"r": 0.0, "l": 1000, "t": 5458.549945}
{"r": 0.0, "l": 1000, "t": 5525.005805}
{"r": 0.0, "l": 1000, "t": 5586.139391}
{"r": 0.0, "l": 1000, "t": 5643.245641}
{"r": 0.0, "l": 1000, "t": 5707.862798}
{"r": 0.0, "l": 1000, "t": 5761.285845}
{"r": 0.0, "l": 1000, "t": 5820.599632}
{"r": 0.0, "l": 1000, "t": 5879.543825}
{"r": 0.0, "l": 1000, "t": 5941.901755}
{"r": 0.0, "l": 1000, "t": 5998.780718}
{"r": 0.0, "l": 1000, "t": 6053.425598}
{"r": 0.0, "l": 1000, "t": 6117.10998}
{"r": 0.0, "l": 1000, "t": 6176.584008}
{"r": 0.0, "l": 1000, "t": 6231.641481}
{"r": 0.0, "l": 1000, "t": 6290.232095}
{"r": 0.0, "l": 1000, "t": 6345.346368}
{"r": 0.0, "l": 1000, "t": 6403.125392}
{"r": 0.0, "l": 1000, "t": 6455.866034}
{"r": 0.0, "l": 1000, "t": 6516.507016}
{"r": 0.0, "l": 1000, "t": 6573.32174}
{"r": 0.0, "l": 1000, "t": 6630.621811}
{"r": 0.0, "l": 1000, "t": 6688.611229}
{"r": 0.0, "l": 1000, "t": 6743.960547}
{"r": 0.0, "l": 1000,