{"t_start": 1514545096.4746614, "gym_version": "0.9.2", "env_id": "GridWorldNoFrameskip-v4"}
{"r": 0.0, "l": 1000, "t": 16.314716}
{"r": 0.0, "l": 1000, "t": 35.734415}
{"r": 0.0, "l": 1000, "t": 54.703749}
{"r": 0.0, "l": 1000, "t": 73.658295}
{"r": 0.0, "l": 1000, "t": 95.531206}
{"r": 0.0, "l": 1000, "t": 117.070418}
{"r": 0.0, "l": 1000, "t": 137.755496}
{"r": 0.0, "l": 1000, "t": 156.022319}
{"r": 0.0, "l": 1000, "t": 172.348116}
{"r": 0.0, "l": 1000, "t": 191.380352}
{"r": 0.0, "l": 1000, "t": 209.945179}
{"r": 0.0, "l": 1000, "t": 228.360863}
{"r": 0.0, "l": 1000, "t": 244.294179}
{"r": 0.0, "l": 1000, "t": 260.666996}
{"r": 0.0, "l": 1000, "t": 282.118162}
{"r": 0.0, "l": 1000, "t": 297.503742}
{"r": 0.0, "l": 1000, "t": 314.540274}
{"r": 0.0, "l": 1000, "t": 332.177489}
{"r": 0.0, "l": 1000, "t": 348.083943}
{"r": 0.0, "l": 1000, "t": 366.063873}
{"r": 0.0, "l": 1000, "t": 384.79071}
{"r": 0.0, "l": 1000, "t": 400.829713}
{"r": 0.0, "l": 1000, "t": 419.409864}
{"r": 0.0, "l": 1000, "t": 437.621}
{"r": 0.0, "l": 1000, "t": 455.763789}
{"r": 0.0, "l": 1000, "t": 471.753991}
{"r": 0.0, "l": 1000, "t": 489.958245}
{"r": 0.0, "l": 1000, "t": 508.954756}
{"r": 0.0, "l": 1000, "t": 527.653559}
{"r": 0.0, "l": 1000, "t": 543.883789}
{"r": 0.0, "l": 1000, "t": 560.133543}
{"r": 0.0, "l": 1000, "t": 578.073884}
{"r": 0.0, "l": 1000, "t": 594.080496}
{"r": 0.0, "l": 1000, "t": 612.140083}
{"r": 0.0, "l": 1000, "t": 628.092101}
{"r": 0.0, "l": 1000, "t": 643.430259}
{"r": 0.0, "l": 1000, "t": 659.756373}
{"r": 0.0, "l": 1000, "t": 677.483453}
{"r": 0.0, "l": 1000, "t": 693.175227}
{"r": 0.0, "l": 1000, "t": 711.058213}
{"r": 0.0, "l": 1000, "t": 726.953895}
{"r": 0.0, "l": 1000, "t": 744.388148}
{"r": 0.0, "l": 1000, "t": 757.421615}
{"r": 0.0, "l": 1000, "t": 774.864052}
{"r": 0.0, "l": 1000, "t": 790.2281}
{"r": 0.0, "l": 1000, "t": 805.400445}
{"r": 0.0, "l": 1000, "t": 821.163485}
{"r": 0.0, "l": 1000, "t": 838.945328}
{"r": 0.0, "l": 1000, "t": 857.030713}
{"r": 0.0, "l": 1000, "t": 872.208407}
{"r": 0.0, "l": 1000, "t": 888.181673}
{"r": 0.0, "l": 1000, "t": 905.708062}
{"r": 0.0, "l": 1000, "t": 923.534846}
{"r": 0.0, "l": 1000, "t": 938.169231}
{"r": 0.0, "l": 1000, "t": 955.68329}
{"r": 0.0, "l": 1000, "t": 971.091571}
{"r": 0.0, "l": 1000, "t": 987.958447}
{"r": 0.0, "l": 1000, "t": 1003.572152}
{"r": 0.0, "l": 1000, "t": 1021.745312}
{"r": 0.0, "l": 1000, "t": 1039.980146}
{"r": 0.0, "l": 1000, "t": 1055.501458}
{"r": 0.0, "l": 1000, "t": 1073.874104}
{"r": 0.0, "l": 1000, "t": 1092.0516}
{"r": 0.0, "l": 1000, "t": 1109.699496}
{"r": 0.0, "l": 1000, "t": 1125.858348}
{"r": 0.0, "l": 1000, "t": 1143.240494}
{"r": 0.0, "l": 1000, "t": 1158.260496}
{"r": 0.0, "l": 1000, "t": 1176.318298}
{"r": 0.0, "l": 1000, "t": 1191.839144}
{"r": 0.0, "l": 1000, "t": 1206.861019}
{"r": 0.0, "l": 1000, "t": 1224.610719}
{"r": 0.0, "l": 1000, "t": 1239.94867}
{"r": 0.0, "l": 1000, "t": 1258.08903}
{"r": 0.0, "l": 1000, "t": 1276.479742}
{"r": 0.0, "l": 1000, "t": 1294.824957}
{"r": 0.0, "l": 1000, "t": 1310.063887}
{"r": 0.0, "l": 1000, "t": 1327.907276}
{"r": 0.0, "l": 1000, "t": 1343.112616}
{"r": 0.0, "l": 1000, "t": 1360.979065}
{"r": 0.0, "l": 1000, "t": 1378.710173}
{"r": 0.0, "l": 1000, "t": 1393.921252}
{"r": 0.0, "l": 1000, "t": 1409.200645}
{"r": 0.0, "l": 1000, "t": 1426.940391}
{"r": 0.0, "l": 1000, "t": 1441.945193}
{"r": 0.0, "l": 1000, "t": 1459.434913}
{"r": 0.0, "l": 1000, "t": 1474.788332}
{"r": 0.0, "l": 1000, "t": 1492.225042}
{"r": 0.0, "l": 1000, "t": 1507.472884}
{"r": 0.0, "l": 1000, "t": 1525.446874}
{"r": 0.0, "l": 1000, "t": 1540.340364}
{"r": 0.0, "l": 1000, "t": 1558.60076}
{"r": 0.0, "l": 1000, "t": 1573.758313}
{"r": 0.0, "l": 1000, "t": 1590.977096}
{"r": 0.0, "l": 1000, "t": 1609.073969}
{"r": 0.0, "l": 1000, "t": 1626.587163}
{"r": 0.0, "l": 1000, "t": 1644.12981}
{"r": 0.0, "l": 1000, "t": 1659.193216}
{"r": 0.0, "l": 1000, "t": 1680.102384}
{"r": 0.0, "l": 1000, "t": 1697.978232}
{"r": 0.0, "l": 1000, "t": 1717.745394}
{"r": 0.0, "l": 1000, "t": 1735.569325}
{"r": 0.0, "l": 1000, "t": 1755.870582}
{"r": 0.0, "l": 1000, "t": 1776.693358}
{"r": 0.0, "l": 1000, "t": 1797.476659}
{"r": 0.0, "l": 1000, "t": 1821.553637}
{"r": 0.0, "l": 1000, "t": 1842.531392}
{"r": 0.0, "l": 1000, "t": 1864.198403}
{"r": 0.0, "l": 1000, "t": 1887.083702}
{"r": 0.0, "l": 1000, "t": 1907.532249}
{"r": 0.0, "l": 1000, "t": 1930.728223}
{"r": 0.0, "l": 1000, "t": 1954.037882}
{"r": 0.0, "l": 1000, "t": 1974.286778}
{"r": 0.0, "l": 1000, "t": 1995.217941}
{"r": 0.0, "l": 1000, "t": 2015.459537}
{"r": 0.0, "l": 1000, "t": 2036.407041}
{"r": 0.0, "l": 1000, "t": 2059.643177}
{"r": 0.0, "l": 1000, "t": 2079.160702}
{"r": 0.0, "l": 1000, "t": 2101.574178}
{"r": 0.0, "l": 1000, "t": 2123.909126}
{"r": 0.0, "l": 1000, "t": 2146.461983}
{"r": 0.0, "l": 1000, "t": 2167.628911}
{"r": 0.0, "l": 1000, "t": 2192.711139}
{"r": 0.0, "l": 1000, "t": 2214.794006}
{"r": 0.0, "l": 1000, "t": 2236.641437}
{"r": 0.0, "l": 1000, "t": 2298.746597}
{"r": 0.0, "l": 1000, "t": 2366.480627}
{"r": 0.0, "l": 1000, "t": 2426.279901}
{"r": 0.0, "l": 1000, "t": 2491.403319}
{"r": 0.0, "l": 1000, "t": 2558.893659}
{"r": 0.0, "l": 1000, "t": 2611.641646}
{"r": 0.0, "l": 1000, "t": 2680.102627}
{"r": 0.0, "l": 1000, "t": 2738.54639}
{"r": 0.0, "l": 1000, "t": 2798.53996}
{"r": 0.0, "l": 1000, "t": 2864.303943}
{"r": 0.0, "l": 1000, "t": 2927.985613}
{"r": 0.0, "l": 1000, "t": 2991.000574}
{"r": 0.0, "l": 1000, "t": 3050.89993}
{"r": 0.0, "l": 1000, "t": 3104.268471}
{"r": 0.0, "l": 1000, "t": 3163.700927}
{"r": 0.0, "l": 1000, "t": 3229.090924}
{"r": 0.0, "l": 1000, "t": 3296.653526}
{"r": 0.0, "l": 1000, "t": 3358.122944}
{"r": 0.0, "l": 1000, "t": 3419.422317}
{"r": 0.0, "l": 1000, "t": 3485.580689}
{"r": 0.0, "l": 1000, "t": 3547.24171}
{"r": 0.0, "l": 1000, "t": 3602.776768}
{"r": 0.0, "l": 1000, "t": 3658.050826}
{"r": 0.0, "l": 1000, "t": 3715.451822}
{"r": 0.0, "l": 1000, "t": 3774.913057}
{"r": 0.0, "l": 1000, "t": 3832.53875}
{"r": 0.0, "l": 1000, "t": 3896.310774}
{"r": 0.0, "l": 1000, "t": 3954.268836}
{"r": 0.0, "l": 1000, "t": 4011.150889}
{"r": 0.0, "l": 1000, "t": 4075.640018}
{"r": 0.0, "l": 1000, "t": 4134.52275}
{"r": 0.0, "l": 1000, "t": 4192.940903}
{"r": 0.0, "l": 1000, "t": 4250.309577}
{"r": 0.0, "l": 1000, "t": 4312.593904}
{"r": 0.0, "l": 1000, "t": 4370.575722}
{"r": 0.0, "l": 1000, "t": 4433.224153}
{"r": 0.0, "l": 1000, "t": 4493.511062}
{"r": 0.0, "l": 1000, "t": 4552.780955}
{"r": 0.0, "l": 1000, "t": 4615.394189}
{"r": 0.0, "l": 1000, "t": 4676.746332}
{"r": 0.0, "l": 1000, "t": 4731.77929}
{"r": 0.0, "l": 1000, "t": 4792.954349}
{"r": 0.0, "l": 1000, "t": 4849.92574}
{"r": 0.0, "l": 1000, "t": 4912.241783}
{"r": 0.0, "l": 1000, "t": 4967.911803}
{"r": 0.0, "l": 1000, "t": 5026.79372}
{"r": 0.0, "l": 1000, "t": 5085.795729}
{"r": 0.0, "l": 1000, "t": 5146.207876}
{"r": 0.0, "l": 1000, "t": 5208.49583}
{"r": 0.0, "l": 1000, "t": 5264.989474}
{"r": 0.0, "l": 1000, "t": 5327.330961}
{"r": 0.0, "l": 1000, "t": 5379.943128}
{"r": 0.0, "l": 1000, "t": 5439.215926}
{"r": 0.0, "l": 1000, "t": 5499.498492}
{"r": 0.0, "l": 1000, "t": 5563.440006}
{"r": 0.0, "l": 1000, "t": 5618.961644}
{"r": 0.0, "l": 1000, "t": 5684.008037}
{"r": 0.0, "l": 1000, "t": 5737.654697}
{"r": 0.0, "l": 1000, "t": 5797.885754}
{"r": 0.0, "l": 1000, "t": 5856.691024}
{"r": 0.0, "l": 1000, "t": 5914.027788}
{"r": 0.0, "l": 1000, "t": 5975.807932}
{"r": 0.0, "l": 1000, "t": 6031.717048}
{"r": 0.0, "l": 1000, "t": 6091.466088}
{"r": 0.0, "l": 1000, "t": 6154.703697}
{"r": 0.0, "l": 1000, "t": 6208.446004}
{"r": 0.0, "l": 1000, "t": 6267.203667}
{"r": 0.0, "l": 1000, "t": 6323.197145}
{"r": 0.0, "l": 1000, "t": 6381.354932}
{"r": 0.0, "l": 1000, "t": 6434.029974}
{"r": 0.0, "l": 1000, "t": 6493.761235}
{"r": 0.0, "l": 1000, "t": 6551.864939}
{"r": 0.0, "l": 1000, "t": 6609.30833}
{"r": 0.0, "l": 1000, "t": 6665.788363}
{"r": 0.0, "l": 1000, "t": 6722.018916}
{"r": 0.0, "l": 1000,