{"env_id": "GridWorldNoFrameskip-v4", "gym_version": "0.9.3", "t_start": 1517454236.2061534}
{"l": 1000, "t": 14.509665, "r": 43}
{"l": 1000, "t": 15.806974, "r": -110}
{"l": 1000, "t": 17.106233, "r": -8}
{"l": 1000, "t": 18.403783, "r": -28}
{"l": 1000, "t": 19.703196, "r": -68}
{"l": 1000, "t": 20.971817, "r": -10}
{"l": 1000, "t": 22.292541, "r": 21}
{"l": 1000, "t": 23.559028, "r": -36}
{"l": 1000, "t": 24.818769, "r": 23}
{"l": 1000, "t": 26.083838, "r": -43}
{"l": 1000, "t": 27.347518, "r": -118}
{"l": 1000, "t": 28.63072, "r": 10}
{"l": 1000, "t": 29.899978, "r": -120}
{"l": 1000, "t": 31.155929, "r": -60}
{"l": 1000, "t": 32.443182, "r": -65}
{"l": 1000, "t": 33.73012, "r": -40}
{"l": 1000, "t": 35.02541, "r": -4}
{"l": 1000, "t": 36.325159, "r": 82}
{"l": 1000, "t": 37.640097, "r": 40}
{"l": 1000, "t": 38.922223, "r": -1}
{"l": 1000, "t": 40.192408, "r": 4}
{"l": 1000, "t": 41.488131, "r": -72}
{"l": 1000, "t": 42.761814, "r": 43}
{"l": 1000, "t": 44.023206, "r": -18}
{"l": 1000, "t": 45.285553, "r": -23}
{"l": 1000, "t": 46.545177, "r": -69}
{"l": 1000, "t": 47.781413, "r": -17}
{"l": 1000, "t": 49.038754, "r": -37}
{"l": 1000, "t": 50.295764, "r": -168}
{"l": 1000, "t": 51.581268, "r": -24}
{"l": 1000, "t": 52.848889, "r": 12}
{"l": 1000, "t": 54.090405, "r": -13}
{"l": 1000, "t": 55.369384, "r": -64}
{"l": 1000, "t": 56.625383, "r": 26}
{"l": 1000, "t": 57.884185, "r": 20}
{"l": 1000, "t": 59.146089, "r": -77}
{"l": 1000, "t": 60.391457, "r": -116}
{"l": 1000, "t": 61.622697, "r": -4}
{"l": 1000, "t": 62.900383, "r": -53}
{"l": 1000, "t": 64.143885, "r": 17}
{"l": 1000, "t": 65.396287, "r": 35}
{"l": 1000, "t": 66.658076, "r": -18}
{"l": 1000, "t": 67.939108, "r": 38}
{"l": 1000, "t": 69.207971, "r": -37}
{"l": 1000, "t": 70.471835, "r": -70}
{"l": 1000, "t": 71.777296, "r": 19}
{"l": 1000, "t": 73.055953, "r": 26}
{"l": 1000, "t": 74.371735, "r": -120}
{"l": 1000, "t": 75.652984, "r": 81}
{"l": 1000, "t": 76.915639, "r": 8}
{"l": 1000, "t": 78.200911, "r": -14}
{"l": 1000, "t": 79.465573, "r": 19}
{"l": 1000, "t": 80.745172, "r": -52}
{"l": 1000, "t": 82.031498, "r": -44}
{"l": 1000, "t": 83.312043, "r": -16}
{"l": 1000, "t": 84.579915, "r": 47}
{"l": 1000, "t": 85.849254, "r": -2}
{"l": 1000, "t": 87.124825, "r": 50}
{"l": 1000, "t": 88.391173, "r": 8}
{"l": 1000, "t": 89.698222, "r": 16}
{"l": 1000, "t": 90.944137, "r": 13}
{"l": 1000, "t": 92.23772, "r": 12}
{"l": 1000, "t": 93.52616, "r": -72}
{"l": 1000, "t": 94.803151, "r": 47}
{"l": 1000, "t": 96.079984, "r": 42}
{"l": 1000, "t": 97.354277, "r": -12}
{"l": 1000, "t": 98.611846, "r": -108}
{"l": 1000, "t": 99.907159, "r": -72}
{"l": 1000, "t": 101.180012, "r": 2}
{"l": 1000, "t": 102.424947, "r": 39}
{"l": 1000, "t": 103.688517, "r": -8}
{"l": 1000, "t": 104.971886, "r": 12}
{"l": 1000, "t": 106.245095, "r": 7}
{"l": 1000, "t": 107.518004, "r": -2}
{"l": 1000, "t": 108.788899, "r": -55}
{"l": 1000, "t": 110.031285, "r": 62}
{"l": 1000, "t": 111.303204, "r": -6}
{"l": 1000, "t": 112.57769, "r": -46}
{"l": 1000, "t": 113.861348, "r": -29}
{"l": 1000, "t": 115.133887, "r": -66}
{"l": 1000, "t": 116.370383, "r": -18}
{"l": 1000, "t": 117.631473, "r": -50}
{"l": 1000, "t": 118.916841, "r": -55}
{"l": 1000, "t": 120.196519, "r": -60}
{"l": 1000, "t": 121.477763, "r": -29}
{"l": 1000, "t": 122.773136, "r": 45}
{"l": 1000, "t": 124.029399, "r": 4}
{"l": 1000, "t": 125.33695, "r": -28}
{"l": 1000, "t": 126.620988, "r": -61}
{"l": 1000, "t": 127.924204, "r": -13}
{"l": 1000, "t": 129.198711, "r": -4}
{"l": 1000, "t": 130.485219, "r": 0}
{"l": 1000, "t": 131.776082, "r": -35}
{"l": 1000, "t": 133.029557, "r": 34}
{"l": 1000, "t": 134.313441, "r": 8}
{"l": 1000, "t": 135.574506, "r": 26}
{"l": 1000, "t": 136.867427, "r": 28}
{"l": 1000, "t": 138.13224, "r": 32}
{"l": 1000, "t": 139.390018, "r": -26}
{"l": 1000, "t": 140.663995, "r": -103}
{"l": 1000, "t": 141.939446, "r": 32}
{"l": 1000, "t": 143.194694, "r": -57}
{"l": 1000, "t": 144.50299, "r": 15}
{"l": 1000, "t": 145.770087, "r": -6}
{"l": 1000, "t": 147.026152, "r": -12}
{"l": 1000, "t": 148.316718, "r": 14}
{"l": 1000, "t": 149.570474, "r": -1}
{"l": 1000, "t": 150.840392, "r": -5}
{"l": 1000, "t": 152.111018, "r": -47}
{"l": 1000, "t": 153.38236, "r": -88}
{"l": 1000, "t": 154.657025, "r": -49}
{"l": 1000, "t": 155.930235, "r": 65}
{"l": 1000, "t": 157.201064, "r": -44}
{"l": 1000, "t": 158.509947, "r": -3}
{"l": 1000, "t": 159.785066, "r": -84}
{"l": 1000, "t": 161.050065, "r": 1}
{"l": 1000, "t": 162.329616, "r": -18}
{"l": 1000, "t": 163.601559, "r": 67}
{"l": 1000, "t": 164.858572, "r": 12}
{"l": 1000, "t": 166.127535, "r": -46}
{"l": 1000, "t": 167.423902, "r": -35}
{"l": 1000, "t": 168.683143, "r": 66}
{"l": 1000, "t": 169.954886, "r": -27}
{"l": 1000, "t": 171.225467, "r": 2}
{"l": 1000, "t": 172.510526, "r": 35}
{"l": 1000, "t": 173.772516, "r": -68}
{"l": 1000, "t": 175.064797, "r": -27}
{"l": 1000, "t": 176.355393, "r": 67}
{"l": 1000, "t": 177.611198, "r": -75}
{"l": 1000, "t": 178.894226, "r": -88}
{"l": 1000, "t": 180.183755, "r": -42}
{"l": 1000, "t": 181.457386, "r": -64}
{"l": 1000, "t": 182.735825, "r": -92}
{"l": 1000, "t": 184.019396, "r": -23}
{"l": 1000, "t": 185.299809, "r": 16}
{"l": 1000, "t": 186.586077, "r": 4}
{"l": 1000, "t": 187.86779, "r": 7}
{"l": 1000, "t": 189.173001, "r": -60}
{"l": 1000, "t": 190.481532, "r": 45}
{"l": 1000, "t": 191.764832, "r": 60}
{"l": 1000, "t": 193.04385, "r": -47}
{"l": 1000, "t": 194.329635, "r": -20}
{"l": 1000, "t": 195.601481, "r": 29}
{"l": 1000, "t": 196.871744, "r": 58}
{"l": 1000, "t": 198.164128, "r": 34}
{"l": 1000, "t": 199.459513, "r": -31}
{"l": 1000, "t": 200.759479, "r": -115}
{"l": 1000, "t": 202.080563, "r": 10}
{"l": 1000, "t": 203.353482, "r": -58}
{"l": 1000, "t": 204.637096, "r": -64}
{"l": 1000, "t": 205.937627, "r": -120}
{"l": 1000, "t": 207.20094, "r": -32}
{"l": 1000, "t": 208.507296, "r": -99}
{"l": 1000, "t": 209.795857, "r": 14}
{"l": 1000, "t": 211.085646, "r": 5}
{"l": 1000, "t": 212.414035, "r": -49}
{"l": 1000, "t": 213.709436, "r": 45}
{"l": 1000, "t": 214.981577, "r": -20}
{"l": 1000, "t": 216.273426, "r": -54}
{"l": 1000, "t": 217.586502, "r": -29}
{"l": 1000, "t": 218.854995, "r": -42}
{"l": 1000, "t": 220.142468, "r": -32}
{"l": 1000, "t": 221.424168, "r": -12}
{"l": 1000, "t": 222.716741, "r": -61}
{"l": 1000, "t": 224.001189, "r": -47}
{"l": 1000, "t": 225.286375, "r": -78}
{"l": 1000, "t": 226.564698, "r": -125}
{"l": 1000, "t": 227.840291, "r": -72}
{"l": 1000, "t": 229.113461, "r": -28}
{"l": 1000, "t": 230.37979, "r": -32}
{"l": 1000, "t": 231.677366, "r": -78}
{"l": 1000, "t": 232.968823, "r": -92}
{"l": 1000, "t": 234.252304, "r": -71}
{"l": 1000, "t": 235.565016, "r": -44}
{"l": 1000, "t": 236.884686, "r": 21}
{"l": 1000, "t": 238.181374, "r": -15}
{"l": 1000, "t": 239.465226, "r": -71}
{"l": 1000, "t": 240.766382, "r": -62}
{"l": 1000, "t": 242.063873, "r": 39}
{"l": 1000, "t": 243.34498, "r": 8}
{"l": 1000, "t": 244.609736, "r": -32}
{"l": 1000, "t": 245.898674, "r": -22}
{"l": 1000, "t": 247.184604, "r": -83}
{"l": 1000, "t": 248.484498, "r": 47}
{"l": 1000, "t": 249.767474, "r": 5}
{"l": 1000, "t": 251.054228, "r": -64}
{"l": 1000, "t": 252.360137, "r": -6}
{"l": 1000, "t": 253.663709, "r": 7}
{"l": 1000, "t": 254.97915, "r": 50}
{"l": 1000, "t": 256.248771, "r": -23}
{"l": 1000, "t": 257.532992, "r": -105}
{"l": 1000, "t": 258.802442, "r": -22}
{"l": 1000, "t": 260.052395, "r": -19}
{"l": 1000, "t": 261.311691, "r": -52}
{"l": 1000, "t": 262.591437, "r": -40}
{"l": 1000, "t": 263.888177, "r": 36}
{"l": 1000, "t": 265.167852, "r": -2}
{"l": 1000, "t": 266.469402, "r": 15}
{"l": 1000, "t": 267.756269, "r": -68}
{"l": 1000, "t": 269.03733, "r": -24}
{"l": 1000, "t": 270.33211, "r": -4}
{"l": 1000, "t": 271.608649, "r": 44}
{"l": 1000, "t": 272.883684, "r": -43}
{"l": 1000, "t": 274.171243, "r": -36}
{"l": 1000, "t": 275.462585, "r": -63}
{"l": 1000, "t": 276.765639, "r": -30}
{"l": 1000, "t": 278.039167, "r": -3}
{"l": 1000,