{"t_start": 1514492306.5859745, "gym_version": "0.9.2", "env_id": "GridWorldNoFrameskip-v4"}
{"r": 0.0, "l": 1000, "t": 17.455943}
{"r": 0.0, "l": 1000, "t": 36.375335}
{"r": 0.0, "l": 1000, "t": 54.137721}
{"r": 0.0, "l": 1000, "t": 73.642037}
{"r": 0.0, "l": 1000, "t": 91.44635}
{"r": 0.0, "l": 1000, "t": 108.431785}
{"r": 0.0, "l": 1000, "t": 127.489538}
{"r": 0.0, "l": 1000, "t": 144.781446}
{"r": 0.0, "l": 1000, "t": 161.748833}
{"r": 0.0, "l": 1000, "t": 180.500031}
{"r": 0.0, "l": 1000, "t": 198.836123}
{"r": 0.0, "l": 1000, "t": 217.36823}
{"r": 0.0, "l": 1000, "t": 234.436521}
{"r": 0.0, "l": 1000, "t": 253.636916}
{"r": 0.0, "l": 1000, "t": 273.157212}
{"r": 0.0, "l": 1000, "t": 290.365617}
{"r": 0.0, "l": 1000, "t": 309.396321}
{"r": 0.0, "l": 1000, "t": 328.317607}
{"r": 0.0, "l": 1000, "t": 345.798443}
{"r": 0.0, "l": 1000, "t": 364.809612}
{"r": 0.0, "l": 1000, "t": 381.796838}
{"r": 0.0, "l": 1000, "t": 400.471744}
{"r": 0.0, "l": 1000, "t": 417.394791}
{"r": 0.0, "l": 1000, "t": 435.96562}
{"r": 0.0, "l": 1000, "t": 453.778631}
{"r": 0.0, "l": 1000, "t": 472.445948}
{"r": 0.0, "l": 1000, "t": 491.327684}
{"r": 0.0, "l": 1000, "t": 508.130823}
{"r": 0.0, "l": 1000, "t": 527.487872}
{"r": 0.0, "l": 1000, "t": 545.96537}
{"r": 0.0, "l": 1000, "t": 565.18366}
{"r": 0.0, "l": 1000, "t": 584.075726}
{"r": 0.0, "l": 1000, "t": 601.254937}
{"r": 0.0, "l": 1000, "t": 620.48387}
{"r": 0.0, "l": 1000, "t": 637.567582}
{"r": 0.0, "l": 1000, "t": 656.505683}
{"r": 0.0, "l": 1000, "t": 673.765893}
{"r": 0.0, "l": 1000, "t": 692.555178}
{"r": 0.0, "l": 1000, "t": 711.604902}
{"r": 0.0, "l": 1000, "t": 730.451162}
{"r": 0.0, "l": 1000, "t": 747.613904}
{"r": 0.0, "l": 1000, "t": 766.758375}
{"r": 0.0, "l": 1000, "t": 785.656377}
{"r": 0.0, "l": 1000, "t": 804.00052}
{"r": 0.0, "l": 1000, "t": 821.506136}
{"r": 0.0, "l": 1000, "t": 838.284588}
{"r": 0.0, "l": 1000, "t": 856.588728}
{"r": 0.0, "l": 1000, "t": 872.81686}
{"r": 0.0, "l": 1000, "t": 889.218138}
{"r": 0.0, "l": 1000, "t": 907.844663}
{"r": 0.0, "l": 1000, "t": 926.818657}
{"r": 0.0, "l": 1000, "t": 943.798359}
{"r": 0.0, "l": 1000, "t": 962.297614}
{"r": 0.0, "l": 1000, "t": 978.847145}
{"r": 0.0, "l": 1000, "t": 997.40688}
{"r": 0.0, "l": 1000, "t": 1015.781389}
{"r": 0.0, "l": 1000, "t": 1033.046112}
{"r": 0.0, "l": 1000, "t": 1051.758345}
{"r": 0.0, "l": 1000, "t": 1070.786421}
{"r": 0.0, "l": 1000, "t": 1089.964864}
{"r": 0.0, "l": 1000, "t": 1106.709789}
{"r": 0.0, "l": 1000, "t": 1125.50455}
{"r": 0.0, "l": 1000, "t": 1142.225196}
{"r": 0.0, "l": 1000, "t": 1161.200395}
{"r": 0.0, "l": 1000, "t": 1180.088823}
{"r": 0.0, "l": 1000, "t": 1198.497891}
{"r": 0.0, "l": 1000, "t": 1215.33735}
{"r": 0.0, "l": 1000, "t": 1234.078672}
{"r": 0.0, "l": 1000, "t": 1252.782562}
{"r": 0.0, "l": 1000, "t": 1269.405469}
{"r": 0.0, "l": 1000, "t": 1287.651395}
{"r": 0.0, "l": 1000, "t": 1306.491044}
{"r": 0.0, "l": 1000, "t": 1325.279212}
