{"t_start": 1514492306.5859792, "gym_version": "0.9.2", "env_id": "GridWorldNoFrameskip-v4"}
{"r": 0.0, "l": 1000, "t": 17.496705}
{"r": 0.0, "l": 1000, "t": 36.529716}
{"r": 0.0, "l": 1000, "t": 56.358488}
{"r": 0.0, "l": 1000, "t": 73.82682}
{"r": 0.0, "l": 1000, "t": 93.428662}
{"r": 0.0, "l": 1000, "t": 110.488318}
{"r": 0.0, "l": 1000, "t": 127.684606}
{"r": 0.0, "l": 1000, "t": 146.766777}
{"r": 0.0, "l": 1000, "t": 163.620473}
{"r": 0.0, "l": 1000, "t": 180.340273}
{"r": 0.0, "l": 1000, "t": 196.914264}
{"r": 0.0, "l": 1000, "t": 215.399733}
{"r": 0.0, "l": 1000, "t": 234.268461}
{"r": 0.0, "l": 1000, "t": 253.373597}
{"r": 0.0, "l": 1000, "t": 270.798764}
{"r": 0.0, "l": 1000, "t": 290.054223}
{"r": 0.0, "l": 1000, "t": 309.115881}
{"r": 0.0, "l": 1000, "t": 326.25817}
{"r": 0.0, "l": 1000, "t": 345.640365}
{"r": 0.0, "l": 1000, "t": 364.780099}
{"r": 0.0, "l": 1000, "t": 381.677837}
{"r": 0.0, "l": 1000, "t": 400.4925}
{"r": 0.0, "l": 1000, "t": 417.531858}
{"r": 0.0, "l": 1000, "t": 435.955524}
{"r": 0.0, "l": 1000, "t": 453.778846}
{"r": 0.0, "l": 1000, "t": 472.322201}
{"r": 0.0, "l": 1000, "t": 491.307426}
{"r": 0.0, "l": 1000, "t": 507.950568}
{"r": 0.0, "l": 1000, "t": 527.08706}
{"r": 0.0, "l": 1000, "t": 545.688555}
{"r": 0.0, "l": 1000, "t": 563.037984}
{"r": 0.0, "l": 1000, "t": 582.164255}
{"r": 0.0, "l": 1000, "t": 601.086818}
{"r": 0.0, "l": 1000, "t": 618.851141}
{"r": 0.0, "l": 1000, "t": 637.381748}
{"r": 0.0, "l": 1000, "t": 656.364871}
{"r": 0.0, "l": 1000, "t": 673.436534}
{"r": 0.0, "l": 1000, "t": 692.365694}
{"r": 0.0, "l": 1000, "t": 711.428792}
{"r": 0.0, "l": 1000, "t": 728.417743}
{"r": 0.0, "l": 1000, "t": 747.594234}
{"r": 0.0, "l": 1000, "t": 766.758376}
{"r": 0.0, "l": 1000, "t": 785.656387}
{"r": 0.0, "l": 1000, "t": 804.065882}
{"r": 0.0, "l": 1000, "t": 821.483043}
{"r": 0.0, "l": 1000, "t": 838.273537}
{"r": 0.0, "l": 1000, "t": 856.559837}
{"r": 0.0, "l": 1000, "t": 872.783885}
{"r": 0.0, "l": 1000, "t": 889.068325}
{"r": 0.0, "l": 1000, "t": 907.804555}
{"r": 0.0, "l": 1000, "t": 924.832091}
{"r": 0.0, "l": 1000, "t": 943.651736}
{"r": 0.0, "l": 1000, "t": 962.089311}
{"r": 0.0, "l": 1000, "t": 978.528686}
{"r": 0.0, "l": 1000, "t": 997.139836}
{"r": 0.0, "l": 1000, "t": 1014.318703}
{"r": 0.0, "l": 1000, "t": 1032.834578}
{"r": 0.0, "l": 1000, "t": 1051.448134}
{"r": 0.0, "l": 1000, "t": 1068.768321}
{"r": 0.0, "l": 1000, "t": 1087.694804}
{"r": 0.0, "l": 1000, "t": 1106.49002}
{"r": 0.0, "l": 1000, "t": 1123.267818}
{"r": 0.0, "l": 1000, "t": 1142.058688}
{"r": 0.0, "l": 1000, "t": 1160.598324}
{"r": 0.0, "l": 1000, "t": 1177.958328}
{"r": 0.0, "l": 1000, "t": 1196.45726}
{"r": 0.0, "l": 1000, "t": 1215.053532}
{"r": 0.0, "l": 1000, "t": 1233.797303}
{"r": 0.0, "l": 1000, "t": 1250.829326}
{"r": 0.0, "l": 1000, "t": 1268.969773}
{"r": 0.0, "l": 1000, "t": 1287.365247}
{"r": 0.0, "l": 1000, "t": 1304.487877}
{"r": 0.0, "l": 1000, "t": 1323.265376}
