{"t_start": 1514492306.5859745, "gym_version": "0.9.2", "env_id": "GridWorldNoFrameskip-v4"}
{"r": 0.0, "l": 1000, "t": 17.470709}
{"r": 0.0, "l": 1000, "t": 36.51851}
{"r": 0.0, "l": 1000, "t": 56.35847}
{"r": 0.0, "l": 1000, "t": 73.667398}
{"r": 0.0, "l": 1000, "t": 93.407714}
{"r": 0.0, "l": 1000, "t": 110.369244}
{"r": 0.0, "l": 1000, "t": 127.671835}
{"r": 0.0, "l": 1000, "t": 145.107677}
{"r": 0.0, "l": 1000, "t": 161.7612}
{"r": 0.0, "l": 1000, "t": 180.315148}
{"r": 0.0, "l": 1000, "t": 196.936001}
{"r": 0.0, "l": 1000, "t": 215.399939}
{"r": 0.0, "l": 1000, "t": 234.230005}
{"r": 0.0, "l": 1000, "t": 253.35527}
{"r": 0.0, "l": 1000, "t": 270.674088}
{"r": 0.0, "l": 1000, "t": 290.201815}
{"r": 0.0, "l": 1000, "t": 309.083827}
{"r": 0.0, "l": 1000, "t": 326.428746}
{"r": 0.0, "l": 1000, "t": 345.813655}
{"r": 0.0, "l": 1000, "t": 364.821083}
{"r": 0.0, "l": 1000, "t": 381.808349}
{"r": 0.0, "l": 1000, "t": 400.659109}
{"r": 0.0, "l": 1000, "t": 417.512557}
{"r": 0.0, "l": 1000, "t": 435.917066}
{"r": 0.0, "l": 1000, "t": 453.471359}
{"r": 0.0, "l": 1000, "t": 472.16689}
{"r": 0.0, "l": 1000, "t": 489.036675}
{"r": 0.0, "l": 1000, "t": 507.779266}
{"r": 0.0, "l": 1000, "t": 527.075016}
{"r": 0.0, "l": 1000, "t": 545.678359}
{"r": 0.0, "l": 1000, "t": 565.022013}
{"r": 0.0, "l": 1000, "t": 582.16407}
{"r": 0.0, "l": 1000, "t": 601.076002}
{"r": 0.0, "l": 1000, "t": 620.450031}
{"r": 0.0, "l": 1000, "t": 637.534272}
{"r": 0.0, "l": 1000, "t": 656.526613}
{"r": 0.0, "l": 1000, "t": 675.553774}
{"r": 0.0, "l": 1000, "t": 692.580439}
{"r": 0.0, "l": 1000, "t": 711.784026}
{"r": 0.0, "l": 1000, "t": 730.633944}
{"r": 0.0, "l": 1000, "t": 747.856544}
{"r": 0.0, "l": 1000, "t": 766.926636}
{"r": 0.0, "l": 1000, "t": 785.849102}
{"r": 0.0, "l": 1000, "t": 804.07087}
{"r": 0.0, "l": 1000, "t": 821.518676}
{"r": 0.0, "l": 1000, "t": 838.604882}
{"r": 0.0, "l": 1000, "t": 856.757962}
{"r": 0.0, "l": 1000, "t": 872.978524}
{"r": 0.0, "l": 1000, "t": 889.230729}
{"r": 0.0, "l": 1000, "t": 908.159184}
{"r": 0.0, "l": 1000, "t": 926.997945}
{"r": 0.0, "l": 1000, "t": 943.973051}
{"r": 0.0, "l": 1000, "t": 962.480747}
{"r": 0.0, "l": 1000, "t": 980.829654}
{"r": 0.0, "l": 1000, "t": 997.597947}
{"r": 0.0, "l": 1000, "t": 1016.055519}
{"r": 0.0, "l": 1000, "t": 1035.200105}
{"r": 0.0, "l": 1000, "t": 1052.039482}
{"r": 0.0, "l": 1000, "t": 1070.971044}
{"r": 0.0, "l": 1000, "t": 1090.143974}
{"r": 0.0, "l": 1000, "t": 1108.976206}
{"r": 0.0, "l": 1000, "t": 1125.907064}
{"r": 0.0, "l": 1000, "t": 1144.610293}
{"r": 0.0, "l": 1000, "t": 1161.4645}
{"r": 0.0, "l": 1000, "t": 1180.364753}
{"r": 0.0, "l": 1000, "t": 1198.90054}
{"r": 0.0, "l": 1000, "t": 1215.648437}
{"r": 0.0, "l": 1000, "t": 1234.246903}
{"r": 0.0, "l": 1000, "t": 1252.908458}
{"r": 0.0, "l": 1000, "t": 1269.394233}
{"r": 0.0, "l": 1000, "t": 1287.777532}
{"r": 0.0, "l": 1000, "t": 1306.331456}
{"r": 0.0, "l": 1000, "t": 1323.300917}
