{"t_start": 1514492306.588812, "gym_version": "0.9.2", "env_id": "GridWorldNoFrameskip-v4"}
{"r": 0.0, "l": 1000, "t": 17.494068}
{"r": 0.0, "l": 1000, "t": 36.360183}
{"r": 0.0, "l": 1000, "t": 54.105174}
{"r": 0.0, "l": 1000, "t": 73.612314}
{"r": 0.0, "l": 1000, "t": 91.244574}
{"r": 0.0, "l": 1000, "t": 108.416539}
{"r": 0.0, "l": 1000, "t": 127.498174}
{"r": 0.0, "l": 1000, "t": 144.794449}
{"r": 0.0, "l": 1000, "t": 161.729779}
{"r": 0.0, "l": 1000, "t": 180.327168}
{"r": 0.0, "l": 1000, "t": 198.821077}
{"r": 0.0, "l": 1000, "t": 217.377881}
{"r": 0.0, "l": 1000, "t": 234.658082}
{"r": 0.0, "l": 1000, "t": 253.888137}
{"r": 0.0, "l": 1000, "t": 273.427695}
{"r": 0.0, "l": 1000, "t": 292.435468}
{"r": 0.0, "l": 1000, "t": 309.591009}
{"r": 0.0, "l": 1000, "t": 328.584231}
{"r": 0.0, "l": 1000, "t": 348.226231}
{"r": 0.0, "l": 1000, "t": 365.310118}
{"r": 0.0, "l": 1000, "t": 384.031594}
{"r": 0.0, "l": 1000, "t": 401.06379}
{"r": 0.0, "l": 1000, "t": 419.822927}
{"r": 0.0, "l": 1000, "t": 436.823834}
{"r": 0.0, "l": 1000, "t": 456.126172}
{"r": 0.0, "l": 1000, "t": 474.714824}
{"r": 0.0, "l": 1000, "t": 491.72068}
{"r": 0.0, "l": 1000, "t": 510.418414}
{"r": 0.0, "l": 1000, "t": 529.657504}
{"r": 0.0, "l": 1000, "t": 548.260577}
{"r": 0.0, "l": 1000, "t": 565.59393}
{"r": 0.0, "l": 1000, "t": 584.530705}
{"r": 0.0, "l": 1000, "t": 603.433655}
{"r": 0.0, "l": 1000, "t": 620.890786}
{"r": 0.0, "l": 1000, "t": 640.034388}
{"r": 0.0, "l": 1000, "t": 658.944464}
{"r": 0.0, "l": 1000, "t": 676.247114}
{"r": 0.0, "l": 1000, "t": 695.179167}
{"r": 0.0, "l": 1000, "t": 714.172243}
{"r": 0.0, "l": 1000, "t": 733.073891}
{"r": 0.0, "l": 1000, "t": 750.32149}
{"r": 0.0, "l": 1000, "t": 769.706975}
{"r": 0.0, "l": 1000, "t": 788.438373}
{"r": 0.0, "l": 1000, "t": 807.302753}
{"r": 0.0, "l": 1000, "t": 824.412744}
{"r": 0.0, "l": 1000, "t": 842.48706}
{"r": 0.0, "l": 1000, "t": 859.404971}
{"r": 0.0, "l": 1000, "t": 875.685282}
{"r": 0.0, "l": 1000, "t": 891.965328}
{"r": 0.0, "l": 1000, "t": 910.826171}
{"r": 0.0, "l": 1000, "t": 929.734}
{"r": 0.0, "l": 1000, "t": 946.542357}
{"r": 0.0, "l": 1000, "t": 965.112983}
{"r": 0.0, "l": 1000, "t": 983.317337}
{"r": 0.0, "l": 1000, "t": 1000.207697}
{"r": 0.0, "l": 1000, "t": 1018.773839}
{"r": 0.0, "l": 1000, "t": 1036.004098}
{"r": 0.0, "l": 1000, "t": 1054.642398}
{"r": 0.0, "l": 1000, "t": 1073.552593}
{"r": 0.0, "l": 1000, "t": 1092.51729}
{"r": 0.0, "l": 1000, "t": 1109.479847}
{"r": 0.0, "l": 1000, "t": 1128.227376}
{"r": 0.0, "l": 1000, "t": 1147.165751}
{"r": 0.0, "l": 1000, "t": 1164.103853}
{"r": 0.0, "l": 1000, "t": 1182.857604}
{"r": 0.0, "l": 1000, "t": 1199.708673}
{"r": 0.0, "l": 1000, "t": 1218.146816}
{"r": 0.0, "l": 1000, "t": 1236.894744}
{"r": 0.0, "l": 1000, "t": 1255.534262}
{"r": 0.0, "l": 1000, "t": 1273.781623}
{"r": 0.0, "l": 1000, "t": 1290.636042}
{"r": 0.0, "l": 1000, "t": 1309.30438}
{"r": 0.0, "l": 1000, "t": 1326.192215}
