{"nupdates": 19100, "total_timesteps": 382000, "fps": 84, "policy_entropy": 1.2575352191925049, "value_loss": 0.002920890459790826, "explained_variance": 0.06418043375015259}
{"nupdates": 19200, "total_timesteps": 384000, "fps": 84, "policy_entropy": 1.3492624759674072, "value_loss": 0.00013156312343198806, "explained_variance": -9.272412300109863}
{"nupdates": 19300, "total_timesteps": 386000, "fps": 84, "policy_entropy": 1.5373010635375977, "value_loss": 4.546520722215064e-05, "explained_variance": -0.336337685585022}
{"nupdates": 19400, "total_timesteps": 388000, "fps": 83, "policy_entropy": 1.601030945777893, "value_loss": 0.0001338617003057152, "explained_variance": -2.3639729022979736}
{"nupdates": 19500, "total_timesteps": 390000, "fps": 83, "policy_entropy": 1.5991722345352173, "value_loss": 6.9420799263753e-05, "explained_variance": -0.24079513549804688}
{"nupdates": 19600, "total_timesteps": 392000, "fps": 83, "policy_entropy": 1.5891201496124268, "value_loss": 4.6773166104685515e-05, "explained_variance": -4.2049665451049805}
{"nupdates": 19700, "total_timesteps": 394000, "fps": 83, "policy_entropy": 1.5852495431900024, "value_loss": 0.00025100508355535567, "explained_variance": -2.1321539878845215}
{"nupdates": 19800, "total_timesteps": 396000, "fps": 82, "policy_entropy": 1.5716698169708252, "value_loss": 0.0007280883728526533, "explained_variance": 0.2881163954734802}
{"nupdates": 19900, "total_timesteps": 398000, "fps": 82, "policy_entropy": 1.5565822124481201, "value_loss": 0.0004322432796470821, "explained_variance": -1.2606074810028076}
{"nupdates": 20000, "total_timesteps": 400000, "fps": 82, "policy_entropy": 1.6072208881378174, "value_loss": 1.0149706602096558, "explained_variance": 0.00215226411819458}
{"nupdates": 20100, "total_timesteps": 402000, "fps": 82, "policy_entropy": 1.551198959350586, "value_loss": 0.0006919859442859888, "explained_variance": -0.303749680519104}
{"nupdates": 20200, "total_timesteps": 404000, "fps": 81, "policy_entropy": 1.5194624662399292, "value_loss": 0.00018998319865204394, "explained_variance": -2.879024028778076}
{"nupdates": 20300, "total_timesteps": 406000, "fps": 81, "policy_entropy": 1.5908035039901733, "value_loss": 0.00024946770281530917, "explained_variance": -0.4901477098464966}
{"nupdates": 20400, "total_timesteps": 408000, "fps": 81, "policy_entropy": 1.5730531215667725, "value_loss": 3.012086153830751e-06, "explained_variance": 0.42908185720443726}
{"nupdates": 20500, "total_timesteps": 410000, "fps": 81, "policy_entropy": 1.5751535892486572, "value_loss": 0.3672661781311035, "explained_variance": -0.06239354610443115}
{"nupdates": 20600, "total_timesteps": 412000, "fps": 80, "policy_entropy": 1.580420732498169, "value_loss": 0.0010360709857195616, "explained_variance": 0.07138770818710327}
{"nupdates": 20700, "total_timesteps": 414000, "fps": 80, "policy_entropy": 1.5814142227172852, "value_loss": 1.4391725017048884e-05, "explained_variance": -3.623415470123291}
{"nupdates": 20800, "total_timesteps": 416000, "fps": 80, "policy_entropy": 1.5477092266082764, "value_loss": 0.6855236887931824, "explained_variance": -0.016219258308410645}
{"nupdates": 20900, "total_timesteps": 418000, "fps": 80, "policy_entropy": 1.5427446365356445, "value_loss": 0.23770931363105774, "explained_variance": -0.09977567195892334}
{"nupdates": 21000, "total_timesteps": 420000, "fps": 80, "policy_entropy": 1.583016276359558, "value_loss": 0.0010136753553524613, "explained_variance": -0.053011536598205566}
{"nupdates": 21100, "total_timesteps": 422000, "fps": 79, "policy_entropy": 1.4515883922576904, "value_loss": 7.712575893492613e-07, "explained_variance": -2.700809955596924}
{"nupdates": 21200, "total_timesteps": 424000, "fps": 79, "policy_entropy": 1.5510879755020142, "value_loss": 1.0747637588792713e-06, "explained_variance": 0.22918647527694702}
{"nupdates": 21300, "total_timesteps": 426000, "fps": 79, "policy_entropy": 1.5965120792388916, "value_loss": 3.275125345680863e-05, "explained_variance": -8.696425437927246}
{"nupdates": 21400, "total_timesteps": 428000, "fps": 79, "policy_entropy": 1.5960166454315186, "value_loss": 4.33602363045793e-05, "explained_variance": -0.7666276693344116}
{"nupdates": 21500, "total_timesteps": 430000, "fps": 79, "policy_entropy": 1.524399995803833, "value_loss": 1.0278694389853626e-05, "explained_variance": -0.1925278902053833}
{"nupdates": 21600, "total_timesteps": 432000, "fps": 78, "policy_entropy": 1.5763959884643555, "value_loss": 1.0494681191630661e-05, "explained_variance": -2.993875741958618}
{"nupdates": 21700, "total_timesteps": 434000, "fps": 78, "policy_entropy": 1.573409080505371, "value_loss": 1.2406875612214208e-05, "explained_variance": -8.584835052490234}
{"nupdates": 21800, "total_timesteps": 436000, "fps": 78, "policy_entropy": 1.5937668085098267, "value_loss": 3.2613981602480635e-05, "explained_variance": -0.6106491088867188}
{"nupdates": 21900, "total_timesteps": 438000, "fps": 78, "policy_entropy": 1.5840787887573242, "value_loss": 7.725327009211469e-07, "explained_variance": -1.2486069202423096}
{"nupdates": 22000, "total_timesteps": 440000, "fps": 78, "policy_entropy": 1.5945197343826294, "value_loss": 1.5253109268087428e-05, "explained_variance": -2.593796968460083}
{"nupdates": 22100, "total_timesteps": 442000, "fps": 77, "policy_entropy": 1.6029741764068604, "value_loss": 1.4661067325505428e-05, "explained_variance": -0.3598397970199585}
{"nupdates": 22200, "total_timesteps": 444000, "fps": 77, "policy_entropy": 1.5874334573745728, "value_loss": 0.4119665026664734, "explained_variance": -0.011729240417480469}
{"nupdates": 22300, "total_timesteps": 446000, "fps": 77, "policy_entropy": 1.5983741283416748, "value_loss": 0.00025326511240564287, "explained_variance": -0.07999396324157715}
{"nupdates": 22400, "total_timesteps": 448000, "fps": 77, "policy_entropy": 1.601260781288147, "value_loss": 2.1948184439679608e-05, "explained_variance": -0.17713403701782227}
{"nupdates": 22500, "total_timesteps": 450000, "fps": 77, "policy_entropy": 1.5907810926437378, "value_loss": 8.901257388060912e-06, "explained_variance": -8.283543586730957}
{"nupdates": 22600, "total_timesteps": 452000, "fps": 76, "policy_entropy": 1.5875035524368286, "value_loss": 3.996327905042563e-06, "explained_variance": -2.228107213973999}
{"nupdates": 22700, "total_timesteps": 454000, "fps": 76, "policy_entropy": 1.5992642641067505, "value_loss": 1.8377000969849178e-06, "explained_variance": -7.109286308288574}
{"nupdates": 22800, "total_timesteps": 456000, "fps": 76, "policy_entropy": 1.6086432933807373, "value_loss": 4.302988600102253e-06, "explained_variance": -0.6398712396621704}
{"nupdates": 22900, "total_timesteps": 458000, "fps": 76, "policy_entropy": 1.5918208360671997, "value_loss": 2.1226585886324756e-05, "explained_variance": -2.688689947128296}
{"nupdates": 23000, "total_timesteps": 460000, "fps": 76, "policy_entropy": 1.5983103513717651, "value_loss": 8.415122465521563e-06, "explained_variance": -164.20619201660156}
{"nupdates": 23100, "total_timesteps": 462000, "fps": 76, "policy_entropy": 1.5512478351593018, "value_loss": 1.2097924809495453e-05, "explained_variance": -0.20389330387115479}
{"nupdates": 23200, "total_timesteps": 464000, "fps": 76, "policy_entropy": 1.6018187999725342, "value_loss": 6.812096216890495e-06, "explained_variance": -0.194929838180542}
{"nupdates": 23300, "total_timesteps": 466000, "fps": 75, "policy_entropy": 1.6001163721084595, "value_loss": 0.00038683624006807804, "explained_variance": -1.2199463844299316}
{"nupdates": 23400, "total_timesteps": 468000, "fps": 75, "policy_entropy": 1.600515365600586, "value_loss": 0.00010846489749383181, "explained_variance": 0.14038270711898804}
{"nupdates": 23500, "total_timesteps": 470000, "fps": 75, "policy_entropy": 1.5961304903030396, "value_loss": 5.071602208772674e-05, "explained_variance": -0.4505261182785034}
{"nupdates": 23600, "total_timesteps": 472000, "fps": 75,