{"gym_version": "0.9.3", "env_id": "GridWorldNoFrameskip-v4", "t_start": 1517495795.174076}
{"l": 1000, "r": -4, "t": 14.125714}
{"l": 1000, "r": -14, "t": 15.997612}
{"l": 1000, "r": -99, "t": 17.811251}
{"l": 1000, "r": -79, "t": 19.59004}
{"l": 1000, "r": -50, "t": 21.386245}
{"l": 1000, "r": 12, "t": 23.141121}
{"l": 1000, "r": -28, "t": 25.035655}
{"l": 1000, "r": -54, "t": 26.920682}
{"l": 1000, "r": -101, "t": 28.740612}
{"l": 1000, "r": -78, "t": 30.605056}
{"l": 1000, "r": -42, "t": 32.475968}
{"l": 1000, "r": -21, "t": 34.316951}
{"l": 1000, "r": -112, "t": 36.106482}
{"l": 1000, "r": -9, "t": 37.926364}
{"l": 1000, "r": -36, "t": 39.804341}
{"l": 1000, "r": 22, "t": 41.596192}
{"l": 1000, "r": 66, "t": 43.424283}
{"l": 1000, "r": 2, "t": 45.229097}
{"l": 1000, "r": -75, "t": 46.845145}
{"l": 1000, "r": 6, "t": 48.534637}
{"l": 1000, "r": -31, "t": 50.174898}
{"l": 1000, "r": 51, "t": 51.780082}
{"l": 1000, "r": -48, "t": 53.442523}
{"l": 1000, "r": -20, "t": 55.081019}
{"l": 1000, "r": 17, "t": 56.734804}
{"l": 1000, "r": -68, "t": 58.354571}
{"l": 1000, "r": -56, "t": 60.013014}
{"l": 1000, "r": -48, "t": 61.656655}
{"l": 1000, "r": 7, "t": 63.342339}
{"l": 1000, "r": -32, "t": 64.988696}
{"l": 1000, "r": -74, "t": 66.625584}
{"l": 1000, "r": -66, "t": 68.242213}
{"l": 1000, "r": -35, "t": 69.886131}
{"l": 1000, "r": 29, "t": 71.517417}
{"l": 1000, "r": -44, "t": 73.165494}
{"l": 1000, "r": -24, "t": 74.827672}
{"l": 1000, "r": -95, "t": 76.483161}
{"l": 1000, "r": 46, "t": 78.138745}
{"l": 1000, "r": -15, "t": 79.779636}
{"l": 1000, "r": 37, "t": 81.413505}
{"l": 1000, "r": 6, "t": 83.235844}
{"l": 1000, "r": -15, "t": 85.047215}
{"l": 1000, "r": -78, "t": 86.86979}
{"l": 1000, "r": 24, "t": 88.725963}
{"l": 1000, "r": -45, "t": 90.612311}
{"l": 1000, "r": -15, "t": 92.499656}
