{"gym_version": "0.9.3", "env_id": "GridWorldNoFrameskip-v4", "t_start": 1517495795.175686}
{"l": 1000, "r": -69, "t": 14.11378}
{"l": 1000, "r": 77, "t": 16.001933}
{"l": 1000, "r": 32, "t": 17.819438}
{"l": 1000, "r": -18, "t": 19.637509}
{"l": 1000, "r": -30, "t": 21.403955}
{"l": 1000, "r": -81, "t": 23.190276}
{"l": 1000, "r": -12, "t": 25.043734}
{"l": 1000, "r": -60, "t": 26.869986}
{"l": 1000, "r": 41, "t": 28.675037}
{"l": 1000, "r": 4, "t": 30.498913}
{"l": 1000, "r": -46, "t": 32.383491}
{"l": 1000, "r": -142, "t": 34.257538}
{"l": 1000, "r": -72, "t": 36.093181}
{"l": 1000, "r": 0, "t": 37.905905}
{"l": 1000, "r": -33, "t": 39.71805}
{"l": 1000, "r": -41, "t": 41.509728}
{"l": 1000, "r": 95, "t": 43.326341}
{"l": 1000, "r": -36, "t": 45.113096}
{"l": 1000, "r": 28, "t": 46.762646}
{"l": 1000, "r": 1, "t": 48.459518}
{"l": 1000, "r": 56, "t": 50.068185}
{"l": 1000, "r": 7, "t": 51.685509}
{"l": 1000, "r": -41, "t": 53.346623}
{"l": 1000, "r": -11, "t": 54.979467}
{"l": 1000, "r": 0, "t": 56.607841}
{"l": 1000, "r": -143, "t": 58.234736}
{"l": 1000, "r": -47, "t": 59.89351}
{"l": 1000, "r": 27, "t": 61.550462}
{"l": 1000, "r": -24, "t": 63.196631}
{"l": 1000, "r": 24, "t": 64.839263}
{"l": 1000, "r": -35, "t": 66.452975}
{"l": 1000, "r": 20, "t": 68.086223}
{"l": 1000, "r": -10, "t": 69.731531}
{"l": 1000, "r": -139, "t": 71.385879}
{"l": 1000, "r": -48, "t": 73.044903}
{"l": 1000, "r": -61, "t": 74.701902}
{"l": 1000, "r": -86, "t": 76.363692}
{"l": 1000, "r": -92, "t": 78.025409}
{"l": 1000, "r": -53, "t": 79.68976}
{"l": 1000, "r": 31, "t": 81.319427}
{"l": 1000, "r": 20, "t": 83.127483}
{"l": 1000, "r": -18, "t": 84.909384}
{"l": 1000, "r": 53, "t": 86.769079}
{"l": 1000, "r": -41, "t": 88.605618}
{"l": 1000, "r": -9, "t": 90.479904}
{"l": 1000, "r": -20, "t": 92.358254}
