{"t_start": 1514545128.6515841, "gym_version": "0.9.2", "env_id": "GridWorldNoFrameskip-v4"}
{"r": 0.0, "l": 1000, "t": 17.36461}
{"r": 0.0, "l": 1000, "t": 35.863572}
{"r": 0.0, "l": 1000, "t": 52.760843}
{"r": 0.0, "l": 1000, "t": 71.692241}
{"r": 0.0, "l": 1000, "t": 90.24606}
{"r": 0.0, "l": 1000, "t": 106.770887}
{"r": 0.0, "l": 1000, "t": 123.469155}
{"r": 0.0, "l": 1000, "t": 141.418503}
{"r": 0.0, "l": 1000, "t": 159.630211}
{"r": 0.0, "l": 1000, "t": 174.420722}
{"r": 0.0, "l": 1000, "t": 192.708683}
{"r": 0.0, "l": 1000, "t": 210.976662}
{"r": 0.0, "l": 1000, "t": 227.38489}
{"r": 0.0, "l": 1000, "t": 243.34576}
{"r": 0.0, "l": 1000, "t": 259.445038}
{"r": 0.0, "l": 1000, "t": 275.546275}
{"r": 0.0, "l": 1000, "t": 293.559776}
{"r": 0.0, "l": 1000, "t": 309.803354}
{"r": 0.0, "l": 1000, "t": 327.796393}
{"r": 0.0, "l": 1000, "t": 344.1414}
{"r": 0.0, "l": 1000, "t": 362.603374}
{"r": 0.0, "l": 1000, "t": 380.889617}
{"r": 0.0, "l": 1000, "t": 399.205172}
{"r": 0.0, "l": 1000, "t": 415.781624}
{"r": 0.0, "l": 1000, "t": 431.743317}
{"r": 0.0, "l": 1000, "t": 448.125629}
{"r": 0.0, "l": 1000, "t": 465.965553}
{"r": 0.0, "l": 1000, "t": 482.453105}
{"r": 0.0, "l": 1000, "t": 498.954322}
{"r": 0.0, "l": 1000, "t": 517.081591}
{"r": 0.0, "l": 1000, "t": 533.36246}
{"r": 0.0, "l": 1000, "t": 549.311038}
{"r": 0.0, "l": 1000, "t": 565.306566}
{"r": 0.0, "l": 1000, "t": 582.979151}
{"r": 0.0, "l": 1000, "t": 599.300202}
{"r": 0.0, "l": 1000, "t": 615.396035}
{"r": 0.0, "l": 1000, "t": 633.332942}
{"r": 0.0, "l": 1000, "t": 649.856513}
{"r": 0.0, "l": 1000, "t": 667.486532}
{"r": 0.0, "l": 1000, "t": 683.472005}
{"r": 0.0, "l": 1000, "t": 699.552224}
{"r": 0.0, "l": 1000, "t": 717.704174}
{"r": 0.0, "l": 1000, "t": 733.713664}
{"r": 0.0, "l": 1000, "t": 749.757979}
{"r": 0.0, "l": 1000, "t": 765.54202}
{"r": 0.0, "l": 1000, "t": 781.765944}
{"r": 0.0, "l": 1000, "t": 799.679333}
{"r": 0.0, "l": 1000, "t": 815.858093}
{"r": 0.0, "l": 1000, "t": 833.736459}
{"r": 0.0, "l": 1000, "t": 849.729202}
{"r": 0.0, "l": 1000, "t": 865.974441}
{"r": 0.0, "l": 1000, "t": 884.343562}
{"r": 0.0, "l": 1000, "t": 902.221474}
{"r": 0.0, "l": 1000, "t": 918.022955}
{"r": 0.0, "l": 1000, "t": 934.146073}
{"r": 0.0, "l": 1000, "t": 952.009207}
{"r": 0.0, "l": 1000, "t": 968.061052}
{"r": 0.0, "l": 1000, "t": 986.590859}
{"r": 0.0, "l": 1000, "t": 1004.269527}
{"r": 0.0, "l": 1000, "t": 1022.151047}
{"r": 0.0, "l": 1000, "t": 1036.541794}
{"r": 0.0, "l": 1000, "t": 1054.390241}
{"r": 0.0, "l": 1000, "t": 1072.356993}
{"r": 0.0, "l": 1000, "t": 1088.109873}
{"r": 0.0, "l": 1000, "t": 1106.017284}
{"r": 0.0, "l": 1000, "t": 1122.054319}
{"r": 0.0, "l": 1000, "t": 1138.202602}
{"r": 0.0, "l": 1000, "t": 1154.161929}
{"r": 0.0, "l": 1000, "t": 1170.30482}
{"r": 0.0, "l": 1000, "t": 1188.241525}
{"r": 0.0, "l": 1000, "t": 1204.510962}
{"r": 0.0, "l": 1000, "t": 1220.497276}
{"r": 0.0, "l": 1000, "t": 1236.362401}
{"r": 0.0, "l": 1000, "t": 1252.414349}
{"r": 0.0, "l": 1000, "t": 1270.290736}
{"r": 0.0, "l": 1000, "t": 1286.346303}
{"r": 0.0, "l": 1000, "t": 1303.89528}
{"r": 0.0, "l": 1000, "t": 1319.834139}
{"r": 0.0, "l": 1000, "t": 1335.939972}
{"r": 0.0, "l": 1000, "t": 1352.099917}
{"r": 0.0, "l": 1000, "t": 1369.620515}
{"r": 0.0, "l": 1000, "t": 1385.952302}
{"r": 0.0, "l": 1000, "t": 1402.265808}
{"r": 0.0, "l": 1000, "t": 1418.536477}
{"r": 0.0, "l": 1000, "t": 1436.20371}
{"r": 0.0, "l": 1000, "t": 1452.392259}
{"r": 0.0, "l": 1000, "t": 1469.160353}
{"r": 0.0, "l": 1000, "t": 1485.356332}
{"r": 0.0, "l": 1000, "t": 1503.190564}
{"r": 0.0, "l": 1000, "t": 1519.479959}
{"r": 0.0, "l": 1000, "t": 1535.749754}
{"r": 0.0, "l": 1000, "t": 1553.583791}
{"r": 0.0, "l": 1000, "t": 1567.917124}
{"r": 0.0, "l": 1000, "t": 1585.913398}
{"r": 0.0, "l": 1000, "t": 1604.071285}
{"r": 0.0, "l": 1000, "t": 1629.352613}
{"r": 0.0, "l": 1000, "t": 1687.316019}
{"r": 0.0, "l": 1000, "t": 1749.495714}
{"r": 0.0, "l": 1000, "t": 1801.832024}
{"r": 0.0, "l": 1000, "t": 1859.229144}
{"r": 0.0, "l": 1000, "t": 1921.946988}
{"r": 0.0, "l": 1000, "t": 1970.792026}
{"r": 0.0, "l": 1000, "t": 2031.680611}
{"r": 0.0, "l": 1000, "t": 2091.453545}
{"r": 0.0, "l": 1000, "t": 2155.342003}
{"r": 0.0, "l": 1000, "t": 2216.331188}
{"r": 0.0, "l": 1000, "t": 2277.605684}
{"r": 0.0, "l": 1000, "t": 2330.396411}
{"r": 0.0, "l": 1000, "t": 2390.94159}
{"r": 0.0, "l": 1000, "t": 2448.859708}
{"r": 0.0, "l": 1000, "t": 2503.881378}
{"r": 0.0, "l": 1000, "t": 2566.911331}
{"r": 0.0, "l": 1000, "t": 2627.458452}
{"r": 0.0, "l": 1000, "t": 2678.209976}
{"r": 0.0, "l": 1000, "t": 2735.890714}
{"r": 0.0, "l": 1000, "t": 2796.500183}
{"r": 0.0, "l": 1000, "t": 2853.572356}
{"r": 0.0, "l": 1000, "t": 2914.539412}
{"r": 0.0, "l": 1000, "t": 2971.526067}
{"r": 0.0, "l": 1000, "t": 3030.020083}
{"r": 0.0, "l": 1000, "t": 3088.76622}
{"r": 0.0, "l": 1000, "t": 3147.268971}
{"r": 0.0, "l": 1000, "t": 3205.824096}
{"r": 0.0, "l": 1000, "t": 3262.101174}
{"r": 0.0, "l": 1000, "t": 3326.613464}
{"r": 0.0, "l": 1000, "t": 3383.75715}
{"r": 0.0, "l": 1000, "t": 3441.935328}
{"r": 0.0, "l": 1000, "t": 3499.019073}
{"r": 0.0, "l": 1000, "t": 3560.330579}
{"r": 0.0, "l": 1000, "t": 3621.313896}
{"r": 0.0, "l": 1000, "t": 3676.642441}
{"r": 0.0, "l": 1000, "t": 3735.229031}
{"r": 0.0, "l": 1000, "t": 3792.8654}
{"r": 0.0, "l": 1000, "t": 3854.511364}
{"r": 0.0, "l": 1000, "t": 3915.903635}
{"r": 0.0, "l": 1000, "t": 3971.267093}
{"r": 0.0, "l": 1000, "t": 4033.696481}
{"r": 0.0, "l": 1000, "t": 4087.33719}
{"r": 0.0, "l": 1000, "t": 4146.297579}
{"r": 0.0, "l": 1000, "t": 4203.14141}
{"r": 0.0, "l": 1000, "t": 4260.103388}
{"r": 0.0, "l": 1000, "t": 4316.274988}
{"r": 0.0, "l": 1000, "t": 4372.145224}
{"r": 0.0, "l": 1000, "t": 4426.99603}
{"r": 0.0, "l": 1000, "t": 4487.932112}
{"r": 0.0, "l": 1000, "t": 4546.154499}
{"r": 0.0, "l": 1000, "t": 4604.49639}
{"r": 0.0, "l": 1000, "t": 4658.914268}
{"r": 0.0, "l": 1000, "t": 4716.11228}
{"r": 0.0, "l": 1000, "t": 4772.733525}
{"r": 0.0, "l": 1000, "t": 4830.127947}
{"r": 0.0, "l": 1000, "t": 4889.913321}
{"r": 0.0, "l": 1000, "t": 4945.948647}
{"r": 0.0, "l": 1000, "t": 5000.238828}
{"r": 0.0, "l": 1000, "t": 5062.151931}
{"r": 0.0, "l": 1000, "t": 5120.401579}
{"r": 0.0, "l": 1000, "t": 5178.293296}
{"r": 0.0, "l": 1000, "t": 5236.044408}
{"r": 0.0, "l": 1000, "t": 5290.594905}
{"r": 0.0, "l": 1000, "t": 5348.785764}
{"r": 0.0, "l": 1000, "t": 5411.990505}
{"r": 0.0, "l": 1000, "t": 5470.228965}
{"r": 0.0, "l": 1000, "t": 5527.843754}
{"r": 0.0, "l": 1000, "t": 5588.443724}
{"r": 0.0, "l": 1000, "t": 5650.25925}
{"r": 0.0, "l": 1000, "t": 5710.396977}
{"r": 0.0, "l": 1000, "t": 5768.095072}
{"r": 0.0, "l": 1000, "t": 5824.32005}
{"r": 0.0, "l": 1000, "t": 5878.878719}
{"r": 0.0, "l": 1000, "t": 5935.964555}
{"r": 0.0, "l": 1000, "t": 5996.485199}
{"r": 0.0, "l": 1000, "t": 6051.416383}
{"r": 0.0, "l": 1000, "t": 6104.420443}
{"r": 0.0, "l": 1000, "t": 6161.602072}
{"r": 0.0, "l": 1000, "t": 6219.935536}
{"r": 0.0, "l": 1000, "t": 6282.360546}
{"r": 0.0, "l": 1000, "t": 6336.711322}
{"r": 0.0, "l": 1000, "t": 6396.920736}
{"r": 0.0, "l": 1000, "t": 6456.910446}
{"r": 0.0, "l": 1000, "t": 6517.744498}
{"r": 0.0, "l": 1000, "t": 6576.379234}
{"r": 0.0, "l": 1000, "t": 6634.489483}
{"r": 0.0, "l": 1000, "t": 6693.262736}
{"r": 0.0, "l": 1000, "t": 6750.90659}
{"r": 0.0, "l": 1000, "t": 6808.334261}
{"r": 0.0, "l": 1000, "t": 6873.608936}
{"r": 0.0, "l": 1000, "t": 6929.389883}
{"r": 0.0, "l": 1000, "t": 6980.521324}
{"r": 0.0, "l": 1000, "t": 7040.599376}
{"r": 0.0, "l": 1000, "t": 7100.351136}
{"r": 0.0, "l": 1000, "t": 7161.681237}
{"r": 0.0, "l": 1000, "t": 7217.517388}
{"r": 0.0, "l": 1000, "t": 7273.889191}
{"r": 0.0, "l": 1000, "t": 7328.360607}
{"r": 0.0, "l": 1000, "t": 7391.176587}
{"r": 0.0, "l": 1000, "t": 7443.672566}
{"r": 0.0, "l": 1000, "t": 7503.624901}
{"r": 0.0, "l": 1000, "t": 7558.640671}
{"r": 0.0, "l": 1000, "t": 7614.218386}
{"r": 0.0, "l": 1000,