{"t_start": 1514545128.651585, "gym_version": "0.9.2", "env_id": "GridWorldNoFrameskip-v4"}
{"r": 0.0, "l": 1000, "t": 17.512333}
{"r": 0.0, "l": 1000, "t": 35.975036}
{"r": 0.0, "l": 1000, "t": 52.76094}
{"r": 0.0, "l": 1000, "t": 71.547823}
{"r": 0.0, "l": 1000, "t": 90.107752}
{"r": 0.0, "l": 1000, "t": 106.75441}
{"r": 0.0, "l": 1000, "t": 123.294754}
{"r": 0.0, "l": 1000, "t": 141.227985}
{"r": 0.0, "l": 1000, "t": 157.734509}
{"r": 0.0, "l": 1000, "t": 174.007185}
{"r": 0.0, "l": 1000, "t": 190.431926}
{"r": 0.0, "l": 1000, "t": 208.721209}
{"r": 0.0, "l": 1000, "t": 226.80008}
{"r": 0.0, "l": 1000, "t": 242.706753}
{"r": 0.0, "l": 1000, "t": 257.179659}
{"r": 0.0, "l": 1000, "t": 274.771654}
{"r": 0.0, "l": 1000, "t": 291.094978}
{"r": 0.0, "l": 1000, "t": 307.155735}
{"r": 0.0, "l": 1000, "t": 325.271588}
{"r": 0.0, "l": 1000, "t": 341.863027}
{"r": 0.0, "l": 1000, "t": 360.125866}
{"r": 0.0, "l": 1000, "t": 378.234119}
{"r": 0.0, "l": 1000, "t": 396.651532}
{"r": 0.0, "l": 1000, "t": 413.08274}
{"r": 0.0, "l": 1000, "t": 429.196458}
{"r": 0.0, "l": 1000, "t": 447.122373}
{"r": 0.0, "l": 1000, "t": 463.409021}
{"r": 0.0, "l": 1000, "t": 479.891249}
{"r": 0.0, "l": 1000, "t": 496.218251}
{"r": 0.0, "l": 1000, "t": 514.691576}
{"r": 0.0, "l": 1000, "t": 530.720964}
{"r": 0.0, "l": 1000, "t": 546.66203}
{"r": 0.0, "l": 1000, "t": 562.691922}
{"r": 0.0, "l": 1000, "t": 580.492908}
{"r": 0.0, "l": 1000, "t": 596.651253}
{"r": 0.0, "l": 1000, "t": 612.7902}
{"r": 0.0, "l": 1000, "t": 630.545718}
{"r": 0.0, "l": 1000, "t": 647.100606}
{"r": 0.0, "l": 1000, "t": 664.85686}
{"r": 0.0, "l": 1000, "t": 680.862214}
{"r": 0.0, "l": 1000, "t": 696.925689}
{"r": 0.0, "l": 1000, "t": 715.132956}
{"r": 0.0, "l": 1000, "t": 731.293239}
{"r": 0.0, "l": 1000, "t": 749.022532}
{"r": 0.0, "l": 1000, "t": 764.95362}
{"r": 0.0, "l": 1000, "t": 780.728345}
{"r": 0.0, "l": 1000, "t": 797.102876}
{"r": 0.0, "l": 1000, "t": 813.393601}
{"r": 0.0, "l": 1000, "t": 831.240209}
{"r": 0.0, "l": 1000, "t": 847.351229}
{"r": 0.0, "l": 1000, "t": 865.415357}
{"r": 0.0, "l": 1000, "t": 882.053919}
{"r": 0.0, "l": 1000, "t": 899.790558}
{"r": 0.0, "l": 1000, "t": 915.7303}
{"r": 0.0, "l": 1000, "t": 931.735184}
{"r": 0.0, "l": 1000, "t": 949.462765}
{"r": 0.0, "l": 1000, "t": 965.510864}
{"r": 0.0, "l": 1000, "t": 983.62994}
{"r": 0.0, "l": 1000, "t": 1001.595027}
{"r": 0.0, "l": 1000, "t": 1017.704687}
{"r": 0.0, "l": 1000, "t": 1033.830433}
{"r": 0.0, "l": 1000, "t": 1051.811821}
{"r": 0.0, "l": 1000, "t": 1069.722273}
{"r": 0.0, "l": 1000, "t": 1085.724006}
{"r": 0.0, "l": 1000, "t": 1101.547194}
{"r": 0.0, "l": 1000, "t": 1119.361881}
{"r": 0.0, "l": 1000, "t": 1135.483015}
{"r": 0.0, "l": 1000, "t": 1151.583713}
{"r": 0.0, "l": 1000, "t": 1167.566425}
{"r": 0.0, "l": 1000, "t": 1185.476256}
{"r": 0.0, "l": 1000, "t": 1201.720322}
{"r": 0.0, "l": 1000, "t": 1217.873476}
{"r": 0.0, "l": 1000, "t": 1233.787615}
{"r": 0.0, "l": 1000, "t": 1249.670809}
{"r": 0.0, "l": 1000, "t": 1267.510011}
{"r": 0.0, "l": 1000, "t": 1283.561656}
{"r": 0.0, "l": 1000, "t": 1301.24357}
{"r": 0.0, "l": 1000, "t": 1317.220058}
{"r": 0.0, "l": 1000, "t": 1333.384294}
{"r": 0.0, "l": 1000, "t": 1349.551415}
{"r": 0.0, "l": 1000, "t": 1365.62948}
{"r": 0.0, "l": 1000, "t": 1381.664609}
{"r": 0.0, "l": 1000, "t": 1399.552677}
{"r": 0.0, "l": 1000, "t": 1416.113172}
{"r": 0.0, "l": 1000, "t": 1434.00014}
{"r": 0.0, "l": 1000, "t": 1450.172265}
{"r": 0.0, "l": 1000, "t": 1466.784367}
{"r": 0.0, "l": 1000, "t": 1484.882815}
{"r": 0.0, "l": 1000, "t": 1501.288778}
{"r": 0.0, "l": 1000, "t": 1518.881033}
{"r": 0.0, "l": 1000, "t": 1535.286799}
{"r": 0.0, "l": 1000, "t": 1551.426538}
{"r": 0.0, "l": 1000, "t": 1567.419974}
{"r": 0.0, "l": 1000, "t": 1585.487216}
{"r": 0.0, "l": 1000, "t": 1601.679772}
{"r": 0.0, "l": 1000, "t": 1623.794153}
{"r": 0.0, "l": 1000, "t": 1679.364829}
{"r": 0.0, "l": 1000, "t": 1741.921584}
{"r": 0.0, "l": 1000, "t": 1794.311867}
{"r": 0.0, "l": 1000, "t": 1853.165717}
{"r": 0.0, "l": 1000, "t": 1913.59801}
{"r": 0.0, "l": 1000, "t": 1967.383262}
{"r": 0.0, "l": 1000, "t": 2024.571593}
{"r": 0.0, "l": 1000, "t": 2083.805018}
{"r": 0.0, "l": 1000, "t": 2150.718134}
{"r": 0.0, "l": 1000, "t": 2211.489552}
{"r": 0.0, "l": 1000, "t": 2269.843868}
{"r": 0.0, "l": 1000, "t": 2324.485674}
{"r": 0.0, "l": 1000, "t": 2383.319629}
{"r": 0.0, "l": 1000, "t": 2441.678538}
{"r": 0.0, "l": 1000, "t": 2500.968596}
{"r": 0.0, "l": 1000, "t": 2561.253702}
{"r": 0.0, "l": 1000, "t": 2619.578768}
{"r": 0.0, "l": 1000, "t": 2674.30618}
{"r": 0.0, "l": 1000, "t": 2727.051292}
{"r": 0.0, "l": 1000, "t": 2787.771235}
{"r": 0.0, "l": 1000, "t": 2842.108704}
{"r": 0.0, "l": 1000, "t": 2903.101016}
{"r": 0.0, "l": 1000, "t": 2962.030048}
{"r": 0.0, "l": 1000, "t": 3020.653968}
{"r": 0.0, "l": 1000, "t": 3078.395143}
{"r": 0.0, "l": 1000, "t": 3138.996494}
{"r": 0.0, "l": 1000, "t": 3197.383392}
{"r": 0.0, "l": 1000, "t": 3252.845859}
{"r": 0.0, "l": 1000, "t": 3317.764736}
{"r": 0.0, "l": 1000, "t": 3375.608309}
{"r": 0.0, "l": 1000, "t": 3434.940277}
{"r": 0.0, "l": 1000, "t": 3494.517327}
{"r": 0.0, "l": 1000, "t": 3555.292214}
{"r": 0.0, "l": 1000, "t": 3617.238655}
{"r": 0.0, "l": 1000, "t": 3672.157589}
{"r": 0.0, "l": 1000, "t": 3731.468485}
{"r": 0.0, "l": 1000, "t": 3791.59313}
{"r": 0.0, "l": 1000, "t": 3850.349469}
{"r": 0.0, "l": 1000, "t": 3911.376459}
{"r": 0.0, "l": 1000, "t": 3969.565763}
{"r": 0.0, "l": 1000, "t": 4029.568191}
{"r": 0.0, "l": 1000, "t": 4084.459861}
{"r": 0.0, "l": 1000, "t": 4142.982261}
{"r": 0.0, "l": 1000, "t": 4199.822387}
{"r": 0.0, "l": 1000, "t": 4256.524946}
{"r": 0.0, "l": 1000, "t": 4312.76238}
{"r": 0.0, "l": 1000, "t": 4371.222128}
{"r": 0.0, "l": 1000, "t": 4426.035599}
{"r": 0.0, "l": 1000, "t": 4484.961931}
{"r": 0.0, "l": 1000, "t": 4539.34972}
{"r": 0.0, "l": 1000, "t": 4598.093076}
{"r": 0.0, "l": 1000, "t": 4653.361483}
{"r": 0.0, "l": 1000, "t": 4713.052556}
{"r": 0.0, "l": 1000, "t": 4769.132619}
{"r": 0.0, "l": 1000, "t": 4826.46194}
{"r": 0.0, "l": 1000, "t": 4888.746442}
{"r": 0.0, "l": 1000, "t": 4941.330565}
{"r": 0.0, "l": 1000, "t": 4997.052188}
{"r": 0.0, "l": 1000, "t": 5059.704108}
{"r": 0.0, "l": 1000, "t": 5120.355877}
{"r": 0.0, "l": 1000, "t": 5178.409216}
{"r": 0.0, "l": 1000, "t": 5236.077975}
{"r": 0.0, "l": 1000, "t": 5290.641064}
{"r": 0.0, "l": 1000, "t": 5348.49201}
{"r": 0.0, "l": 1000, "t": 5411.518606}
{"r": 0.0, "l": 1000, "t": 5470.233807}
{"r": 0.0, "l": 1000, "t": 5527.809319}
{"r": 0.0, "l": 1000, "t": 5588.006185}
{"r": 0.0, "l": 1000, "t": 5645.988118}
{"r": 0.0, "l": 1000, "t": 5710.397172}
{"r": 0.0, "l": 1000, "t": 5769.094655}
{"r": 0.0, "l": 1000, "t": 5824.300934}
{"r": 0.0, "l": 1000, "t": 5878.832773}
{"r": 0.0, "l": 1000, "t": 5935.964329}
{"r": 0.0, "l": 1000, "t": 5996.509429}
{"r": 0.0, "l": 1000, "t": 6052.217601}
{"r": 0.0, "l": 1000, "t": 6108.123319}
{"r": 0.0, "l": 1000, "t": 6163.353}
{"r": 0.0, "l": 1000, "t": 6223.672434}
{"r": 0.0, "l": 1000, "t": 6286.439808}
{"r": 0.0, "l": 1000, "t": 6340.200317}
{"r": 0.0, "l": 1000, "t": 6398.67626}
{"r": 0.0, "l": 1000, "t": 6458.364542}
{"r": 0.0, "l": 1000, "t": 6521.772655}
{"r": 0.0, "l": 1000, "t": 6580.278785}
{"r": 0.0, "l": 1000, "t": 6638.535304}
{"r": 0.0, "l": 1000, "t": 6696.17947}
{"r": 0.0, "l": 1000, "t": 6753.840486}
{"r": 0.0, "l": 1000, "t": 6812.078559}
{"r": 0.0, "l": 1000, "t": 6875.158383}
{"r": 0.0, "l": 1000, "t": 6931.067441}
{"r": 0.0, "l": 1000, "t": 6986.765879}
{"r": 0.0, "l": 1000, "t": 7044.747861}
{"r": 0.0, "l": 1000, "t": 7104.150362}
{"r": 0.0, "l": 1000, "t": 7166.286162}
{"r": 0.0, "l": 1000, "t": 7221.756346}
{"r": 0.0, "l": 1000, "t": 7278.190156}
{"r": 0.0, "l": 1000, "t": 7336.684407}
{"r": 0.0, "l": 1000, "t": 7395.030012}
{"r": 0.0, "l": 1000, "t": 7448.683249}
{"r": 0.0, "l": 1000, "t": 7506.000425}
{"r": 0.0, "l": 1000, "t": 7560.816}
{"r": 0.0, "l": 1000, "t": 7617.330476}
{"r": 0.0, "l": 1000,