{"t_start": 1514545128.6515772, "gym_version": "0.9.2", "env_id": "GridWorldNoFrameskip-v4"}
{"r": 0.0, "l": 1000, "t": 17.526658}
{"r": 0.0, "l": 1000, "t": 36.020344}
{"r": 0.0, "l": 1000, "t": 53.094269}
{"r": 0.0, "l": 1000, "t": 71.830359}
{"r": 0.0, "l": 1000, "t": 90.512876}
{"r": 0.0, "l": 1000, "t": 108.731958}
{"r": 0.0, "l": 1000, "t": 125.339113}
{"r": 0.0, "l": 1000, "t": 141.567431}
{"r": 0.0, "l": 1000, "t": 159.964098}
{"r": 0.0, "l": 1000, "t": 174.713303}
{"r": 0.0, "l": 1000, "t": 192.856976}
{"r": 0.0, "l": 1000, "t": 211.207613}
{"r": 0.0, "l": 1000, "t": 227.600395}
{"r": 0.0, "l": 1000, "t": 244.874203}
{"r": 0.0, "l": 1000, "t": 259.464558}
{"r": 0.0, "l": 1000, "t": 275.587861}
{"r": 0.0, "l": 1000, "t": 293.757586}
{"r": 0.0, "l": 1000, "t": 309.822829}
{"r": 0.0, "l": 1000, "t": 327.914045}
{"r": 0.0, "l": 1000, "t": 344.349442}
{"r": 0.0, "l": 1000, "t": 362.77535}
{"r": 0.0, "l": 1000, "t": 381.029934}
{"r": 0.0, "l": 1000, "t": 399.354011}
{"r": 0.0, "l": 1000, "t": 415.943664}
{"r": 0.0, "l": 1000, "t": 432.086307}
{"r": 0.0, "l": 1000, "t": 450.052398}
{"r": 0.0, "l": 1000, "t": 466.312536}
{"r": 0.0, "l": 1000, "t": 482.685524}
{"r": 0.0, "l": 1000, "t": 499.164301}
{"r": 0.0, "l": 1000, "t": 517.230297}
{"r": 0.0, "l": 1000, "t": 533.381697}
{"r": 0.0, "l": 1000, "t": 549.323709}
{"r": 0.0, "l": 1000, "t": 565.306762}
{"r": 0.0, "l": 1000, "t": 583.314908}
{"r": 0.0, "l": 1000, "t": 599.441609}
{"r": 0.0, "l": 1000, "t": 615.602541}
{"r": 0.0, "l": 1000, "t": 633.209081}
{"r": 0.0, "l": 1000, "t": 649.597247}
{"r": 0.0, "l": 1000, "t": 665.580847}
{"r": 0.0, "l": 1000, "t": 683.240358}
{"r": 0.0, "l": 1000, "t": 699.296173}
{"r": 0.0, "l": 1000, "t": 717.359465}
{"r": 0.0, "l": 1000, "t": 733.557467}
{"r": 0.0, "l": 1000, "t": 749.601415}
{"r": 0.0, "l": 1000, "t": 765.484355}
{"r": 0.0, "l": 1000, "t": 781.565996}
{"r": 0.0, "l": 1000, "t": 799.386817}
{"r": 0.0, "l": 1000, "t": 815.564129}
{"r": 0.0, "l": 1000, "t": 832.337134}
{"r": 0.0, "l": 1000, "t": 849.564864}
{"r": 0.0, "l": 1000, "t": 865.946119}
{"r": 0.0, "l": 1000, "t": 884.179268}
{"r": 0.0, "l": 1000, "t": 901.820103}
{"r": 0.0, "l": 1000, "t": 918.163994}
{"r": 0.0, "l": 1000, "t": 933.996261}
{"r": 0.0, "l": 1000, "t": 950.114691}
{"r": 0.0, "l": 1000, "t": 967.880704}
{"r": 0.0, "l": 1000, "t": 986.42954}
{"r": 0.0, "l": 1000, "t": 1004.019655}
{"r": 0.0, "l": 1000, "t": 1020.321724}
{"r": 0.0, "l": 1000, "t": 1036.357516}
{"r": 0.0, "l": 1000, "t": 1054.027333}
{"r": 0.0, "l": 1000, "t": 1072.213477}
{"r": 0.0, "l": 1000, "t": 1088.120544}
{"r": 0.0, "l": 1000, "t": 1105.693756}
{"r": 0.0, "l": 1000, "t": 1122.022816}
{"r": 0.0, "l": 1000, "t": 1139.829929}
{"r": 0.0, "l": 1000, "t": 1154.196258}
{"r": 0.0, "l": 1000, "t": 1170.343623}
{"r": 0.0, "l": 1000, "t": 1188.229588}
{"r": 0.0, "l": 1000, "t": 1204.342601}
{"r": 0.0, "l": 1000, "t": 1220.485269}
{"r": 0.0, "l": 1000, "t": 1236.3225}
{"r": 0.0, "l": 1000, "t": 1252.180593}
{"r": 0.0, "l": 1000, "t": 1270.112102}
{"r": 0.0, "l": 1000, "t": 1286.123248}
{"r": 0.0, "l": 1000, "t": 1301.97711}
{"r": 0.0, "l": 1000, "t": 1319.707788}
{"r": 0.0, "l": 1000, "t": 1334.292862}
{"r": 0.0, "l": 1000, "t": 1351.92504}
{"r": 0.0, "l": 1000, "t": 1368.052953}
{"r": 0.0, "l": 1000, "t": 1385.861624}
{"r": 0.0, "l": 1000, "t": 1402.247354}
{"r": 0.0, "l": 1000, "t": 1418.549631}
{"r": 0.0, "l": 1000, "t": 1436.623876}
{"r": 0.0, "l": 1000, "t": 1452.673809}
{"r": 0.0, "l": 1000, "t": 1469.353071}
{"r": 0.0, "l": 1000, "t": 1487.541574}
{"r": 0.0, "l": 1000, "t": 1503.669909}
{"r": 0.0, "l": 1000, "t": 1519.753259}
{"r": 0.0, "l": 1000, "t": 1537.701541}
{"r": 0.0, "l": 1000, "t": 1553.810599}
{"r": 0.0, "l": 1000, "t": 1569.856558}
{"r": 0.0, "l": 1000, "t": 1586.10589}
{"r": 0.0, "l": 1000, "t": 1604.095208}
{"r": 0.0, "l": 1000, "t": 1629.300296}
{"r": 0.0, "l": 1000, "t": 1686.347327}
{"r": 0.0, "l": 1000, "t": 1746.235897}
{"r": 0.0, "l": 1000, "t": 1800.711743}
{"r": 0.0, "l": 1000, "t": 1858.064086}
{"r": 0.0, "l": 1000, "t": 1917.647627}
{"r": 0.0, "l": 1000, "t": 1970.48981}
{"r": 0.0, "l": 1000, "t": 2030.911068}
{"r": 0.0, "l": 1000, "t": 2090.700958}
{"r": 0.0, "l": 1000, "t": 2155.175425}
{"r": 0.0, "l": 1000, "t": 2215.323602}
{"r": 0.0, "l": 1000, "t": 2273.6898}
{"r": 0.0, "l": 1000, "t": 2328.08344}
{"r": 0.0, "l": 1000, "t": 2386.348408}
{"r": 0.0, "l": 1000, "t": 2444.333934}
{"r": 0.0, "l": 1000, "t": 2500.968481}
{"r": 0.0, "l": 1000, "t": 2561.261415}
{"r": 0.0, "l": 1000, "t": 2619.673731}
{"r": 0.0, "l": 1000, "t": 2674.560463}
{"r": 0.0, "l": 1000, "t": 2727.380739}
{"r": 0.0, "l": 1000, "t": 2790.990897}
{"r": 0.0, "l": 1000, "t": 2846.425694}
{"r": 0.0, "l": 1000, "t": 2907.326018}
{"r": 0.0, "l": 1000, "t": 2965.804342}
{"r": 0.0, "l": 1000, "t": 3021.888336}
{"r": 0.0, "l": 1000, "t": 3080.958972}
{"r": 0.0, "l": 1000, "t": 3139.873635}
{"r": 0.0, "l": 1000, "t": 3199.077135}
{"r": 0.0, "l": 1000, "t": 3252.901943}
{"r": 0.0, "l": 1000, "t": 3318.54177}
{"r": 0.0, "l": 1000, "t": 3375.637304}
{"r": 0.0, "l": 1000, "t": 3434.34909}
{"r": 0.0, "l": 1000, "t": 3494.371099}
{"r": 0.0, "l": 1000, "t": 3552.039775}
{"r": 0.0, "l": 1000, "t": 3613.422951}
{"r": 0.0, "l": 1000, "t": 3668.099953}
{"r": 0.0, "l": 1000, "t": 3727.668234}
{"r": 0.0, "l": 1000, "t": 3787.592778}
{"r": 0.0, "l": 1000, "t": 3845.998787}
{"r": 0.0, "l": 1000, "t": 3907.832384}
{"r": 0.0, "l": 1000, "t": 3965.851851}
{"r": 0.0, "l": 1000, "t": 4026.38569}
{"r": 0.0, "l": 1000, "t": 4080.73593}
{"r": 0.0, "l": 1000, "t": 4139.433559}
{"r": 0.0, "l": 1000, "t": 4195.672791}
{"r": 0.0, "l": 1000, "t": 4251.861953}
{"r": 0.0, "l": 1000, "t": 4309.062364}
{"r": 0.0, "l": 1000, "t": 4367.465942}
{"r": 0.0, "l": 1000, "t": 4422.122574}
{"r": 0.0, "l": 1000, "t": 4483.902092}
{"r": 0.0, "l": 1000, "t": 4538.62813}
{"r": 0.0, "l": 1000, "t": 4598.033055}
{"r": 0.0, "l": 1000, "t": 4651.803941}
{"r": 0.0, "l": 1000, "t": 4709.544247}
{"r": 0.0, "l": 1000, "t": 4768.141503}
{"r": 0.0, "l": 1000, "t": 4826.242362}
{"r": 0.0, "l": 1000, "t": 4887.878727}
{"r": 0.0, "l": 1000, "t": 4942.350352}
{"r": 0.0, "l": 1000, "t": 4997.511057}
{"r": 0.0, "l": 1000, "t": 5059.730653}
{"r": 0.0, "l": 1000, "t": 5120.360663}
{"r": 0.0, "l": 1000, "t": 5175.412539}
{"r": 0.0, "l": 1000, "t": 5236.091699}
{"r": 0.0, "l": 1000, "t": 5291.453846}
{"r": 0.0, "l": 1000, "t": 5348.785676}
{"r": 0.0, "l": 1000, "t": 5412.041635}
{"r": 0.0, "l": 1000, "t": 5470.144964}
{"r": 0.0, "l": 1000, "t": 5527.338146}
{"r": 0.0, "l": 1000, "t": 5587.988746}
{"r": 0.0, "l": 1000, "t": 5645.938413}
{"r": 0.0, "l": 1000, "t": 5710.32499}
{"r": 0.0, "l": 1000, "t": 5768.08314}
{"r": 0.0, "l": 1000, "t": 5824.338232}
{"r": 0.0, "l": 1000, "t": 5878.937244}
{"r": 0.0, "l": 1000, "t": 5935.911078}
{"r": 0.0, "l": 1000, "t": 5996.485113}
{"r": 0.0, "l": 1000, "t": 6052.96827}
{"r": 0.0, "l": 1000, "t": 6108.169293}
{"r": 0.0, "l": 1000, "t": 6163.325114}
{"r": 0.0, "l": 1000, "t": 6220.888242}
{"r": 0.0, "l": 1000, "t": 6284.073797}
{"r": 0.0, "l": 1000, "t": 6340.18356}
{"r": 0.0, "l": 1000, "t": 6397.917184}
{"r": 0.0, "l": 1000, "t": 6458.364108}
{"r": 0.0, "l": 1000, "t": 6524.674001}
{"r": 0.0, "l": 1000, "t": 6580.334363}
{"r": 0.0, "l": 1000, "t": 6638.608098}
{"r": 0.0, "l": 1000, "t": 6696.165235}
{"r": 0.0, "l": 1000, "t": 6753.848239}
{"r": 0.0, "l": 1000, "t": 6812.063854}
{"r": 0.0, "l": 1000, "t": 6874.60588}
{"r": 0.0, "l": 1000, "t": 6930.29832}
{"r": 0.0, "l": 1000, "t": 6986.765886}
{"r": 0.0, "l": 1000, "t": 7044.155272}
{"r": 0.0, "l": 1000, "t": 7103.387581}
{"r": 0.0, "l": 1000, "t": 7162.775281}
{"r": 0.0, "l": 1000, "t": 7218.273809}
{"r": 0.0, "l": 1000, "t": 7274.686448}
{"r": 0.0, "l": 1000, "t": 7330.461967}
{"r": 0.0, "l": 1000, "t": 7394.150009}
{"r": 0.0, "l": 1000, "t": 7446.991838}
{"r": 0.0, "l": 1000, "t": 7505.765651}
{"r": 0.0, "l": 1000, "t": 7560.815882}
{"r": 0.0, "l": 1000, "t": 7618.175993}
{"r": 0.0, "l": 1000,