{"t_start": 1514545128.6515841, "gym_version": "0.9.2", "env_id": "GridWorldNoFrameskip-v4"}
{"r": 0.0, "l": 1000, "t": 17.364697}
{"r": 0.0, "l": 1000, "t": 35.975098}
{"r": 0.0, "l": 1000, "t": 53.0516}
{"r": 0.0, "l": 1000, "t": 71.958218}
{"r": 0.0, "l": 1000, "t": 90.403634}
{"r": 0.0, "l": 1000, "t": 108.731772}
{"r": 0.0, "l": 1000, "t": 125.370956}
{"r": 0.0, "l": 1000, "t": 141.720071}
{"r": 0.0, "l": 1000, "t": 160.110545}
{"r": 0.0, "l": 1000, "t": 174.727144}
{"r": 0.0, "l": 1000, "t": 192.872116}
{"r": 0.0, "l": 1000, "t": 211.207667}
{"r": 0.0, "l": 1000, "t": 227.60058}
{"r": 0.0, "l": 1000, "t": 244.811493}
{"r": 0.0, "l": 1000, "t": 259.475615}
{"r": 0.0, "l": 1000, "t": 275.546431}
{"r": 0.0, "l": 1000, "t": 293.560147}
{"r": 0.0, "l": 1000, "t": 309.660437}
{"r": 0.0, "l": 1000, "t": 327.615123}
{"r": 0.0, "l": 1000, "t": 343.959966}
{"r": 0.0, "l": 1000, "t": 362.373235}
{"r": 0.0, "l": 1000, "t": 380.62005}
{"r": 0.0, "l": 1000, "t": 398.834203}
{"r": 0.0, "l": 1000, "t": 415.398601}
{"r": 0.0, "l": 1000, "t": 431.461902}
{"r": 0.0, "l": 1000, "t": 447.655734}
{"r": 0.0, "l": 1000, "t": 464.04631}
{"r": 0.0, "l": 1000, "t": 481.89461}
{"r": 0.0, "l": 1000, "t": 498.676206}
{"r": 0.0, "l": 1000, "t": 515.256208}
{"r": 0.0, "l": 1000, "t": 531.374906}
{"r": 0.0, "l": 1000, "t": 547.144492}
{"r": 0.0, "l": 1000, "t": 564.942034}
{"r": 0.0, "l": 1000, "t": 581.142576}
{"r": 0.0, "l": 1000, "t": 597.193887}
{"r": 0.0, "l": 1000, "t": 615.139199}
{"r": 0.0, "l": 1000, "t": 631.123312}
{"r": 0.0, "l": 1000, "t": 649.276059}
{"r": 0.0, "l": 1000, "t": 665.249191}
{"r": 0.0, "l": 1000, "t": 682.964515}
{"r": 0.0, "l": 1000, "t": 697.432831}
{"r": 0.0, "l": 1000, "t": 715.490026}
{"r": 0.0, "l": 1000, "t": 733.334793}
{"r": 0.0, "l": 1000, "t": 749.459913}
{"r": 0.0, "l": 1000, "t": 765.360855}
{"r": 0.0, "l": 1000, "t": 781.566197}
{"r": 0.0, "l": 1000, "t": 799.516196}
{"r": 0.0, "l": 1000, "t": 815.573848}
{"r": 0.0, "l": 1000, "t": 831.700165}
{"r": 0.0, "l": 1000, "t": 849.421787}
{"r": 0.0, "l": 1000, "t": 865.703764}
{"r": 0.0, "l": 1000, "t": 884.022167}
{"r": 0.0, "l": 1000, "t": 900.167105}
{"r": 0.0, "l": 1000, "t": 917.854429}
{"r": 0.0, "l": 1000, "t": 933.824402}
{"r": 0.0, "l": 1000, "t": 949.894945}
{"r": 0.0, "l": 1000, "t": 967.722652}
{"r": 0.0, "l": 1000, "t": 986.170571}
{"r": 0.0, "l": 1000, "t": 1002.08667}
{"r": 0.0, "l": 1000, "t": 1019.855137}
{"r": 0.0, "l": 1000, "t": 1035.734455}
{"r": 0.0, "l": 1000, "t": 1052.093492}
{"r": 0.0, "l": 1000, "t": 1070.00517}
{"r": 0.0, "l": 1000, "t": 1086.081902}
{"r": 0.0, "l": 1000, "t": 1103.682861}
{"r": 0.0, "l": 1000, "t": 1121.620612}
{"r": 0.0, "l": 1000, "t": 1137.775552}
{"r": 0.0, "l": 1000, "t": 1153.720364}
{"r": 0.0, "l": 1000, "t": 1169.811224}
{"r": 0.0, "l": 1000, "t": 1185.983931}
{"r": 0.0, "l": 1000, "t": 1204.049355}
{"r": 0.0, "l": 1000, "t": 1220.124769}
{"r": 0.0, "l": 1000, "t": 1236.077709}
{"r": 0.0, "l": 1000, "t": 1252.012223}
{"r": 0.0, "l": 1000, "t": 1268.132559}
{"r": 0.0, "l": 1000, "t": 1285.866492}
{"r": 0.0, "l": 1000, "t": 1301.780349}
{"r": 0.0, "l": 1000, "t": 1319.443666}
{"r": 0.0, "l": 1000, "t": 1334.051805}
{"r": 0.0, "l": 1000, "t": 1351.889216}
{"r": 0.0, "l": 1000, "t": 1367.839672}
{"r": 0.0, "l": 1000, "t": 1383.863573}
{"r": 0.0, "l": 1000, "t": 1402.001284}
{"r": 0.0, "l": 1000, "t": 1418.256545}
{"r": 0.0, "l": 1000, "t": 1434.600858}
{"r": 0.0, "l": 1000, "t": 1452.362827}
{"r": 0.0, "l": 1000, "t": 1468.917457}
{"r": 0.0, "l": 1000, "t": 1485.191438}
{"r": 0.0, "l": 1000, "t": 1501.477019}
{"r": 0.0, "l": 1000, "t": 1519.31368}
{"r": 0.0, "l": 1000, "t": 1535.579748}
{"r": 0.0, "l": 1000, "t": 1551.719177}
{"r": 0.0, "l": 1000, "t": 1567.695413}
{"r": 0.0, "l": 1000, "t": 1585.892818}
{"r": 0.0, "l": 1000, "t": 1604.083387}
{"r": 0.0, "l": 1000, "t": 1629.303785}
{"r": 0.0, "l": 1000, "t": 1686.383695}
{"r": 0.0, "l": 1000, "t": 1747.130429}
{"r": 0.0, "l": 1000, "t": 1801.123032}
{"r": 0.0, "l": 1000, "t": 1859.320589}
{"r": 0.0, "l": 1000, "t": 1921.45143}
{"r": 0.0, "l": 1000, "t": 1971.027433}
{"r": 0.0, "l": 1000, "t": 2031.726203}
{"r": 0.0, "l": 1000, "t": 2094.343247}
{"r": 0.0, "l": 1000, "t": 2155.612327}
{"r": 0.0, "l": 1000, "t": 2219.052446}
{"r": 0.0, "l": 1000, "t": 2277.895167}
{"r": 0.0, "l": 1000, "t": 2336.671521}
{"r": 0.0, "l": 1000, "t": 2391.925992}
{"r": 0.0, "l": 1000, "t": 2449.759956}
{"r": 0.0, "l": 1000, "t": 2510.217241}
{"r": 0.0, "l": 1000, "t": 2569.305529}
{"r": 0.0, "l": 1000, "t": 2627.972715}
{"r": 0.0, "l": 1000, "t": 2678.791001}
{"r": 0.0, "l": 1000, "t": 2736.329806}
{"r": 0.0, "l": 1000, "t": 2796.571116}
{"r": 0.0, "l": 1000, "t": 2853.579314}
{"r": 0.0, "l": 1000, "t": 2915.243547}
{"r": 0.0, "l": 1000, "t": 2971.446018}
{"r": 0.0, "l": 1000, "t": 3029.565508}
{"r": 0.0, "l": 1000, "t": 3085.705956}
{"r": 0.0, "l": 1000, "t": 3146.498433}
{"r": 0.0, "l": 1000, "t": 3204.986215}
{"r": 0.0, "l": 1000, "t": 3261.359427}
{"r": 0.0, "l": 1000, "t": 3323.21402}
{"r": 0.0, "l": 1000, "t": 3382.836301}
{"r": 0.0, "l": 1000, "t": 3441.236578}
{"r": 0.0, "l": 1000, "t": 3498.948838}
{"r": 0.0, "l": 1000, "t": 3556.805534}
{"r": 0.0, "l": 1000, "t": 3620.726308}
{"r": 0.0, "l": 1000, "t": 3673.042441}
{"r": 0.0, "l": 1000, "t": 3734.593226}
{"r": 0.0, "l": 1000, "t": 3791.985821}
{"r": 0.0, "l": 1000, "t": 3853.721617}
{"r": 0.0, "l": 1000, "t": 3915.083002}
{"r": 0.0, "l": 1000, "t": 3971.231998}
{"r": 0.0, "l": 1000, "t": 4033.655291}
{"r": 0.0, "l": 1000, "t": 4088.078134}
{"r": 0.0, "l": 1000, "t": 4147.74047}
{"r": 0.0, "l": 1000, "t": 4204.322297}
{"r": 0.0, "l": 1000, "t": 4260.553312}
{"r": 0.0, "l": 1000, "t": 4319.318947}
{"r": 0.0, "l": 1000, "t": 4375.80515}
{"r": 0.0, "l": 1000, "t": 4430.48504}
{"r": 0.0, "l": 1000, "t": 4489.819732}
{"r": 0.0, "l": 1000, "t": 4546.983276}
{"r": 0.0, "l": 1000, "t": 4608.993922}
{"r": 0.0, "l": 1000, "t": 4661.81614}
{"r": 0.0, "l": 1000, "t": 4719.312618}
{"r": 0.0, "l": 1000, "t": 4776.279406}
{"r": 0.0, "l": 1000, "t": 4832.143851}
{"r": 0.0, "l": 1000, "t": 4893.663355}
{"r": 0.0, "l": 1000, "t": 4946.786141}
{"r": 0.0, "l": 1000, "t": 5003.926275}
{"r": 0.0, "l": 1000, "t": 5062.912}
{"r": 0.0, "l": 1000, "t": 5123.75888}
{"r": 0.0, "l": 1000, "t": 5183.003333}
{"r": 0.0, "l": 1000, "t": 5237.9363}
{"r": 0.0, "l": 1000, "t": 5295.183998}
{"r": 0.0, "l": 1000, "t": 5353.046286}
{"r": 0.0, "l": 1000, "t": 5415.694594}
{"r": 0.0, "l": 1000, "t": 5474.036408}
{"r": 0.0, "l": 1000, "t": 5534.108894}
{"r": 0.0, "l": 1000, "t": 5591.743375}
{"r": 0.0, "l": 1000, "t": 5651.098114}
{"r": 0.0, "l": 1000, "t": 5714.35375}
{"r": 0.0, "l": 1000, "t": 5772.472265}
{"r": 0.0, "l": 1000, "t": 5825.535871}
{"r": 0.0, "l": 1000, "t": 5882.45615}
{"r": 0.0, "l": 1000, "t": 5940.158171}
{"r": 0.0, "l": 1000, "t": 5999.959836}
{"r": 0.0, "l": 1000, "t": 6053.912117}
{"r": 0.0, "l": 1000, "t": 6108.972346}
{"r": 0.0, "l": 1000, "t": 6166.370242}
{"r": 0.0, "l": 1000, "t": 6227.741379}
{"r": 0.0, "l": 1000, "t": 6290.733483}
{"r": 0.0, "l": 1000, "t": 6344.602633}
{"r": 0.0, "l": 1000, "t": 6405.842935}
{"r": 0.0, "l": 1000, "t": 6465.691399}
{"r": 0.0, "l": 1000, "t": 6528.413401}
{"r": 0.0, "l": 1000, "t": 6584.169897}
{"r": 0.0, "l": 1000, "t": 6642.844515}
{"r": 0.0, "l": 1000, "t": 6700.853033}
{"r": 0.0, "l": 1000, "t": 6759.132339}
{"r": 0.0, "l": 1000, "t": 6817.318439}
{"r": 0.0, "l": 1000, "t": 6879.661152}
{"r": 0.0, "l": 1000, "t": 6934.596067}
{"r": 0.0, "l": 1000, "t": 6991.500527}
{"r": 0.0, "l": 1000, "t": 7048.852114}
{"r": 0.0, "l": 1000, "t": 7110.521982}
{"r": 0.0, "l": 1000, "t": 7170.11056}
{"r": 0.0, "l": 1000, "t": 7226.103624}
{"r": 0.0, "l": 1000, "t": 7282.064337}
{"r": 0.0, "l": 1000, "t": 7341.336406}
{"r": 0.0, "l": 1000, "t": 7398.964648}
{"r": 0.0, "l": 1000, "t": 7453.280074}
{"r": 0.0, "l": 1000, "t": 7512.434299}
{"r": 0.0, "l": 1000, "t": 7565.485678}
{"r": 0.0, "l": 1000, "t": 7622.026289}
{"r": 0.0, "l": 1000,