{"t_start": 1515768566.008662, "gym_version": "0.9.2", "env_id": "GridWorldNoFrameskip-v4"}
{"r": 0.0, "l": 1000, "t": 12.935744}
{"r": 0.0, "l": 1000, "t": 31.263217}
{"r": 0.0, "l": 1000, "t": 49.383451}
{"r": 0.0, "l": 1000, "t": 67.548689}
{"r": 0.0, "l": 1000, "t": 85.569015}
{"r": 0.0, "l": 1000, "t": 104.30067}
{"r": 0.0, "l": 1000, "t": 122.368661}
{"r": 0.0, "l": 1000, "t": 140.202892}
{"r": 0.0, "l": 1000, "t": 158.409685}
{"r": 0.0, "l": 1000, "t": 177.023563}
{"r": 0.0, "l": 1000, "t": 196.071834}
{"r": 0.0, "l": 1000, "t": 216.288758}
{"r": 0.0, "l": 1000, "t": 235.660612}
{"r": 0.0, "l": 1000, "t": 254.626455}
{"r": 0.0, "l": 1000, "t": 272.96377}
{"r": 0.0, "l": 1000, "t": 291.839433}
{"r": 0.0, "l": 1000, "t": 310.720728}
{"r": 0.0, "l": 1000, "t": 329.196839}
{"r": 0.0, "l": 1000, "t": 348.136759}
{"r": 0.0, "l": 1000, "t": 367.308906}
{"r": 0.0, "l": 1000, "t": 385.945716}
{"r": 0.0, "l": 1000, "t": 404.040683}
{"r": 0.0, "l": 1000, "t": 422.98937}
{"r": 0.0, "l": 1000, "t": 442.821385}
{"r": 0.0, "l": 1000, "t": 460.728788}
{"r": 0.0, "l": 1000, "t": 478.446008}
{"r": 0.0, "l": 1000, "t": 496.732824}
{"r": 0.0, "l": 1000, "t": 515.702043}
{"r": 0.0, "l": 1000, "t": 534.168649}
{"r": 0.0, "l": 1000, "t": 553.00521}
{"r": 0.0, "l": 1000, "t": 571.803895}
{"r": 0.0, "l": 1000, "t": 590.215818}
{"r": 0.0, "l": 1000, "t": 608.992896}
{"r": 0.0, "l": 1000, "t": 627.121434}
{"r": 0.0, "l": 1000, "t": 646.246586}
{"r": 0.0, "l": 1000, "t": 664.349299}
{"r": 0.0, "l": 1000, "t": 683.9799}
{"r": 0.0, "l": 1000, "t": 702.596488}
{"r": 0.0, "l": 1000, "t": 721.239171}
{"r": 0.0, "l": 1000, "t": 739.503524}
{"r": 0.0, "l": 1000, "t": 758.434548}
{"r": 0.0, "l": 1000, "t": 777.597925}
{"r": 0.0, "l": 1000, "t": 796.273512}
{"r": 0.0, "l": 1000, "t": 815.17393}
{"r": 0.0, "l": 1000, "t": 834.054326}
{"r": 0.0, "l": 1000, "t": 852.402425}
{"r": 0.0, "l": 1000, "t": 870.647535}
{"r": 0.0, "l": 1000, "t": 889.269634}
{"r": 0.0, "l": 1000, "t": 908.448548}
{"r": 0.0, "l": 1000, "t": 926.922182}
{"r": 0.0, "l": 1000, "t": 946.669193}
{"r": 0.0, "l": 1000, "t": 965.375618}
{"r": 0.0, "l": 1000, "t": 984.531647}
{"r": 0.0, "l": 1000, "t": 1003.200567}
{"r": 0.0, "l": 1000, "t": 1022.066096}
{"r": 0.0, "l": 1000, "t": 1040.686234}
{"r": 0.0, "l": 1000, "t": 1058.942737}
{"r": 0.0, "l": 1000, "t": 1077.258828}
{"r": 0.0, "l": 1000, "t": 1096.509315}
{"r": 0.0, "l": 1000, "t": 1115.272346}
{"r": 0.0, "l": 1000, "t": 1132.905794}
{"r": 0.0, "l": 1000, "t": 1151.641818}
{"r": 0.0, "l": 1000, "t": 1169.885201}
{"r": 0.0, "l": 1000, "t": 1188.918767}
{"r": 0.0, "l": 1000, "t": 1207.976247}
{"r": 0.0, "l": 1000, "t": 1227.657787}
{"r": 0.0, "l": 1000, "t": 1246.148464}
{"r": 0.0, "l": 1000, "t": 1264.406055}
{"r": 0.0, "l": 1000, "t": 1283.299887}
{"r": 0.0, "l": 1000, "t": 1302.229386}
{"r": 0.0, "l": 1000, "t": 1322.074822}
{"r": 0.0, "l": 1000, "t": 1340.612568}
{"r": 0.0, "l": 1000, "t": 1359.754201}
{"r": 0.0, "l": 1000, "t": 1378.869969}
{"r": 0.0, "l": 1000, "t": 1397.894536}
{"r": 0.0, "l": 1000, "t": 1416.285858}
{"r": 0.0, "l": 1000, "t": 1435.786348}
{"r": 0.0, "l": 1000, "t": 1455.256654}
{"r": 0.0, "l": 1000, "t": 1474.331319}
{"r": 0.0, "l": 1000, "t": 1493.871592}
{"r": 0.0, "l": 1000, "t": 1512.478201}
{"r": 0.0, "l": 1000, "t": 1530.794149}
{"r": 0.0, "l": 1000, "t": 1550.743671}
{"r": 0.0, "l": 1000, "t": 1569.961454}
{"r": 0.0, "l": 1000, "t": 1589.681602}
{"r": 0.0, "l": 1000, "t": 1608.801702}
{"r": 0.0, "l": 1000, "t": 1629.201694}
{"r": 0.0, "l": 1000, "t": 1648.220157}
{"r": 0.0, "l": 1000, "t": 1667.178403}
{"r": 0.0, "l": 1000, "t": 1686.5579}
{"r": 0.0, "l": 1000, "t": 1705.691656}
{"r": 0.0, "l": 1000, "t": 1724.714161}
{"r": 0.0, "l": 1000, "t": 1744.265558}
{"r": 0.0, "l": 1000, "t": 1763.061619}
{"r": 0.0, "l": 1000, "t": 1781.981096}
{"r": 0.0, "l": 1000, "t": 1800.852833}
{"r": 0.0, "l": 1000, "t": 1819.624748}
{"r": 0.0, "l": 1000, "t": 1839.842429}
{"r": 0.0, "l": 1000, "t": 1858.749485}
{"r": 0.0, "l": 1000, "t": 1877.710021}
{"r": 0.0, "l": 1000, "t": 1897.51465}
{"r": 0.0, "l": 1000, "t": 1917.379474}
{"r": 0.0, "l": 1000, "t": 1935.811742}
{"r": 0.0, "l": 1000, "t": 1954.668868}
{"r": 0.0, "l": 1000, "t": 1974.294544}
{"r": 0.0, "l": 1000, "t": 1993.137536}
{"r": 0.0, "l": 1000, "t": 2012.950566}
{"r": 0.0, "l": 1000, "t": 2031.79332}
{"r": 0.0, "l": 1000, "t": 2051.319226}
