{"t_start": 1515768566.0094779, "gym_version": "0.9.2", "env_id": "GridWorldNoFrameskip-v4"}
{"r": 0.0, "l": 1000, "t": 12.903704}
{"r": 0.0, "l": 1000, "t": 30.893508}
{"r": 0.0, "l": 1000, "t": 48.896854}
{"r": 0.0, "l": 1000, "t": 66.716817}
{"r": 0.0, "l": 1000, "t": 85.549628}
{"r": 0.0, "l": 1000, "t": 103.789357}
{"r": 0.0, "l": 1000, "t": 121.91921}
{"r": 0.0, "l": 1000, "t": 140.179481}
{"r": 0.0, "l": 1000, "t": 158.13314}
{"r": 0.0, "l": 1000, "t": 176.68266}
{"r": 0.0, "l": 1000, "t": 196.032439}
{"r": 0.0, "l": 1000, "t": 215.290015}
{"r": 0.0, "l": 1000, "t": 234.051417}
{"r": 0.0, "l": 1000, "t": 253.275674}
{"r": 0.0, "l": 1000, "t": 272.040749}
{"r": 0.0, "l": 1000, "t": 291.362654}
{"r": 0.0, "l": 1000, "t": 309.962027}
{"r": 0.0, "l": 1000, "t": 328.708367}
{"r": 0.0, "l": 1000, "t": 347.297442}
{"r": 0.0, "l": 1000, "t": 365.555183}
{"r": 0.0, "l": 1000, "t": 384.892373}
{"r": 0.0, "l": 1000, "t": 403.480005}
{"r": 0.0, "l": 1000, "t": 422.168022}
{"r": 0.0, "l": 1000, "t": 441.174786}
{"r": 0.0, "l": 1000, "t": 459.355868}
{"r": 0.0, "l": 1000, "t": 477.438264}
{"r": 0.0, "l": 1000, "t": 496.021364}
{"r": 0.0, "l": 1000, "t": 514.54164}
{"r": 0.0, "l": 1000, "t": 533.248959}
{"r": 0.0, "l": 1000, "t": 552.533302}
{"r": 0.0, "l": 1000, "t": 571.020196}
{"r": 0.0, "l": 1000, "t": 589.715729}
{"r": 0.0, "l": 1000, "t": 608.454751}
{"r": 0.0, "l": 1000, "t": 626.434442}
{"r": 0.0, "l": 1000, "t": 645.608424}
{"r": 0.0, "l": 1000, "t": 663.668668}
{"r": 0.0, "l": 1000, "t": 682.653907}
{"r": 0.0, "l": 1000, "t": 701.93406}
{"r": 0.0, "l": 1000, "t": 720.567485}
{"r": 0.0, "l": 1000, "t": 739.03332}
{"r": 0.0, "l": 1000, "t": 757.772927}
{"r": 0.0, "l": 1000, "t": 776.460659}
{"r": 0.0, "l": 1000, "t": 795.196806}
{"r": 0.0, "l": 1000, "t": 813.482448}
{"r": 0.0, "l": 1000, "t": 832.311484}
{"r": 0.0, "l": 1000, "t": 850.601608}
{"r": 0.0, "l": 1000, "t": 869.161864}
{"r": 0.0, "l": 1000, "t": 888.381938}
{"r": 0.0, "l": 1000, "t": 907.181244}
{"r": 0.0, "l": 1000, "t": 925.677768}
{"r": 0.0, "l": 1000, "t": 945.028559}
{"r": 0.0, "l": 1000, "t": 963.809531}
{"r": 0.0, "l": 1000, "t": 982.892162}
{"r": 0.0, "l": 1000, "t": 1000.734449}
{"r": 0.0, "l": 1000, "t": 1020.520412}
{"r": 0.0, "l": 1000, "t": 1039.16781}
{"r": 0.0, "l": 1000, "t": 1057.38849}
{"r": 0.0, "l": 1000, "t": 1076.227999}
{"r": 0.0, "l": 1000, "t": 1095.178716}
{"r": 0.0, "l": 1000, "t": 1114.065798}
{"r": 0.0, "l": 1000, "t": 1131.89441}
{"r": 0.0, "l": 1000, "t": 1150.35223}
{"r": 0.0, "l": 1000, "t": 1168.367194}
{"r": 0.0, "l": 1000, "t": 1187.484729}
{"r": 0.0, "l": 1000, "t": 1206.518033}
{"r": 0.0, "l": 1000, "t": 1225.694745}
{"r": 0.0, "l": 1000, "t": 1244.719932}
{"r": 0.0, "l": 1000, "t": 1262.855376}
{"r": 0.0, "l": 1000, "t": 1281.807976}
{"r": 0.0, "l": 1000, "t": 1300.992604}
{"r": 0.0, "l": 1000, "t": 1319.538135}
{"r": 0.0, "l": 1000, "t": 1338.718564}
{"r": 0.0, "l": 1000, "t": 1357.899424}
{"r": 0.0, "l": 1000, "t": 1377.089206}
{"r": 0.0, "l": 1000, "t": 1396.30611}
{"r": 0.0, "l": 1000, "t": 1414.891546}
{"r": 0.0, "l": 1000, "t": 1434.141791}
{"r": 0.0, "l": 1000, "t": 1453.175384}
{"r": 0.0, "l": 1000, "t": 1472.57105}
{"r": 0.0, "l": 1000, "t": 1491.465112}
{"r": 0.0, "l": 1000, "t": 1510.065447}
{"r": 0.0, "l": 1000, "t": 1528.59395}
{"r": 0.0, "l": 1000, "t": 1548.036164}
{"r": 0.0, "l": 1000, "t": 1566.724224}
{"r": 0.0, "l": 1000, "t": 1585.742051}
{"r": 0.0, "l": 1000, "t": 1605.547829}
{"r": 0.0, "l": 1000, "t": 1624.94934}
{"r": 0.0, "l": 1000, "t": 1644.754636}
{"r": 0.0, "l": 1000, "t": 1663.673873}
{"r": 0.0, "l": 1000, "t": 1682.088326}
{"r": 0.0, "l": 1000, "t": 1701.981926}
{"r": 0.0, "l": 1000, "t": 1720.649353}
{"r": 0.0, "l": 1000, "t": 1740.118981}
{"r": 0.0, "l": 1000, "t": 1759.411222}
{"r": 0.0, "l": 1000, "t": 1778.094147}
{"r": 0.0, "l": 1000, "t": 1796.888407}
{"r": 0.0, "l": 1000, "t": 1816.031616}
{"r": 0.0, "l": 1000, "t": 1835.636905}
{"r": 0.0, "l": 1000, "t": 1854.813652}
{"r": 0.0, "l": 1000, "t": 1873.526972}
{"r": 0.0, "l": 1000, "t": 1893.442072}
{"r": 0.0, "l": 1000, "t": 1912.781588}
{"r": 0.0, "l": 1000, "t": 1931.630718}
{"r": 0.0, "l": 1000, "t": 1950.517849}
{"r": 0.0, "l": 1000, "t": 1969.758569}
{"r": 0.0, "l": 1000, "t": 1989.008103}
{"r": 0.0, "l": 1000, "t": 2008.113866}
{"r": 0.0, "l": 1000, "t": 2027.32213}
{"r": 0.0, "l": 1000, "t": 2046.453751}
{"r": 0.0, "l": 1000, "t": 2064.758576}
