{"t_start": 1515768566.0104983, "gym_version": "0.9.2", "env_id": "GridWorldNoFrameskip-v4"}
{"r": 0.0, "l": 1000, "t": 13.461855}
{"r": 0.0, "l": 1000, "t": 31.283933}
{"r": 0.0, "l": 1000, "t": 49.381922}
{"r": 0.0, "l": 1000, "t": 67.061583}
{"r": 0.0, "l": 1000, "t": 85.810885}
{"r": 0.0, "l": 1000, "t": 104.280085}
{"r": 0.0, "l": 1000, "t": 122.997741}
{"r": 0.0, "l": 1000, "t": 141.138281}
{"r": 0.0, "l": 1000, "t": 158.806933}
{"r": 0.0, "l": 1000, "t": 177.925867}
{"r": 0.0, "l": 1000, "t": 197.57812}
{"r": 0.0, "l": 1000, "t": 217.242946}
{"r": 0.0, "l": 1000, "t": 236.353825}
{"r": 0.0, "l": 1000, "t": 255.717546}
{"r": 0.0, "l": 1000, "t": 274.377054}
{"r": 0.0, "l": 1000, "t": 292.931727}
{"r": 0.0, "l": 1000, "t": 311.837364}
{"r": 0.0, "l": 1000, "t": 330.607366}
{"r": 0.0, "l": 1000, "t": 349.476923}
{"r": 0.0, "l": 1000, "t": 368.501486}
{"r": 0.0, "l": 1000, "t": 387.732658}
{"r": 0.0, "l": 1000, "t": 405.601259}
{"r": 0.0, "l": 1000, "t": 424.62517}
{"r": 0.0, "l": 1000, "t": 443.824077}
{"r": 0.0, "l": 1000, "t": 462.234473}
{"r": 0.0, "l": 1000, "t": 480.26332}
{"r": 0.0, "l": 1000, "t": 498.649428}
{"r": 0.0, "l": 1000, "t": 517.292683}
{"r": 0.0, "l": 1000, "t": 535.509401}
{"r": 0.0, "l": 1000, "t": 555.024552}
{"r": 0.0, "l": 1000, "t": 573.381383}
{"r": 0.0, "l": 1000, "t": 592.321412}
{"r": 0.0, "l": 1000, "t": 611.150753}
{"r": 0.0, "l": 1000, "t": 629.823776}
{"r": 0.0, "l": 1000, "t": 648.764304}
{"r": 0.0, "l": 1000, "t": 667.12922}
{"r": 0.0, "l": 1000, "t": 686.27094}
{"r": 0.0, "l": 1000, "t": 705.089737}
{"r": 0.0, "l": 1000, "t": 724.210179}
{"r": 0.0, "l": 1000, "t": 742.407794}
{"r": 0.0, "l": 1000, "t": 760.835529}
{"r": 0.0, "l": 1000, "t": 780.332782}
{"r": 0.0, "l": 1000, "t": 799.333462}
{"r": 0.0, "l": 1000, "t": 817.762655}
{"r": 0.0, "l": 1000, "t": 836.195176}
{"r": 0.0, "l": 1000, "t": 854.948444}
{"r": 0.0, "l": 1000, "t": 873.222252}
{"r": 0.0, "l": 1000, "t": 891.780184}
{"r": 0.0, "l": 1000, "t": 910.224625}
{"r": 0.0, "l": 1000, "t": 929.295936}
{"r": 0.0, "l": 1000, "t": 947.971422}
{"r": 0.0, "l": 1000, "t": 967.097055}
{"r": 0.0, "l": 1000, "t": 986.239554}
{"r": 0.0, "l": 1000, "t": 1004.795858}
{"r": 0.0, "l": 1000, "t": 1023.666014}
{"r": 0.0, "l": 1000, "t": 1041.983778}
{"r": 0.0, "l": 1000, "t": 1060.759518}
{"r": 0.0, "l": 1000, "t": 1079.450287}
{"r": 0.0, "l": 1000, "t": 1098.177389}
{"r": 0.0, "l": 1000, "t": 1116.874765}
{"r": 0.0, "l": 1000, "t": 1134.646187}
{"r": 0.0, "l": 1000, "t": 1153.099699}
{"r": 0.0, "l": 1000, "t": 1171.301035}
{"r": 0.0, "l": 1000, "t": 1191.060276}
{"r": 0.0, "l": 1000, "t": 1210.14102}
{"r": 0.0, "l": 1000, "t": 1229.345625}
{"r": 0.0, "l": 1000, "t": 1247.697266}
{"r": 0.0, "l": 1000, "t": 1265.910079}
{"r": 0.0, "l": 1000, "t": 1285.741272}
{"r": 0.0, "l": 1000, "t": 1304.333475}
{"r": 0.0, "l": 1000, "t": 1323.68708}
{"r": 0.0, "l": 1000, "t": 1342.489962}
{"r": 0.0, "l": 1000, "t": 1361.154721}
{"r": 0.0, "l": 1000, "t": 1380.632494}
{"r": 0.0, "l": 1000, "t": 1399.230362}
{"r": 0.0, "l": 1000, "t": 1417.592841}
{"r": 0.0, "l": 1000, "t": 1437.356893}
{"r": 0.0, "l": 1000, "t": 1456.260169}
{"r": 0.0, "l": 1000, "t": 1475.966593}
{"r": 0.0, "l": 1000, "t": 1494.258335}
{"r": 0.0, "l": 1000, "t": 1512.84721}
{"r": 0.0, "l": 1000, "t": 1532.112847}
{"r": 0.0, "l": 1000, "t": 1550.989532}
{"r": 0.0, "l": 1000, "t": 1569.923965}
{"r": 0.0, "l": 1000, "t": 1589.660373}
{"r": 0.0, "l": 1000, "t": 1608.769593}
{"r": 0.0, "l": 1000, "t": 1628.796016}
{"r": 0.0, "l": 1000, "t": 1647.779149}
{"r": 0.0, "l": 1000, "t": 1666.27264}
{"r": 0.0, "l": 1000, "t": 1685.510777}
{"r": 0.0, "l": 1000, "t": 1705.17016}
{"r": 0.0, "l": 1000, "t": 1723.698901}
{"r": 0.0, "l": 1000, "t": 1743.055005}
{"r": 0.0, "l": 1000, "t": 1762.22671}
{"r": 0.0, "l": 1000, "t": 1781.203205}
{"r": 0.0, "l": 1000, "t": 1800.331588}
{"r": 0.0, "l": 1000, "t": 1819.22717}
{"r": 0.0, "l": 1000, "t": 1839.1263}
{"r": 0.0, "l": 1000, "t": 1858.581568}
{"r": 0.0, "l": 1000, "t": 1877.696958}
{"r": 0.0, "l": 1000, "t": 1897.084954}
{"r": 0.0, "l": 1000, "t": 1916.810677}
{"r": 0.0, "l": 1000, "t": 1935.270545}
{"r": 0.0, "l": 1000, "t": 1954.425194}
{"r": 0.0, "l": 1000, "t": 1973.425124}
{"r": 0.0, "l": 1000, "t": 1992.247336}
{"r": 0.0, "l": 1000, "t": 2011.740102}
{"r": 0.0, "l": 1000, "t": 2031.063909}
{"r": 0.0, "l": 1000, "t": 2050.884837}
