{"t_start": 1515768566.0105371, "gym_version": "0.9.2", "env_id": "GridWorldNoFrameskip-v4"}
{"r": 0.0, "l": 1000, "t": 12.906784}
{"r": 0.0, "l": 1000, "t": 31.317468}
{"r": 0.0, "l": 1000, "t": 49.949494}
{"r": 0.0, "l": 1000, "t": 67.537544}
{"r": 0.0, "l": 1000, "t": 85.810761}
{"r": 0.0, "l": 1000, "t": 104.319813}
{"r": 0.0, "l": 1000, "t": 122.997864}
{"r": 0.0, "l": 1000, "t": 140.894036}
{"r": 0.0, "l": 1000, "t": 158.468517}
{"r": 0.0, "l": 1000, "t": 177.406777}
{"r": 0.0, "l": 1000, "t": 196.716694}
{"r": 0.0, "l": 1000, "t": 216.226977}
{"r": 0.0, "l": 1000, "t": 235.186121}
{"r": 0.0, "l": 1000, "t": 254.061279}
{"r": 0.0, "l": 1000, "t": 272.924459}
{"r": 0.0, "l": 1000, "t": 291.837843}
{"r": 0.0, "l": 1000, "t": 310.70662}
{"r": 0.0, "l": 1000, "t": 329.159178}
{"r": 0.0, "l": 1000, "t": 347.536669}
{"r": 0.0, "l": 1000, "t": 366.729539}
{"r": 0.0, "l": 1000, "t": 385.986794}
{"r": 0.0, "l": 1000, "t": 404.467073}
{"r": 0.0, "l": 1000, "t": 423.033743}
{"r": 0.0, "l": 1000, "t": 442.855049}
{"r": 0.0, "l": 1000, "t": 461.118082}
{"r": 0.0, "l": 1000, "t": 479.172577}
{"r": 0.0, "l": 1000, "t": 497.935833}
{"r": 0.0, "l": 1000, "t": 516.263813}
{"r": 0.0, "l": 1000, "t": 534.942173}
{"r": 0.0, "l": 1000, "t": 554.048455}
{"r": 0.0, "l": 1000, "t": 572.636926}
{"r": 0.0, "l": 1000, "t": 591.186279}
{"r": 0.0, "l": 1000, "t": 609.535478}
{"r": 0.0, "l": 1000, "t": 627.582933}
{"r": 0.0, "l": 1000, "t": 647.220402}
{"r": 0.0, "l": 1000, "t": 664.855996}
{"r": 0.0, "l": 1000, "t": 684.370869}
{"r": 0.0, "l": 1000, "t": 703.006862}
{"r": 0.0, "l": 1000, "t": 722.200214}
{"r": 0.0, "l": 1000, "t": 740.742712}
{"r": 0.0, "l": 1000, "t": 759.128787}
{"r": 0.0, "l": 1000, "t": 778.300957}
{"r": 0.0, "l": 1000, "t": 796.599848}
{"r": 0.0, "l": 1000, "t": 815.175418}
{"r": 0.0, "l": 1000, "t": 834.110353}
{"r": 0.0, "l": 1000, "t": 852.433811}
{"r": 0.0, "l": 1000, "t": 870.68576}
{"r": 0.0, "l": 1000, "t": 889.618314}
{"r": 0.0, "l": 1000, "t": 908.805166}
{"r": 0.0, "l": 1000, "t": 926.958969}
{"r": 0.0, "l": 1000, "t": 946.054642}
{"r": 0.0, "l": 1000, "t": 964.676756}
{"r": 0.0, "l": 1000, "t": 983.565252}
{"r": 0.0, "l": 1000, "t": 1002.096913}
{"r": 0.0, "l": 1000, "t": 1020.818547}
{"r": 0.0, "l": 1000, "t": 1039.46568}
{"r": 0.0, "l": 1000, "t": 1057.949368}
{"r": 0.0, "l": 1000, "t": 1076.327305}
{"r": 0.0, "l": 1000, "t": 1094.880621}
{"r": 0.0, "l": 1000, "t": 1113.693048}
{"r": 0.0, "l": 1000, "t": 1131.893572}
{"r": 0.0, "l": 1000, "t": 1150.795686}
{"r": 0.0, "l": 1000, "t": 1169.25582}
{"r": 0.0, "l": 1000, "t": 1188.297229}
{"r": 0.0, "l": 1000, "t": 1207.571413}
{"r": 0.0, "l": 1000, "t": 1226.848059}
{"r": 0.0, "l": 1000, "t": 1245.207251}
{"r": 0.0, "l": 1000, "t": 1263.853316}
{"r": 0.0, "l": 1000, "t": 1282.796852}
{"r": 0.0, "l": 1000, "t": 1301.433279}
{"r": 0.0, "l": 1000, "t": 1320.68662}
{"r": 0.0, "l": 1000, "t": 1339.961288}
{"r": 0.0, "l": 1000, "t": 1359.028071}
{"r": 0.0, "l": 1000, "t": 1378.857766}
{"r": 0.0, "l": 1000, "t": 1397.024966}
{"r": 0.0, "l": 1000, "t": 1415.303495}
{"r": 0.0, "l": 1000, "t": 1434.651191}
{"r": 0.0, "l": 1000, "t": 1453.718871}
{"r": 0.0, "l": 1000, "t": 1473.284536}
{"r": 0.0, "l": 1000, "t": 1491.973338}
{"r": 0.0, "l": 1000, "t": 1511.160486}
{"r": 0.0, "l": 1000, "t": 1529.954088}
{"r": 0.0, "l": 1000, "t": 1548.912411}
{"r": 0.0, "l": 1000, "t": 1568.832856}
{"r": 0.0, "l": 1000, "t": 1587.660813}
{"r": 0.0, "l": 1000, "t": 1606.9204}
{"r": 0.0, "l": 1000, "t": 1627.106082}
{"r": 0.0, "l": 1000, "t": 1646.562203}
{"r": 0.0, "l": 1000, "t": 1665.787938}
{"r": 0.0, "l": 1000, "t": 1684.687118}
{"r": 0.0, "l": 1000, "t": 1703.9011}
{"r": 0.0, "l": 1000, "t": 1722.943517}
{"r": 0.0, "l": 1000, "t": 1742.184447}
{"r": 0.0, "l": 1000, "t": 1761.090504}
{"r": 0.0, "l": 1000, "t": 1779.879464}
{"r": 0.0, "l": 1000, "t": 1799.343463}
{"r": 0.0, "l": 1000, "t": 1818.681777}
{"r": 0.0, "l": 1000, "t": 1837.642176}
{"r": 0.0, "l": 1000, "t": 1857.126136}
{"r": 0.0, "l": 1000, "t": 1876.081044}
{"r": 0.0, "l": 1000, "t": 1895.651106}
{"r": 0.0, "l": 1000, "t": 1915.0909}
{"r": 0.0, "l": 1000, "t": 1933.980638}
{"r": 0.0, "l": 1000, "t": 1953.078367}
{"r": 0.0, "l": 1000, "t": 1971.837308}
{"r": 0.0, "l": 1000, "t": 1990.557202}
{"r": 0.0, "l": 1000, "t": 2010.018372}
{"r": 0.0, "l": 1000, "t": 2028.960157}
{"r": 0.0, "l": 1000, "t": 2048.991594}
