{"nupdates": 100, "total_timesteps": 2000, "fps": 72, "policy_entropy": 1.2634940147399902, "value_loss": 0.004592422861605883, "explained_variance": -2.739384412765503}
{"nupdates": 200, "total_timesteps": 4000, "fps": 61, "policy_entropy": 1.2963765859603882, "value_loss": 0.001474481076002121, "explained_variance": 0.03186136484146118}
{"nupdates": 300, "total_timesteps": 6000, "fps": 58, "policy_entropy": 1.3392436504364014, "value_loss": 0.0001256614486919716, "explained_variance": -15.559412002563477}
{"nupdates": 400, "total_timesteps": 8000, "fps": 57, "policy_entropy": 1.5838184356689453, "value_loss": 0.00022406764037441462, "explained_variance": -1.0987763404846191}
{"nupdates": 500, "total_timesteps": 10000, "fps": 56, "policy_entropy": 1.6005586385726929, "value_loss": 3.2295589335262775e-05, "explained_variance": -2.41947865486145}
{"nupdates": 600, "total_timesteps": 12000, "fps": 55, "policy_entropy": 1.5958236455917358, "value_loss": 0.00042399350786581635, "explained_variance": -0.5221805572509766}
{"nupdates": 700, "total_timesteps": 14000, "fps": 54, "policy_entropy": 1.600907325744629, "value_loss": 5.243561463430524e-05, "explained_variance": -18.447830200195312}
{"nupdates": 800, "total_timesteps": 16000, "fps": 54, "policy_entropy": 1.579756498336792, "value_loss": 0.00010024099901784211, "explained_variance": -0.273456335067749}
{"nupdates": 900, "total_timesteps": 18000, "fps": 54, "policy_entropy": 1.5930262804031372, "value_loss": 0.00018923815514426678, "explained_variance": -1.7730581760406494}
{"nupdates": 1000, "total_timesteps": 20000, "fps": 54, "policy_entropy": 1.595406174659729, "value_loss": 3.079215093748644e-05, "explained_variance": -0.675371527671814}
{"nupdates": 1100, "total_timesteps": 22000, "fps": 54, "policy_entropy": 1.5972119569778442, "value_loss": 5.861571480636485e-05, "explained_variance": -5.460582256317139}
{"nupdates": 1200, "total_timesteps": 24000, "fps": 53, "policy_entropy": 1.6079155206680298, "value_loss": 1.8392258425592445e-05, "explained_variance": -0.26110291481018066}
{"nupdates": 1300, "total_timesteps": 26000, "fps": 53, "policy_entropy": 1.5930665731430054, "value_loss": 3.510544411255978e-05, "explained_variance": -0.5836926698684692}
{"nupdates": 1400, "total_timesteps": 28000, "fps": 53, "policy_entropy": 1.5915520191192627, "value_loss": 5.616983798972797e-06, "explained_variance": 0.21572619676589966}
{"nupdates": 1500, "total_timesteps": 30000, "fps": 53, "policy_entropy": 1.5968143939971924, "value_loss": 2.7238969778409228e-05, "explained_variance": -0.9305671453475952}
{"nupdates": 1600, "total_timesteps": 32000, "fps": 53, "policy_entropy": 1.5948034524917603, "value_loss": 4.7503017412964255e-05, "explained_variance": -0.7967365980148315}
{"nupdates": 1700, "total_timesteps": 34000, "fps": 53, "policy_entropy": 1.5794562101364136, "value_loss": 9.292831236962229e-05, "explained_variance": -0.4315453767776489}
{"nupdates": 1800, "total_timesteps": 36000, "fps": 53, "policy_entropy": 1.6050834655761719, "value_loss": 3.1789779768587323e-06, "explained_variance": -0.7406840324401855}
{"nupdates": 1900, "total_timesteps": 38000, "fps": 53, "policy_entropy": 1.5976148843765259, "value_loss": 2.9070861273794435e-05, "explained_variance": -1.6738059520721436}
{"nupdates": 2000, "total_timesteps": 40000, "fps": 53, "policy_entropy": 1.5697475671768188, "value_loss": 3.4644683637452545e-06, "explained_variance": -1.2259578704833984}
{"nupdates": 2100, "total_timesteps": 42000, "fps": 53, "policy_entropy": 1.6075325012207031, "value_loss": 9.79362812358886e-06, "explained_variance": -2.5823404788970947}
{"nupdates": 2200, "total_timesteps": 44000, "fps": 53, "policy_entropy": 1.6037025451660156, "value_loss": 1.3403495358943474e-05, "explained_variance": 0.3901726007461548}
{"nupdates": 2300, "total_timesteps": 46000, "fps": 53, "policy_entropy": 1.5955772399902344, "value_loss": 3.1066906558407936e-06, "explained_variance": -3.2359609603881836}
{"nupdates": 2400, "total_timesteps": 48000, "fps": 53, "policy_entropy": 1.6061198711395264, "value_loss": 7.231847121147439e-07, "explained_variance": -4.937493801116943}
{"nupdates": 2500, "total_timesteps": 50000, "fps": 53, "policy_entropy": 1.6027237176895142, "value_loss": 2.1431704055885348e-07, "explained_variance": -2.3526721000671387}
{"nupdates": 2600, "total_timesteps": 52000, "fps": 53, "policy_entropy": 1.603643774986267, "value_loss": 1.2113062439311761e-05, "explained_variance": -6.145630359649658}
{"nupdates": 2700, "total_timesteps": 54000, "fps": 53, "policy_entropy": 1.6034009456634521, "value_loss": 3.705232757056365e-06, "explained_variance": -1.376784324645996}
{"nupdates": 2800, "total_timesteps": 56000, "fps": 53, "policy_entropy": 1.6082260608673096, "value_loss": 3.6206947697792202e-06, "explained_variance": -5.009232044219971}
{"nupdates": 2900, "total_timesteps": 58000, "fps": 53, "policy_entropy": 1.5931555032730103, "value_loss": 4.992108188162092e-06, "explained_variance": -6.213107585906982}
{"nupdates": 3000, "total_timesteps": 60000, "fps": 53, "policy_entropy": 1.6055881977081299, "value_loss": 2.9141765480744652e-06, "explained_variance": -1.5221247673034668}
{"nupdates": 3100, "total_timesteps": 62000, "fps": 53, "policy_entropy": 1.5972827672958374, "value_loss": 1.203404053740087e-06, "explained_variance": -1.1341323852539062}
{"nupdates": 3200, "total_timesteps": 64000, "fps": 53, "policy_entropy": 1.6000865697860718, "value_loss": 0.06363122165203094, "explained_variance": -0.27592241764068604}
{"nupdates": 3300, "total_timesteps": 66000, "fps": 53, "policy_entropy": 1.6066395044326782, "value_loss": 0.01990657113492489, "explained_variance": -0.11693775653839111}
{"nupdates": 3400, "total_timesteps": 68000, "fps": 53, "policy_entropy": 1.607283353805542, "value_loss": 0.03542697802186012, "explained_variance": 0.04070448875427246}
{"nupdates": 3500, "total_timesteps": 70000, "fps": 53, "policy_entropy": 1.6051952838897705, "value_loss": 0.018779300153255463, "explained_variance": 0.013848662376403809}
{"nupdates": 3600, "total_timesteps": 72000, "fps": 53, "policy_entropy": 1.6065795421600342, "value_loss": 0.00035929595469497144, "explained_variance": -0.01313471794128418}
{"nupdates": 3700, "total_timesteps": 74000, "fps": 53, "policy_entropy": 1.6057723760604858, "value_loss": 0.03056776151061058, "explained_variance": 0.012201189994812012}
{"nupdates": 3800, "total_timesteps": 76000, "fps": 52, "policy_entropy": 1.6088840961456299, "value_loss": 0.00036117160925641656, "explained_variance": -0.03021526336669922}
{"nupdates": 3900, "total_timesteps": 78000, "fps": 52, "policy_entropy": 1.6030385494232178, "value_loss": 0.00024466379545629025, "explained_variance": -0.06349480152130127}
{"nupdates": 4000, "total_timesteps": 80000, "fps": 52, "policy_entropy": 1.6035960912704468, "value_loss": 0.00023147424508351833, "explained_variance": -0.013793587684631348}
{"nupdates": 4100, "total_timesteps": 82000, "fps": 52, "policy_entropy": 1.6064956188201904, "value_loss": 0.0002316815807716921, "explained_variance": -0.30529510974884033}
{"nupdates": 4200, "total_timesteps": 84000, "fps": 52, "policy_entropy": 1.6064395904541016, "value_loss": 0.00016897122259251773, "explained_variance": 0.012272298336029053}
{"nupdates": 4300, "total_timesteps": 86000, "fps": 52, "policy_entropy": 1.6034469604492188, "value_loss": 0.00013681715063285083, "explained_variance": 0.2211160659790039}
{"nupdates": 4400, "total_timesteps": 88000, "fps": 52, "policy_entropy": 1.6035550832748413, "value_loss": 0.00011249656381551176, "explained_variance": -0.12929368019104004}
{"nupdates": 4500, "total_timesteps": 90000, "fps": 52, "policy_entropy": 1.6079285144805908, "value_loss": 8.94852782948874e-05, "explained_variance": -0.0006040334701538086}
{"nupdates": 4600, "total_timesteps": 92000, "fps": 52, "policy_entropy": 1.6063330173492432, "value_loss": 7.342847675317898e-05,