{"env_id": "GridWorldNoFrameskip-v4", "t_start": 1517495911.8778865, "gym_version": "0.9.3"}
{"t": 15.716782, "l": 1000, "r": -10}
{"t": 17.73758, "l": 1000, "r": -4}
{"t": 19.643565, "l": 1000, "r": -85}
{"t": 21.594162, "l": 1000, "r": -85}
{"t": 23.471322, "l": 1000, "r": -39}
{"t": 25.451808, "l": 1000, "r": 9}
{"t": 27.418719, "l": 1000, "r": -26}
{"t": 29.377403, "l": 1000, "r": -54}
{"t": 31.377963, "l": 1000, "r": -100}
{"t": 33.297898, "l": 1000, "r": -91}
{"t": 35.222536, "l": 1000, "r": -36}
{"t": 37.212469, "l": 1000, "r": -12}
{"t": 39.162872, "l": 1000, "r": -98}
{"t": 41.095305, "l": 1000, "r": -6}
{"t": 43.097697, "l": 1000, "r": -41}
{"t": 45.071214, "l": 1000, "r": 29}
{"t": 47.000858, "l": 1000, "r": 72}
{"t": 48.91962, "l": 1000, "r": -2}
{"t": 50.865079, "l": 1000, "r": -84}
{"t": 52.810007, "l": 1000, "r": -2}
{"t": 54.750274, "l": 1000, "r": -24}
{"t": 56.728776, "l": 1000, "r": 46}
{"t": 58.591555, "l": 1000, "r": -47}
{"t": 60.560423, "l": 1000, "r": -33}
{"t": 62.470246, "l": 1000, "r": 12}
{"t": 64.411665, "l": 1000, "r": -68}
{"t": 66.318627, "l": 1000, "r": -59}
{"t": 68.309788, "l": 1000, "r": -54}
{"t": 70.23192, "l": 1000, "r": 4}
{"t": 72.126823, "l": 1000, "r": -28}
{"t": 74.089591, "l": 1000, "r": -75}
{"t": 76.000538, "l": 1000, "r": -78}
{"t": 77.890542, "l": 1000, "r": -32}
{"t": 79.892128, "l": 1000, "r": 11}
{"t": 81.843843, "l": 1000, "r": -24}
{"t": 83.71383, "l": 1000, "r": -29}
{"t": 85.64588, "l": 1000, "r": -89}
{"t": 87.608953, "l": 1000, "r": 43}
{"t": 89.545687, "l": 1000, "r": -16}
{"t": 91.472594, "l": 1000, "r": 34}
{"t": 93.387511, "l": 1000, "r": 5}
{"t": 95.289646, "l": 1000, "r": -16}
{"t": 97.209615, "l": 1000, "r": -79}
{"t": 99.120562, "l": 1000, "r": 14}
{"t": 101.103996, "l": 1000, "r": -36}
{"t": 102.891876, "l": 1000, "r": -14}
{"t": 104.866702, "l": 1000, "r": -18}
{"t": 106.779759, "l": 1000, "r": -17}
{"t": 108.799344, "l": 1000, "r": 34}
{"t": 110.751407, "l": 1000, "r": -33}
{"t": 112.740194, "l": 1000, "r": -101}
{"t": 114.605619, "l": 1000, "r": -20}
{"t": 116.578012, "l": 1000, "r": -56}
{"t": 118.528823, "l": 1000, "r": -37}
{"t": 120.63092, "l": 1000, "r": -1}
{"t": 123.334251, "l": 1000, "r": -73}
{"t": 125.939696, "l": 1000, "r": -28}
{"t": 128.452926, "l": 1000, "r": 62}
{"t": 130.977988, "l": 1000, "r": 118}
{"t": 133.22886, "l": 1000, "r": -25}
{"t": 135.511055, "l": 1000, "r": 25}
{"t": 137.770398, "l": 1000, "r": 23}
{"t": 140.017752, "l": 1000, "r": -35}
{"t": 142.293641, "l": 1000, "r": -21}
{"t": 144.567916, "l": 1000, "r": -16}
{"t": 146.834877, "l": 1000, "r": -118}
{"t": 149.068124, "l": 1000, "r": 11}
{"t": 151.34449, "l": 1000, "r": -205}
{"t": 153.683035, "l": 1000, "r": -330}
{"t": 156.075412, "l": 1000, "r": -300}
{"t": 158.553374, "l": 1000, "r": -549}
{"t": 161.026827, "l": 1000, "r": -668}
{"t": 163.522748, "l": 1000, "r": -694}
{"t": 165.885276, "l": 1000, "r": -504}
{"t": 168.187804, "l": 1000, "r": -417}
{"t": 170.540352, "l": 1000, "r": -438}
{"t": 172.871247, "l": 1000, "r": -319}
{"t": 175.151789, "l": 1000, "r": -376}
{"t": 177.477665, "l": 1000, "r": -572}
{"t": 179.763846, "l": 1000, "r": -447}
{"t": 182.067433, "l": 1000, "r": -513}
{"t": 184.352753, "l": 1000, "r": -379}
{"t": 186.651697, "l": 1000, "r": -571}
{"t": 188.968775, "l": 1000, "r": -599}
{"t": 191.250684, "l": 1000, "r": -549}
{"t": 193.557729, "l": 1000, "r": -444}
{"t": 195.862548, "l": 1000, "r": -550}
{"t": 198.173285, "l": 1000, "r": -651}
{"t": 200.432966, "l": 1000, "r": -587}
{"t": 202.706894, "l": 1000, "r": -483}
{"t": 205.012613, "l": 1000, "r": -562}
{"t": 207.294472, "l": 1000, "r": -365}
{"t": 209.638168, "l": 1000, "r": -596}
{"t": 211.908214, "l": 1000, "r": -519}
{"t": 214.187094, "l": 1000, "r": -371}
{"t": 216.52367, "l": 1000, "r": -363}
{"t": 218.782616, "l": 1000, "r": -684}
{"t": 221.135204, "l": 1000, "r": -580}
{"t": 223.411607, "l": 1000, "r": -587}
{"t": 225.723313, "l": 1000, "r": -514}
{"t": 228.031418, "l": 1000, "r": -293}
{"t": 230.292698, "l": 1000, "r": -402}
{"t": 232.588934, "l": 1000, "r": -357}
{"t": 234.883512, "l": 1000, "r": -231}
{"t": 237.223703, "l": 1000, "r": -260}
{"t": 239.501193, "l": 1000, "r": -375}
{"t": 241.793899, "l": 1000, "r": -385}
{"t": 244.136357, "l": 1000, "r": -290}
{"t": 246.454947, "l": 1000, "r": -250}
{"t": 248.79315, "l": 1000, "r": -408}
{"t": 251.111029, "l": 1000, "r": -349}
{"t": 253.385792, "l": 1000, "r": -274}
{"t": 255.679005, "l": 1000, "r": -537}
{"t": 257.994827, "l": 1000, "r": -380}
{"t": 260.331976, "l": 1000, "r": -499}
{"t": 262.589339, "l": 1000, "r": -414}
{"t": 264.923131, "l": 1000, "r": -430}
{"t": 267.241376, "l": 1000, "r": -388}
{"t": 269.519196, "l": 1000, "r": -345}
{"t": 271.819026, "l": 1000, "r": -511}
{"t": 274.070406, "l": 1000, "r": -455}
{"t": 276.411758, "l": 1000, "r": -476}
{"t": 278.639974, "l": 1000, "r": -385}
{"t": 280.934663, "l": 1000, "r": -281}
{"t": 283.217992, "l": 1000, "r": -183}
{"t": 285.51579, "l": 1000, "r": -513}
{"t": 287.816264, "l": 1000, "r": -355}
{"t": 290.186892, "l": 1000, "r": -372}
{"t": 292.567459, "l": 1000, "r": -404}
{"t": 294.859035, "l": 1000, "r": -258}
{"t": 297.117252, "l": 1000, "r": -232}
{"t": 299.377056, "l": 1000, "r": -394}
{"t": 301.669524, "l": 1000, "r": -521}
{"t": 303.955823, "l": 1000, "r": -420}
{"t": 306.294145, "l": 1000, "r": -349}
{"t": 308.633845, "l": 1000, "r": -496}
{"t": 310.92011, "l": 1000, "r": -550}
{"t": 313.251193, "l": 1000, "r": -404}
{"t": 315.532177, "l": 1000, "r": -370}
{"t": 317.824931, "l": 1000, "r": -284}
{"t": 320.158356, "l": 1000, "r": -257}
{"t": 322.518686, "l": 1000, "r": -304}
{"t": 324.867149, "l": 1000, "r": -278}
{"t": 327.201286, "l": 1000, "r": -200}
{"t": 329.541303, "l": 1000, "r": -314}
{"t": 331.83444, "l": 1000, "r": -384}
{"t": 334.137666, "l": 1000, "r": -388}
{"t": 336.431852, "l": 1000, "r": -370}
{"t": 338.750066, "l": 1000, "r": -280}
{"t": 341.028912, "l": 1000, "r": -374}
{"t": 343.365728, "l": 1000, "r": -222}
{"t": 345.687916, "l": 1000, "r": -260}
{"t": 348.029397, "l": 1000, "r": -336}
{"t": 350.398912, "l": 1000, "r": -379}
{"t": 352.69956, "l": 1000, "r": -340}
{"t": 355.163227, "l": 1000, "r": -325}
{"t": 357.723107, "l": 1000, "r": -362}
{"t": 360.340159, "l": 1000, "r": -294}
{"t": 362.860158, "l": 1000, "r": -194}
{"t": 365.234978, "l": 1000, "r": -512}
{"t": 367.620215, "l": 1000, "r": -329}
{"t": 369.992464, "l": 1000, "r": -236}
{"t": 372.296799, "l": 1000, "r": -158}
{"t": 374.652233, "l": 1000, "r": -365}
{"t": 376.977829, "l": 1000, "r": -336}
{"t": 379.37196, "l": 1000, "r": -454}
{"t": 381.702941, "l": 1000, "r": -326}
{"t": 384.000238, "l": 1000, "r": -204}
{"t": 386.361796, "l": 1000, "r": -213}
{"t": 388.696339, "l": 1000, "r": -268}
{"t": 391.045016, "l": 1000, "r": -350}
{"t": 393.368182, "l": 1000, "r": -344}
{"t": 395.723264, "l": 1000, "r": -191}
{"t": 398.043959, "l": 1000, "r": -74}
{"t": 400.403599, "l": 1000, "r": -221}
{"t": 402.717209, "l": 1000, "r": -248}
{"t": 405.058169, "l": 1000, "r": -277}
{"t": 407.38106, "l": 1000, "r": -206}
{"t": 409.718704, "l": 1000, "r": -44}
{"t": 412.03805, "l": 1000, "r": -177}
{"t": 414.414526, "l": 1000, "r": -111}
{"t": 416.813728, "l": 1000, "r": -402}
{"t": 419.130526, "l": 1000, "r": -187}
{"t": 421.491303, "l": 1000, "r": -274}
{"t": 423.756633, "l": 1000, "r": -313}
{"t": 426.131332, "l": 1000, "r": -216}
{"t": 428.489038, "l": 1000, "r": -165}
{"t": 430.879764, "l": 1000, "r": -224}
{"t": 433.242345, "l": 1000, "r": -278}
{"t": 435.545952, "l": 1000, "r": -167}
{"t": 437.911909, "l": 1000, "r": -133}
