{"env_id": "GridWorldNoFrameskip-v4", "t_start": 1517495911.8792448, "gym_version": "0.9.3"}
{"t": 15.692847, "l": 1000, "r": -68}
{"t": 17.688852, "l": 1000, "r": 83}
{"t": 19.6988, "l": 1000, "r": 51}
{"t": 21.639098, "l": 1000, "r": -18}
{"t": 23.513615, "l": 1000, "r": -22}
{"t": 25.437175, "l": 1000, "r": -44}
{"t": 27.412145, "l": 1000, "r": -17}
{"t": 29.369556, "l": 1000, "r": -43}
{"t": 31.313934, "l": 1000, "r": 34}
{"t": 33.233439, "l": 1000, "r": -2}
{"t": 35.200515, "l": 1000, "r": -48}
{"t": 37.115796, "l": 1000, "r": -142}
{"t": 39.026966, "l": 1000, "r": -76}
{"t": 40.991858, "l": 1000, "r": -11}
{"t": 43.029524, "l": 1000, "r": -56}
{"t": 44.994722, "l": 1000, "r": -16}
{"t": 46.943303, "l": 1000, "r": 73}
{"t": 48.842856, "l": 1000, "r": -39}
{"t": 50.789817, "l": 1000, "r": 25}
{"t": 52.798596, "l": 1000, "r": -22}
{"t": 54.742205, "l": 1000, "r": 47}
{"t": 56.65898, "l": 1000, "r": 23}
{"t": 58.569184, "l": 1000, "r": -26}
{"t": 60.4777, "l": 1000, "r": -9}
{"t": 62.390694, "l": 1000, "r": -15}
{"t": 64.32916, "l": 1000, "r": -126}
{"t": 66.24287, "l": 1000, "r": -19}
{"t": 68.230191, "l": 1000, "r": 24}
{"t": 70.169712, "l": 1000, "r": 3}
{"t": 72.143394, "l": 1000, "r": -9}
{"t": 74.088693, "l": 1000, "r": -64}
{"t": 76.007134, "l": 1000, "r": -12}
{"t": 77.932488, "l": 1000, "r": -4}
{"t": 79.822898, "l": 1000, "r": -124}
{"t": 81.782959, "l": 1000, "r": -56}
{"t": 83.704916, "l": 1000, "r": -108}
{"t": 85.56846, "l": 1000, "r": -110}
{"t": 87.540125, "l": 1000, "r": -81}
{"t": 89.526826, "l": 1000, "r": -56}
{"t": 91.471035, "l": 1000, "r": 23}
{"t": 93.374183, "l": 1000, "r": 25}
{"t": 95.278126, "l": 1000, "r": -27}
{"t": 97.208304, "l": 1000, "r": 31}
{"t": 99.11229, "l": 1000, "r": -3}
{"t": 101.048613, "l": 1000, "r": -15}
{"t": 102.901402, "l": 1000, "r": -6}
{"t": 104.857136, "l": 1000, "r": -35}
{"t": 106.765611, "l": 1000, "r": 0}
{"t": 108.690439, "l": 1000, "r": 36}
{"t": 110.646155, "l": 1000, "r": 37}
{"t": 112.604538, "l": 1000, "r": -42}
{"t": 114.499218, "l": 1000, "r": 2}
{"t": 116.46089, "l": 1000, "r": 23}
{"t": 118.425954, "l": 1000, "r": -44}
{"t": 120.471876, "l": 1000, "r": -68}
{"t": 123.174736, "l": 1000, "r": -19}
{"t": 125.802618, "l": 1000, "r": -121}
{"t": 128.282679, "l": 1000, "r": -58}
{"t": 130.817211, "l": 1000, "r": 4}
{"t": 133.057181, "l": 1000, "r": -4}
{"t": 135.299547, "l": 1000, "r": -135}
{"t": 137.554283, "l": 1000, "r": -28}
{"t": 139.813044, "l": 1000, "r": 41}
{"t": 142.097519, "l": 1000, "r": 40}
{"t": 144.34213, "l": 1000, "r": -5}
{"t": 146.614822, "l": 1000, "r": -184}
{"t": 148.903402, "l": 1000, "r": -145}
{"t": 151.186008, "l": 1000, "r": -100}
{"t": 153.516626, "l": 1000, "r": -249}
{"t": 155.899614, "l": 1000, "r": -339}
{"t": 158.379484, "l": 1000, "r": -510}
{"t": 160.867837, "l": 1000, "r": -735}
{"t": 163.35495, "l": 1000, "r": -721}
{"t": 165.697015, "l": 1000, "r": -541}
{"t": 168.03735, "l": 1000, "r": -483}
{"t": 170.388902, "l": 1000, "r": -556}
{"t": 172.714561, "l": 1000, "r": -414}
{"t": 175.025487, "l": 1000, "r": -390}
{"t": 177.351451, "l": 1000, "r": -521}
{"t": 179.599474, "l": 1000, "r": -482}
{"t": 181.891825, "l": 1000, "r": -572}
{"t": 184.184107, "l": 1000, "r": -472}
{"t": 186.527237, "l": 1000, "r": -304}
{"t": 188.801288, "l": 1000, "r": -530}
{"t": 191.088492, "l": 1000, "r": -498}
{"t": 193.428662, "l": 1000, "r": -475}
{"t": 195.733734, "l": 1000, "r": -517}
{"t": 198.048498, "l": 1000, "r": -611}
{"t": 200.341922, "l": 1000, "r": -646}
{"t": 202.577891, "l": 1000, "r": -556}
{"t": 204.871631, "l": 1000, "r": -543}
{"t": 207.167163, "l": 1000, "r": -237}
{"t": 209.458289, "l": 1000, "r": -642}
{"t": 211.786128, "l": 1000, "r": -501}
{"t": 214.055872, "l": 1000, "r": -482}
{"t": 216.349785, "l": 1000, "r": -345}
{"t": 218.676243, "l": 1000, "r": -683}
{"t": 221.002499, "l": 1000, "r": -523}
{"t": 223.25959, "l": 1000, "r": -616}
{"t": 225.583416, "l": 1000, "r": -535}
{"t": 227.859085, "l": 1000, "r": -501}
{"t": 230.165678, "l": 1000, "r": -359}
{"t": 232.495541, "l": 1000, "r": -368}
{"t": 234.77615, "l": 1000, "r": -336}
{"t": 237.069588, "l": 1000, "r": -221}
{"t": 239.325744, "l": 1000, "r": -286}
{"t": 241.658164, "l": 1000, "r": -314}
{"t": 243.989693, "l": 1000, "r": -360}
{"t": 246.338524, "l": 1000, "r": -274}
{"t": 248.631214, "l": 1000, "r": -331}
{"t": 250.941012, "l": 1000, "r": -459}
{"t": 253.23751, "l": 1000, "r": -301}
{"t": 255.584728, "l": 1000, "r": -575}
{"t": 257.899032, "l": 1000, "r": -407}
{"t": 260.236856, "l": 1000, "r": -429}
{"t": 262.45287, "l": 1000, "r": -385}
{"t": 264.763563, "l": 1000, "r": -370}
{"t": 267.086782, "l": 1000, "r": -440}
{"t": 269.384823, "l": 1000, "r": -398}
{"t": 271.725687, "l": 1000, "r": -510}
{"t": 274.053791, "l": 1000, "r": -438}
{"t": 276.305332, "l": 1000, "r": -406}
{"t": 278.645084, "l": 1000, "r": -383}
{"t": 280.940666, "l": 1000, "r": -327}
{"t": 283.236015, "l": 1000, "r": -282}
{"t": 285.612344, "l": 1000, "r": -607}
{"t": 287.981171, "l": 1000, "r": -389}
{"t": 290.308262, "l": 1000, "r": -291}
{"t": 292.66585, "l": 1000, "r": -485}
{"t": 294.955935, "l": 1000, "r": -373}
{"t": 297.226236, "l": 1000, "r": -216}
{"t": 299.5176, "l": 1000, "r": -339}
{"t": 301.865766, "l": 1000, "r": -425}
{"t": 304.174053, "l": 1000, "r": -467}
{"t": 306.506081, "l": 1000, "r": -307}
{"t": 308.805889, "l": 1000, "r": -445}
{"t": 311.087982, "l": 1000, "r": -537}
{"t": 313.396611, "l": 1000, "r": -452}
{"t": 315.704918, "l": 1000, "r": -305}
{"t": 318.041478, "l": 1000, "r": -237}
{"t": 320.337203, "l": 1000, "r": -200}
{"t": 322.666651, "l": 1000, "r": -302}
{"t": 325.006732, "l": 1000, "r": -269}
{"t": 327.345387, "l": 1000, "r": -281}
{"t": 329.658937, "l": 1000, "r": -400}
{"t": 332.016487, "l": 1000, "r": -425}
{"t": 334.325566, "l": 1000, "r": -400}
{"t": 336.58435, "l": 1000, "r": -274}
{"t": 338.918154, "l": 1000, "r": -317}
{"t": 341.247701, "l": 1000, "r": -256}
{"t": 343.59026, "l": 1000, "r": -211}
{"t": 345.87346, "l": 1000, "r": -318}
{"t": 348.238633, "l": 1000, "r": -449}
{"t": 350.613615, "l": 1000, "r": -350}
{"t": 352.935908, "l": 1000, "r": -323}
{"t": 355.438156, "l": 1000, "r": -312}
{"t": 357.974533, "l": 1000, "r": -328}
{"t": 360.559304, "l": 1000, "r": -254}
{"t": 363.084741, "l": 1000, "r": -148}
{"t": 365.470965, "l": 1000, "r": -484}
{"t": 367.813177, "l": 1000, "r": -396}
{"t": 370.184577, "l": 1000, "r": -187}
{"t": 372.488785, "l": 1000, "r": -184}
{"t": 374.831911, "l": 1000, "r": -307}
{"t": 377.195317, "l": 1000, "r": -317}
{"t": 379.535425, "l": 1000, "r": -324}
{"t": 381.885751, "l": 1000, "r": -384}
{"t": 384.216341, "l": 1000, "r": -169}
{"t": 386.581659, "l": 1000, "r": -201}
{"t": 388.891447, "l": 1000, "r": -292}
{"t": 391.218468, "l": 1000, "r": -271}
{"t": 393.578225, "l": 1000, "r": -369}
{"t": 395.900666, "l": 1000, "r": -222}
{"t": 398.221711, "l": 1000, "r": -146}
{"t": 400.534759, "l": 1000, "r": -144}
{"t": 402.858124, "l": 1000, "r": -240}
{"t": 405.202877, "l": 1000, "r": -190}
{"t": 407.559278, "l": 1000, "r": -169}
{"t": 409.87198, "l": 1000, "r": -57}
{"t": 412.209148, "l": 1000, "r": -272}
{"t": 414.563311, "l": 1000, "r": -78}
{"t": 416.914666, "l": 1000, "r": -433}
{"t": 419.288046, "l": 1000, "r": -157}
{"t": 421.600033, "l": 1000, "r": -164}
{"t": 423.92528, "l": 1000, "r": -287}
{"t": 426.309647, "l": 1000, "r": -206}
{"t": 428.634359, "l": 1000, "r": -136}
{"t": 430.975723, "l": 1000, "r": -135}
{"t": 433.317178, "l": 1000, "r": -306}
{"t": 435.635404, "l": 1000, "r": -105}
{"t": 437.925186, "l": 1000, "r": -99}
