{"policy_entropy": 1.6090927124023438, "fps": 8.42385297067511, "explained_variance": 0.010972976684570312, "total_timesteps": 28000, "nupdates": 2800, "value_loss": 0.4307326376438141}
{"policy_entropy": 1.6091926097869873, "fps": 194.24832296977397, "explained_variance": 0.003435850143432617, "total_timesteps": 29000, "nupdates": 2900, "value_loss": 0.4343930780887604}
{"policy_entropy": 1.60892653465271, "fps": 217.3630876339369, "explained_variance": 0.011055529117584229, "total_timesteps": 30000, "nupdates": 3000, "value_loss": 0.5894871354103088}
{"policy_entropy": 1.6078838109970093, "fps": 217.87832746193627, "explained_variance": -0.011972665786743164, "total_timesteps": 31000, "nupdates": 3100, "value_loss": 0.9493875503540039}
{"policy_entropy": 1.6047903299331665, "fps": 218.0064768283552, "explained_variance": -0.009669780731201172, "total_timesteps": 32000, "nupdates": 3200, "value_loss": 1.6648403406143188}
{"policy_entropy": 1.5926856994628906, "fps": 217.62401581431843, "explained_variance": -0.053132057189941406, "total_timesteps": 33000, "nupdates": 3300, "value_loss": 0.9649143218994141}
{"policy_entropy": 1.5261762142181396, "fps": 214.91123794657716, "explained_variance": -0.06781589984893799, "total_timesteps": 34000, "nupdates": 3400, "value_loss": 2.307310104370117}
{"policy_entropy": 1.1158479452133179, "fps": 200.09315058847406, "explained_variance": -0.10016882419586182, "total_timesteps": 35000, "nupdates": 3500, "value_loss": 1.544334888458252}
{"policy_entropy": 0.7559329867362976, "fps": 199.4965763893556, "explained_variance": -2.7675275802612305, "total_timesteps": 36000, "nupdates": 3600, "value_loss": 0.6876621246337891}
{"policy_entropy": 0.8204470872879028, "fps": 208.85490575769347, "explained_variance": -3.9832816123962402, "total_timesteps": 37000, "nupdates": 3700, "value_loss": 1.683066964149475}
{"policy_entropy": 0.7846708297729492, "fps": 213.12530071787126, "explained_variance": -0.38058316707611084, "total_timesteps": 38000, "nupdates": 3800, "value_loss": 0.5327361822128296}
{"policy_entropy": 1.0724701881408691, "fps": 215.09431078834146, "explained_variance": -0.13048481941223145, "total_timesteps": 39000, "nupdates": 3900, "value_loss": 0.7814465761184692}
{"policy_entropy": 0.6394039392471313, "fps": 215.24168082434156, "explained_variance": -0.4858739376068115, "total_timesteps": 40000, "nupdates": 4000, "value_loss": 2.1726980209350586}
{"policy_entropy": 0.8408856391906738, "fps": 213.96150135198155, "explained_variance": -1.062326192855835, "total_timesteps": 41000, "nupdates": 4100, "value_loss": 0.7440294623374939}
{"policy_entropy": 0.1346055269241333, "fps": 213.33419054163883, "explained_variance": -2.5887038707733154, "total_timesteps": 42000, "nupdates": 4200, "value_loss": 1.2267494201660156}
{"policy_entropy": 0.43504494428634644, "fps": 213.9809530961626, "explained_variance": -0.1803278923034668, "total_timesteps": 43000, "nupdates": 4300, "value_loss": 0.8202491998672485}
{"policy_entropy": 0.5282415747642517, "fps": 216.55425403525075, "explained_variance": -0.7264593839645386, "total_timesteps": 44000, "nupdates": 4400, "value_loss": 0.6468492150306702}
{"policy_entropy": 1.0874000787734985, "fps": 215.4216328865105, "explained_variance": -5.328475475311279, "total_timesteps": 45000, "nupdates": 4500, "value_loss": 3.3172144889831543}
{"policy_entropy": 0.2584277093410492, "fps": 214.73353341252744, "explained_variance": 0.0847092866897583, "total_timesteps": 46000, "nupdates": 4600, "value_loss": 1.1249390840530396}
{"policy_entropy": 0.4050770699977875, "fps": 214.21681644583776, "explained_variance": 0.0, "total_timesteps": 47000, "nupdates": 4700, "value_loss": 0.5448853373527527}
{"policy_entropy": 0.9130483865737915, "fps": 214.04425577526757, "explained_variance": -3.810323715209961, "total_timesteps": 48000, "nupdates": 4800, "value_loss": 0.12734131515026093}
{"policy_entropy": 0.854667067527771, "fps": 214.9253339761154, "explained_variance": -5.671967029571533, "total_timesteps": 49000, "nupdates": 4900, "value_loss": 0.9984814524650574}
{"policy_entropy": 0.4751627445220947, "fps": 214.98779722574102, "explained_variance": 0.0, "total_timesteps": 50000, "nupdates": 5000, "value_loss": 0.32600510120391846}
{"policy_entropy": 0.7133713960647583, "fps": 215.85754516944644, "explained_variance": -6.337669849395752, "total_timesteps": 51000, "nupdates": 5100, "value_loss": 0.6750631928443909}
{"policy_entropy": 0.7210900187492371, "fps": 214.17036114399943, "explained_variance": -1.552863359451294, "total_timesteps": 52000, "nupdates": 5200, "value_loss": 0.12687459588050842}
{"policy_entropy": 0.48378753662109375, "fps": 213.57337090947402, "explained_variance": -9.950432777404785, "total_timesteps": 53000, "nupdates": 5300, "value_loss": 0.42113667726516724}
{"policy_entropy": 0.7114394903182983, "fps": 211.6875244181324, "explained_variance": -1.5767276287078857, "total_timesteps": 54000, "nupdates": 5400, "value_loss": 0.21197864413261414}
{"policy_entropy": 0.710620641708374, "fps": 213.88169018336347, "explained_variance": -0.3946349620819092, "total_timesteps": 55000, "nupdates": 5500, "value_loss": 0.2890082895755768}
{"policy_entropy": 1.075490117073059, "fps": 215.46573261798142, "explained_variance": -0.3331564664840698, "total_timesteps": 56000, "nupdates": 5600, "value_loss": 0.47023147344589233}
{"policy_entropy": 0.8756105303764343, "fps": 214.89031756171167, "explained_variance": -1.135324239730835, "total_timesteps": 57000, "nupdates": 5700, "value_loss": 0.33200451731681824}
{"policy_entropy": 0.9359393119812012, "fps": 215.0640361363434, "explained_variance": -28.092147827148438, "total_timesteps": 58000, "nupdates": 5800, "value_loss": 0.11182601749897003}
{"policy_entropy": 0.42064228653907776, "fps": 212.9336927661605, "explained_variance": -1.695993423461914, "total_timesteps": 59000, "nupdates": 5900, "value_loss": 0.6487498879432678}
{"policy_entropy": 0.9608489871025085, "fps": 215.40285863144874, "explained_variance": -0.3050941228866577, "total_timesteps": 60000, "nupdates": 6000, "value_loss": 0.5395833849906921}
{"policy_entropy": 0.7173250317573547, "fps": 213.24258419281304, "explained_variance": 0.22517573833465576, "total_timesteps": 61000, "nupdates": 6100, "value_loss": 0.3183920383453369}
{"policy_entropy": 0.8540877103805542, "fps": 213.39860937687138, "explained_variance": -0.5274800062179565, "total_timesteps": 62000, "nupdates": 6200, "value_loss": 0.21119514107704163}
{"policy_entropy": 0.9290739297866821, "fps": 211.40025025475563, "explained_variance": -0.06614220142364502, "total_timesteps": 63000, "nupdates": 6300, "value_loss": 0.20798799395561218}
{"policy_entropy": 0.9121459722518921, "fps": 209.78427147138194, "explained_variance": -0.9297440052032471, "total_timesteps": 64000, "nupdates": 6400, "value_loss": 0.3410833477973938}
{"policy_entropy": 0.9294463396072388, "fps": 215.76056284630621, "explained_variance": -0.44851553440093994, "total_timesteps": 65000, "nupdates": 6500, "value_loss": 0.23286588490009308}
{"policy_entropy": 0.9069112539291382, "fps": 214.82631547380547, "explained_variance": -0.4737672805786133, "total_timesteps": 66000, "nupdates": 6600, "value_loss": 0.00735227158293128}
{"policy_entropy": 0.6900454163551331, "fps": 211.22274956936394, "explained_variance": -1.168060302734375, "total_timesteps": 67000, "nupdates": 6700, "value_loss": 0.16745619475841522}
{"policy_entropy": 0.5896695852279663, "fps": 214.32671796167887, "explained_variance": -2.4795053005218506, "total_timesteps": 68000, "nupdates": 6800, "value_loss": 0.21938323974609375}
{"policy_entropy": 0.5147770643234253, "fps": 214.66370280945964, "explained_variance": -0.8011895418167114, "total_timesteps": 69000, "nupdates": 6900, "value_loss": 0.2929378151893616}
{"policy_entropy": 0.20043881237506866, "fps": 212.82570082396748, "explained_variance": -660.3991088867188, "total_timesteps": 70000, "nupdates": 7000,