{"t_start": 1514545128.1718497, "gym_version": "0.9.2", "env_id": "GridWorldNoFrameskip-v4"}
{"r": 0.0, "l": 1000, "t": 15.905638}
{"r": 0.0, "l": 1000, "t": 34.576628}
{"r": 0.0, "l": 1000, "t": 55.31292}
{"r": 0.0, "l": 1000, "t": 73.800554}
{"r": 0.0, "l": 1000, "t": 92.209466}
{"r": 0.0, "l": 1000, "t": 108.102587}
{"r": 0.0, "l": 1000, "t": 125.422589}
{"r": 0.0, "l": 1000, "t": 141.052822}
{"r": 0.0, "l": 1000, "t": 158.676387}
{"r": 0.0, "l": 1000, "t": 175.956241}
{"r": 0.0, "l": 1000, "t": 190.77543}
{"r": 0.0, "l": 1000, "t": 208.487301}
{"r": 0.0, "l": 1000, "t": 226.190257}
{"r": 0.0, "l": 1000, "t": 243.766071}
{"r": 0.0, "l": 1000, "t": 259.62171}
{"r": 0.0, "l": 1000, "t": 277.207445}
{"r": 0.0, "l": 1000, "t": 292.959786}
{"r": 0.0, "l": 1000, "t": 310.229736}
{"r": 0.0, "l": 1000, "t": 327.919873}
{"r": 0.0, "l": 1000, "t": 343.905982}
{"r": 0.0, "l": 1000, "t": 361.830869}
{"r": 0.0, "l": 1000, "t": 378.110386}
{"r": 0.0, "l": 1000, "t": 396.672641}
{"r": 0.0, "l": 1000, "t": 413.020212}
{"r": 0.0, "l": 1000, "t": 431.695722}
{"r": 0.0, "l": 1000, "t": 450.308459}
{"r": 0.0, "l": 1000, "t": 467.042571}
{"r": 0.0, "l": 1000, "t": 485.096925}
{"r": 0.0, "l": 1000, "t": 503.622506}
{"r": 0.0, "l": 1000, "t": 520.091161}
{"r": 0.0, "l": 1000, "t": 538.534478}
{"r": 0.0, "l": 1000, "t": 554.648697}
{"r": 0.0, "l": 1000, "t": 570.34218}
{"r": 0.0, "l": 1000, "t": 588.680119}
{"r": 0.0, "l": 1000, "t": 604.665135}
{"r": 0.0, "l": 1000, "t": 622.765126}
{"r": 0.0, "l": 1000, "t": 641.250243}
{"r": 0.0, "l": 1000, "t": 659.351884}
{"r": 0.0, "l": 1000, "t": 678.083763}
{"r": 0.0, "l": 1000, "t": 695.725657}
{"r": 0.0, "l": 1000, "t": 711.276375}
{"r": 0.0, "l": 1000, "t": 729.35772}
{"r": 0.0, "l": 1000, "t": 745.267715}
{"r": 0.0, "l": 1000, "t": 762.487483}
{"r": 0.0, "l": 1000, "t": 778.351881}
{"r": 0.0, "l": 1000, "t": 796.742388}
{"r": 0.0, "l": 1000, "t": 814.955854}
{"r": 0.0, "l": 1000, "t": 833.441437}
{"r": 0.0, "l": 1000, "t": 851.635916}
{"r": 0.0, "l": 1000, "t": 869.3188}
{"r": 0.0, "l": 1000, "t": 888.002953}
{"r": 0.0, "l": 1000, "t": 906.320449}
{"r": 0.0, "l": 1000, "t": 923.971596}
{"r": 0.0, "l": 1000, "t": 939.806051}
{"r": 0.0, "l": 1000, "t": 957.312962}
{"r": 0.0, "l": 1000, "t": 973.376952}
{"r": 0.0, "l": 1000, "t": 991.638105}
{"r": 0.0, "l": 1000, "t": 1007.742223}
{"r": 0.0, "l": 1000, "t": 1023.745472}
{"r": 0.0, "l": 1000, "t": 1041.540501}
{"r": 0.0, "l": 1000, "t": 1059.877313}
{"r": 0.0, "l": 1000, "t": 1076.156332}
{"r": 0.0, "l": 1000, "t": 1092.3407}
{"r": 0.0, "l": 1000, "t": 1109.597128}
{"r": 0.0, "l": 1000, "t": 1126.774943}
{"r": 0.0, "l": 1000, "t": 1142.796441}
{"r": 0.0, "l": 1000, "t": 1157.894639}
{"r": 0.0, "l": 1000, "t": 1174.438929}
{"r": 0.0, "l": 1000, "t": 1191.42809}
{"r": 0.0, "l": 1000, "t": 1206.726234}
{"r": 0.0, "l": 1000, "t": 1224.269393}
{"r": 0.0, "l": 1000, "t": 1242.488534}
{"r": 0.0, "l": 1000, "t": 1260.420487}
{"r": 0.0, "l": 1000, "t": 1276.728136}
{"r": 0.0, "l": 1000, "t": 1294.802035}
{"r": 0.0, "l": 1000, "t": 1313.036223}
{"r": 0.0, "l": 1000, "t": 1329.119192}
{"r": 0.0, "l": 1000, "t": 1347.129671}
{"r": 0.0, "l": 1000, "t": 1364.302422}
{"r": 0.0, "l": 1000, "t": 1378.977736}
{"r": 0.0, "l": 1000, "t": 1396.480316}
{"r": 0.0, "l": 1000, "t": 1411.846671}
{"r": 0.0, "l": 1000, "t": 1429.830531}
{"r": 0.0, "l": 1000, "t": 1445.810595}
{"r": 0.0, "l": 1000, "t": 1462.078289}
{"r": 0.0, "l": 1000, "t": 1479.589623}
{"r": 0.0, "l": 1000, "t": 1497.206538}
{"r": 0.0, "l": 1000, "t": 1514.827091}
{"r": 0.0, "l": 1000, "t": 1533.325202}
{"r": 0.0, "l": 1000, "t": 1549.32806}
{"r": 0.0, "l": 1000, "t": 1567.179466}
{"r": 0.0, "l": 1000, "t": 1585.293737}
{"r": 0.0, "l": 1000, "t": 1600.889472}
{"r": 0.0, "l": 1000, "t": 1618.687815}
{"r": 0.0, "l": 1000, "t": 1635.211557}
{"r": 0.0, "l": 1000, "t": 1652.632561}
{"r": 0.0, "l": 1000, "t": 1668.359612}
{"r": 0.0, "l": 1000, "t": 1686.202572}
{"r": 0.0, "l": 1000, "t": 1701.87733}
{"r": 0.0, "l": 1000, "t": 1720.471165}
{"r": 0.0, "l": 1000, "t": 1736.77966}
{"r": 0.0, "l": 1000, "t": 1754.125907}
{"r": 0.0, "l": 1000, "t": 1771.00893}
{"r": 0.0, "l": 1000, "t": 1788.1059}
{"r": 0.0, "l": 1000, "t": 1804.807861}
{"r": 0.0, "l": 1000, "t": 1821.331399}
{"r": 0.0, "l": 1000, "t": 1837.469655}
{"r": 0.0, "l": 1000, "t": 1853.189889}
{"r": 0.0, "l": 1000, "t": 1871.121817}
{"r": 0.0, "l": 1000, "t": 1921.646922}
{"r": 0.0, "l": 1000, "t": 1974.012415}
{"r": 0.0, "l": 1000, "t": 2030.762903}
{"r": 0.0, "l": 1000, "t": 2090.414912}
{"r": 0.0, "l": 1000, "t": 2145.807646}
{"r": 0.0, "l": 1000, "t": 2203.65169}
{"r": 0.0, "l": 1000, "t": 2265.655784}
{"r": 0.0, "l": 1000, "t": 2326.521158}
{"r": 0.0, "l": 1000, "t": 2384.142437}
{"r": 0.0, "l": 1000, "t": 2445.690161}
{"r": 0.0, "l": 1000, "t": 2506.495364}
{"r": 0.0, "l": 1000, "t": 2564.930789}
{"r": 0.0, "l": 1000, "t": 2622.83252}
{"r": 0.0, "l": 1000, "t": 2684.244818}
{"r": 0.0, "l": 1000, "t": 2747.135351}
{"r": 0.0, "l": 1000, "t": 2813.319771}
{"r": 0.0, "l": 1000, "t": 2870.135573}
{"r": 0.0, "l": 1000, "t": 2919.540658}
{"r": 0.0, "l": 1000, "t": 2984.472821}
{"r": 0.0, "l": 1000, "t": 3045.626878}
{"r": 0.0, "l": 1000, "t": 3107.807235}
{"r": 0.0, "l": 1000, "t": 3171.292017}
{"r": 0.0, "l": 1000, "t": 3230.389944}
{"r": 0.0, "l": 1000, "t": 3289.936092}
{"r": 0.0, "l": 1000, "t": 3354.897995}
{"r": 0.0, "l": 1000, "t": 3410.550535}
{"r": 0.0, "l": 1000, "t": 3477.779146}
{"r": 0.0, "l": 1000, "t": 3540.373047}
{"r": 0.0, "l": 1000, "t": 3606.194938}
{"r": 0.0, "l": 1000, "t": 3670.375069}
{"r": 0.0, "l": 1000, "t": 3726.296908}
{"r": 0.0, "l": 1000, "t": 3793.670717}
{"r": 0.0, "l": 1000, "t": 3855.757178}
{"r": 0.0, "l": 1000, "t": 3912.538489}
{"r": 0.0, "l": 1000, "t": 3980.984934}
{"r": 0.0, "l": 1000, "t": 4043.584507}
{"r": 0.0, "l": 1000, "t": 4109.340909}
{"r": 0.0, "l": 1000, "t": 4172.661835}
{"r": 0.0, "l": 1000, "t": 4231.148476}
{"r": 0.0, "l": 1000, "t": 4294.938121}
{"r": 0.0, "l": 1000, "t": 4355.069618}
{"r": 0.0, "l": 1000, "t": 4415.843558}
{"r": 0.0, "l": 1000, "t": 4478.346037}
{"r": 0.0, "l": 1000, "t": 4538.15748}
{"r": 0.0, "l": 1000, "t": 4598.055048}
{"r": 0.0, "l": 1000, "t": 4657.543623}
{"r": 0.0, "l": 1000, "t": 4719.757763}
{"r": 0.0, "l": 1000, "t": 4779.582899}
{"r": 0.0, "l": 1000, "t": 4839.62776}
{"r": 0.0, "l": 1000, "t": 4896.736304}
{"r": 0.0, "l": 1000, "t": 4961.119703}
{"r": 0.0, "l": 1000, "t": 5020.103106}
{"r": 0.0, "l": 1000, "t": 5082.982197}
{"r": 0.0, "l": 1000, "t": 5144.589512}
{"r": 0.0, "l": 1000, "t": 5207.213109}
{"r": 0.0, "l": 1000, "t": 5267.940718}
{"r": 0.0, "l": 1000, "t": 5329.839039}
{"r": 0.0, "l": 1000, "t": 5392.901884}
{"r": 0.0, "l": 1000, "t": 5458.63255}
{"r": 0.0, "l": 1000, "t": 5520.530391}
{"r": 0.0, "l": 1000, "t": 5579.086897}
{"r": 0.0, "l": 1000, "t": 5641.522371}
{"r": 0.0, "l": 1000, "t": 5702.60866}
{"r": 0.0, "l": 1000, "t": 5761.699758}
{"r": 0.0, "l": 1000, "t": 5825.860548}
{"r": 0.0, "l": 1000, "t": 5887.112226}
{"r": 0.0, "l": 1000, "t": 5946.39398}
{"r": 0.0, "l": 1000, "t": 6008.579849}
{"r": 0.0, "l": 1000, "t": 6069.562627}
{"r": 0.0, "l": 1000, "t": 6132.049317}
{"r": 0.0, "l": 1000, "t": 6202.733885}
{"r": 0.0, "l": 1000, "t": 6265.381757}
{"r": 0.0, "l": 1000, "t": 6330.37189}
{"r": 0.0, "l": 1000, "t": 6390.456196}
{"r": 0.0, "l": 1000, "t": 6451.73475}
{"r": 0.0, "l": 1000, "t": 6515.536431}
{"r": 0.0, "l": 1000, "t": 6579.222694}
{"r": 0.0, "l": 1000, "t": 6641.563148}
{"r": 0.0, "l": 1000, "t": 6705.325765}
{"r": 0.0, "l": 1000, "t": 6765.184994}
{"r": 0.0, "l": 1000, "t": 6827.308481}
{"r": 0.0, "l": 1000, "t": 6890.584762}
{"r": 0.0, "l": 1000, "t": 6949.418433}
{"r": 0.0, "l": 1000, "t": 7007.63092}
{"r": 0.0, "l": 1000, "t": 7071.952686}
{"r": 0.0, "l": 1000, "t": 7135.220608}
{"r": 0.0, "l": 1000, "t": 7199.047975}
{"r": 0.0, "l": 1000, "t": 7261.501443}
{"r": 0.0, "l": 1000, "t": 7318.950233}
{"r": 0.0, "l": 1000, "t": 7376.81098}
{"r": 0.0, "l": 1000,