{"t_start": 1514545128.1718464, "gym_version": "0.9.2", "env_id": "GridWorldNoFrameskip-v4"}
{"r": 0.0, "l": 1000, "t": 15.889805}
{"r": 0.0, "l": 1000, "t": 34.357041}
{"r": 0.0, "l": 1000, "t": 55.09356}
{"r": 0.0, "l": 1000, "t": 73.46028}
{"r": 0.0, "l": 1000, "t": 91.728048}
{"r": 0.0, "l": 1000, "t": 107.708934}
{"r": 0.0, "l": 1000, "t": 125.228753}
{"r": 0.0, "l": 1000, "t": 141.052749}
{"r": 0.0, "l": 1000, "t": 158.70372}
{"r": 0.0, "l": 1000, "t": 176.102687}
{"r": 0.0, "l": 1000, "t": 193.01132}
{"r": 0.0, "l": 1000, "t": 209.012403}
{"r": 0.0, "l": 1000, "t": 226.379152}
{"r": 0.0, "l": 1000, "t": 243.909484}
{"r": 0.0, "l": 1000, "t": 259.792232}
{"r": 0.0, "l": 1000, "t": 277.273443}
{"r": 0.0, "l": 1000, "t": 292.995638}
{"r": 0.0, "l": 1000, "t": 310.385967}
{"r": 0.0, "l": 1000, "t": 328.079815}
{"r": 0.0, "l": 1000, "t": 346.039778}
{"r": 0.0, "l": 1000, "t": 362.223524}
{"r": 0.0, "l": 1000, "t": 380.519212}
{"r": 0.0, "l": 1000, "t": 396.813883}
{"r": 0.0, "l": 1000, "t": 413.056602}
{"r": 0.0, "l": 1000, "t": 431.855475}
{"r": 0.0, "l": 1000, "t": 450.632336}
{"r": 0.0, "l": 1000, "t": 469.462457}
{"r": 0.0, "l": 1000, "t": 485.491525}
{"r": 0.0, "l": 1000, "t": 504.053061}
{"r": 0.0, "l": 1000, "t": 522.536751}
{"r": 0.0, "l": 1000, "t": 539.009869}
{"r": 0.0, "l": 1000, "t": 556.992961}
{"r": 0.0, "l": 1000, "t": 573.44232}
{"r": 0.0, "l": 1000, "t": 589.392265}
{"r": 0.0, "l": 1000, "t": 607.346909}
{"r": 0.0, "l": 1000, "t": 625.422425}
{"r": 0.0, "l": 1000, "t": 643.918894}
{"r": 0.0, "l": 1000, "t": 660.059821}
{"r": 0.0, "l": 1000, "t": 678.877095}
{"r": 0.0, "l": 1000, "t": 696.230588}
{"r": 0.0, "l": 1000, "t": 713.935966}
{"r": 0.0, "l": 1000, "t": 732.290707}
{"r": 0.0, "l": 1000, "t": 747.84212}
{"r": 0.0, "l": 1000, "t": 765.171165}
{"r": 0.0, "l": 1000, "t": 781.230475}
{"r": 0.0, "l": 1000, "t": 799.587049}
{"r": 0.0, "l": 1000, "t": 818.029425}
{"r": 0.0, "l": 1000, "t": 836.541749}
{"r": 0.0, "l": 1000, "t": 854.623626}
{"r": 0.0, "l": 1000, "t": 872.398794}
{"r": 0.0, "l": 1000, "t": 890.869753}
{"r": 0.0, "l": 1000, "t": 909.10735}
{"r": 0.0, "l": 1000, "t": 924.634482}
{"r": 0.0, "l": 1000, "t": 942.337393}
{"r": 0.0, "l": 1000, "t": 957.918093}
{"r": 0.0, "l": 1000, "t": 973.947966}
{"r": 0.0, "l": 1000, "t": 992.018819}
{"r": 0.0, "l": 1000, "t": 1010.043376}
{"r": 0.0, "l": 1000, "t": 1025.96939}
{"r": 0.0, "l": 1000, "t": 1041.957437}
{"r": 0.0, "l": 1000, "t": 1060.527316}
{"r": 0.0, "l": 1000, "t": 1078.859658}
{"r": 0.0, "l": 1000, "t": 1094.565546}
{"r": 0.0, "l": 1000, "t": 1110.160768}
{"r": 0.0, "l": 1000, "t": 1127.764221}
{"r": 0.0, "l": 1000, "t": 1143.571783}
{"r": 0.0, "l": 1000, "t": 1160.451195}
{"r": 0.0, "l": 1000, "t": 1177.005927}
{"r": 0.0, "l": 1000, "t": 1191.936251}
{"r": 0.0, "l": 1000, "t": 1209.086837}
{"r": 0.0, "l": 1000, "t": 1224.807888}
{"r": 0.0, "l": 1000, "t": 1244.912645}
{"r": 0.0, "l": 1000, "t": 1260.961439}
{"r": 0.0, "l": 1000, "t": 1279.362037}
{"r": 0.0, "l": 1000, "t": 1297.254099}
{"r": 0.0, "l": 1000, "t": 1313.470012}
{"r": 0.0, "l": 1000, "t": 1331.197188}
{"r": 0.0, "l": 1000, "t": 1347.567613}
{"r": 0.0, "l": 1000, "t": 1364.648727}
{"r": 0.0, "l": 1000, "t": 1379.452428}
{"r": 0.0, "l": 1000, "t": 1396.830021}
{"r": 0.0, "l": 1000, "t": 1413.698921}
{"r": 0.0, "l": 1000, "t": 1430.076513}
{"r": 0.0, "l": 1000, "t": 1446.205584}
{"r": 0.0, "l": 1000, "t": 1463.925335}
{"r": 0.0, "l": 1000, "t": 1479.809386}
{"r": 0.0, "l": 1000, "t": 1497.440838}
{"r": 0.0, "l": 1000, "t": 1515.223594}
{"r": 0.0, "l": 1000, "t": 1533.481136}
{"r": 0.0, "l": 1000, "t": 1551.468231}
{"r": 0.0, "l": 1000, "t": 1567.350584}
{"r": 0.0, "l": 1000, "t": 1585.607457}
{"r": 0.0, "l": 1000, "t": 1603.179619}
{"r": 0.0, "l": 1000, "t": 1618.899404}
{"r": 0.0, "l": 1000, "t": 1637.236084}
{"r": 0.0, "l": 1000, "t": 1652.88181}
{"r": 0.0, "l": 1000, "t": 1668.593086}
{"r": 0.0, "l": 1000, "t": 1686.21681}
{"r": 0.0, "l": 1000, "t": 1701.897256}
{"r": 0.0, "l": 1000, "t": 1720.481595}
{"r": 0.0, "l": 1000, "t": 1736.630334}
{"r": 0.0, "l": 1000, "t": 1752.140042}
{"r": 0.0, "l": 1000, "t": 1770.972275}
{"r": 0.0, "l": 1000, "t": 1788.080019}
{"r": 0.0, "l": 1000, "t": 1804.773388}
{"r": 0.0, "l": 1000, "t": 1821.320176}
{"r": 0.0, "l": 1000, "t": 1835.682941}
{"r": 0.0, "l": 1000, "t": 1852.943048}
{"r": 0.0, "l": 1000, "t": 1870.834243}
{"r": 0.0, "l": 1000, "t": 1920.36958}
{"r": 0.0, "l": 1000, "t": 1972.134317}
{"r": 0.0, "l": 1000, "t": 2030.477411}
{"r": 0.0, "l": 1000, "t": 2086.816674}
{"r": 0.0, "l": 1000, "t": 2145.752926}
{"r": 0.0, "l": 1000, "t": 2203.651633}
{"r": 0.0, "l": 1000, "t": 2265.655666}
{"r": 0.0, "l": 1000, "t": 2326.53028}
{"r": 0.0, "l": 1000, "t": 2384.719245}
{"r": 0.0, "l": 1000, "t": 2446.400193}
{"r": 0.0, "l": 1000, "t": 2510.266521}
{"r": 0.0, "l": 1000, "t": 2568.606179}
{"r": 0.0, "l": 1000, "t": 2626.603122}
{"r": 0.0, "l": 1000, "t": 2686.008226}
{"r": 0.0, "l": 1000, "t": 2751.11926}
{"r": 0.0, "l": 1000, "t": 2816.867567}
{"r": 0.0, "l": 1000, "t": 2873.981723}
{"r": 0.0, "l": 1000, "t": 2922.639897}
{"r": 0.0, "l": 1000, "t": 2985.386511}
{"r": 0.0, "l": 1000, "t": 3048.322337}
{"r": 0.0, "l": 1000, "t": 3107.893791}
{"r": 0.0, "l": 1000, "t": 3174.297601}
{"r": 0.0, "l": 1000, "t": 3230.895291}
{"r": 0.0, "l": 1000, "t": 3290.629812}
{"r": 0.0, "l": 1000, "t": 3358.635842}
{"r": 0.0, "l": 1000, "t": 3411.986195}
{"r": 0.0, "l": 1000, "t": 3481.582582}
{"r": 0.0, "l": 1000, "t": 3541.204728}
{"r": 0.0, "l": 1000, "t": 3607.051372}
{"r": 0.0, "l": 1000, "t": 3670.316874}
{"r": 0.0, "l": 1000, "t": 3726.027523}
{"r": 0.0, "l": 1000, "t": 3792.8917}
{"r": 0.0, "l": 1000, "t": 3852.498612}
{"r": 0.0, "l": 1000, "t": 3909.073791}
{"r": 0.0, "l": 1000, "t": 3977.034704}
{"r": 0.0, "l": 1000, "t": 4039.365143}
{"r": 0.0, "l": 1000, "t": 4105.415783}
{"r": 0.0, "l": 1000, "t": 4167.983814}
{"r": 0.0, "l": 1000, "t": 4228.573781}
{"r": 0.0, "l": 1000, "t": 4290.262328}
{"r": 0.0, "l": 1000, "t": 4353.165655}
{"r": 0.0, "l": 1000, "t": 4411.212715}
{"r": 0.0, "l": 1000, "t": 4474.073528}
{"r": 0.0, "l": 1000, "t": 4533.877565}
{"r": 0.0, "l": 1000, "t": 4594.355134}
{"r": 0.0, "l": 1000, "t": 4655.570313}
{"r": 0.0, "l": 1000, "t": 4715.123424}
{"r": 0.0, "l": 1000, "t": 4774.776992}
{"r": 0.0, "l": 1000, "t": 4835.759457}
{"r": 0.0, "l": 1000, "t": 4895.485001}
{"r": 0.0, "l": 1000, "t": 4956.496432}
{"r": 0.0, "l": 1000, "t": 5017.589293}
{"r": 0.0, "l": 1000, "t": 5077.708471}
{"r": 0.0, "l": 1000, "t": 5140.44205}
{"r": 0.0, "l": 1000, "t": 5203.287907}
{"r": 0.0, "l": 1000, "t": 5264.295143}
{"r": 0.0, "l": 1000, "t": 5323.926903}
{"r": 0.0, "l": 1000, "t": 5387.27549}
{"r": 0.0, "l": 1000, "t": 5453.78213}
{"r": 0.0, "l": 1000, "t": 5515.212836}
{"r": 0.0, "l": 1000, "t": 5573.638175}
{"r": 0.0, "l": 1000, "t": 5632.215287}
{"r": 0.0, "l": 1000, "t": 5694.157342}
{"r": 0.0, "l": 1000, "t": 5753.097131}
{"r": 0.0, "l": 1000, "t": 5816.428283}
{"r": 0.0, "l": 1000, "t": 5881.521547}
{"r": 0.0, "l": 1000, "t": 5938.786512}
{"r": 0.0, "l": 1000, "t": 6003.721442}
{"r": 0.0, "l": 1000, "t": 6064.711947}
{"r": 0.0, "l": 1000, "t": 6126.740384}
{"r": 0.0, "l": 1000, "t": 6190.686666}
{"r": 0.0, "l": 1000, "t": 6260.051513}
{"r": 0.0, "l": 1000, "t": 6325.549345}
{"r": 0.0, "l": 1000, "t": 6386.305321}
{"r": 0.0, "l": 1000, "t": 6441.67901}
{"r": 0.0, "l": 1000, "t": 6511.125426}
{"r": 0.0, "l": 1000, "t": 6573.480935}
{"r": 0.0, "l": 1000, "t": 6633.339095}
{"r": 0.0, "l": 1000, "t": 6696.507005}
{"r": 0.0, "l": 1000, "t": 6756.052166}
{"r": 0.0, "l": 1000, "t": 6818.389513}
{"r": 0.0, "l": 1000, "t": 6882.497898}
{"r": 0.0, "l": 1000, "t": 6941.578391}
{"r": 0.0, "l": 1000, "t": 6998.303622}
{"r": 0.0, "l": 1000, "t": 7065.470154}
{"r": 0.0, "l": 1000, "t": 7126.163511}
{"r": 0.0, "l": 1000, "t": 7189.37146}
{"r": 0.0, "l": 1000, "t": 7252.812786}
{"r": 0.0, "l": 1000, "t": 7310.112409}
{"r": 0.0, "l": 1000, "t": 7368.693711}
{"r": 0.0, "l": 1000,