{"t_start": 1514545128.1718524, "gym_version": "0.9.2", "env_id": "GridWorldNoFrameskip-v4"}
{"r": 0.0, "l": 1000, "t": 15.862019}
{"r": 0.0, "l": 1000, "t": 34.395358}
{"r": 0.0, "l": 1000, "t": 55.127032}
{"r": 0.0, "l": 1000, "t": 73.630277}
{"r": 0.0, "l": 1000, "t": 92.055899}
{"r": 0.0, "l": 1000, "t": 107.929759}
{"r": 0.0, "l": 1000, "t": 125.382749}
{"r": 0.0, "l": 1000, "t": 141.296768}
{"r": 0.0, "l": 1000, "t": 158.858701}
{"r": 0.0, "l": 1000, "t": 176.221879}
{"r": 0.0, "l": 1000, "t": 193.139935}
{"r": 0.0, "l": 1000, "t": 208.679104}
{"r": 0.0, "l": 1000, "t": 226.22763}
{"r": 0.0, "l": 1000, "t": 243.897963}
{"r": 0.0, "l": 1000, "t": 259.987067}
{"r": 0.0, "l": 1000, "t": 277.548551}
{"r": 0.0, "l": 1000, "t": 295.139897}
{"r": 0.0, "l": 1000, "t": 312.382798}
{"r": 0.0, "l": 1000, "t": 328.21215}
{"r": 0.0, "l": 1000, "t": 346.400121}
{"r": 0.0, "l": 1000, "t": 362.247264}
{"r": 0.0, "l": 1000, "t": 380.547856}
{"r": 0.0, "l": 1000, "t": 396.850825}
{"r": 0.0, "l": 1000, "t": 415.221485}
{"r": 0.0, "l": 1000, "t": 431.882315}
{"r": 0.0, "l": 1000, "t": 450.498761}
{"r": 0.0, "l": 1000, "t": 469.219755}
{"r": 0.0, "l": 1000, "t": 485.232683}
{"r": 0.0, "l": 1000, "t": 503.783036}
{"r": 0.0, "l": 1000, "t": 520.308136}
{"r": 0.0, "l": 1000, "t": 538.784098}
{"r": 0.0, "l": 1000, "t": 556.621406}
{"r": 0.0, "l": 1000, "t": 573.042567}
{"r": 0.0, "l": 1000, "t": 588.99234}
{"r": 0.0, "l": 1000, "t": 606.522321}
{"r": 0.0, "l": 1000, "t": 622.895947}
{"r": 0.0, "l": 1000, "t": 641.250344}
{"r": 0.0, "l": 1000, "t": 659.212866}
{"r": 0.0, "l": 1000, "t": 678.061914}
{"r": 0.0, "l": 1000, "t": 695.689403}
{"r": 0.0, "l": 1000, "t": 711.291089}
{"r": 0.0, "l": 1000, "t": 729.560632}
{"r": 0.0, "l": 1000, "t": 745.46158}
{"r": 0.0, "l": 1000, "t": 762.487628}
{"r": 0.0, "l": 1000, "t": 778.364734}
{"r": 0.0, "l": 1000, "t": 796.932927}
{"r": 0.0, "l": 1000, "t": 815.244732}
{"r": 0.0, "l": 1000, "t": 833.790986}
{"r": 0.0, "l": 1000, "t": 851.976168}
{"r": 0.0, "l": 1000, "t": 869.62168}
{"r": 0.0, "l": 1000, "t": 888.257828}
{"r": 0.0, "l": 1000, "t": 906.582211}
{"r": 0.0, "l": 1000, "t": 924.38415}
{"r": 0.0, "l": 1000, "t": 941.780427}
{"r": 0.0, "l": 1000, "t": 957.520847}
{"r": 0.0, "l": 1000, "t": 973.525958}
{"r": 0.0, "l": 1000, "t": 991.638084}
{"r": 0.0, "l": 1000, "t": 1007.597423}
{"r": 0.0, "l": 1000, "t": 1023.715673}
{"r": 0.0, "l": 1000, "t": 1041.517025}
{"r": 0.0, "l": 1000, "t": 1059.902345}
{"r": 0.0, "l": 1000, "t": 1076.156724}
{"r": 0.0, "l": 1000, "t": 1092.327357}
{"r": 0.0, "l": 1000, "t": 1109.56474}
{"r": 0.0, "l": 1000, "t": 1126.770983}
{"r": 0.0, "l": 1000, "t": 1142.938117}
{"r": 0.0, "l": 1000, "t": 1157.918257}
{"r": 0.0, "l": 1000, "t": 1174.605779}
{"r": 0.0, "l": 1000, "t": 1191.41309}
{"r": 0.0, "l": 1000, "t": 1206.566742}
{"r": 0.0, "l": 1000, "t": 1224.137224}
{"r": 0.0, "l": 1000, "t": 1242.348817}
{"r": 0.0, "l": 1000, "t": 1260.462068}
{"r": 0.0, "l": 1000, "t": 1276.728546}
{"r": 0.0, "l": 1000, "t": 1294.802137}
{"r": 0.0, "l": 1000, "t": 1313.194331}
{"r": 0.0, "l": 1000, "t": 1329.417362}
{"r": 0.0, "l": 1000, "t": 1347.320444}
{"r": 0.0, "l": 1000, "t": 1364.520091}
{"r": 0.0, "l": 1000, "t": 1379.452418}
{"r": 0.0, "l": 1000, "t": 1396.668416}
{"r": 0.0, "l": 1000, "t": 1412.073828}
{"r": 0.0, "l": 1000, "t": 1429.857116}
{"r": 0.0, "l": 1000, "t": 1445.969248}
{"r": 0.0, "l": 1000, "t": 1462.062914}
{"r": 0.0, "l": 1000, "t": 1479.396688}
{"r": 0.0, "l": 1000, "t": 1497.000731}
{"r": 0.0, "l": 1000, "t": 1512.548491}
{"r": 0.0, "l": 1000, "t": 1532.99525}
{"r": 0.0, "l": 1000, "t": 1548.827531}
{"r": 0.0, "l": 1000, "t": 1566.88052}
{"r": 0.0, "l": 1000, "t": 1585.116935}
{"r": 0.0, "l": 1000, "t": 1600.617006}
{"r": 0.0, "l": 1000, "t": 1616.53473}
{"r": 0.0, "l": 1000, "t": 1634.810241}
{"r": 0.0, "l": 1000, "t": 1650.163094}
{"r": 0.0, "l": 1000, "t": 1667.997558}
{"r": 0.0, "l": 1000, "t": 1683.831542}
{"r": 0.0, "l": 1000, "t": 1701.60673}
{"r": 0.0, "l": 1000, "t": 1719.984127}
{"r": 0.0, "l": 1000, "t": 1736.220854}
{"r": 0.0, "l": 1000, "t": 1751.626213}
{"r": 0.0, "l": 1000, "t": 1768.840322}
{"r": 0.0, "l": 1000, "t": 1785.647864}
{"r": 0.0, "l": 1000, "t": 1804.302399}
{"r": 0.0, "l": 1000, "t": 1819.119641}
{"r": 0.0, "l": 1000, "t": 1835.223069}
{"r": 0.0, "l": 1000, "t": 1850.521103}
{"r": 0.0, "l": 1000, "t": 1868.58727}
{"r": 0.0, "l": 1000, "t": 1916.027007}
{"r": 0.0, "l": 1000, "t": 1970.903853}
{"r": 0.0, "l": 1000, "t": 2030.023756}
{"r": 0.0, "l": 1000, "t": 2084.687923}
{"r": 0.0, "l": 1000, "t": 2140.959981}
{"r": 0.0, "l": 1000, "t": 2195.508096}
{"r": 0.0, "l": 1000, "t": 2260.686932}
{"r": 0.0, "l": 1000, "t": 2321.876929}
{"r": 0.0, "l": 1000, "t": 2380.213481}
{"r": 0.0, "l": 1000, "t": 2441.227332}
{"r": 0.0, "l": 1000, "t": 2505.55538}
{"r": 0.0, "l": 1000, "t": 2561.394997}
{"r": 0.0, "l": 1000, "t": 2622.007284}
{"r": 0.0, "l": 1000, "t": 2684.125299}
{"r": 0.0, "l": 1000, "t": 2747.135464}
{"r": 0.0, "l": 1000, "t": 2813.76143}
{"r": 0.0, "l": 1000, "t": 2873.930941}
{"r": 0.0, "l": 1000, "t": 2922.693063}
{"r": 0.0, "l": 1000, "t": 2985.383962}
{"r": 0.0, "l": 1000, "t": 3048.256392}
{"r": 0.0, "l": 1000, "t": 3108.745845}
{"r": 0.0, "l": 1000, "t": 3174.340808}
{"r": 0.0, "l": 1000, "t": 3230.559105}
{"r": 0.0, "l": 1000, "t": 3290.482496}
{"r": 0.0, "l": 1000, "t": 3356.122722}
{"r": 0.0, "l": 1000, "t": 3411.986135}
{"r": 0.0, "l": 1000, "t": 3481.582624}
{"r": 0.0, "l": 1000, "t": 3541.152124}
{"r": 0.0, "l": 1000, "t": 3607.051417}
{"r": 0.0, "l": 1000, "t": 3670.955657}
{"r": 0.0, "l": 1000, "t": 3730.430917}
{"r": 0.0, "l": 1000, "t": 3796.647658}
{"r": 0.0, "l": 1000, "t": 3856.349234}
{"r": 0.0, "l": 1000, "t": 3912.605105}
{"r": 0.0, "l": 1000, "t": 3980.310661}
{"r": 0.0, "l": 1000, "t": 4040.177185}
{"r": 0.0, "l": 1000, "t": 4109.282033}
{"r": 0.0, "l": 1000, "t": 4172.62815}
{"r": 0.0, "l": 1000, "t": 4231.11825}
{"r": 0.0, "l": 1000, "t": 4291.812849}
{"r": 0.0, "l": 1000, "t": 4353.991996}
{"r": 0.0, "l": 1000, "t": 4414.324533}
{"r": 0.0, "l": 1000, "t": 4474.99453}
{"r": 0.0, "l": 1000, "t": 4534.541173}
{"r": 0.0, "l": 1000, "t": 4595.019828}
{"r": 0.0, "l": 1000, "t": 4655.55984}
{"r": 0.0, "l": 1000, "t": 4715.963602}
{"r": 0.0, "l": 1000, "t": 4773.923056}
{"r": 0.0, "l": 1000, "t": 4834.221677}
{"r": 0.0, "l": 1000, "t": 4892.540596}
{"r": 0.0, "l": 1000, "t": 4955.767378}
{"r": 0.0, "l": 1000, "t": 5014.840373}
{"r": 0.0, "l": 1000, "t": 5074.008383}
{"r": 0.0, "l": 1000, "t": 5139.414921}
{"r": 0.0, "l": 1000, "t": 5201.764427}
{"r": 0.0, "l": 1000, "t": 5262.857791}
{"r": 0.0, "l": 1000, "t": 5323.88994}
{"r": 0.0, "l": 1000, "t": 5383.209472}
{"r": 0.0, "l": 1000, "t": 5449.235437}
{"r": 0.0, "l": 1000, "t": 5511.563683}
{"r": 0.0, "l": 1000, "t": 5566.796756}
{"r": 0.0, "l": 1000, "t": 5631.466663}
{"r": 0.0, "l": 1000, "t": 5692.996784}
{"r": 0.0, "l": 1000, "t": 5749.990739}
{"r": 0.0, "l": 1000, "t": 5812.45485}
{"r": 0.0, "l": 1000, "t": 5877.966338}
{"r": 0.0, "l": 1000, "t": 5937.68067}
{"r": 0.0, "l": 1000, "t": 5999.77163}
{"r": 0.0, "l": 1000, "t": 6059.530025}
{"r": 0.0, "l": 1000, "t": 6119.834787}
{"r": 0.0, "l": 1000, "t": 6186.184763}
{"r": 0.0, "l": 1000, "t": 6255.411782}
{"r": 0.0, "l": 1000, "t": 6321.469835}
{"r": 0.0, "l": 1000, "t": 6380.755146}
{"r": 0.0, "l": 1000, "t": 6441.151774}
{"r": 0.0, "l": 1000, "t": 6505.860054}
{"r": 0.0, "l": 1000, "t": 6568.371368}
{"r": 0.0, "l": 1000, "t": 6629.906058}
{"r": 0.0, "l": 1000, "t": 6694.640642}
{"r": 0.0, "l": 1000, "t": 6752.180441}
{"r": 0.0, "l": 1000, "t": 6814.437849}
{"r": 0.0, "l": 1000, "t": 6880.476314}
{"r": 0.0, "l": 1000, "t": 6940.668841}
{"r": 0.0, "l": 1000, "t": 6997.426574}
{"r": 0.0, "l": 1000, "t": 7062.305819}
{"r": 0.0, "l": 1000, "t": 7125.627068}
{"r": 0.0, "l": 1000, "t": 7186.190224}
{"r": 0.0, "l": 1000, "t": 7249.370578}
{"r": 0.0, "l": 1000, "t": 7309.230677}
{"r": 0.0, "l": 1000, "t": 7366.895648}
{"r": 0.0, "l": 1000,