{"nupdates": 19600, "total_timesteps": 392000, "fps": 98, "policy_entropy": 1.247666835784912, "value_loss": 2.5983061277656816e-05, "explained_variance": 0.4284166097640991}
{"nupdates": 19700, "total_timesteps": 394000, "fps": 98, "policy_entropy": 1.3198041915893555, "value_loss": 4.316797276260331e-05, "explained_variance": 0.5016333162784576}
{"nupdates": 19800, "total_timesteps": 396000, "fps": 98, "policy_entropy": 1.4813779592514038, "value_loss": 3.34272081090603e-05, "explained_variance": -3.609224796295166}
{"nupdates": 19900, "total_timesteps": 398000, "fps": 97, "policy_entropy": 1.604798674583435, "value_loss": 1.701919245533645e-05, "explained_variance": -43.54437255859375}
{"nupdates": 20000, "total_timesteps": 400000, "fps": 97, "policy_entropy": 1.6080089807510376, "value_loss": 0.00012167663953732699, "explained_variance": 0.3385472297668457}
{"nupdates": 20100, "total_timesteps": 402000, "fps": 97, "policy_entropy": 1.5918635129928589, "value_loss": 0.001804242143407464, "explained_variance": -75.3309555053711}
{"nupdates": 20200, "total_timesteps": 404000, "fps": 96, "policy_entropy": 1.5277600288391113, "value_loss": 0.0031522843055427074, "explained_variance": -13.127074241638184}
{"nupdates": 20300, "total_timesteps": 406000, "fps": 96, "policy_entropy": 1.5508006811141968, "value_loss": 5.085602242616005e-05, "explained_variance": -1.7540009021759033}
{"nupdates": 20400, "total_timesteps": 408000, "fps": 95, "policy_entropy": 1.5212414264678955, "value_loss": 3.793587166001089e-05, "explained_variance": 0.4476931095123291}
{"nupdates": 20500, "total_timesteps": 410000, "fps": 95, "policy_entropy": 1.4820325374603271, "value_loss": 0.0002243643393740058, "explained_variance": -1.903397798538208}
{"nupdates": 20600, "total_timesteps": 412000, "fps": 95, "policy_entropy": 1.5158718824386597, "value_loss": 9.896920346363913e-06, "explained_variance": -3.82185697555542}
{"nupdates": 20700, "total_timesteps": 414000, "fps": 94, "policy_entropy": 1.597038984298706, "value_loss": 2.7972855605185032e-05, "explained_variance": -1.7111072540283203}
{"nupdates": 20800, "total_timesteps": 416000, "fps": 94, "policy_entropy": 1.5811508893966675, "value_loss": 7.360611198237166e-05, "explained_variance": -1.493032455444336}
{"nupdates": 20900, "total_timesteps": 418000, "fps": 94, "policy_entropy": 1.5678538084030151, "value_loss": 2.915002914960496e-05, "explained_variance": -19.173797607421875}
{"nupdates": 21000, "total_timesteps": 420000, "fps": 94, "policy_entropy": 1.5920155048370361, "value_loss": 2.8001144528388977e-05, "explained_variance": -0.14174044132232666}
{"nupdates": 21100, "total_timesteps": 422000, "fps": 93, "policy_entropy": 1.5999740362167358, "value_loss": 1.805954161682166e-05, "explained_variance": -1.2870922088623047}
{"nupdates": 21200, "total_timesteps": 424000, "fps": 93, "policy_entropy": 1.607529640197754, "value_loss": 0.0001550499873701483, "explained_variance": -2.730538845062256}
{"nupdates": 21300, "total_timesteps": 426000, "fps": 93, "policy_entropy": 1.5359982252120972, "value_loss": 3.754206045414321e-05, "explained_variance": 0.07559633255004883}
{"nupdates": 21400, "total_timesteps": 428000, "fps": 92, "policy_entropy": 1.6035575866699219, "value_loss": 7.831906259525567e-05, "explained_variance": -0.2833458185195923}
{"nupdates": 21500, "total_timesteps": 430000, "fps": 92, "policy_entropy": 1.6088764667510986, "value_loss": 8.196073758881539e-05, "explained_variance": 0.051029741764068604}
{"nupdates": 21600, "total_timesteps": 432000, "fps": 92, "policy_entropy": 1.5992918014526367, "value_loss": 1.4913096492819022e-05, "explained_variance": -0.21161258220672607}
{"nupdates": 21700, "total_timesteps": 434000, "fps": 91, "policy_entropy": 1.6033236980438232, "value_loss": 0.0026946933940052986, "explained_variance": -0.0004649162292480469}
{"nupdates": 21800, "total_timesteps": 436000, "fps": 91, "policy_entropy": 1.6055278778076172, "value_loss": 5.741716086049564e-05, "explained_variance": 0.1846017837524414}
{"nupdates": 21900, "total_timesteps": 438000, "fps": 91, "policy_entropy": 1.607947587966919, "value_loss": 5.516593955690041e-05, "explained_variance": -0.15848970413208008}
{"nupdates": 22000, "total_timesteps": 440000, "fps": 91, "policy_entropy": 1.6083686351776123, "value_loss": 5.937822788837366e-05, "explained_variance": -0.30067670345306396}
{"nupdates": 22100, "total_timesteps": 442000, "fps": 90, "policy_entropy": 1.608367919921875, "value_loss": 3.963898780057207e-05, "explained_variance": -0.11396384239196777}
{"nupdates": 22200, "total_timesteps": 444000, "fps": 90, "policy_entropy": 1.6079692840576172, "value_loss": 4.66139244963415e-05, "explained_variance": -0.30576181411743164}
{"nupdates": 22300, "total_timesteps": 446000, "fps": 90, "policy_entropy": 1.6081234216690063, "value_loss": 3.502383333398029e-05, "explained_variance": -3.8026561737060547}
{"nupdates": 22400, "total_timesteps": 448000, "fps": 90, "policy_entropy": 1.608555555343628, "value_loss": 3.153934812871739e-05, "explained_variance": -0.0002002716064453125}
{"nupdates": 22500, "total_timesteps": 450000, "fps": 89, "policy_entropy": 1.605833649635315, "value_loss": 2.347907684452366e-05, "explained_variance": -1.1738462448120117}
{"nupdates": 22600, "total_timesteps": 452000, "fps": 89, "policy_entropy": 1.5745041370391846, "value_loss": 5.327057351678377e-06, "explained_variance": -0.981300950050354}
{"nupdates": 22700, "total_timesteps": 454000, "fps": 89, "policy_entropy": 1.6070423126220703, "value_loss": 3.4899403544841334e-05, "explained_variance": -2.2379825115203857}
{"nupdates": 22800, "total_timesteps": 456000, "fps": 89, "policy_entropy": 1.6080200672149658, "value_loss": 2.549688724684529e-05, "explained_variance": -0.40687036514282227}
{"nupdates": 22900, "total_timesteps": 458000, "fps": 88, "policy_entropy": 1.6088889837265015, "value_loss": 1.7915643184096552e-05, "explained_variance": -0.17923009395599365}
{"nupdates": 23000, "total_timesteps": 460000, "fps": 88, "policy_entropy": 1.6075557470321655, "value_loss": 1.1650125088635832e-05, "explained_variance": 0.2478047013282776}
{"nupdates": 23100, "total_timesteps": 462000, "fps": 88, "policy_entropy": 1.6056362390518188, "value_loss": 2.32714901358122e-05, "explained_variance": -1.1630113124847412}
{"nupdates": 23200, "total_timesteps": 464000, "fps": 88, "policy_entropy": 1.608211874961853, "value_loss": 4.413583155837841e-05, "explained_variance": -0.1624363660812378}
{"nupdates": 23300, "total_timesteps": 466000, "fps": 87, "policy_entropy": 1.606196641921997, "value_loss": 6.469425898103509e-06, "explained_variance": 0.046055376529693604}
{"nupdates": 23400, "total_timesteps": 468000, "fps": 87, "policy_entropy": 1.6091057062149048, "value_loss": 2.3545069780084305e-05, "explained_variance": -0.5592073202133179}
{"nupdates": 23500, "total_timesteps": 470000, "fps": 87, "policy_entropy": 1.6086292266845703, "value_loss": 1.2252367923792917e-05, "explained_variance": -0.7401738166809082}
{"nupdates": 23600, "total_timesteps": 472000, "fps": 87, "policy_entropy": 1.6082236766815186, "value_loss": 0.03471514582633972, "explained_variance": 0.009005308151245117}
{"nupdates": 23700, "total_timesteps": 474000, "fps": 87, "policy_entropy": 1.6088817119598389, "value_loss": 0.003263203427195549, "explained_variance": -0.017405986785888672}
{"nupdates": 23800, "total_timesteps": 476000, "fps": 86, "policy_entropy": 1.6091995239257812, "value_loss": 9.923764082486741e-06, "explained_variance": 0.4909682273864746}
{"nupdates": 23900, "total_timesteps": 478000, "fps": 86, "policy_entropy": 1.6089973449707031, "value_loss": 2.2074076696299016e-05, "explained_variance": 0.05518627166748047}
{"nupdates": 24000, "total_timesteps": 480000, "fps": 86, "policy_entropy": 1.6082401275634766, "value_loss": 0.007352663669735193, "explained_variance": 0.0364382266998291}
{"nupdates": 24100, "total_timesteps": 482000, "fps": 86,