{"nupdates": 17500, "total_timesteps": 350000, "fps": 103, "policy_entropy": 1.2075355052947998, "value_loss": 0.011042812839150429, "explained_variance": -20.177709579467773}
{"nupdates": 17600, "total_timesteps": 352000, "fps": 102, "policy_entropy": 1.2170015573501587, "value_loss": 4.708303458755836e-05, "explained_variance": -1.5107338428497314}
{"nupdates": 17700, "total_timesteps": 354000, "fps": 102, "policy_entropy": 1.3465940952301025, "value_loss": 0.0002977034018840641, "explained_variance": -0.09231126308441162}
{"nupdates": 17800, "total_timesteps": 356000, "fps": 101, "policy_entropy": 1.590167760848999, "value_loss": 0.00017967380699701607, "explained_variance": -3.8210678100585938}
{"nupdates": 17900, "total_timesteps": 358000, "fps": 101, "policy_entropy": 1.5976166725158691, "value_loss": 0.00027189895627088845, "explained_variance": -1.1528546810150146}
{"nupdates": 18000, "total_timesteps": 360000, "fps": 100, "policy_entropy": 1.600059151649475, "value_loss": 1.5245933532714844, "explained_variance": -0.07560431957244873}
{"nupdates": 18100, "total_timesteps": 362000, "fps": 100, "policy_entropy": 1.5808708667755127, "value_loss": 0.004539395682513714, "explained_variance": -22.95591163635254}
{"nupdates": 18200, "total_timesteps": 364000, "fps": 99, "policy_entropy": 1.4433776140213013, "value_loss": 7.911575812613592e-05, "explained_variance": -0.8143458366394043}
{"nupdates": 18300, "total_timesteps": 366000, "fps": 99, "policy_entropy": 1.567257285118103, "value_loss": 0.00015384043217636645, "explained_variance": -0.589497447013855}
{"nupdates": 18400, "total_timesteps": 368000, "fps": 98, "policy_entropy": 1.4553205966949463, "value_loss": 0.00014992084470577538, "explained_variance": -1.3996424674987793}
{"nupdates": 18500, "total_timesteps": 370000, "fps": 98, "policy_entropy": 1.4785728454589844, "value_loss": 0.00011413152242312208, "explained_variance": -0.18083536624908447}
{"nupdates": 18600, "total_timesteps": 372000, "fps": 98, "policy_entropy": 1.5640555620193481, "value_loss": 0.00019909469119738787, "explained_variance": -0.7504215240478516}
{"nupdates": 18700, "total_timesteps": 374000, "fps": 97, "policy_entropy": 1.563222885131836, "value_loss": 0.00010254164226353168, "explained_variance": -0.7141971588134766}
{"nupdates": 18800, "total_timesteps": 376000, "fps": 97, "policy_entropy": 1.5847145318984985, "value_loss": 5.6519347708672285e-05, "explained_variance": -0.2822446823120117}
{"nupdates": 18900, "total_timesteps": 378000, "fps": 96, "policy_entropy": 1.5986286401748657, "value_loss": 2.7700807549990714e-05, "explained_variance": -0.38116252422332764}
{"nupdates": 19000, "total_timesteps": 380000, "fps": 96, "policy_entropy": 1.5545845031738281, "value_loss": 0.00017257852596230805, "explained_variance": -0.7691607475280762}
{"nupdates": 19100, "total_timesteps": 382000, "fps": 96, "policy_entropy": 1.5712724924087524, "value_loss": 2.3089674868970178e-05, "explained_variance": -3.741278648376465}
{"nupdates": 19200, "total_timesteps": 384000, "fps": 95, "policy_entropy": 1.603054404258728, "value_loss": 3.126709634670988e-05, "explained_variance": -0.6376371383666992}
{"nupdates": 19300, "total_timesteps": 386000, "fps": 95, "policy_entropy": 1.5759601593017578, "value_loss": 8.187075763999019e-07, "explained_variance": 0.5858488082885742}
{"nupdates": 19400, "total_timesteps": 388000, "fps": 94, "policy_entropy": 1.6061235666275024, "value_loss": 6.587956886505708e-05, "explained_variance": -8.41957950592041}
{"nupdates": 19500, "total_timesteps": 390000, "fps": 94, "policy_entropy": 1.6068782806396484, "value_loss": 2.9279157388373278e-05, "explained_variance": -4.363708019256592}
{"nupdates": 19600, "total_timesteps": 392000, "fps": 94, "policy_entropy": 1.6073939800262451, "value_loss": 3.629460115917027e-05, "explained_variance": -0.9673080444335938}
{"nupdates": 19700, "total_timesteps": 394000, "fps": 93, "policy_entropy": 1.6077072620391846, "value_loss": 2.7528474674909376e-05, "explained_variance": 0.04422199726104736}
{"nupdates": 19800, "total_timesteps": 396000, "fps": 93, "policy_entropy": 1.608721137046814, "value_loss": 9.809734365262557e-06, "explained_variance": -1.4900908470153809}
{"nupdates": 19900, "total_timesteps": 398000, "fps": 93, "policy_entropy": 1.6065654754638672, "value_loss": 3.223765088478103e-05, "explained_variance": -1.0202562808990479}
{"nupdates": 20000, "total_timesteps": 400000, "fps": 92, "policy_entropy": 1.6053956747055054, "value_loss": 1.2283673640922643e-05, "explained_variance": -0.4764009714126587}
{"nupdates": 20100, "total_timesteps": 402000, "fps": 92, "policy_entropy": 1.608284592628479, "value_loss": 2.1711939552915283e-05, "explained_variance": -1.2955121994018555}
{"nupdates": 20200, "total_timesteps": 404000, "fps": 92, "policy_entropy": 1.6033999919891357, "value_loss": 7.228137292258907e-06, "explained_variance": -0.8291833400726318}
{"nupdates": 20300, "total_timesteps": 406000, "fps": 92, "policy_entropy": 1.6088947057724, "value_loss": 6.080125785956625e-06, "explained_variance": -0.8482404947280884}
{"nupdates": 20400, "total_timesteps": 408000, "fps": 91, "policy_entropy": 1.6082451343536377, "value_loss": 3.061488314415328e-06, "explained_variance": -0.4150567054748535}
{"nupdates": 20500, "total_timesteps": 410000, "fps": 91, "policy_entropy": 1.6030223369598389, "value_loss": 2.368052719248226e-06, "explained_variance": -1.4235613346099854}
{"nupdates": 20600, "total_timesteps": 412000, "fps": 91, "policy_entropy": 1.6070464849472046, "value_loss": 0.8817726969718933, "explained_variance": -0.023406982421875}
{"nupdates": 20700, "total_timesteps": 414000, "fps": 90, "policy_entropy": 1.605603575706482, "value_loss": 0.0007114695617929101, "explained_variance": -1.0249321460723877}
{"nupdates": 20800, "total_timesteps": 416000, "fps": 90, "policy_entropy": 1.6064609289169312, "value_loss": 0.0018489978974685073, "explained_variance": -0.12881100177764893}
{"nupdates": 20900, "total_timesteps": 418000, "fps": 90, "policy_entropy": 1.602231740951538, "value_loss": 0.0013362461468204856, "explained_variance": -0.11131227016448975}
{"nupdates": 21000, "total_timesteps": 420000, "fps": 90, "policy_entropy": 1.5943098068237305, "value_loss": 0.0005070933257229626, "explained_variance": 0.027805685997009277}
{"nupdates": 21100, "total_timesteps": 422000, "fps": 89, "policy_entropy": 1.5986562967300415, "value_loss": 0.00048404972767457366, "explained_variance": -0.008633255958557129}
{"nupdates": 21200, "total_timesteps": 424000, "fps": 89, "policy_entropy": 1.59218430519104, "value_loss": 4.487191745283781e-06, "explained_variance": 0.13564598560333252}
{"nupdates": 21300, "total_timesteps": 426000, "fps": 89, "policy_entropy": 1.5734484195709229, "value_loss": 0.8388434648513794, "explained_variance": -0.02655923366546631}
{"nupdates": 21400, "total_timesteps": 428000, "fps": 88, "policy_entropy": 1.5970758199691772, "value_loss": 0.00027098419377580285, "explained_variance": 0.11557561159133911}
{"nupdates": 21500, "total_timesteps": 430000, "fps": 88, "policy_entropy": 1.5976316928863525, "value_loss": 2.2068084035709035e-06, "explained_variance": -0.2699075937271118}
{"nupdates": 21600, "total_timesteps": 432000, "fps": 88, "policy_entropy": 1.5526580810546875, "value_loss": 3.3091432669607457e-06, "explained_variance": -5.828271865844727}
{"nupdates": 21700, "total_timesteps": 434000, "fps": 88, "policy_entropy": 1.591935157775879, "value_loss": 1.6189243979169987e-05, "explained_variance": -0.7533540725708008}
{"nupdates": 21800, "total_timesteps": 436000, "fps": 87, "policy_entropy": 1.6029078960418701, "value_loss": 6.759420102753211e-06, "explained_variance": -40.947601318359375}
{"nupdates": 21900, "total_timesteps": 438000, "fps": 87, "policy_entropy": 1.605234146118164, "value_loss": 1.0387566362624057e-05, "explained_variance": -1.3722548484802246}
{"nupdates": 22000, "total_timesteps": 440000, "fps": 87,