{"nupdates": 20200, "total_timesteps": 404000, "fps": 98, "policy_entropy": 1.2587354183197021, "value_loss": 0.0027181177865713835, "explained_variance": -0.0754622220993042}
{"nupdates": 20300, "total_timesteps": 406000, "fps": 97, "policy_entropy": 1.348381757736206, "value_loss": 1.9675961084431037e-05, "explained_variance": -2.193302869796753}
{"nupdates": 20400, "total_timesteps": 408000, "fps": 97, "policy_entropy": 1.5362104177474976, "value_loss": 0.00023355211305897683, "explained_variance": 0.13868016004562378}
{"nupdates": 20500, "total_timesteps": 410000, "fps": 97, "policy_entropy": 1.6026828289031982, "value_loss": 5.4008676670491695e-05, "explained_variance": -7.012615203857422}
{"nupdates": 20600, "total_timesteps": 412000, "fps": 96, "policy_entropy": 1.602735161781311, "value_loss": 5.5668933782726526e-05, "explained_variance": -7.433098793029785}
{"nupdates": 20700, "total_timesteps": 414000, "fps": 96, "policy_entropy": 1.5953563451766968, "value_loss": 0.0006713812472298741, "explained_variance": 0.12625300884246826}
{"nupdates": 20800, "total_timesteps": 416000, "fps": 96, "policy_entropy": 1.5698915719985962, "value_loss": 0.8929956555366516, "explained_variance": -0.1233515739440918}
{"nupdates": 20900, "total_timesteps": 418000, "fps": 95, "policy_entropy": 1.5656177997589111, "value_loss": 0.0004341118037700653, "explained_variance": -4.529092788696289}
{"nupdates": 21000, "total_timesteps": 420000, "fps": 95, "policy_entropy": 1.484601378440857, "value_loss": 0.0008321137283928692, "explained_variance": -0.7960487604141235}
{"nupdates": 21100, "total_timesteps": 422000, "fps": 95, "policy_entropy": 1.328269362449646, "value_loss": 0.2888794541358948, "explained_variance": -0.039891600608825684}
{"nupdates": 21200, "total_timesteps": 424000, "fps": 94, "policy_entropy": 1.502953290939331, "value_loss": 0.29277902841567993, "explained_variance": -0.18284201622009277}
{"nupdates": 21300, "total_timesteps": 426000, "fps": 94, "policy_entropy": 1.4918769598007202, "value_loss": 0.0010861913906410336, "explained_variance": -0.11972284317016602}
{"nupdates": 21400, "total_timesteps": 428000, "fps": 94, "policy_entropy": 1.4707368612289429, "value_loss": 0.00015073464601300657, "explained_variance": -0.5960928201675415}
{"nupdates": 21500, "total_timesteps": 430000, "fps": 93, "policy_entropy": 1.5545730590820312, "value_loss": 2.1300534172041807e-06, "explained_variance": -3.3773880004882812}
{"nupdates": 21600, "total_timesteps": 432000, "fps": 93, "policy_entropy": 1.5135148763656616, "value_loss": 1.510358379164245e-05, "explained_variance": -0.47924554347991943}
{"nupdates": 21700, "total_timesteps": 434000, "fps": 93, "policy_entropy": 1.4605462551116943, "value_loss": 0.00011005727719748393, "explained_variance": -0.4577181339263916}
{"nupdates": 21800, "total_timesteps": 436000, "fps": 92, "policy_entropy": 1.556077241897583, "value_loss": 1.07308828830719, "explained_variance": -0.03049004077911377}
{"nupdates": 21900, "total_timesteps": 438000, "fps": 92, "policy_entropy": 1.5915933847427368, "value_loss": 0.000940776604693383, "explained_variance": -0.025008320808410645}
{"nupdates": 22000, "total_timesteps": 440000, "fps": 92, "policy_entropy": 1.5790941715240479, "value_loss": 3.871837543556467e-05, "explained_variance": -5.263833999633789}
{"nupdates": 22100, "total_timesteps": 442000, "fps": 92, "policy_entropy": 1.6009461879730225, "value_loss": 1.5730687664472498e-05, "explained_variance": -0.6840559244155884}
{"nupdates": 22200, "total_timesteps": 444000, "fps": 91, "policy_entropy": 1.5425182580947876, "value_loss": 6.1953642216394655e-06, "explained_variance": -0.11638712882995605}
{"nupdates": 22300, "total_timesteps": 446000, "fps": 91, "policy_entropy": 1.575691819190979, "value_loss": 9.469161341257859e-06, "explained_variance": -2.2445499897003174}
{"nupdates": 22400, "total_timesteps": 448000, "fps": 91, "policy_entropy": 1.5918546915054321, "value_loss": 2.452476110192947e-05, "explained_variance": 0.4729498028755188}
{"nupdates": 22500, "total_timesteps": 450000, "fps": 90, "policy_entropy": 1.5996840000152588, "value_loss": 4.227923000144074e-06, "explained_variance": -0.4483426809310913}
{"nupdates": 22600, "total_timesteps": 452000, "fps": 90, "policy_entropy": 1.570483684539795, "value_loss": 5.6988210417330265e-05, "explained_variance": -0.730583667755127}
{"nupdates": 22700, "total_timesteps": 454000, "fps": 90, "policy_entropy": 1.602806806564331, "value_loss": 8.345741662196815e-06, "explained_variance": -3.206629753112793}
{"nupdates": 22800, "total_timesteps": 456000, "fps": 90, "policy_entropy": 1.555811882019043, "value_loss": 2.4580192530265776e-06, "explained_variance": -1.5554931163787842}
{"nupdates": 22900, "total_timesteps": 458000, "fps": 89, "policy_entropy": 1.5773178339004517, "value_loss": 5.736602361139376e-06, "explained_variance": -1.0373034477233887}
{"nupdates": 23000, "total_timesteps": 460000, "fps": 89, "policy_entropy": 1.5695985555648804, "value_loss": 5.468835297506303e-06, "explained_variance": -1.4234213829040527}
{"nupdates": 23100, "total_timesteps": 462000, "fps": 89, "policy_entropy": 1.6044642925262451, "value_loss": 3.34316173393745e-05, "explained_variance": -2.6204147338867188}
{"nupdates": 23200, "total_timesteps": 464000, "fps": 89, "policy_entropy": 1.58034348487854, "value_loss": 7.867251042625867e-06, "explained_variance": -3.7690186500549316}
{"nupdates": 23300, "total_timesteps": 466000, "fps": 88, "policy_entropy": 1.6012802124023438, "value_loss": 5.528313522518147e-06, "explained_variance": 0.23545926809310913}
{"nupdates": 23400, "total_timesteps": 468000, "fps": 88, "policy_entropy": 1.6029407978057861, "value_loss": 9.873806448013056e-06, "explained_variance": -2.340212345123291}
{"nupdates": 23500, "total_timesteps": 470000, "fps": 88, "policy_entropy": 1.601336121559143, "value_loss": 9.122277333517559e-06, "explained_variance": 0.33590543270111084}
{"nupdates": 23600, "total_timesteps": 472000, "fps": 88, "policy_entropy": 1.6027915477752686, "value_loss": 2.4897708499338478e-06, "explained_variance": -0.5592211484909058}
{"nupdates": 23700, "total_timesteps": 474000, "fps": 87, "policy_entropy": 1.603010892868042, "value_loss": 7.654287401237525e-06, "explained_variance": 0.23327511548995972}
{"nupdates": 23800, "total_timesteps": 476000, "fps": 87, "policy_entropy": 1.6002238988876343, "value_loss": 4.9281979954685085e-06, "explained_variance": -0.5840132236480713}
{"nupdates": 23900, "total_timesteps": 478000, "fps": 87, "policy_entropy": 1.6040557622909546, "value_loss": 4.527246710495092e-05, "explained_variance": -1.3350472450256348}
{"nupdates": 24000, "total_timesteps": 480000, "fps": 87, "policy_entropy": 1.6011842489242554, "value_loss": 1.6942856746027246e-05, "explained_variance": -4.2078328132629395}
{"nupdates": 24100, "total_timesteps": 482000, "fps": 87, "policy_entropy": 1.6016829013824463, "value_loss": 5.429546945379116e-06, "explained_variance": 0.31635725498199463}
{"nupdates": 24200, "total_timesteps": 484000, "fps": 86, "policy_entropy": 1.6046546697616577, "value_loss": 6.16667512076674e-06, "explained_variance": -7.499385833740234}
{"nupdates": 24300, "total_timesteps": 486000, "fps": 86, "policy_entropy": 1.5928236246109009, "value_loss": 0.00027155556017532945, "explained_variance": 0.056640028953552246}
{"nupdates": 24400, "total_timesteps": 488000, "fps": 86, "policy_entropy": 1.580594539642334, "value_loss": 4.3129741243319586e-05, "explained_variance": 0.19394820928573608}
{"nupdates": 24500, "total_timesteps": 490000, "fps": 86, "policy_entropy": 1.566615343093872, "value_loss": 0.4796670079231262, "explained_variance": -0.006292104721069336}
{"nupdates": 24600, "total_timesteps": 492000, "fps": 86, "policy_entropy": 1.599396824836731, "value_loss": 0.0007189798634499311, "explained_variance": -5.6281867027282715}
{"nupdates": 24700, "total_timesteps": 494000, "fps": 85, "policy_entropy": 1.6045711040496826,