{"gym_version": "0.9.3", "t_start": 1517432357.3143337, "env_id": "GridWorldNoFrameskip-v4"}
{"r": 6, "t": 16.08849, "l": 1000}
{"r": 5, "t": 18.516336, "l": 1000}
{"r": -25, "t": 20.958337, "l": 1000}
{"r": -73, "t": 23.309887, "l": 1000}
{"r": -37, "t": 25.63875, "l": 1000}
{"r": 30, "t": 27.938575, "l": 1000}
{"r": -23, "t": 30.199726, "l": 1000}
{"r": -44, "t": 32.440377, "l": 1000}
{"r": -47, "t": 34.693684, "l": 1000}
{"r": -48, "t": 36.907496, "l": 1000}
{"r": -19, "t": 39.160581, "l": 1000}
{"r": -15, "t": 41.43434, "l": 1000}
{"r": -59, "t": 43.747556, "l": 1000}
{"r": 15, "t": 46.075757, "l": 1000}
{"r": -26, "t": 48.387948, "l": 1000}
{"r": 28, "t": 50.679164, "l": 1000}
{"r": 91, "t": 53.067795, "l": 1000}
{"r": 16, "t": 55.465514, "l": 1000}
{"r": -22, "t": 57.847804, "l": 1000}
{"r": 30, "t": 60.225096, "l": 1000}
{"r": -2, "t": 62.629151, "l": 1000}
{"r": 38, "t": 65.038135, "l": 1000}
{"r": -43, "t": 67.382229, "l": 1000}
{"r": -12, "t": 69.688918, "l": 1000}
{"r": 0, "t": 71.977642, "l": 1000}
{"r": -78, "t": 74.30535, "l": 1000}
{"r": -20, "t": 76.568186, "l": 1000}
{"r": -9, "t": 78.817513, "l": 1000}
{"r": 37, "t": 81.089313, "l": 1000}
{"r": -46, "t": 83.367298, "l": 1000}
{"r": -65, "t": 85.659045, "l": 1000}
{"r": 2, "t": 87.925629, "l": 1000}
{"r": -32, "t": 90.228258, "l": 1000}
{"r": 27, "t": 92.555308, "l": 1000}
{"r": -21, "t": 94.918653, "l": 1000}
{"r": -17, "t": 97.209352, "l": 1000}
{"r": -69, "t": 99.478086, "l": 1000}
{"r": 29, "t": 101.756672, "l": 1000}
{"r": -41, "t": 104.090191, "l": 1000}
{"r": 65, "t": 106.429103, "l": 1000}
{"r": 8, "t": 108.747457, "l": 1000}
{"r": -8, "t": 111.030533, "l": 1000}
{"r": 26, "t": 113.313548, "l": 1000}
{"r": 45, "t": 115.623663, "l": 1000}
{"r": -60, "t": 117.944818, "l": 1000}
{"r": -42, "t": 120.204772, "l": 1000}
{"r": -13, "t": 122.461899, "l": 1000}
{"r": -34, "t": 124.723621, "l": 1000}
{"r": 47, "t": 126.990485, "l": 1000}
{"r": -11, "t": 129.268685, "l": 1000}
{"r": -18, "t": 131.501147, "l": 1000}
{"r": -20, "t": 133.692465, "l": 1000}
{"r": -40, "t": 135.934553, "l": 1000}
{"r": 24, "t": 138.197306, "l": 1000}
{"r": 19, "t": 140.457945, "l": 1000}
{"r": 0, "t": 142.728013, "l": 1000}
{"r": -24, "t": 145.005529, "l": 1000}
{"r": 72, "t": 147.320645, "l": 1000}
{"r": 97, "t": 149.644466, "l": 1000}
{"r": -15, "t": 152.013301, "l": 1000}
{"r": 29, "t": 154.312776, "l": 1000}
{"r": 53, "t": 156.557361, "l": 1000}
{"r": -34, "t": 158.812931, "l": 1000}
{"r": -1, "t": 161.091235, "l": 1000}
{"r": 3, "t": 163.380047, "l": 1000}
{"r": 13, "t": 165.719744, "l": 1000}
{"r": -32, "t": 168.047072, "l": 1000}
{"r": 6, "t": 170.353255, "l": 1000}
{"r": -52, "t": 172.625636, "l": 1000}
{"r": 68, "t": 174.916916, "l": 1000}
{"r": 18, "t": 177.144119, "l": 1000}
{"r": -23, "t": 179.429721, "l": 1000}
{"r": 40, "t": 181.745551, "l": 1000}
{"r": 103, "t": 184.059453, "l": 1000}
{"r": -3, "t": 186.426987, "l": 1000}
{"r": 18, "t": 188.815738, "l": 1000}
{"r": -17, "t": 191.182094, "l": 1000}
{"r": 100, "t": 193.506514, "l": 1000}
{"r": -11, "t": 195.801537, "l": 1000}
{"r": -34, "t": 198.097155, "l": 1000}
{"r": 64, "t": 200.422135, "l": 1000}
{"r": 28, "t": 202.737126, "l": 1000}
{"r": -33, "t": 204.971289, "l": 1000}
{"r": -71, "t": 207.205472, "l": 1000}
{"r": 2, "t": 209.430246, "l": 1000}
{"r": 33, "t": 211.6845, "l": 1000}
{"r": 24, "t": 213.974005, "l": 1000}
{"r": -27, "t": 216.218935, "l": 1000}
{"r": -13, "t": 218.474942, "l": 1000}
{"r": -27, "t": 220.738005, "l": 1000}
{"r": 83, "t": 222.965539, "l": 1000}
{"r": 29, "t": 225.281177, "l": 1000}
{"r": -23, "t": 227.592673, "l": 1000}
{"r": 27, "t": 229.90008, "l": 1000}
{"r": -4, "t": 232.252587, "l": 1000}
{"r": -81, "t": 234.576846, "l": 1000}
{"r": -26, "t": 236.887126, "l": 1000}
{"r": 87, "t": 239.240482, "l": 1000}
{"r": -13, "t": 241.555716, "l": 1000}
{"r": 52, "t": 243.811191, "l": 1000}
{"r": 26, "t": 246.195608, "l": 1000}
{"r": -42, "t": 248.574293, "l": 1000}
{"r": 8, "t": 250.863365, "l": 1000}
{"r": -15, "t": 253.185852, "l": 1000}
{"r": -5, "t": 255.494736, "l": 1000}
{"r": 4, "t": 257.80668, "l": 1000}
{"r": -38, "t": 260.139574, "l": 1000}
{"r": 27, "t": 262.493006, "l": 1000}
{"r": -15, "t": 264.869916, "l": 1000}
{"r": -30, "t": 267.260287, "l": 1000}
{"r": -41, "t": 269.59913, "l": 1000}
{"r": 24, "t": 271.88136, "l": 1000}
{"r": 21, "t": 274.181658, "l": 1000}
{"r": 33, "t": 276.462935, "l": 1000}
{"r": 24, "t": 278.816923, "l": 1000}
{"r": 29, "t": 281.177626, "l": 1000}
{"r": 13, "t": 283.478484, "l": 1000}
{"r": 17, "t": 285.790052, "l": 1000}
{"r": 74, "t": 288.158, "l": 1000}
{"r": 47, "t": 290.523261, "l": 1000}
{"r": -7, "t": 292.826535, "l": 1000}
{"r": -22, "t": 295.108299, "l": 1000}
{"r": 45, "t": 297.434862, "l": 1000}
{"r": 63, "t": 299.752264, "l": 1000}
{"r": 85, "t": 302.141232, "l": 1000}
{"r": -20, "t": 304.504506, "l": 1000}
{"r": 3, "t": 306.901399, "l": 1000}
{"r": -1, "t": 309.213681, "l": 1000}
{"r": -12, "t": 311.515487, "l": 1000}
{"r": 24, "t": 313.826477, "l": 1000}
{"r": 50, "t": 316.205667, "l": 1000}
{"r": 18, "t": 318.57396, "l": 1000}
{"r": -5, "t": 320.943889, "l": 1000}
{"r": 11, "t": 323.175682, "l": 1000}
{"r": 72, "t": 325.442946, "l": 1000}
{"r": 27, "t": 327.772985, "l": 1000}
{"r": 32, "t": 330.043885, "l": 1000}
{"r": -13, "t": 332.3364, "l": 1000}
{"r": 38, "t": 334.675191, "l": 1000}
{"r": 12, "t": 337.019316, "l": 1000}
{"r": -7, "t": 339.340751, "l": 1000}
{"r": 5, "t": 341.678572, "l": 1000}
{"r": -27, "t": 343.988752, "l": 1000}
{"r": 90, "t": 346.356011, "l": 1000}
{"r": 24, "t": 348.691294, "l": 1000}
{"r": -85, "t": 350.998738, "l": 1000}
{"r": -38, "t": 353.383077, "l": 1000}
{"r": 22, "t": 355.685735, "l": 1000}
{"r": -45, "t": 358.089965, "l": 1000}
{"r": -52, "t": 360.448651, "l": 1000}
{"r": 33, "t": 362.767605, "l": 1000}
{"r": -19, "t": 365.065587, "l": 1000}
{"r": 27, "t": 367.456765, "l": 1000}
{"r": -26, "t": 369.814302, "l": 1000}
{"r": -22, "t": 372.17781, "l": 1000}
{"r": 24, "t": 374.517348, "l": 1000}
{"r": 59, "t": 376.872738, "l": 1000}
{"r": -11, "t": 379.260886, "l": 1000}
{"r": -2, "t": 381.59081, "l": 1000}
{"r": 19, "t": 383.947243, "l": 1000}
{"r": 21, "t": 386.322685, "l": 1000}
{"r": -24, "t": 388.659002, "l": 1000}
{"r": 21, "t": 391.029066, "l": 1000}
{"r": 33, "t": 393.339696, "l": 1000}
{"r": -26, "t": 395.678694, "l": 1000}
{"r": -53, "t": 397.951741, "l": 1000}
{"r": 16, "t": 400.170915, "l": 1000}
{"r": -53, "t": 402.485644, "l": 1000}
{"r": -4, "t": 404.817332, "l": 1000}
{"r": -25, "t": 407.177522, "l": 1000}
{"r": -5, "t": 409.543778, "l": 1000}
{"r": 14, "t": 411.865369, "l": 1000}
{"r": -35, "t": 414.250396, "l": 1000}
{"r": 5, "t": 416.623249, "l": 1000}
{"r": 44, "t": 418.951976, "l": 1000}
{"r": 20, "t": 421.355365, "l": 1000}
{"r": -6, "t": 423.675824, "l": 1000}
{"r": 22, "t": 425.990046, "l": 1000}
{"r": 130, "t": 428.294104, "l": 1000}
{"r": 32, "t": 430.633312, "l": 1000}
{"r": -4, "t": 432.983695, "l": 1000}
{"r": 4, "t": 435.32444, "l": 1000}
{"r": 26, "t": 437.641983, "l": 1000}
{"r": -10, "t": 439.950652, "l": 1000}
{"r": 18, "t": 442.282186, "l": 1000}
{"r": -11, "t": 444.624453, "l": 1000}
{"r": 67, "t": 446.985265, "l": 1000}
{"r": 63, "t": 449.301844, "l": 1000}
{"r": 36, "t": 451.61504, "l": 1000}
{"r": 21, "t": 453.946412, "l": 1000}
{"r": -22, "t": 456.323419, "l": 1000}
{"r": -60, "t": 458.660239, "l": 1000}
{"r": -25, "t": 461.027338, "l": 1000}
{"r": -41, "t": 463.390201, "l": 1000}
{"r": 14, "t": 465.815657, "l": 1000}
{"r": 15, "t": 468.195653, "l": 1000}
{"r": -2, "t": 470.582461, "l": 1000}
{"r": 49, "t": 472.928782, "l": 1000}
{"r": -16, "t": 475.30003, "l": 1000}
{"r": 76, "t": 477.608603, "l": 1000}
{"r": 67, "t": 480.002213, "l": 1000}
{"r": 75, "t": 482.382974, "l": 1000}
{"r": -41, "t": 484.72883, "l": 1000}
{"r": 38, "t": 487.11314, "l": 1000}
{"r": -49, "t": 489.48832, "l": 1000}
{"r": 15, "t": 491.819367, "l": 1000}
{"r": 49, "t": 494.14375, "l": 1000}
{"r": 18, "t": 496.506353,