{"gym_version": "0.9.3", "t_start": 1517432357.3173077, "env_id": "GridWorldNoFrameskip-v4"}
{"r": -44, "t": 16.014096, "l": 1000}
{"r": 74, "t": 18.498863, "l": 1000}
{"r": 23, "t": 20.863072, "l": 1000}
{"r": -5, "t": 23.188562, "l": 1000}
{"r": -48, "t": 25.467585, "l": 1000}
{"r": -8, "t": 27.770123, "l": 1000}
{"r": -19, "t": 30.028005, "l": 1000}
{"r": -52, "t": 32.286396, "l": 1000}
{"r": 40, "t": 34.567204, "l": 1000}
{"r": 22, "t": 36.77979, "l": 1000}
{"r": -50, "t": 39.041377, "l": 1000}
{"r": -92, "t": 41.26656, "l": 1000}
{"r": -51, "t": 43.573268, "l": 1000}
{"r": 26, "t": 45.912834, "l": 1000}
{"r": -14, "t": 48.217425, "l": 1000}
{"r": 4, "t": 50.590069, "l": 1000}
{"r": 83, "t": 52.947552, "l": 1000}
{"r": -4, "t": 55.339007, "l": 1000}
{"r": 47, "t": 57.679648, "l": 1000}
{"r": 2, "t": 60.056322, "l": 1000}
{"r": 54, "t": 62.406976, "l": 1000}
{"r": 32, "t": 64.82163, "l": 1000}
{"r": -31, "t": 67.179011, "l": 1000}
{"r": -8, "t": 69.525156, "l": 1000}
{"r": -12, "t": 71.862087, "l": 1000}
{"r": -117, "t": 74.14063, "l": 1000}
{"r": -45, "t": 76.406573, "l": 1000}
{"r": 20, "t": 78.683975, "l": 1000}
{"r": 19, "t": 80.921683, "l": 1000}
{"r": 22, "t": 83.152784, "l": 1000}
{"r": -47, "t": 85.421477, "l": 1000}
{"r": 14, "t": 87.644015, "l": 1000}
{"r": 12, "t": 89.960472, "l": 1000}
{"r": -73, "t": 92.283725, "l": 1000}
{"r": -15, "t": 94.574654, "l": 1000}
{"r": -7, "t": 96.844906, "l": 1000}
{"r": 0, "t": 99.118704, "l": 1000}
{"r": -38, "t": 101.386763, "l": 1000}
{"r": -30, "t": 103.695505, "l": 1000}
{"r": 91, "t": 106.039747, "l": 1000}
{"r": 6, "t": 108.337335, "l": 1000}
{"r": -24, "t": 110.687025, "l": 1000}
{"r": 65, "t": 113.008866, "l": 1000}
{"r": 11, "t": 115.285559, "l": 1000}
{"r": 0, "t": 117.550407, "l": 1000}
{"r": -1, "t": 119.819461, "l": 1000}
{"r": -21, "t": 122.13209, "l": 1000}
{"r": 4, "t": 124.420428, "l": 1000}
{"r": 35, "t": 126.694523, "l": 1000}
{"r": 5, "t": 128.983544, "l": 1000}
{"r": 4, "t": 131.262722, "l": 1000}
{"r": -13, "t": 133.526884, "l": 1000}
{"r": 14, "t": 135.721359, "l": 1000}
{"r": -26, "t": 137.967218, "l": 1000}
{"r": -68, "t": 140.276993, "l": 1000}
{"r": 35, "t": 142.529567, "l": 1000}
{"r": -65, "t": 144.826662, "l": 1000}
{"r": -27, "t": 147.115137, "l": 1000}
{"r": -8, "t": 149.402037, "l": 1000}
{"r": -31, "t": 151.756894, "l": 1000}
{"r": -102, "t": 154.063801, "l": 1000}
{"r": 7, "t": 156.305821, "l": 1000}
{"r": 7, "t": 158.571759, "l": 1000}
{"r": 38, "t": 160.859157, "l": 1000}
{"r": -7, "t": 163.201685, "l": 1000}
{"r": 2, "t": 165.503152, "l": 1000}
{"r": -44, "t": 167.795793, "l": 1000}
{"r": 61, "t": 170.04924, "l": 1000}
{"r": -18, "t": 172.328948, "l": 1000}
{"r": -39, "t": 174.613445, "l": 1000}
{"r": 78, "t": 176.885667, "l": 1000}
{"r": 9, "t": 179.202551, "l": 1000}
{"r": -7, "t": 181.527462, "l": 1000}
{"r": 14, "t": 183.831632, "l": 1000}
{"r": 7, "t": 186.202804, "l": 1000}
{"r": -22, "t": 188.549027, "l": 1000}
{"r": -34, "t": 190.894487, "l": 1000}
{"r": 44, "t": 193.195213, "l": 1000}
{"r": -41, "t": 195.49612, "l": 1000}
{"r": -41, "t": 197.773228, "l": 1000}
{"r": -39, "t": 200.046105, "l": 1000}
{"r": 10, "t": 202.406833, "l": 1000}
{"r": -95, "t": 204.674994, "l": 1000}
{"r": 21, "t": 206.907903, "l": 1000}
{"r": 29, "t": 209.137776, "l": 1000}
{"r": 13, "t": 211.37996, "l": 1000}
{"r": 22, "t": 213.652911, "l": 1000}
{"r": -39, "t": 215.962806, "l": 1000}
{"r": -8, "t": 218.214385, "l": 1000}
{"r": 24, "t": 220.435117, "l": 1000}
{"r": 2, "t": 222.679649, "l": 1000}
{"r": -13, "t": 224.983144, "l": 1000}
{"r": 7, "t": 227.298602, "l": 1000}
{"r": 28, "t": 229.607715, "l": 1000}
{"r": 18, "t": 231.942501, "l": 1000}
{"r": 26, "t": 234.207874, "l": 1000}
{"r": 47, "t": 236.515063, "l": 1000}
{"r": 0, "t": 238.897688, "l": 1000}
{"r": 15, "t": 241.268547, "l": 1000}
{"r": -31, "t": 243.535697, "l": 1000}
{"r": -52, "t": 245.884566, "l": 1000}
{"r": -13, "t": 248.22667, "l": 1000}
{"r": 62, "t": 250.572488, "l": 1000}
{"r": -41, "t": 252.889832, "l": 1000}
{"r": 19, "t": 255.234302, "l": 1000}
{"r": 25, "t": 257.55215, "l": 1000}
{"r": -20, "t": 259.872362, "l": 1000}
{"r": 0, "t": 262.209009, "l": 1000}
{"r": 27, "t": 264.587588, "l": 1000}
{"r": 71, "t": 266.970746, "l": 1000}
{"r": -2, "t": 269.303505, "l": 1000}
{"r": 27, "t": 271.616962, "l": 1000}
{"r": -71, "t": 273.911564, "l": 1000}
{"r": 4, "t": 276.187312, "l": 1000}
{"r": 58, "t": 278.550559, "l": 1000}
{"r": -2, "t": 280.935481, "l": 1000}
{"r": 3, "t": 283.254422, "l": 1000}
{"r": -17, "t": 285.582636, "l": 1000}
{"r": -59, "t": 287.905239, "l": 1000}
{"r": -7, "t": 290.260808, "l": 1000}
{"r": -7, "t": 292.610651, "l": 1000}
{"r": 60, "t": 294.924247, "l": 1000}
{"r": 43, "t": 297.249003, "l": 1000}
{"r": 41, "t": 299.605018, "l": 1000}
{"r": 26, "t": 301.997154, "l": 1000}
{"r": -76, "t": 304.357995, "l": 1000}
{"r": 24, "t": 306.727309, "l": 1000}
{"r": 72, "t": 309.01593, "l": 1000}
{"r": -41, "t": 311.339288, "l": 1000}
{"r": 6, "t": 313.639044, "l": 1000}
{"r": 54, "t": 315.988654, "l": 1000}
{"r": -32, "t": 318.404009, "l": 1000}
{"r": 15, "t": 320.804693, "l": 1000}
{"r": 10, "t": 323.172845, "l": 1000}
{"r": 0, "t": 325.540762, "l": 1000}
{"r": 53, "t": 327.899178, "l": 1000}
{"r": 63, "t": 330.254503, "l": 1000}
{"r": -40, "t": 332.531109, "l": 1000}
{"r": 52, "t": 334.899347, "l": 1000}
{"r": -10, "t": 337.196829, "l": 1000}
{"r": -7, "t": 339.553694, "l": 1000}
{"r": -38, "t": 341.893878, "l": 1000}
{"r": 80, "t": 344.220235, "l": 1000}
{"r": 53, "t": 346.595599, "l": 1000}
{"r": -11, "t": 348.918382, "l": 1000}
{"r": 5, "t": 351.272862, "l": 1000}
{"r": -21, "t": 353.663959, "l": 1000}
{"r": -9, "t": 355.957945, "l": 1000}
{"r": -16, "t": 358.32554, "l": 1000}
{"r": -50, "t": 360.697651, "l": 1000}
{"r": 41, "t": 363.045318, "l": 1000}
{"r": 75, "t": 365.337751, "l": 1000}
{"r": -9, "t": 367.738143, "l": 1000}
{"r": -15, "t": 370.116382, "l": 1000}
{"r": -101, "t": 372.488987, "l": 1000}
{"r": 4, "t": 374.794333, "l": 1000}
{"r": 14, "t": 377.155401, "l": 1000}
{"r": -19, "t": 379.553912, "l": 1000}
{"r": 33, "t": 381.918799, "l": 1000}
{"r": -49, "t": 384.277383, "l": 1000}
{"r": -27, "t": 386.583146, "l": 1000}
{"r": 2, "t": 388.925937, "l": 1000}
{"r": -9, "t": 391.290491, "l": 1000}
{"r": 27, "t": 393.599375, "l": 1000}
{"r": 32, "t": 395.896253, "l": 1000}
{"r": -33, "t": 398.174447, "l": 1000}
{"r": -67, "t": 400.453566, "l": 1000}
{"r": 36, "t": 402.805783, "l": 1000}
{"r": 15, "t": 405.140407, "l": 1000}
{"r": -40, "t": 407.440259, "l": 1000}
{"r": -22, "t": 409.770543, "l": 1000}
{"r": 14, "t": 412.160488, "l": 1000}
{"r": 47, "t": 414.567259, "l": 1000}
{"r": 22, "t": 416.921649, "l": 1000}
{"r": 88, "t": 419.270018, "l": 1000}
{"r": 55, "t": 421.596022, "l": 1000}
{"r": -89, "t": 423.881307, "l": 1000}
{"r": -64, "t": 426.233611, "l": 1000}
{"r": 64, "t": 428.574318, "l": 1000}
{"r": 25, "t": 430.971283, "l": 1000}
{"r": 46, "t": 433.299619, "l": 1000}
{"r": 8, "t": 435.592843, "l": 1000}
{"r": 10, "t": 437.94688, "l": 1000}
{"r": 4, "t": 440.266906, "l": 1000}
{"r": -35, "t": 442.601552, "l": 1000}
{"r": 69, "t": 444.937423, "l": 1000}
{"r": 2, "t": 447.269783, "l": 1000}
{"r": 44, "t": 449.597856, "l": 1000}
{"r": 27, "t": 451.90424, "l": 1000}
{"r": 2, "t": 454.217016, "l": 1000}
{"r": -6, "t": 456.581975, "l": 1000}
{"r": -15, "t": 458.88728, "l": 1000}
{"r": -30, "t": 461.248662, "l": 1000}
{"r": 10, "t": 463.669438, "l": 1000}
{"r": -9, "t": 466.067339, "l": 1000}
{"r": 62, "t": 468.379767, "l": 1000}
{"r": 38, "t": 470.743755, "l": 1000}
{"r": 5, "t": 473.110047, "l": 1000}
{"r": 40, "t": 475.517223, "l": 1000}
{"r": 62, "t": 477.796488, "l": 1000}
{"r": 49, "t": 480.151706, "l": 1000}
{"r": 53, "t": 482.494206, "l": 1000}
{"r": 50, "t": 484.87073, "l": 1000}
{"r": 68, "t": 487.218557, "l": 1000}
{"r": 18, "t": 489.594841, "l": 1000}
{"r": -9, "t": 491.949318, "l": 1000}
{"r": -24, "t": 494.27875, "l": 1000}
{"r": 40, "t": 496.654476, "l": 1000}
{"r": -21,