{"gym_version": "0.9.3", "env_id": "GridWorldNoFrameskip-v4", "t_start": 1517455912.3115926}
{"l": 1000, "t": 15.086459, "r": 40}
{"l": 1000, "t": 16.383633, "r": -102}
{"l": 1000, "t": 17.667719, "r": -19}
{"l": 1000, "t": 18.94388, "r": -11}
{"l": 1000, "t": 20.239332, "r": -69}
{"l": 1000, "t": 21.544951, "r": -16}
{"l": 1000, "t": 22.814065, "r": 15}
{"l": 1000, "t": 24.099852, "r": -43}
{"l": 1000, "t": 25.346027, "r": 47}
{"l": 1000, "t": 26.595253, "r": -38}
{"l": 1000, "t": 27.851861, "r": -124}
{"l": 1000, "t": 29.099181, "r": 15}
{"l": 1000, "t": 30.387762, "r": -106}
{"l": 1000, "t": 31.656543, "r": -40}
{"l": 1000, "t": 32.900182, "r": -64}
{"l": 1000, "t": 34.162183, "r": -40}
{"l": 1000, "t": 35.43471, "r": 0}
{"l": 1000, "t": 36.68818, "r": 91}
{"l": 1000, "t": 37.937602, "r": 28}
{"l": 1000, "t": 39.225009, "r": 22}
{"l": 1000, "t": 40.508705, "r": 12}
{"l": 1000, "t": 41.773962, "r": -76}
{"l": 1000, "t": 43.047331, "r": 25}
{"l": 1000, "t": 44.297528, "r": -43}
{"l": 1000, "t": 45.558599, "r": 3}
{"l": 1000, "t": 46.802971, "r": -72}
{"l": 1000, "t": 48.077809, "r": -2}
{"l": 1000, "t": 49.334301, "r": -50}
{"l": 1000, "t": 50.613441, "r": -174}
{"l": 1000, "t": 51.863548, "r": -20}
{"l": 1000, "t": 53.140291, "r": 2}
{"l": 1000, "t": 54.412066, "r": -22}
{"l": 1000, "t": 55.716302, "r": -62}
{"l": 1000, "t": 56.99397, "r": 37}
{"l": 1000, "t": 58.271282, "r": 16}
{"l": 1000, "t": 59.582751, "r": -72}
{"l": 1000, "t": 60.843489, "r": -107}
{"l": 1000, "t": 62.121373, "r": 27}
{"l": 1000, "t": 63.376155, "r": -9}
{"l": 1000, "t": 64.651878, "r": 38}
{"l": 1000, "t": 65.89397, "r": 19}
{"l": 1000, "t": 67.138627, "r": -3}
{"l": 1000, "t": 68.389188, "r": 52}
{"l": 1000, "t": 69.659246, "r": -46}
{"l": 1000, "t": 70.923243, "r": -94}
{"l": 1000, "t": 72.170034, "r": 6}
{"l": 1000, "t": 73.429986, "r": 28}
{"l": 1000, "t": 74.670683, "r": -123}
{"l": 1000, "t": 75.924536, "r": 55}
{"l": 1000, "t": 77.16601, "r": -9}
{"l": 1000, "t": 78.440726, "r": -28}
{"l": 1000, "t": 79.71651, "r": -6}
{"l": 1000, "t": 80.988144, "r": -4}
{"l": 1000, "t": 82.272297, "r": -19}
{"l": 1000, "t": 83.565965, "r": -5}
{"l": 1000, "t": 84.844801, "r": 48}
{"l": 1000, "t": 86.130017, "r": -22}
{"l": 1000, "t": 87.419975, "r": 48}
{"l": 1000, "t": 88.686848, "r": 9}
{"l": 1000, "t": 89.990293, "r": 17}
{"l": 1000, "t": 91.298953, "r": 10}
{"l": 1000, "t": 92.559094, "r": 8}
{"l": 1000, "t": 93.858444, "r": -64}
{"l": 1000, "t": 95.111406, "r": 48}
{"l": 1000, "t": 96.365313, "r": 46}
{"l": 1000, "t": 97.657161, "r": -29}
{"l": 1000, "t": 98.952045, "r": -126}
{"l": 1000, "t": 100.241561, "r": -66}
{"l": 1000, "t": 101.514871, "r": -1}
{"l": 1000, "t": 102.784493, "r": 34}
{"l": 1000, "t": 104.09499, "r": 2}
{"l": 1000, "t": 105.367328, "r": 25}
{"l": 1000, "t": 106.65338, "r": 4}
{"l": 1000, "t": 107.914693, "r": 8}
{"l": 1000, "t": 109.190702, "r": -48}
{"l": 1000, "t": 110.476227, "r": 73}
{"l": 1000, "t": 111.756878, "r": -20}
{"l": 1000, "t": 113.034811, "r": -50}
{"l": 1000, "t": 114.307643, "r": 1}
{"l": 1000, "t": 115.574638, "r": -68}
{"l": 1000, "t": 116.85745, "r": -12}
{"l": 1000, "t": 118.13658, "r": -56}
{"l": 1000, "t": 119.401021, "r": -67}
{"l": 1000, "t": 120.67489, "r": -72}
{"l": 1000, "t": 121.941265, "r": -12}
{"l": 1000, "t": 123.201623, "r": 56}
{"l": 1000, "t": 124.470783, "r": -2}
{"l": 1000, "t": 125.739134, "r": -20}
{"l": 1000, "t": 127.016328, "r": -80}
{"l": 1000, "t": 128.296832, "r": 26}
{"l": 1000, "t": 129.569141, "r": -31}
{"l": 1000, "t": 130.837954, "r": -5}
{"l": 1000, "t": 132.104175, "r": -47}
{"l": 1000, "t": 133.3862, "r": 33}
{"l": 1000, "t": 134.641953, "r": 4}
{"l": 1000, "t": 135.914064, "r": 8}
{"l": 1000, "t": 137.176477, "r": 37}
{"l": 1000, "t": 138.441817, "r": 23}
{"l": 1000, "t": 139.692352, "r": -22}
{"l": 1000, "t": 140.986501, "r": -107}
{"l": 1000, "t": 142.252949, "r": 14}
{"l": 1000, "t": 143.511919, "r": -62}
{"l": 1000, "t": 144.802113, "r": 16}
{"l": 1000, "t": 146.082669, "r": 0}
{"l": 1000, "t": 147.363535, "r": -9}
{"l": 1000, "t": 148.642401, "r": 8}
{"l": 1000, "t": 149.897666, "r": 10}
{"l": 1000, "t": 151.149214, "r": 1}
{"l": 1000, "t": 152.423687, "r": -28}
{"l": 1000, "t": 153.704317, "r": -79}
{"l": 1000, "t": 154.953339, "r": -48}
{"l": 1000, "t": 156.218044, "r": 62}
{"l": 1000, "t": 157.495811, "r": -68}
{"l": 1000, "t": 158.781322, "r": 4}
{"l": 1000, "t": 160.037001, "r": -68}
{"l": 1000, "t": 161.309621, "r": -7}
{"l": 1000, "t": 162.574954, "r": -12}
{"l": 1000, "t": 163.845413, "r": 56}
{"l": 1000, "t": 165.130428, "r": 10}
{"l": 1000, "t": 166.404031, "r": -48}
{"l": 1000, "t": 167.676249, "r": -58}
{"l": 1000, "t": 168.960879, "r": 50}
{"l": 1000, "t": 170.211812, "r": -28}
{"l": 1000, "t": 171.507161, "r": 9}
{"l": 1000, "t": 172.784966, "r": 18}
{"l": 1000, "t": 174.065188, "r": -84}
{"l": 1000, "t": 175.336621, "r": -25}
{"l": 1000, "t": 176.603957, "r": 63}
{"l": 1000, "t": 177.850889, "r": -67}
{"l": 1000, "t": 179.138252, "r": -91}
{"l": 1000, "t": 180.375899, "r": -52}
{"l": 1000, "t": 181.594532, "r": -55}
{"l": 1000, "t": 182.833904, "r": -75}
{"l": 1000, "t": 184.076109, "r": -36}
{"l": 1000, "t": 185.330948, "r": 3}
{"l": 1000, "t": 186.604837, "r": 26}
{"l": 1000, "t": 187.886075, "r": 19}
{"l": 1000, "t": 189.155968, "r": -43}
{"l": 1000, "t": 190.458569, "r": 13}
{"l": 1000, "t": 191.70209, "r": 64}
{"l": 1000, "t": 192.973798, "r": -45}
{"l": 1000, "t": 194.25291, "r": -10}
{"l": 1000, "t": 195.501633, "r": 22}
{"l": 1000, "t": 196.748483, "r": 56}
{"l": 1000, "t": 197.991543, "r": 32}
{"l": 1000, "t": 199.250051, "r": -28}
{"l": 1000, "t": 200.499826, "r": -106}
{"l": 1000, "t": 201.761046, "r": 17}
{"l": 1000, "t": 203.022028, "r": -47}
{"l": 1000, "t": 204.280611, "r": -68}
{"l": 1000, "t": 205.534023, "r": -119}
{"l": 1000, "t": 206.785766, "r": -34}
{"l": 1000, "t": 208.047404, "r": -85}
{"l": 1000, "t": 209.324551, "r": 35}
{"l": 1000, "t": 210.624906, "r": -7}
{"l": 1000, "t": 211.88553, "r": -42}
{"l": 1000, "t": 213.163181, "r": 19}
{"l": 1000, "t": 214.432584, "r": -43}
{"l": 1000, "t": 215.718637, "r": -35}
{"l": 1000, "t": 217.003142, "r": -1}
{"l": 1000, "t": 218.283801, "r": -20}
{"l": 1000, "t": 219.53532, "r": -13}
{"l": 1000, "t": 220.814247, "r": 16}
{"l": 1000, "t": 222.088758, "r": -68}
{"l": 1000, "t": 223.363697, "r": -28}
{"l": 1000, "t": 224.634632, "r": -82}
{"l": 1000, "t": 225.916984, "r": -123}
{"l": 1000, "t": 227.15542, "r": -68}
{"l": 1000, "t": 228.422982, "r": -48}
{"l": 1000, "t": 229.693802, "r": -46}
{"l": 1000, "t": 230.984283, "r": -66}
{"l": 1000, "t": 232.280838, "r": -85}
{"l": 1000, "t": 233.561622, "r": -75}
{"l": 1000, "t": 234.838132, "r": -46}
{"l": 1000, "t": 236.117724, "r": 29}
{"l": 1000, "t": 237.394051, "r": -9}
{"l": 1000, "t": 238.670424, "r": -75}
{"l": 1000, "t": 239.974078, "r": -54}
{"l": 1000, "t": 241.250579, "r": 55}
{"l": 1000, "t": 242.51665, "r": 36}
{"l": 1000, "t": 243.777809, "r": -22}
{"l": 1000, "t": 245.080121, "r": -23}
{"l": 1000, "t": 246.362486, "r": -82}
{"l": 1000, "t": 247.639191, "r": 42}
{"l": 1000, "t": 248.929959, "r": 18}
{"l": 1000, "t": 250.186676, "r": -44}
{"l": 1000, "t": 251.458318, "r": -22}
{"l": 1000, "t": 252.730826, "r": -23}
{"l": 1000, "t": 254.016899, "r": 18}
{"l": 1000, "t": 255.280951, "r": -53}
{"l": 1000, "t": 256.576804, "r": -72}
{"l": 1000, "t": 257.857374, "r": 13}
{"l": 1000, "t": 259.164325, "r": -1}
{"l": 1000, "t": 260.459543, "r": -64}
{"l": 1000, "t": 261.727233, "r": -62}
{"l": 1000, "t": 263.025403, "r": 61}
{"l": 1000, "t": 264.287119, "r": -8}
{"l": 1000, "t": 265.558351, "r": 13}
{"l": 1000, "t": 266.819301, "r": -54}
{"l": 1000, "t": 268.091577, "r": 12}
{"l": 1000, "t": 269.343663, "r": -18}
{"l": 1000, "t": 270.618161, "r": 20}
{"l": 1000, "t": 271.888334, "r": -32}
{"l": 1000, "t": 273.18257, "r": -28}
{"l": 1000, "t": 274.460327, "r": -46}
{"l": 1000, "t": 275.727844, "r": -40}
{"l": 1000, "t": 276.998286, "r": -16}
{"l": 1000,