{"t_start": 1514545152.6888137, "gym_version": "0.9.2", "env_id": "GridWorldNoFrameskip-v4"}
{"r": 0.0, "l": 1000, "t": 16.991068}
{"r": 0.0, "l": 1000, "t": 35.710361}
{"r": 0.0, "l": 1000, "t": 53.782621}
{"r": 0.0, "l": 1000, "t": 71.432161}
{"r": 0.0, "l": 1000, "t": 88.735192}
{"r": 0.0, "l": 1000, "t": 108.415}
{"r": 0.0, "l": 1000, "t": 126.22035}
{"r": 0.0, "l": 1000, "t": 143.396449}
{"r": 0.0, "l": 1000, "t": 162.370464}
{"r": 0.0, "l": 1000, "t": 179.340957}
{"r": 0.0, "l": 1000, "t": 196.632666}
{"r": 0.0, "l": 1000, "t": 216.083184}
{"r": 0.0, "l": 1000, "t": 233.293981}
{"r": 0.0, "l": 1000, "t": 250.364918}
{"r": 0.0, "l": 1000, "t": 268.114712}
{"r": 0.0, "l": 1000, "t": 287.514472}
{"r": 0.0, "l": 1000, "t": 305.033108}
{"r": 0.0, "l": 1000, "t": 322.333352}
{"r": 0.0, "l": 1000, "t": 337.722779}
{"r": 0.0, "l": 1000, "t": 356.869464}
{"r": 0.0, "l": 1000, "t": 376.953177}
{"r": 0.0, "l": 1000, "t": 394.257992}
{"r": 0.0, "l": 1000, "t": 411.905509}
{"r": 0.0, "l": 1000, "t": 428.540463}
{"r": 0.0, "l": 1000, "t": 447.791177}
{"r": 0.0, "l": 1000, "t": 464.953379}
{"r": 0.0, "l": 1000, "t": 484.058302}
{"r": 0.0, "l": 1000, "t": 500.969066}
{"r": 0.0, "l": 1000, "t": 517.94349}
{"r": 0.0, "l": 1000, "t": 535.251931}
{"r": 0.0, "l": 1000, "t": 552.626034}
{"r": 0.0, "l": 1000, "t": 569.412272}
{"r": 0.0, "l": 1000, "t": 588.345001}
{"r": 0.0, "l": 1000, "t": 606.170655}
{"r": 0.0, "l": 1000, "t": 622.977256}
{"r": 0.0, "l": 1000, "t": 639.610796}
{"r": 0.0, "l": 1000, "t": 658.604223}
{"r": 0.0, "l": 1000, "t": 674.060404}
{"r": 0.0, "l": 1000, "t": 691.480982}
{"r": 0.0, "l": 1000, "t": 710.701715}
{"r": 0.0, "l": 1000, "t": 727.655635}
{"r": 0.0, "l": 1000, "t": 745.044108}
{"r": 0.0, "l": 1000, "t": 762.145306}
{"r": 0.0, "l": 1000, "t": 781.918616}
{"r": 0.0, "l": 1000, "t": 799.393255}
{"r": 0.0, "l": 1000, "t": 818.790748}
{"r": 0.0, "l": 1000, "t": 835.840726}
{"r": 0.0, "l": 1000, "t": 854.539525}
{"r": 0.0, "l": 1000, "t": 872.208629}
{"r": 0.0, "l": 1000, "t": 889.30478}
{"r": 0.0, "l": 1000, "t": 906.720932}
{"r": 0.0, "l": 1000, "t": 924.047784}
{"r": 0.0, "l": 1000, "t": 943.188412}
{"r": 0.0, "l": 1000, "t": 960.409475}
{"r": 0.0, "l": 1000, "t": 977.17083}
{"r": 0.0, "l": 1000, "t": 992.332693}
{"r": 0.0, "l": 1000, "t": 1011.522965}
{"r": 0.0, "l": 1000, "t": 1028.592178}
{"r": 0.0, "l": 1000, "t": 1047.694996}
{"r": 0.0, "l": 1000, "t": 1065.062251}
{"r": 0.0, "l": 1000, "t": 1082.15475}
{"r": 0.0, "l": 1000, "t": 1099.334358}
{"r": 0.0, "l": 1000, "t": 1116.864991}
{"r": 0.0, "l": 1000, "t": 1133.394773}
{"r": 0.0, "l": 1000, "t": 1152.304572}
{"r": 0.0, "l": 1000, "t": 1168.978364}
{"r": 0.0, "l": 1000, "t": 1186.382589}
{"r": 0.0, "l": 1000, "t": 1203.278397}
{"r": 0.0, "l": 1000, "t": 1220.361161}
{"r": 0.0, "l": 1000, "t": 1239.480882}
{"r": 0.0, "l": 1000, "t": 1256.335002}
{"r": 0.0, "l": 1000, "t": 1275.291623}
{"r": 0.0, "l": 1000, "t": 1292.688952}
{"r": 0.0, "l": 1000, "t": 1309.647293}
{"r": 0.0, "l": 1000, "t": 1326.35222}
{"r": 0.0, "l": 1000, "t": 1343.318371}
{"r": 0.0, "l": 1000, "t": 1360.37358}
{"r": 0.0, "l": 1000, "t": 1377.443257}
{"r": 0.0, "l": 1000, "t": 1396.838887}
{"r": 0.0, "l": 1000, "t": 1416.049625}
{"r": 0.0, "l": 1000, "t": 1433.37478}
{"r": 0.0, "l": 1000, "t": 1451.022775}
{"r": 0.0, "l": 1000, "t": 1468.079463}
{"r": 0.0, "l": 1000, "t": 1485.154236}
{"r": 0.0, "l": 1000, "t": 1504.439909}
{"r": 0.0, "l": 1000, "t": 1520.981002}
{"r": 0.0, "l": 1000, "t": 1537.858207}
{"r": 0.0, "l": 1000, "t": 1554.759528}
{"r": 0.0, "l": 1000, "t": 1571.587481}
{"r": 0.0, "l": 1000, "t": 1590.881036}
{"r": 0.0, "l": 1000, "t": 1608.0483}
{"r": 0.0, "l": 1000, "t": 1624.531268}
{"r": 0.0, "l": 1000, "t": 1643.461724}
{"r": 0.0, "l": 1000, "t": 1660.034357}
{"r": 0.0, "l": 1000, "t": 1677.101548}
{"r": 0.0, "l": 1000, "t": 1695.229901}
{"r": 0.0, "l": 1000, "t": 1712.531211}
{"r": 0.0, "l": 1000, "t": 1751.420411}
{"r": 0.0, "l": 1000, "t": 1804.257362}
{"r": 0.0, "l": 1000, "t": 1863.817867}
{"r": 0.0, "l": 1000, "t": 1923.629487}
{"r": 0.0, "l": 1000, "t": 1983.420053}
{"r": 0.0, "l": 1000, "t": 2046.517145}
{"r": 0.0, "l": 1000, "t": 2094.22516}
{"r": 0.0, "l": 1000, "t": 2157.303354}
{"r": 0.0, "l": 1000, "t": 2218.48438}
{"r": 0.0, "l": 1000, "t": 2281.532124}
{"r": 0.0, "l": 1000, "t": 2343.228539}
{"r": 0.0, "l": 1000, "t": 2400.52373}
{"r": 0.0, "l": 1000, "t": 2463.060493}
{"r": 0.0, "l": 1000, "t": 2523.034046}
{"r": 0.0, "l": 1000, "t": 2581.327312}
{"r": 0.0, "l": 1000, "t": 2637.170676}
{"r": 0.0, "l": 1000, "t": 2696.65016}
{"r": 0.0, "l": 1000, "t": 2761.519363}
{"r": 0.0, "l": 1000, "t": 2821.487947}
{"r": 0.0, "l": 1000, "t": 2880.065374}
{"r": 0.0, "l": 1000, "t": 2939.54248}
{"r": 0.0, "l": 1000, "t": 2992.254093}
{"r": 0.0, "l": 1000, "t": 3046.499488}
{"r": 0.0, "l": 1000, "t": 3097.672369}
{"r": 0.0, "l": 1000, "t": 3152.534322}
{"r": 0.0, "l": 1000, "t": 3210.4915}
{"r": 0.0, "l": 1000, "t": 3260.845891}
{"r": 0.0, "l": 1000, "t": 3323.551147}
{"r": 0.0, "l": 1000, "t": 3387.089001}
{"r": 0.0, "l": 1000, "t": 3439.722663}
{"r": 0.0, "l": 1000, "t": 3496.989507}
{"r": 0.0, "l": 1000, "t": 3551.765403}
{"r": 0.0, "l": 1000, "t": 3607.695607}
{"r": 0.0, "l": 1000, "t": 3658.225501}
{"r": 0.0, "l": 1000, "t": 3714.340676}
{"r": 0.0, "l": 1000, "t": 3768.427239}
{"r": 0.0, "l": 1000, "t": 3823.35499}
{"r": 0.0, "l": 1000, "t": 3880.02765}
{"r": 0.0, "l": 1000, "t": 3925.924589}
{"r": 0.0, "l": 1000, "t": 3984.969164}
{"r": 0.0, "l": 1000, "t": 4040.477813}
{"r": 0.0, "l": 1000, "t": 4099.268022}
{"r": 0.0, "l": 1000, "t": 4155.929348}
{"r": 0.0, "l": 1000, "t": 4201.086895}
{"r": 0.0, "l": 1000, "t": 4255.627364}
{"r": 0.0, "l": 1000, "t": 4311.55287}
{"r": 0.0, "l": 1000, "t": 4370.790187}
{"r": 0.0, "l": 1000, "t": 4424.967875}
{"r": 0.0, "l": 1000, "t": 4483.941142}
{"r": 0.0, "l": 1000, "t": 4530.310585}
{"r": 0.0, "l": 1000, "t": 4578.619342}
{"r": 0.0, "l": 1000, "t": 4630.773051}
{"r": 0.0, "l": 1000, "t": 4687.164898}
{"r": 0.0, "l": 1000, "t": 4744.654101}
{"r": 0.0, "l": 1000, "t": 4807.693691}
{"r": 0.0, "l": 1000, "t": 4867.134141}
{"r": 0.0, "l": 1000, "t": 4924.54416}
{"r": 0.0, "l": 1000, "t": 4979.194093}
{"r": 0.0, "l": 1000, "t": 5036.022288}
{"r": 0.0, "l": 1000, "t": 5094.600055}
{"r": 0.0, "l": 1000, "t": 5152.723655}
{"r": 0.0, "l": 1000, "t": 5213.209291}
{"r": 0.0, "l": 1000, "t": 5268.104901}
{"r": 0.0, "l": 1000, "t": 5326.968614}
{"r": 0.0, "l": 1000, "t": 5384.223759}
{"r": 0.0, "l": 1000, "t": 5438.527566}
{"r": 0.0, "l": 1000, "t": 5495.85137}
{"r": 0.0, "l": 1000, "t": 5552.316361}
{"r": 0.0, "l": 1000, "t": 5611.459214}
{"r": 0.0, "l": 1000, "t": 5670.30641}
{"r": 0.0, "l": 1000, "t": 5729.800633}
{"r": 0.0, "l": 1000, "t": 5780.56679}
{"r": 0.0, "l": 1000, "t": 5838.537203}
{"r": 0.0, "l": 1000, "t": 5898.018394}
{"r": 0.0, "l": 1000, "t": 5955.020272}
{"r": 0.0, "l": 1000, "t": 6012.442951}
{"r": 0.0, "l": 1000, "t": 6071.211063}
{"r": 0.0, "l": 1000, "t": 6129.423134}
{"r": 0.0, "l": 1000, "t": 6187.0058}
{"r": 0.0, "l": 1000, "t": 6249.950137}
{"r": 0.0, "l": 1000, "t": 6304.357007}
{"r": 0.0, "l": 1000, "t": 6360.224883}
{"r": 0.0, "l": 1000, "t": 6420.492482}
{"r": 0.0, "l": 1000, "t": 6478.695323}
{"r": 0.0, "l": 1000, "t": 6542.440041}
{"r": 0.0, "l": 1000, "t": 6597.310434}
{"r": 0.0, "l": 1000, "t": 6655.931494}
{"r": 0.0, "l": 1000, "t": 6711.006978}
{"r": 0.0, "l": 1000, "t": 6770.329711}
{"r": 0.0, "l": 1000, "t": 6835.485853}
{"r": 0.0, "l": 1000, "t": 6890.206148}
{"r": 0.0, "l": 1000, "t": 6952.416979}
{"r": 0.0, "l": 1000, "t": 7003.454781}
{"r": 0.0, "l": 1000, "t": 7065.74954}
{"r": 0.0, "l": 1000, "t": 7122.292221}
{"r": 0.0, "l": 1000, "t": 7182.657896}
{"r": 0.0, "l": 1000, "t": 7244.392786}
{"r": 0.0, "l": 1000, "t": 7304.4452}
{"r": 0.0, "l": 1000, "t": 7366.697045}
{"r": 0.0, "l": 1000, "t": 7423.845912}
{"r": 0.0, "l": 1000, "t": 7486.331532}
{"r": 0.0, "l": 1000, "t": 7550.985875}
{"r": 0.0, "l": 1000,