{"t_start": 1514545152.6898623, "gym_version": "0.9.2", "env_id": "GridWorldNoFrameskip-v4"}
{"r": 0.0, "l": 1000, "t": 16.975223}
{"r": 0.0, "l": 1000, "t": 35.689127}
{"r": 0.0, "l": 1000, "t": 53.771291}
{"r": 0.0, "l": 1000, "t": 71.552728}
{"r": 0.0, "l": 1000, "t": 88.602062}
{"r": 0.0, "l": 1000, "t": 108.388732}
{"r": 0.0, "l": 1000, "t": 126.088367}
{"r": 0.0, "l": 1000, "t": 143.002504}
{"r": 0.0, "l": 1000, "t": 162.14034}
{"r": 0.0, "l": 1000, "t": 177.313353}
{"r": 0.0, "l": 1000, "t": 196.170659}
{"r": 0.0, "l": 1000, "t": 213.712237}
{"r": 0.0, "l": 1000, "t": 231.004446}
{"r": 0.0, "l": 1000, "t": 248.22319}
{"r": 0.0, "l": 1000, "t": 267.781762}
{"r": 0.0, "l": 1000, "t": 285.414865}
{"r": 0.0, "l": 1000, "t": 304.347977}
{"r": 0.0, "l": 1000, "t": 322.319045}
{"r": 0.0, "l": 1000, "t": 337.399646}
{"r": 0.0, "l": 1000, "t": 356.698194}
{"r": 0.0, "l": 1000, "t": 374.673015}
{"r": 0.0, "l": 1000, "t": 391.763572}
{"r": 0.0, "l": 1000, "t": 411.183107}
{"r": 0.0, "l": 1000, "t": 428.078615}
{"r": 0.0, "l": 1000, "t": 445.420663}
{"r": 0.0, "l": 1000, "t": 464.549243}
{"r": 0.0, "l": 1000, "t": 481.68503}
{"r": 0.0, "l": 1000, "t": 498.533287}
{"r": 0.0, "l": 1000, "t": 517.48149}
{"r": 0.0, "l": 1000, "t": 534.871329}
{"r": 0.0, "l": 1000, "t": 551.772228}
{"r": 0.0, "l": 1000, "t": 568.797435}
{"r": 0.0, "l": 1000, "t": 585.916533}
{"r": 0.0, "l": 1000, "t": 605.572966}
{"r": 0.0, "l": 1000, "t": 622.395153}
{"r": 0.0, "l": 1000, "t": 639.119158}
{"r": 0.0, "l": 1000, "t": 656.513754}
{"r": 0.0, "l": 1000, "t": 673.59519}
{"r": 0.0, "l": 1000, "t": 690.941226}
{"r": 0.0, "l": 1000, "t": 708.272248}
{"r": 0.0, "l": 1000, "t": 725.230764}
{"r": 0.0, "l": 1000, "t": 742.437493}
{"r": 0.0, "l": 1000, "t": 759.9626}
{"r": 0.0, "l": 1000, "t": 779.287417}
{"r": 0.0, "l": 1000, "t": 798.623606}
{"r": 0.0, "l": 1000, "t": 816.119711}
{"r": 0.0, "l": 1000, "t": 833.018458}
{"r": 0.0, "l": 1000, "t": 851.970576}
{"r": 0.0, "l": 1000, "t": 869.339008}
{"r": 0.0, "l": 1000, "t": 886.564375}
{"r": 0.0, "l": 1000, "t": 904.138329}
{"r": 0.0, "l": 1000, "t": 923.291369}
{"r": 0.0, "l": 1000, "t": 940.612674}
{"r": 0.0, "l": 1000, "t": 958.038028}
{"r": 0.0, "l": 1000, "t": 974.903602}
{"r": 0.0, "l": 1000, "t": 991.621803}
{"r": 0.0, "l": 1000, "t": 1008.828643}
{"r": 0.0, "l": 1000, "t": 1026.000042}
{"r": 0.0, "l": 1000, "t": 1045.060694}
{"r": 0.0, "l": 1000, "t": 1062.381408}
{"r": 0.0, "l": 1000, "t": 1079.473898}
{"r": 0.0, "l": 1000, "t": 1096.929168}
{"r": 0.0, "l": 1000, "t": 1116.218325}
{"r": 0.0, "l": 1000, "t": 1131.068474}
{"r": 0.0, "l": 1000, "t": 1149.927894}
{"r": 0.0, "l": 1000, "t": 1166.738988}
{"r": 0.0, "l": 1000, "t": 1185.997264}
{"r": 0.0, "l": 1000, "t": 1202.878272}
{"r": 0.0, "l": 1000, "t": 1219.814141}
{"r": 0.0, "l": 1000, "t": 1237.192199}
{"r": 0.0, "l": 1000, "t": 1255.837006}
{"r": 0.0, "l": 1000, "t": 1272.901322}
{"r": 0.0, "l": 1000, "t": 1289.960716}
{"r": 0.0, "l": 1000, "t": 1309.104239}
{"r": 0.0, "l": 1000, "t": 1325.718244}
{"r": 0.0, "l": 1000, "t": 1341.011328}
{"r": 0.0, "l": 1000, "t": 1357.829748}
{"r": 0.0, "l": 1000, "t": 1376.976933}
{"r": 0.0, "l": 1000, "t": 1394.451951}
{"r": 0.0, "l": 1000, "t": 1413.908369}
{"r": 0.0, "l": 1000, "t": 1433.008841}
{"r": 0.0, "l": 1000, "t": 1450.72397}
{"r": 0.0, "l": 1000, "t": 1467.772461}
{"r": 0.0, "l": 1000, "t": 1484.977059}
{"r": 0.0, "l": 1000, "t": 1504.282786}
{"r": 0.0, "l": 1000, "t": 1520.702465}
{"r": 0.0, "l": 1000, "t": 1537.614106}
{"r": 0.0, "l": 1000, "t": 1554.516794}
{"r": 0.0, "l": 1000, "t": 1571.340158}
{"r": 0.0, "l": 1000, "t": 1590.7041}
{"r": 0.0, "l": 1000, "t": 1607.664764}
{"r": 0.0, "l": 1000, "t": 1624.188565}
{"r": 0.0, "l": 1000, "t": 1641.24579}
{"r": 0.0, "l": 1000, "t": 1657.914848}
{"r": 0.0, "l": 1000, "t": 1676.661467}
{"r": 0.0, "l": 1000, "t": 1692.943212}
{"r": 0.0, "l": 1000, "t": 1712.17064}
{"r": 0.0, "l": 1000, "t": 1746.670794}
{"r": 0.0, "l": 1000, "t": 1801.63228}
{"r": 0.0, "l": 1000, "t": 1859.592497}
{"r": 0.0, "l": 1000, "t": 1919.410469}
{"r": 0.0, "l": 1000, "t": 1982.18769}
{"r": 0.0, "l": 1000, "t": 2042.424091}
{"r": 0.0, "l": 1000, "t": 2090.473696}
{"r": 0.0, "l": 1000, "t": 2156.497675}
{"r": 0.0, "l": 1000, "t": 2218.534149}
{"r": 0.0, "l": 1000, "t": 2282.119772}
{"r": 0.0, "l": 1000, "t": 2343.979936}
{"r": 0.0, "l": 1000, "t": 2406.964854}
{"r": 0.0, "l": 1000, "t": 2463.09141}
{"r": 0.0, "l": 1000, "t": 2522.372986}
{"r": 0.0, "l": 1000, "t": 2580.706028}
{"r": 0.0, "l": 1000, "t": 2636.380926}
{"r": 0.0, "l": 1000, "t": 2695.415}
{"r": 0.0, "l": 1000, "t": 2760.613961}
{"r": 0.0, "l": 1000, "t": 2819.855848}
{"r": 0.0, "l": 1000, "t": 2875.619437}
{"r": 0.0, "l": 1000, "t": 2935.305824}
{"r": 0.0, "l": 1000, "t": 2990.86642}
{"r": 0.0, "l": 1000, "t": 3045.347328}
{"r": 0.0, "l": 1000, "t": 3096.629154}
{"r": 0.0, "l": 1000, "t": 3151.390531}
{"r": 0.0, "l": 1000, "t": 3203.948817}
{"r": 0.0, "l": 1000, "t": 3260.608124}
{"r": 0.0, "l": 1000, "t": 3319.562967}
{"r": 0.0, "l": 1000, "t": 3383.303349}
{"r": 0.0, "l": 1000, "t": 3438.156792}
{"r": 0.0, "l": 1000, "t": 3490.67509}
{"r": 0.0, "l": 1000, "t": 3546.802547}
{"r": 0.0, "l": 1000, "t": 3602.012289}
{"r": 0.0, "l": 1000, "t": 3652.832609}
{"r": 0.0, "l": 1000, "t": 3710.20594}
{"r": 0.0, "l": 1000, "t": 3763.818327}
{"r": 0.0, "l": 1000, "t": 3820.036169}
{"r": 0.0, "l": 1000, "t": 3876.893294}
{"r": 0.0, "l": 1000, "t": 3924.83499}
{"r": 0.0, "l": 1000, "t": 3982.266609}
{"r": 0.0, "l": 1000, "t": 4038.762045}
{"r": 0.0, "l": 1000, "t": 4097.138648}
{"r": 0.0, "l": 1000, "t": 4153.948675}
{"r": 0.0, "l": 1000, "t": 4197.278426}
{"r": 0.0, "l": 1000, "t": 4254.792973}
{"r": 0.0, "l": 1000, "t": 4306.640669}
{"r": 0.0, "l": 1000, "t": 4366.121733}
{"r": 0.0, "l": 1000, "t": 4420.983957}
{"r": 0.0, "l": 1000, "t": 4480.034984}
{"r": 0.0, "l": 1000, "t": 4528.94181}
{"r": 0.0, "l": 1000, "t": 4577.826766}
{"r": 0.0, "l": 1000, "t": 4628.126123}
{"r": 0.0, "l": 1000, "t": 4683.425969}
{"r": 0.0, "l": 1000, "t": 4743.91902}
{"r": 0.0, "l": 1000, "t": 4804.197248}
{"r": 0.0, "l": 1000, "t": 4863.482125}
{"r": 0.0, "l": 1000, "t": 4922.748509}
{"r": 0.0, "l": 1000, "t": 4978.17327}
{"r": 0.0, "l": 1000, "t": 5036.025984}
{"r": 0.0, "l": 1000, "t": 5094.300111}
{"r": 0.0, "l": 1000, "t": 5151.768756}
{"r": 0.0, "l": 1000, "t": 5212.366853}
{"r": 0.0, "l": 1000, "t": 5264.851265}
{"r": 0.0, "l": 1000, "t": 5326.21335}
{"r": 0.0, "l": 1000, "t": 5383.548976}
{"r": 0.0, "l": 1000, "t": 5438.108154}
{"r": 0.0, "l": 1000, "t": 5491.93008}
{"r": 0.0, "l": 1000, "t": 5551.303046}
{"r": 0.0, "l": 1000, "t": 5610.091041}
{"r": 0.0, "l": 1000, "t": 5666.831908}
{"r": 0.0, "l": 1000, "t": 5725.660475}
{"r": 0.0, "l": 1000, "t": 5776.811745}
{"r": 0.0, "l": 1000, "t": 5833.949741}
{"r": 0.0, "l": 1000, "t": 5892.939717}
{"r": 0.0, "l": 1000, "t": 5950.218473}
{"r": 0.0, "l": 1000, "t": 6007.075815}
{"r": 0.0, "l": 1000, "t": 6065.501357}
{"r": 0.0, "l": 1000, "t": 6123.945735}
{"r": 0.0, "l": 1000, "t": 6182.970765}
{"r": 0.0, "l": 1000, "t": 6246.213971}
{"r": 0.0, "l": 1000, "t": 6300.49947}
{"r": 0.0, "l": 1000, "t": 6358.903178}
{"r": 0.0, "l": 1000, "t": 6416.786988}
{"r": 0.0, "l": 1000, "t": 6474.810759}
{"r": 0.0, "l": 1000, "t": 6537.377922}
{"r": 0.0, "l": 1000, "t": 6593.082553}
{"r": 0.0, "l": 1000, "t": 6652.031482}
{"r": 0.0, "l": 1000, "t": 6706.392668}
{"r": 0.0, "l": 1000, "t": 6766.812749}
{"r": 0.0, "l": 1000, "t": 6831.292334}
{"r": 0.0, "l": 1000, "t": 6885.549657}
{"r": 0.0, "l": 1000, "t": 6948.151112}
{"r": 0.0, "l": 1000, "t": 6999.462258}
{"r": 0.0, "l": 1000, "t": 7064.358835}
{"r": 0.0, "l": 1000, "t": 7117.321684}
{"r": 0.0, "l": 1000, "t": 7178.30097}
{"r": 0.0, "l": 1000, "t": 7240.059024}
{"r": 0.0, "l": 1000, "t": 7296.903048}
{"r": 0.0, "l": 1000, "t": 7360.740521}
{"r": 0.0, "l": 1000, "t": 7419.176518}
{"r": 0.0, "l": 1000, "t": 7480.832035}
{"r": 0.0, "l": 1000, "t": 7543.216532}
{"r": 0.0, "l": 1000,