{"t_start": 1514545152.6922352, "gym_version": "0.9.2", "env_id": "GridWorldNoFrameskip-v4"}
{"r": 0.0, "l": 1000, "t": 17.298768}
{"r": 0.0, "l": 1000, "t": 35.895002}
{"r": 0.0, "l": 1000, "t": 53.945747}
{"r": 0.0, "l": 1000, "t": 71.598212}
{"r": 0.0, "l": 1000, "t": 88.755678}
{"r": 0.0, "l": 1000, "t": 108.748845}
{"r": 0.0, "l": 1000, "t": 126.382717}
{"r": 0.0, "l": 1000, "t": 143.445794}
{"r": 0.0, "l": 1000, "t": 162.386}
{"r": 0.0, "l": 1000, "t": 179.299863}
{"r": 0.0, "l": 1000, "t": 196.449814}
{"r": 0.0, "l": 1000, "t": 213.948176}
{"r": 0.0, "l": 1000, "t": 231.015372}
{"r": 0.0, "l": 1000, "t": 248.239657}
{"r": 0.0, "l": 1000, "t": 267.939626}
{"r": 0.0, "l": 1000, "t": 287.499964}
{"r": 0.0, "l": 1000, "t": 305.188076}
{"r": 0.0, "l": 1000, "t": 322.645886}
{"r": 0.0, "l": 1000, "t": 339.485893}
{"r": 0.0, "l": 1000, "t": 356.99161}
{"r": 0.0, "l": 1000, "t": 376.804504}
{"r": 0.0, "l": 1000, "t": 393.987261}
{"r": 0.0, "l": 1000, "t": 411.489386}
{"r": 0.0, "l": 1000, "t": 428.387703}
{"r": 0.0, "l": 1000, "t": 447.591367}
{"r": 0.0, "l": 1000, "t": 464.931601}
{"r": 0.0, "l": 1000, "t": 482.134534}
{"r": 0.0, "l": 1000, "t": 500.812263}
{"r": 0.0, "l": 1000, "t": 517.661177}
{"r": 0.0, "l": 1000, "t": 535.056954}
{"r": 0.0, "l": 1000, "t": 551.931183}
{"r": 0.0, "l": 1000, "t": 568.982047}
{"r": 0.0, "l": 1000, "t": 586.072177}
{"r": 0.0, "l": 1000, "t": 605.795077}
{"r": 0.0, "l": 1000, "t": 622.584923}
{"r": 0.0, "l": 1000, "t": 639.414194}
{"r": 0.0, "l": 1000, "t": 656.753542}
{"r": 0.0, "l": 1000, "t": 673.907871}
{"r": 0.0, "l": 1000, "t": 691.315648}
{"r": 0.0, "l": 1000, "t": 708.721353}
{"r": 0.0, "l": 1000, "t": 725.767109}
{"r": 0.0, "l": 1000, "t": 744.877107}
{"r": 0.0, "l": 1000, "t": 762.104965}
{"r": 0.0, "l": 1000, "t": 779.699229}
{"r": 0.0, "l": 1000, "t": 799.40127}
{"r": 0.0, "l": 1000, "t": 818.649649}
{"r": 0.0, "l": 1000, "t": 835.635678}
{"r": 0.0, "l": 1000, "t": 854.005758}
{"r": 0.0, "l": 1000, "t": 872.046516}
{"r": 0.0, "l": 1000, "t": 888.985888}
{"r": 0.0, "l": 1000, "t": 906.331925}
{"r": 0.0, "l": 1000, "t": 923.730595}
{"r": 0.0, "l": 1000, "t": 942.776605}
{"r": 0.0, "l": 1000, "t": 960.138777}
{"r": 0.0, "l": 1000, "t": 976.959676}
{"r": 0.0, "l": 1000, "t": 992.128271}
{"r": 0.0, "l": 1000, "t": 1011.259459}
{"r": 0.0, "l": 1000, "t": 1028.322676}
{"r": 0.0, "l": 1000, "t": 1045.569965}
{"r": 0.0, "l": 1000, "t": 1064.771758}
{"r": 0.0, "l": 1000, "t": 1080.019892}
{"r": 0.0, "l": 1000, "t": 1099.168993}
{"r": 0.0, "l": 1000, "t": 1116.605857}
{"r": 0.0, "l": 1000, "t": 1133.241874}
{"r": 0.0, "l": 1000, "t": 1151.945651}
{"r": 0.0, "l": 1000, "t": 1167.120587}
{"r": 0.0, "l": 1000, "t": 1186.367878}
{"r": 0.0, "l": 1000, "t": 1203.246977}
{"r": 0.0, "l": 1000, "t": 1220.189876}
{"r": 0.0, "l": 1000, "t": 1239.467142}
{"r": 0.0, "l": 1000, "t": 1256.39529}
{"r": 0.0, "l": 1000, "t": 1275.466941}
{"r": 0.0, "l": 1000, "t": 1292.68569}
{"r": 0.0, "l": 1000, "t": 1311.355505}
{"r": 0.0, "l": 1000, "t": 1326.685607}
{"r": 0.0, "l": 1000, "t": 1343.620656}
{"r": 0.0, "l": 1000, "t": 1360.668093}
{"r": 0.0, "l": 1000, "t": 1379.554175}
{"r": 0.0, "l": 1000, "t": 1396.98967}
{"r": 0.0, "l": 1000, "t": 1416.408181}
{"r": 0.0, "l": 1000, "t": 1435.346832}
{"r": 0.0, "l": 1000, "t": 1451.431732}
{"r": 0.0, "l": 1000, "t": 1468.396617}
{"r": 0.0, "l": 1000, "t": 1487.659115}
{"r": 0.0, "l": 1000, "t": 1504.901653}
{"r": 0.0, "l": 1000, "t": 1523.405328}
{"r": 0.0, "l": 1000, "t": 1540.24583}
{"r": 0.0, "l": 1000, "t": 1557.036592}
{"r": 0.0, "l": 1000, "t": 1573.68454}
{"r": 0.0, "l": 1000, "t": 1591.320424}
{"r": 0.0, "l": 1000, "t": 1610.028163}
{"r": 0.0, "l": 1000, "t": 1626.593344}
{"r": 0.0, "l": 1000, "t": 1643.799488}
{"r": 0.0, "l": 1000, "t": 1660.317898}
{"r": 0.0, "l": 1000, "t": 1678.948944}
{"r": 0.0, "l": 1000, "t": 1695.420709}
{"r": 0.0, "l": 1000, "t": 1712.759215}
{"r": 0.0, "l": 1000, "t": 1751.473932}
{"r": 0.0, "l": 1000, "t": 1804.254043}
{"r": 0.0, "l": 1000, "t": 1863.75719}
{"r": 0.0, "l": 1000, "t": 1924.700642}
{"r": 0.0, "l": 1000, "t": 1988.220841}
{"r": 0.0, "l": 1000, "t": 2047.911708}
{"r": 0.0, "l": 1000, "t": 2099.00978}
{"r": 0.0, "l": 1000, "t": 2161.927953}
{"r": 0.0, "l": 1000, "t": 2223.282256}
{"r": 0.0, "l": 1000, "t": 2286.639817}
{"r": 0.0, "l": 1000, "t": 2344.995586}
{"r": 0.0, "l": 1000, "t": 2407.438983}
{"r": 0.0, "l": 1000, "t": 2467.663987}
{"r": 0.0, "l": 1000, "t": 2526.735086}
{"r": 0.0, "l": 1000, "t": 2581.909101}
{"r": 0.0, "l": 1000, "t": 2638.010439}
{"r": 0.0, "l": 1000, "t": 2699.275865}
{"r": 0.0, "l": 1000, "t": 2765.345275}
{"r": 0.0, "l": 1000, "t": 2821.551132}
{"r": 0.0, "l": 1000, "t": 2880.063662}
{"r": 0.0, "l": 1000, "t": 2939.221716}
{"r": 0.0, "l": 1000, "t": 2995.207913}
{"r": 0.0, "l": 1000, "t": 3046.113385}
{"r": 0.0, "l": 1000, "t": 3097.395975}
{"r": 0.0, "l": 1000, "t": 3152.480671}
{"r": 0.0, "l": 1000, "t": 3210.488178}
{"r": 0.0, "l": 1000, "t": 3261.310551}
{"r": 0.0, "l": 1000, "t": 3327.517939}
{"r": 0.0, "l": 1000, "t": 3387.095272}
{"r": 0.0, "l": 1000, "t": 3439.719076}
{"r": 0.0, "l": 1000, "t": 3497.325843}
{"r": 0.0, "l": 1000, "t": 3555.129854}
{"r": 0.0, "l": 1000, "t": 3607.694198}
{"r": 0.0, "l": 1000, "t": 3658.724884}
{"r": 0.0, "l": 1000, "t": 3717.512683}
{"r": 0.0, "l": 1000, "t": 3768.935567}
{"r": 0.0, "l": 1000, "t": 3827.632722}
{"r": 0.0, "l": 1000, "t": 3883.330705}
{"r": 0.0, "l": 1000, "t": 3929.538735}
{"r": 0.0, "l": 1000, "t": 3991.786409}
{"r": 0.0, "l": 1000, "t": 4044.630789}
{"r": 0.0, "l": 1000, "t": 4103.324006}
{"r": 0.0, "l": 1000, "t": 4157.978122}
{"r": 0.0, "l": 1000, "t": 4201.692123}
{"r": 0.0, "l": 1000, "t": 4256.423959}
{"r": 0.0, "l": 1000, "t": 4314.278993}
{"r": 0.0, "l": 1000, "t": 4372.378797}
{"r": 0.0, "l": 1000, "t": 4426.80369}
{"r": 0.0, "l": 1000, "t": 4484.942515}
{"r": 0.0, "l": 1000, "t": 4530.620049}
{"r": 0.0, "l": 1000, "t": 4580.240575}
{"r": 0.0, "l": 1000, "t": 4632.050958}
{"r": 0.0, "l": 1000, "t": 4691.495297}
{"r": 0.0, "l": 1000, "t": 4749.046217}
{"r": 0.0, "l": 1000, "t": 4812.259349}
{"r": 0.0, "l": 1000, "t": 4870.976795}
{"r": 0.0, "l": 1000, "t": 4928.964489}
{"r": 0.0, "l": 1000, "t": 4984.123993}
{"r": 0.0, "l": 1000, "t": 5043.072121}
{"r": 0.0, "l": 1000, "t": 5098.463761}
{"r": 0.0, "l": 1000, "t": 5157.343513}
{"r": 0.0, "l": 1000, "t": 5217.833362}
{"r": 0.0, "l": 1000, "t": 5271.806089}
{"r": 0.0, "l": 1000, "t": 5330.521186}
{"r": 0.0, "l": 1000, "t": 5385.180992}
{"r": 0.0, "l": 1000, "t": 5439.383646}
{"r": 0.0, "l": 1000, "t": 5495.900539}
{"r": 0.0, "l": 1000, "t": 5555.036987}
{"r": 0.0, "l": 1000, "t": 5611.500304}
{"r": 0.0, "l": 1000, "t": 5670.31863}
{"r": 0.0, "l": 1000, "t": 5729.732432}
{"r": 0.0, "l": 1000, "t": 5780.483783}
{"r": 0.0, "l": 1000, "t": 5838.426168}
{"r": 0.0, "l": 1000, "t": 5894.537446}
{"r": 0.0, "l": 1000, "t": 5954.11947}
{"r": 0.0, "l": 1000, "t": 6011.291047}
{"r": 0.0, "l": 1000, "t": 6069.413827}
{"r": 0.0, "l": 1000, "t": 6125.0804}
{"r": 0.0, "l": 1000, "t": 6185.814706}
{"r": 0.0, "l": 1000, "t": 6249.828851}
{"r": 0.0, "l": 1000, "t": 6303.491249}
{"r": 0.0, "l": 1000, "t": 6359.571948}
{"r": 0.0, "l": 1000, "t": 6420.460334}
{"r": 0.0, "l": 1000, "t": 6478.661916}
{"r": 0.0, "l": 1000, "t": 6542.421949}
{"r": 0.0, "l": 1000, "t": 6600.393721}
{"r": 0.0, "l": 1000, "t": 6657.042666}
{"r": 0.0, "l": 1000, "t": 6712.009369}
{"r": 0.0, "l": 1000, "t": 6773.507424}
{"r": 0.0, "l": 1000, "t": 6838.54371}
{"r": 0.0, "l": 1000, "t": 6890.679713}
{"r": 0.0, "l": 1000, "t": 6953.360796}
{"r": 0.0, "l": 1000, "t": 7004.289494}
{"r": 0.0, "l": 1000, "t": 7065.707725}
{"r": 0.0, "l": 1000, "t": 7121.255651}
{"r": 0.0, "l": 1000, "t": 7182.150526}
{"r": 0.0, "l": 1000, "t": 7243.763617}
{"r": 0.0, "l": 1000, "t": 7301.183763}
{"r": 0.0, "l": 1000, "t": 7362.968678}
{"r": 0.0, "l": 1000, "t": 7422.810827}
{"r": 0.0, "l": 1000, "t": 7484.463688}
{"r": 0.0, "l": 1000, "t": 7546.758113}
{"r": 0.0, "l": 1000,