{"t_start": 1514545152.6978264, "gym_version": "0.9.2", "env_id": "GridWorldNoFrameskip-v4"}
{"r": 0.0, "l": 1000, "t": 16.995342}
{"r": 0.0, "l": 1000, "t": 35.701731}
{"r": 0.0, "l": 1000, "t": 53.753595}
{"r": 0.0, "l": 1000, "t": 71.570194}
{"r": 0.0, "l": 1000, "t": 88.763247}
{"r": 0.0, "l": 1000, "t": 108.757286}
{"r": 0.0, "l": 1000, "t": 126.719122}
{"r": 0.0, "l": 1000, "t": 145.309752}
{"r": 0.0, "l": 1000, "t": 162.380619}
{"r": 0.0, "l": 1000, "t": 179.463756}
{"r": 0.0, "l": 1000, "t": 196.634131}
{"r": 0.0, "l": 1000, "t": 216.074314}
{"r": 0.0, "l": 1000, "t": 233.273127}
{"r": 0.0, "l": 1000, "t": 250.342618}
{"r": 0.0, "l": 1000, "t": 267.95459}
{"r": 0.0, "l": 1000, "t": 285.452285}
{"r": 0.0, "l": 1000, "t": 305.024178}
{"r": 0.0, "l": 1000, "t": 322.311359}
{"r": 0.0, "l": 1000, "t": 337.377153}
{"r": 0.0, "l": 1000, "t": 356.553336}
{"r": 0.0, "l": 1000, "t": 374.682966}
{"r": 0.0, "l": 1000, "t": 391.942263}
{"r": 0.0, "l": 1000, "t": 411.35752}
{"r": 0.0, "l": 1000, "t": 428.334541}
{"r": 0.0, "l": 1000, "t": 447.561881}
{"r": 0.0, "l": 1000, "t": 464.803226}
{"r": 0.0, "l": 1000, "t": 481.941145}
{"r": 0.0, "l": 1000, "t": 500.623043}
{"r": 0.0, "l": 1000, "t": 517.794966}
{"r": 0.0, "l": 1000, "t": 535.051639}
{"r": 0.0, "l": 1000, "t": 551.940167}
{"r": 0.0, "l": 1000, "t": 569.112603}
{"r": 0.0, "l": 1000, "t": 586.079147}
{"r": 0.0, "l": 1000, "t": 605.907866}
{"r": 0.0, "l": 1000, "t": 622.567377}
{"r": 0.0, "l": 1000, "t": 639.273361}
{"r": 0.0, "l": 1000, "t": 656.505725}
{"r": 0.0, "l": 1000, "t": 673.742972}
{"r": 0.0, "l": 1000, "t": 691.126996}
{"r": 0.0, "l": 1000, "t": 708.430254}
{"r": 0.0, "l": 1000, "t": 725.49134}
{"r": 0.0, "l": 1000, "t": 744.712754}
{"r": 0.0, "l": 1000, "t": 762.117283}
{"r": 0.0, "l": 1000, "t": 781.940408}
{"r": 0.0, "l": 1000, "t": 799.627216}
{"r": 0.0, "l": 1000, "t": 818.764595}
{"r": 0.0, "l": 1000, "t": 835.619437}
{"r": 0.0, "l": 1000, "t": 853.989089}
{"r": 0.0, "l": 1000, "t": 871.885596}
{"r": 0.0, "l": 1000, "t": 889.104111}
{"r": 0.0, "l": 1000, "t": 906.326509}
{"r": 0.0, "l": 1000, "t": 923.712958}
{"r": 0.0, "l": 1000, "t": 942.830993}
{"r": 0.0, "l": 1000, "t": 960.108092}
{"r": 0.0, "l": 1000, "t": 976.954067}
{"r": 0.0, "l": 1000, "t": 991.928081}
{"r": 0.0, "l": 1000, "t": 1011.204201}
{"r": 0.0, "l": 1000, "t": 1028.143609}
{"r": 0.0, "l": 1000, "t": 1045.423839}
{"r": 0.0, "l": 1000, "t": 1064.289465}
{"r": 0.0, "l": 1000, "t": 1079.816754}
{"r": 0.0, "l": 1000, "t": 1099.129282}
{"r": 0.0, "l": 1000, "t": 1116.570158}
{"r": 0.0, "l": 1000, "t": 1133.364033}
{"r": 0.0, "l": 1000, "t": 1151.940123}
{"r": 0.0, "l": 1000, "t": 1167.105326}
{"r": 0.0, "l": 1000, "t": 1186.37365}
{"r": 0.0, "l": 1000, "t": 1203.269701}
{"r": 0.0, "l": 1000, "t": 1220.339914}
{"r": 0.0, "l": 1000, "t": 1239.485316}
{"r": 0.0, "l": 1000, "t": 1256.358241}
{"r": 0.0, "l": 1000, "t": 1275.234868}
{"r": 0.0, "l": 1000, "t": 1292.523686}
{"r": 0.0, "l": 1000, "t": 1309.500156}
{"r": 0.0, "l": 1000, "t": 1326.213871}
{"r": 0.0, "l": 1000, "t": 1343.150854}
{"r": 0.0, "l": 1000, "t": 1360.220379}
{"r": 0.0, "l": 1000, "t": 1377.416019}
{"r": 0.0, "l": 1000, "t": 1396.681736}
{"r": 0.0, "l": 1000, "t": 1416.08804}
{"r": 0.0, "l": 1000, "t": 1433.604872}
{"r": 0.0, "l": 1000, "t": 1451.221786}
{"r": 0.0, "l": 1000, "t": 1468.240936}
{"r": 0.0, "l": 1000, "t": 1487.187412}
{"r": 0.0, "l": 1000, "t": 1504.702358}
{"r": 0.0, "l": 1000, "t": 1521.201813}
{"r": 0.0, "l": 1000, "t": 1538.049988}
{"r": 0.0, "l": 1000, "t": 1556.863226}
{"r": 0.0, "l": 1000, "t": 1573.525614}
{"r": 0.0, "l": 1000, "t": 1591.075331}
{"r": 0.0, "l": 1000, "t": 1609.853274}
{"r": 0.0, "l": 1000, "t": 1626.204811}
{"r": 0.0, "l": 1000, "t": 1643.601629}
{"r": 0.0, "l": 1000, "t": 1660.011862}
{"r": 0.0, "l": 1000, "t": 1677.092098}
{"r": 0.0, "l": 1000, "t": 1695.084151}
{"r": 0.0, "l": 1000, "t": 1712.512374}
{"r": 0.0, "l": 1000, "t": 1751.417941}
{"r": 0.0, "l": 1000, "t": 1804.165637}
{"r": 0.0, "l": 1000, "t": 1863.210444}
{"r": 0.0, "l": 1000, "t": 1923.620514}
{"r": 0.0, "l": 1000, "t": 1986.684275}
{"r": 0.0, "l": 1000, "t": 2046.470341}
{"r": 0.0, "l": 1000, "t": 2094.923454}
{"r": 0.0, "l": 1000, "t": 2158.0841}
{"r": 0.0, "l": 1000, "t": 2222.404647}
{"r": 0.0, "l": 1000, "t": 2285.685318}
{"r": 0.0, "l": 1000, "t": 2344.935415}
{"r": 0.0, "l": 1000, "t": 2406.976374}
{"r": 0.0, "l": 1000, "t": 2466.76318}
{"r": 0.0, "l": 1000, "t": 2526.706199}
{"r": 0.0, "l": 1000, "t": 2581.880628}
{"r": 0.0, "l": 1000, "t": 2638.044877}
{"r": 0.0, "l": 1000, "t": 2699.283517}
{"r": 0.0, "l": 1000, "t": 2765.399411}
{"r": 0.0, "l": 1000, "t": 2825.339224}
{"r": 0.0, "l": 1000, "t": 2881.462971}
{"r": 0.0, "l": 1000, "t": 2940.255988}
{"r": 0.0, "l": 1000, "t": 2995.435503}
{"r": 0.0, "l": 1000, "t": 3046.504327}
{"r": 0.0, "l": 1000, "t": 3098.524065}
{"r": 0.0, "l": 1000, "t": 3155.797266}
{"r": 0.0, "l": 1000, "t": 3207.6434}
{"r": 0.0, "l": 1000, "t": 3261.127994}
{"r": 0.0, "l": 1000, "t": 3323.544376}
{"r": 0.0, "l": 1000, "t": 3386.775057}
{"r": 0.0, "l": 1000, "t": 3439.519804}
{"r": 0.0, "l": 1000, "t": 3496.956835}
{"r": 0.0, "l": 1000, "t": 3554.992934}
{"r": 0.0, "l": 1000, "t": 3608.174598}
{"r": 0.0, "l": 1000, "t": 3658.719562}
{"r": 0.0, "l": 1000, "t": 3717.508189}
{"r": 0.0, "l": 1000, "t": 3772.620755}
{"r": 0.0, "l": 1000, "t": 3828.6966}
{"r": 0.0, "l": 1000, "t": 3885.027334}
{"r": 0.0, "l": 1000, "t": 3933.415464}
{"r": 0.0, "l": 1000, "t": 3996.011686}
{"r": 0.0, "l": 1000, "t": 4048.168059}
{"r": 0.0, "l": 1000, "t": 4106.32273}
{"r": 0.0, "l": 1000, "t": 4158.134719}
{"r": 0.0, "l": 1000, "t": 4201.72029}
{"r": 0.0, "l": 1000, "t": 4256.415516}
{"r": 0.0, "l": 1000, "t": 4314.250399}
{"r": 0.0, "l": 1000, "t": 4372.468349}
{"r": 0.0, "l": 1000, "t": 4429.987521}
{"r": 0.0, "l": 1000, "t": 4487.88618}
{"r": 0.0, "l": 1000, "t": 4531.321476}
{"r": 0.0, "l": 1000, "t": 4580.267787}
{"r": 0.0, "l": 1000, "t": 4632.013996}
{"r": 0.0, "l": 1000, "t": 4688.906022}
{"r": 0.0, "l": 1000, "t": 4748.706336}
{"r": 0.0, "l": 1000, "t": 4809.266781}
{"r": 0.0, "l": 1000, "t": 4868.130172}
{"r": 0.0, "l": 1000, "t": 4928.027005}
{"r": 0.0, "l": 1000, "t": 4983.001838}
{"r": 0.0, "l": 1000, "t": 5043.044205}
{"r": 0.0, "l": 1000, "t": 5099.264478}
{"r": 0.0, "l": 1000, "t": 5161.04706}
{"r": 0.0, "l": 1000, "t": 5217.885042}
{"r": 0.0, "l": 1000, "t": 5272.548001}
{"r": 0.0, "l": 1000, "t": 5331.476107}
{"r": 0.0, "l": 1000, "t": 5388.42383}
{"r": 0.0, "l": 1000, "t": 5439.375773}
{"r": 0.0, "l": 1000, "t": 5499.747845}
{"r": 0.0, "l": 1000, "t": 5555.744987}
{"r": 0.0, "l": 1000, "t": 5614.543463}
{"r": 0.0, "l": 1000, "t": 5670.791252}
{"r": 0.0, "l": 1000, "t": 5730.189821}
{"r": 0.0, "l": 1000, "t": 5780.632153}
{"r": 0.0, "l": 1000, "t": 5838.539146}
{"r": 0.0, "l": 1000, "t": 5894.559175}
{"r": 0.0, "l": 1000, "t": 5954.968385}
{"r": 0.0, "l": 1000, "t": 6011.6481}
{"r": 0.0, "l": 1000, "t": 6069.558117}
{"r": 0.0, "l": 1000, "t": 6128.181623}
{"r": 0.0, "l": 1000, "t": 6187.800666}
{"r": 0.0, "l": 1000, "t": 6250.703188}
{"r": 0.0, "l": 1000, "t": 6304.814615}
{"r": 0.0, "l": 1000, "t": 6363.610057}
{"r": 0.0, "l": 1000, "t": 6421.092391}
{"r": 0.0, "l": 1000, "t": 6481.908055}
{"r": 0.0, "l": 1000, "t": 6542.83819}
{"r": 0.0, "l": 1000, "t": 6600.493776}
{"r": 0.0, "l": 1000, "t": 6659.918239}
{"r": 0.0, "l": 1000, "t": 6715.071693}
{"r": 0.0, "l": 1000, "t": 6774.21815}
{"r": 0.0, "l": 1000, "t": 6841.943611}
{"r": 0.0, "l": 1000, "t": 6894.150217}
{"r": 0.0, "l": 1000, "t": 6957.587893}
{"r": 0.0, "l": 1000, "t": 7011.02074}
{"r": 0.0, "l": 1000, "t": 7069.551915}
{"r": 0.0, "l": 1000, "t": 7126.744469}
{"r": 0.0, "l": 1000, "t": 7186.299591}
{"r": 0.0, "l": 1000, "t": 7247.93646}
{"r": 0.0, "l": 1000, "t": 7305.285472}
{"r": 0.0, "l": 1000, "t": 7369.873623}
{"r": 0.0, "l": 1000, "t": 7427.506267}
{"r": 0.0, "l": 1000, "t": 7488.433438}
{"r": 0.0, "l": 1000, "t": 7550.976891}
{"r": 0.0, "l": 1000,