{"t_start": 1515704284.0614781, "gym_version": "0.9.2", "env_id": "GridWorldNoFrameskip-v4"}
{"r": 0.0, "l": 1000, "t": 17.225769}
{"r": 0.0, "l": 1000, "t": 32.632257}
{"r": 0.0, "l": 1000, "t": 47.691956}
{"r": 0.0, "l": 1000, "t": 62.183701}
{"r": 0.0, "l": 1000, "t": 76.951749}
{"r": 0.0, "l": 1000, "t": 91.596576}
{"r": 0.0, "l": 1000, "t": 107.17861}
{"r": 0.0, "l": 1000, "t": 122.176931}
{"r": 0.0, "l": 1000, "t": 137.123881}
{"r": 0.0, "l": 1000, "t": 152.095986}
{"r": 0.0, "l": 1000, "t": 167.183816}
{"r": 0.0, "l": 1000, "t": 182.075614}
{"r": 0.0, "l": 1000, "t": 197.576992}
{"r": 0.0, "l": 1000, "t": 212.120678}
{"r": 0.0, "l": 1000, "t": 227.435696}
{"r": 0.0, "l": 1000, "t": 242.140345}
{"r": 0.0, "l": 1000, "t": 257.320216}
{"r": 0.0, "l": 1000, "t": 272.378934}
{"r": 0.0, "l": 1000, "t": 287.637228}
{"r": 0.0, "l": 1000, "t": 302.451701}
{"r": 0.0, "l": 1000, "t": 317.660795}
{"r": 0.0, "l": 1000, "t": 332.723715}
{"r": 0.0, "l": 1000, "t": 348.343159}
{"r": 0.0, "l": 1000, "t": 363.04965}
{"r": 0.0, "l": 1000, "t": 378.258352}
{"r": 0.0, "l": 1000, "t": 393.575931}
{"r": 0.0, "l": 1000, "t": 409.000963}
{"r": 0.0, "l": 1000, "t": 424.157359}
{"r": 0.0, "l": 1000, "t": 439.474647}
{"r": 0.0, "l": 1000, "t": 455.160717}
{"r": 0.0, "l": 1000, "t": 471.190531}
{"r": 0.0, "l": 1000, "t": 486.424706}
{"r": 0.0, "l": 1000, "t": 501.924433}
{"r": 0.0, "l": 1000, "t": 517.352653}
{"r": 0.0, "l": 1000, "t": 533.516433}
{"r": 0.0, "l": 1000, "t": 549.420088}
{"r": 0.0, "l": 1000, "t": 565.4405}
{"r": 0.0, "l": 1000, "t": 581.206149}
{"r": 0.0, "l": 1000, "t": 597.179536}
{"r": 0.0, "l": 1000, "t": 612.882208}
{"r": 0.0, "l": 1000, "t": 629.273022}
{"r": 0.0, "l": 1000, "t": 644.923063}
{"r": 0.0, "l": 1000, "t": 660.749231}
{"r": 0.0, "l": 1000, "t": 676.435054}
{"r": 0.0, "l": 1000, "t": 692.925715}
{"r": 0.0, "l": 1000, "t": 708.885051}
{"r": 0.0, "l": 1000, "t": 724.89222}
{"r": 0.0, "l": 1000, "t": 740.977814}
{"r": 0.0, "l": 1000, "t": 757.035675}
{"r": 0.0, "l": 1000, "t": 772.432908}
{"r": 0.0, "l": 1000, "t": 788.043698}
{"r": 0.0, "l": 1000, "t": 804.359103}
{"r": 0.0, "l": 1000, "t": 820.304523}
{"r": 0.0, "l": 1000, "t": 836.048191}
{"r": 0.0, "l": 1000, "t": 851.087685}
{"r": 0.0, "l": 1000, "t": 867.166815}
{"r": 0.0, "l": 1000, "t": 883.484537}
{"r": 0.0, "l": 1000, "t": 899.456691}
{"r": 0.0, "l": 1000, "t": 915.470264}
{"r": 0.0, "l": 1000, "t": 931.221473}
{"r": 0.0, "l": 1000, "t": 946.880487}
{"r": 0.0, "l": 1000, "t": 963.302083}
{"r": 0.0, "l": 1000, "t": 978.932735}
{"r": 0.0, "l": 1000, "t": 994.806426}
{"r": 0.0, "l": 1000, "t": 1011.57293}
{"r": 0.0, "l": 1000, "t": 1027.596608}
{"r": 0.0, "l": 1000, "t": 1043.224214}
{"r": 0.0, "l": 1000, "t": 1059.521174}
{"r": 0.0, "l": 1000, "t": 1075.639694}
{"r": 0.0, "l": 1000, "t": 1091.94553}
{"r": 0.0, "l": 1000, "t": 1108.972675}
{"r": 0.0, "l": 1000, "t": 1137.551365}
{"r": 0.0, "l": 1000, "t": 1170.963306}
{"r": 0.0, "l": 1000, "t": 1205.420904}
{"r": 0.0, "l": 1000, "t": 1239.087512}
{"r": 0.0, "l": 1000, "t": 1271.215608}
{"r": 0.0, "l": 1000, "t": 1304.765748}
{"r": 0.0, "l": 1000, "t": 1339.205173}
{"r": 0.0, "l": 1000, "t": 1373.368715}
{"r": 0.0, "l": 1000, "t": 1404.890903}
{"r": 0.0, "l": 1000, "t": 1438.859925}
{"r": 0.0, "l": 1000, "t": 1473.324788}
{"r": 0.0, "l": 1000, "t": 1508.090355}
{"r": 0.0, "l": 1000, "t": 1542.225694}
{"r": 0.0, "l": 1000, "t": 1577.818269}
{"r": 0.0, "l": 1000, "t": 1612.71881}
{"r": 0.0, "l": 1000, "t": 1648.664343}
{"r": 0.0, "l": 1000, "t": 1682.833368}
{"r": 0.0, "l": 1000, "t": 1719.048858}
{"r": 0.0, "l": 1000, "t": 1756.661589}
{"r": 0.0, "l": 1000, "t": 1791.521914}
{"r": 0.0, "l": 1000, "t": 1827.160027}
{"r": 0.0, "l": 1000, "t": 1863.300663}
{"r": 0.0, "l": 1000, "t": 1900.290014}
{"r": 0.0, "l": 1000, "t": 1933.994908}
{"r": 0.0, "l": 1000, "t": 1970.629958}
{"r": 0.0, "l": 1000, "t": 2005.504178}
{"r": 0.0, "l": 1000, "t": 2043.492103}
{"r": 0.0, "l": 1000, "t": 2077.559006}
{"r": 0.0, "l": 1000, "t": 2114.790486}
{"r": 0.0, "l": 1000, "t": 2151.032846}
{"r": 0.0, "l": 1000, "t": 2186.488855}
{"r": 0.0, "l": 1000, "t": 2222.414964}
{"r": 0.0, "l": 1000, "t": 2259.71325}
{"r": 0.0, "l": 1000, "t": 2296.711506}
{"r": 0.0, "l": 1000, "t": 2332.497257}
{"r": 0.0, "l": 1000, "t": 2369.108949}
{"r": 0.0, "l": 1000, "t": 2404.264807}
{"r": 0.0, "l": 1000, "t": 2441.556162}
{"r": 0.0, "l": 1000, "t": 2476.276807}
{"r": 0.0, "l": 1000, "t": 2514.281747}
{"r": 0.0, "l": 1000, "t": 2552.434385}
{"r": 0.0, "l": 1000, "t": 2590.479732}
{"r": 0.0, "l": 1000, "t": 2625.921827}
{"r": 0.0, "l": 1000, "t": 2663.055307}
{"r": 0.0, "l": 1000, "t": 2698.457062}
{"r": 0.0, "l": 1000, "t": 2734.095783}
{"r": 0.0, "l": 1000, "t": 2771.077317}
{"r": 0.0, "l": 1000, "t": 2808.699793}
{"r": 0.0, "l": 1000, "t": 2845.036261}
{"r": 0.0, "l": 1000, "t": 2880.578434}
{"r": 0.0, "l": 1000, "t": 2916.936676}
{"r": 0.0, "l": 1000, "t": 2953.946632}
{"r": 0.0, "l": 1000, "t": 2991.14161}
{"r": 0.0, "l": 1000, "t": 3027.314675}
{"r": 0.0, "l": 1000, "t": 3065.073493}
{"r": 0.0, "l": 1000, "t": 3102.301463}
{"r": 0.0, "l": 1000, "t": 3137.697647}
{"r": 0.0, "l": 1000, "t": 3175.757137}
{"r": 0.0, "l": 1000, "t": 3213.348218}
{"r": 0.0, "l": 1000, "t": 3251.749267}
{"r": 0.0, "l": 1000, "t": 3288.231676}
{"r": 0.0, "l": 1000, "t": 3324.626029}
{"r": 0.0, "l": 1000, "t": 3361.1153}
{"r": 0.0, "l": 1000, "t": 3397.216352}
{"r": 0.0, "l": 1000, "t": 3433.911747}
{"r": 0.0, "l": 1000, "t": 3470.223441}
{"r": 0.0, "l": 1000, "t": 3506.038829}
{"r": 0.0, "l": 1000, "t": 3541.270966}
{"r": 0.0, "l": 1000, "t": 3577.518383}
{"r": 0.0, "l": 1000, "t": 3616.580615}
{"r": 0.0, "l": 1000, "t": 3654.08873}
{"r": 0.0, "l": 1000, "t": 3691.623665}
{"r": 0.0, "l": 1000, "t": 3728.269477}
{"r": 0.0, "l": 1000, "t": 3768.85049}
{"r": 0.0, "l": 1000, "t": 3812.230171}
{"r": 0.0, "l": 1000, "t": 3856.143366}
{"r": 0.0, "l": 1000, "t": 3900.544081}
{"r": 0.0, "l": 1000, "t": 3942.560502}
{"r": 0.0, "l": 1000, "t": 3987.20056}
{"r": 0.0, "l": 1000, "t": 4030.670054}
{"r": 0.0, "l": 1000, "t": 4074.529956}
{"r": 0.0, "l": 1000, "t": 4119.82659}
{"r": 0.0, "l": 1000, "t": 4163.906271}
{"r": 0.0, "l": 1000, "t": 4207.13142}
{"r": 0.0, "l": 1000, "t": 4250.049078}
{"r": 0.0, "l": 1000, "t": 4295.216232}
{"r": 0.0, "l": 1000, "t": 4340.128189}
{"r": 0.0, "l": 1000, "t": 4383.773307}
{"r": 0.0, "l": 1000, "t": 4428.059298}
{"r": 0.0, "l": 1000, "t": 4470.461498}
{"r": 0.0, "l": 1000, "t": 4513.974626}
{"r": 0.0, "l": 1000, "t": 4559.92291}
{"r": 0.0, "l": 1000, "t": 4603.752764}
{"r": 0.0, "l": 1000, "t": 4645.033547}
{"r": 0.0, "l": 1000, "t": 4689.329395}
{"r": 0.0, "l": 1000, "t": 4734.78411}
{"r": 0.0, "l": 1000, "t": 4778.49916}
{"r": 0.0, "l": 1000, "t": 4823.502324}
{"r": 0.0, "l": 1000, "t": 4868.595958}
{"r": 0.0, "l": 1000, "t": 4912.693849}
{"r": 0.0, "l": 1000, "t": 4957.329121}
{"r": 0.0, "l": 1000, "t": 5001.680726}
{"r": 0.0, "l": 1000, "t": 5045.453605}
{"r": 0.0, "l": 1000, "t": 5089.697047}
{"r": 0.0, "l": 1000, "t": 5133.441328}
{"r": 0.0, "l": 1000, "t": 5175.29809}
{"r": 0.0, "l": 1000, "t": 5223.432232}
{"r": 0.0, "l": 1000, "t": 5268.693318}
{"r": 0.0, "l": 1000, "t": 5314.115368}
{"r": 0.0, "l": 1000, "t": 5361.807617}
{"r": 0.0, "l": 1000, "t": 5407.719673}
{"r": 0.0, "l": 1000, "t": 5451.531535}
{"r": 0.0, "l": 1000, "t": 5496.489787}
{"r": 0.0, "l": 1000, "t": 5543.333355}
{"r": 0.0, "l": 1000, "t": 5588.511012}
{"r": 0.0, "l": 1000, "t": 5634.24442}
{"r": 0.0, "l": 1000, "t": 5679.702166}
{"r": 0.0, "l": 1000, "t": 5726.340813}
{"r": 0.0, "l": 1000, "t": 5769.59068}
{"r": 0.0, "l": 1000, "t": 5814.00234}
{"r": 0.0, "l": 1000, "t": 5860.513127}
{"r": 0.0, "l": 1000, "t": 5903.733939}
{"r": 0.0, "l": 1000, "t": 5950.355886}
{"r": 0.0, "l": 1000, "t": 5995.213855}
{"r": 0.0, "l": 1000, "t": 6038.850492}
{"r": 0.0, "l": 1000, "t": 6085.135884}
{"r": 0.0, "l": 1000, "t": 6132.158823}
{"r": 0.0, "l": 1000, "t": 6176.633163}
{"r": 0.0, "l": 1000,