{"t_start": 1515704284.0612051, "gym_version": "0.9.2", "env_id": "GridWorldNoFrameskip-v4"}
{"r": 0.0, "l": 1000, "t": 17.28809}
{"r": 0.0, "l": 1000, "t": 32.632568}
{"r": 0.0, "l": 1000, "t": 47.224991}
{"r": 0.0, "l": 1000, "t": 61.81198}
{"r": 0.0, "l": 1000, "t": 76.22976}
{"r": 0.0, "l": 1000, "t": 91.016167}
{"r": 0.0, "l": 1000, "t": 106.133545}
{"r": 0.0, "l": 1000, "t": 120.975341}
{"r": 0.0, "l": 1000, "t": 136.055584}
{"r": 0.0, "l": 1000, "t": 151.707767}
{"r": 0.0, "l": 1000, "t": 166.439798}
{"r": 0.0, "l": 1000, "t": 181.404063}
{"r": 0.0, "l": 1000, "t": 196.6742}
{"r": 0.0, "l": 1000, "t": 211.676018}
{"r": 0.0, "l": 1000, "t": 226.665293}
{"r": 0.0, "l": 1000, "t": 241.49158}
{"r": 0.0, "l": 1000, "t": 256.982315}
{"r": 0.0, "l": 1000, "t": 272.285505}
{"r": 0.0, "l": 1000, "t": 286.93255}
{"r": 0.0, "l": 1000, "t": 302.195401}
{"r": 0.0, "l": 1000, "t": 317.24018}
{"r": 0.0, "l": 1000, "t": 332.723713}
{"r": 0.0, "l": 1000, "t": 347.367942}
{"r": 0.0, "l": 1000, "t": 362.804527}
{"r": 0.0, "l": 1000, "t": 378.216579}
{"r": 0.0, "l": 1000, "t": 393.603121}
{"r": 0.0, "l": 1000, "t": 409.052582}
{"r": 0.0, "l": 1000, "t": 424.807035}
{"r": 0.0, "l": 1000, "t": 439.922003}
{"r": 0.0, "l": 1000, "t": 455.160937}
{"r": 0.0, "l": 1000, "t": 470.842041}
{"r": 0.0, "l": 1000, "t": 486.00415}
{"r": 0.0, "l": 1000, "t": 501.488366}
{"r": 0.0, "l": 1000, "t": 517.338342}
{"r": 0.0, "l": 1000, "t": 533.478571}
{"r": 0.0, "l": 1000, "t": 549.17127}
{"r": 0.0, "l": 1000, "t": 564.670841}
{"r": 0.0, "l": 1000, "t": 580.493217}
{"r": 0.0, "l": 1000, "t": 596.675452}
{"r": 0.0, "l": 1000, "t": 612.813864}
{"r": 0.0, "l": 1000, "t": 628.452289}
{"r": 0.0, "l": 1000, "t": 643.797187}
{"r": 0.0, "l": 1000, "t": 660.215724}
{"r": 0.0, "l": 1000, "t": 676.412681}
{"r": 0.0, "l": 1000, "t": 692.572321}
{"r": 0.0, "l": 1000, "t": 708.496175}
{"r": 0.0, "l": 1000, "t": 724.26935}
{"r": 0.0, "l": 1000, "t": 740.017786}
{"r": 0.0, "l": 1000, "t": 756.019877}
{"r": 0.0, "l": 1000, "t": 772.079041}
{"r": 0.0, "l": 1000, "t": 787.7974}
{"r": 0.0, "l": 1000, "t": 803.856101}
{"r": 0.0, "l": 1000, "t": 819.776113}
{"r": 0.0, "l": 1000, "t": 836.063408}
{"r": 0.0, "l": 1000, "t": 851.522844}
{"r": 0.0, "l": 1000, "t": 867.166879}
{"r": 0.0, "l": 1000, "t": 883.455949}
{"r": 0.0, "l": 1000, "t": 899.494003}
{"r": 0.0, "l": 1000, "t": 915.498321}
{"r": 0.0, "l": 1000, "t": 931.166565}
{"r": 0.0, "l": 1000, "t": 946.943941}
{"r": 0.0, "l": 1000, "t": 963.315587}
{"r": 0.0, "l": 1000, "t": 978.896437}
{"r": 0.0, "l": 1000, "t": 995.304761}
{"r": 0.0, "l": 1000, "t": 1012.036546}
{"r": 0.0, "l": 1000, "t": 1028.488556}
{"r": 0.0, "l": 1000, "t": 1044.841455}
{"r": 0.0, "l": 1000, "t": 1060.921275}
{"r": 0.0, "l": 1000, "t": 1077.815235}
{"r": 0.0, "l": 1000, "t": 1094.15347}
{"r": 0.0, "l": 1000, "t": 1110.897785}
{"r": 0.0, "l": 1000, "t": 1141.775756}
{"r": 0.0, "l": 1000, "t": 1176.258841}
{"r": 0.0, "l": 1000, "t": 1209.609149}
{"r": 0.0, "l": 1000, "t": 1244.475269}
{"r": 0.0, "l": 1000, "t": 1274.945508}
{"r": 0.0, "l": 1000, "t": 1307.615992}
{"r": 0.0, "l": 1000, "t": 1343.518294}
{"r": 0.0, "l": 1000, "t": 1376.776784}
{"r": 0.0, "l": 1000, "t": 1408.369522}
{"r": 0.0, "l": 1000, "t": 1442.275417}
{"r": 0.0, "l": 1000, "t": 1477.053791}
{"r": 0.0, "l": 1000, "t": 1512.106919}
{"r": 0.0, "l": 1000, "t": 1545.772773}
{"r": 0.0, "l": 1000, "t": 1581.614094}
{"r": 0.0, "l": 1000, "t": 1616.358263}
{"r": 0.0, "l": 1000, "t": 1652.425488}
{"r": 0.0, "l": 1000, "t": 1687.07452}
{"r": 0.0, "l": 1000, "t": 1723.787028}
{"r": 0.0, "l": 1000, "t": 1762.224654}
{"r": 0.0, "l": 1000, "t": 1794.862122}
{"r": 0.0, "l": 1000, "t": 1830.92192}
{"r": 0.0, "l": 1000, "t": 1866.718555}
{"r": 0.0, "l": 1000, "t": 1903.319984}
{"r": 0.0, "l": 1000, "t": 1936.33446}
{"r": 0.0, "l": 1000, "t": 1973.117678}
{"r": 0.0, "l": 1000, "t": 2008.691302}
{"r": 0.0, "l": 1000, "t": 2046.139909}
{"r": 0.0, "l": 1000, "t": 2079.665384}
{"r": 0.0, "l": 1000, "t": 2116.35671}
{"r": 0.0, "l": 1000, "t": 2152.984839}
{"r": 0.0, "l": 1000, "t": 2188.484704}
{"r": 0.0, "l": 1000, "t": 2225.102094}
{"r": 0.0, "l": 1000, "t": 2261.736275}
{"r": 0.0, "l": 1000, "t": 2299.230416}
{"r": 0.0, "l": 1000, "t": 2333.985277}
{"r": 0.0, "l": 1000, "t": 2370.129634}
{"r": 0.0, "l": 1000, "t": 2405.729924}
{"r": 0.0, "l": 1000, "t": 2443.891883}
{"r": 0.0, "l": 1000, "t": 2477.501852}
{"r": 0.0, "l": 1000, "t": 2515.065785}
{"r": 0.0, "l": 1000, "t": 2553.514679}
{"r": 0.0, "l": 1000, "t": 2591.878774}
{"r": 0.0, "l": 1000, "t": 2625.964024}
{"r": 0.0, "l": 1000, "t": 2663.072422}
{"r": 0.0, "l": 1000, "t": 2700.548791}
{"r": 0.0, "l": 1000, "t": 2736.826927}
{"r": 0.0, "l": 1000, "t": 2773.405055}
{"r": 0.0, "l": 1000, "t": 2812.335944}
{"r": 0.0, "l": 1000, "t": 2848.57294}
{"r": 0.0, "l": 1000, "t": 2884.044077}
{"r": 0.0, "l": 1000, "t": 2921.982668}
{"r": 0.0, "l": 1000, "t": 2958.870709}
{"r": 0.0, "l": 1000, "t": 2996.247365}
{"r": 0.0, "l": 1000, "t": 3032.63764}
{"r": 0.0, "l": 1000, "t": 3069.649653}
{"r": 0.0, "l": 1000, "t": 3107.413689}
{"r": 0.0, "l": 1000, "t": 3142.691226}
{"r": 0.0, "l": 1000, "t": 3180.497947}
{"r": 0.0, "l": 1000, "t": 3219.499428}
{"r": 0.0, "l": 1000, "t": 3257.357088}
{"r": 0.0, "l": 1000, "t": 3292.704872}
{"r": 0.0, "l": 1000, "t": 3328.653308}
{"r": 0.0, "l": 1000, "t": 3365.159986}
{"r": 0.0, "l": 1000, "t": 3401.67557}
{"r": 0.0, "l": 1000, "t": 3439.440576}
{"r": 0.0, "l": 1000, "t": 3475.266334}
{"r": 0.0, "l": 1000, "t": 3510.363612}
{"r": 0.0, "l": 1000, "t": 3546.288536}
{"r": 0.0, "l": 1000, "t": 3582.378719}
{"r": 0.0, "l": 1000, "t": 3620.154}
{"r": 0.0, "l": 1000, "t": 3658.449992}
{"r": 0.0, "l": 1000, "t": 3695.108273}
{"r": 0.0, "l": 1000, "t": 3732.35295}
{"r": 0.0, "l": 1000, "t": 3774.443546}
{"r": 0.0, "l": 1000, "t": 3816.395502}
{"r": 0.0, "l": 1000, "t": 3861.739453}
{"r": 0.0, "l": 1000, "t": 3905.275848}
{"r": 0.0, "l": 1000, "t": 3946.926005}
{"r": 0.0, "l": 1000, "t": 3991.080405}
{"r": 0.0, "l": 1000, "t": 4033.648448}
{"r": 0.0, "l": 1000, "t": 4075.698667}
{"r": 0.0, "l": 1000, "t": 4119.906534}
{"r": 0.0, "l": 1000, "t": 4163.939375}
{"r": 0.0, "l": 1000, "t": 4207.14703}
{"r": 0.0, "l": 1000, "t": 4251.233918}
{"r": 0.0, "l": 1000, "t": 4297.262166}
{"r": 0.0, "l": 1000, "t": 4340.627743}
{"r": 0.0, "l": 1000, "t": 4385.58816}
{"r": 0.0, "l": 1000, "t": 4430.456002}
{"r": 0.0, "l": 1000, "t": 4473.107098}
{"r": 0.0, "l": 1000, "t": 4517.375754}
{"r": 0.0, "l": 1000, "t": 4564.684357}
{"r": 0.0, "l": 1000, "t": 4606.85278}
{"r": 0.0, "l": 1000, "t": 4650.353092}
{"r": 0.0, "l": 1000, "t": 4695.413117}
{"r": 0.0, "l": 1000, "t": 4741.030009}
{"r": 0.0, "l": 1000, "t": 4783.636588}
{"r": 0.0, "l": 1000, "t": 4828.72865}
{"r": 0.0, "l": 1000, "t": 4872.226623}
{"r": 0.0, "l": 1000, "t": 4917.342956}
{"r": 0.0, "l": 1000, "t": 4963.189853}
{"r": 0.0, "l": 1000, "t": 5009.665073}
{"r": 0.0, "l": 1000, "t": 5052.806545}
{"r": 0.0, "l": 1000, "t": 5096.550052}
{"r": 0.0, "l": 1000, "t": 5142.284197}
{"r": 0.0, "l": 1000, "t": 5184.807728}
{"r": 0.0, "l": 1000, "t": 5232.072756}
{"r": 0.0, "l": 1000, "t": 5275.911624}
{"r": 0.0, "l": 1000, "t": 5322.469563}
{"r": 0.0, "l": 1000, "t": 5368.315673}
{"r": 0.0, "l": 1000, "t": 5413.781667}
{"r": 0.0, "l": 1000, "t": 5457.864647}
{"r": 0.0, "l": 1000, "t": 5503.024131}
{"r": 0.0, "l": 1000, "t": 5546.413876}
{"r": 0.0, "l": 1000, "t": 5591.947806}
{"r": 0.0, "l": 1000, "t": 5639.404635}
{"r": 0.0, "l": 1000, "t": 5684.674085}
{"r": 0.0, "l": 1000, "t": 5730.847357}
{"r": 0.0, "l": 1000, "t": 5772.868545}
{"r": 0.0, "l": 1000, "t": 5816.49672}
{"r": 0.0, "l": 1000, "t": 5863.579431}
{"r": 0.0, "l": 1000, "t": 5907.639528}
{"r": 0.0, "l": 1000, "t": 5954.078683}
{"r": 0.0, "l": 1000, "t": 6000.830119}
{"r": 0.0, "l": 1000, "t": 6043.530154}
{"r": 0.0, "l": 1000, "t": 6089.796901}
{"r": 0.0, "l": 1000, "t": 6137.678509}
{"r": 0.0, "l": 1000, "t": 6182.298457}
{"r": 0.0, "l": 1000,