{"t_start": 1515704284.0783834, "gym_version": "0.9.2", "env_id": "GridWorldNoFrameskip-v4"}
{"r": 0.0, "l": 1000, "t": 16.789807}
{"r": 0.0, "l": 1000, "t": 32.002864}
{"r": 0.0, "l": 1000, "t": 46.348122}
{"r": 0.0, "l": 1000, "t": 61.349396}
{"r": 0.0, "l": 1000, "t": 76.265371}
{"r": 0.0, "l": 1000, "t": 91.096328}
{"r": 0.0, "l": 1000, "t": 106.18503}
{"r": 0.0, "l": 1000, "t": 121.518442}
{"r": 0.0, "l": 1000, "t": 136.039051}
{"r": 0.0, "l": 1000, "t": 151.743432}
{"r": 0.0, "l": 1000, "t": 167.114703}
{"r": 0.0, "l": 1000, "t": 182.058802}
{"r": 0.0, "l": 1000, "t": 197.072134}
{"r": 0.0, "l": 1000, "t": 212.11026}
{"r": 0.0, "l": 1000, "t": 227.095767}
{"r": 0.0, "l": 1000, "t": 241.982414}
{"r": 0.0, "l": 1000, "t": 257.734791}
{"r": 0.0, "l": 1000, "t": 272.721457}
{"r": 0.0, "l": 1000, "t": 287.989121}
{"r": 0.0, "l": 1000, "t": 302.473183}
{"r": 0.0, "l": 1000, "t": 317.662058}
{"r": 0.0, "l": 1000, "t": 333.324986}
{"r": 0.0, "l": 1000, "t": 348.884466}
{"r": 0.0, "l": 1000, "t": 364.107352}
{"r": 0.0, "l": 1000, "t": 379.051606}
{"r": 0.0, "l": 1000, "t": 394.152427}
{"r": 0.0, "l": 1000, "t": 409.394664}
{"r": 0.0, "l": 1000, "t": 425.104614}
{"r": 0.0, "l": 1000, "t": 439.932403}
{"r": 0.0, "l": 1000, "t": 455.769698}
{"r": 0.0, "l": 1000, "t": 471.50025}
{"r": 0.0, "l": 1000, "t": 486.806981}
{"r": 0.0, "l": 1000, "t": 502.626356}
{"r": 0.0, "l": 1000, "t": 518.097704}
{"r": 0.0, "l": 1000, "t": 534.125461}
{"r": 0.0, "l": 1000, "t": 550.077469}
{"r": 0.0, "l": 1000, "t": 565.53496}
{"r": 0.0, "l": 1000, "t": 581.749907}
{"r": 0.0, "l": 1000, "t": 597.529734}
{"r": 0.0, "l": 1000, "t": 613.385762}
{"r": 0.0, "l": 1000, "t": 629.301397}
{"r": 0.0, "l": 1000, "t": 644.94355}
{"r": 0.0, "l": 1000, "t": 661.114625}
{"r": 0.0, "l": 1000, "t": 677.576922}
{"r": 0.0, "l": 1000, "t": 693.457891}
{"r": 0.0, "l": 1000, "t": 709.986226}
{"r": 0.0, "l": 1000, "t": 726.221788}
{"r": 0.0, "l": 1000, "t": 741.694603}
{"r": 0.0, "l": 1000, "t": 758.04899}
{"r": 0.0, "l": 1000, "t": 773.573092}
{"r": 0.0, "l": 1000, "t": 789.147125}
{"r": 0.0, "l": 1000, "t": 805.470413}
{"r": 0.0, "l": 1000, "t": 821.837758}
{"r": 0.0, "l": 1000, "t": 837.887794}
{"r": 0.0, "l": 1000, "t": 853.748745}
{"r": 0.0, "l": 1000, "t": 870.089379}
{"r": 0.0, "l": 1000, "t": 886.364264}
{"r": 0.0, "l": 1000, "t": 902.850176}
{"r": 0.0, "l": 1000, "t": 918.53487}
{"r": 0.0, "l": 1000, "t": 934.386355}
{"r": 0.0, "l": 1000, "t": 950.322036}
{"r": 0.0, "l": 1000, "t": 966.302865}
{"r": 0.0, "l": 1000, "t": 982.408486}
{"r": 0.0, "l": 1000, "t": 998.274616}
{"r": 0.0, "l": 1000, "t": 1015.100335}
{"r": 0.0, "l": 1000, "t": 1031.310961}
{"r": 0.0, "l": 1000, "t": 1047.189575}
{"r": 0.0, "l": 1000, "t": 1063.679473}
{"r": 0.0, "l": 1000, "t": 1080.347487}
{"r": 0.0, "l": 1000, "t": 1097.208598}
{"r": 0.0, "l": 1000, "t": 1113.702995}
{"r": 0.0, "l": 1000, "t": 1146.22237}
{"r": 0.0, "l": 1000, "t": 1179.322899}
{"r": 0.0, "l": 1000, "t": 1214.286564}
{"r": 0.0, "l": 1000, "t": 1248.337484}
{"r": 0.0, "l": 1000, "t": 1280.196096}
{"r": 0.0, "l": 1000, "t": 1315.100028}
{"r": 0.0, "l": 1000, "t": 1349.741087}
{"r": 0.0, "l": 1000, "t": 1382.968997}
{"r": 0.0, "l": 1000, "t": 1414.598409}
{"r": 0.0, "l": 1000, "t": 1449.336472}
{"r": 0.0, "l": 1000, "t": 1484.59861}
{"r": 0.0, "l": 1000, "t": 1519.622987}
{"r": 0.0, "l": 1000, "t": 1553.510905}
{"r": 0.0, "l": 1000, "t": 1589.235744}
{"r": 0.0, "l": 1000, "t": 1624.172186}
{"r": 0.0, "l": 1000, "t": 1659.190421}
{"r": 0.0, "l": 1000, "t": 1694.53764}
{"r": 0.0, "l": 1000, "t": 1730.758401}
{"r": 0.0, "l": 1000, "t": 1768.380419}
{"r": 0.0, "l": 1000, "t": 1802.465445}
{"r": 0.0, "l": 1000, "t": 1838.586515}
{"r": 0.0, "l": 1000, "t": 1874.404828}
{"r": 0.0, "l": 1000, "t": 1911.038015}
{"r": 0.0, "l": 1000, "t": 1944.477925}
{"r": 0.0, "l": 1000, "t": 1980.962019}
{"r": 0.0, "l": 1000, "t": 2016.401509}
{"r": 0.0, "l": 1000, "t": 2053.252589}
{"r": 0.0, "l": 1000, "t": 2088.083894}
{"r": 0.0, "l": 1000, "t": 2124.711334}
{"r": 0.0, "l": 1000, "t": 2159.665878}
{"r": 0.0, "l": 1000, "t": 2195.204963}
{"r": 0.0, "l": 1000, "t": 2231.500848}
{"r": 0.0, "l": 1000, "t": 2269.022709}
{"r": 0.0, "l": 1000, "t": 2306.27584}
{"r": 0.0, "l": 1000, "t": 2340.846733}
{"r": 0.0, "l": 1000, "t": 2377.534655}
{"r": 0.0, "l": 1000, "t": 2413.574322}
{"r": 0.0, "l": 1000, "t": 2450.554406}
{"r": 0.0, "l": 1000, "t": 2485.19779}
{"r": 0.0, "l": 1000, "t": 2522.754145}
{"r": 0.0, "l": 1000, "t": 2561.216532}
{"r": 0.0, "l": 1000, "t": 2597.625276}
{"r": 0.0, "l": 1000, "t": 2632.473773}
{"r": 0.0, "l": 1000, "t": 2669.489545}
{"r": 0.0, "l": 1000, "t": 2705.630435}
{"r": 0.0, "l": 1000, "t": 2741.238718}
{"r": 0.0, "l": 1000, "t": 2779.009433}
{"r": 0.0, "l": 1000, "t": 2816.515043}
{"r": 0.0, "l": 1000, "t": 2852.811089}
{"r": 0.0, "l": 1000, "t": 2887.773338}
{"r": 0.0, "l": 1000, "t": 2923.453171}
{"r": 0.0, "l": 1000, "t": 2960.85228}
{"r": 0.0, "l": 1000, "t": 2997.861337}
{"r": 0.0, "l": 1000, "t": 3034.553233}
{"r": 0.0, "l": 1000, "t": 3071.852807}
{"r": 0.0, "l": 1000, "t": 3109.000788}
{"r": 0.0, "l": 1000, "t": 3144.140915}
{"r": 0.0, "l": 1000, "t": 3182.888304}
{"r": 0.0, "l": 1000, "t": 3220.875915}
{"r": 0.0, "l": 1000, "t": 3258.911298}
{"r": 0.0, "l": 1000, "t": 3294.709455}
{"r": 0.0, "l": 1000, "t": 3331.655622}
{"r": 0.0, "l": 1000, "t": 3367.949476}
{"r": 0.0, "l": 1000, "t": 3402.651123}
{"r": 0.0, "l": 1000, "t": 3439.427626}
{"r": 0.0, "l": 1000, "t": 3475.26339}
{"r": 0.0, "l": 1000, "t": 3512.845299}
{"r": 0.0, "l": 1000, "t": 3547.402502}
{"r": 0.0, "l": 1000, "t": 3582.433645}
{"r": 0.0, "l": 1000, "t": 3621.887319}
{"r": 0.0, "l": 1000, "t": 3659.285531}
{"r": 0.0, "l": 1000, "t": 3696.254274}
{"r": 0.0, "l": 1000, "t": 3733.413472}
{"r": 0.0, "l": 1000, "t": 3776.142555}
{"r": 0.0, "l": 1000, "t": 3819.881996}
{"r": 0.0, "l": 1000, "t": 3863.50226}
{"r": 0.0, "l": 1000, "t": 3908.121368}
{"r": 0.0, "l": 1000, "t": 3949.719896}
{"r": 0.0, "l": 1000, "t": 3993.536336}
{"r": 0.0, "l": 1000, "t": 4038.25649}
{"r": 0.0, "l": 1000, "t": 4080.04069}
{"r": 0.0, "l": 1000, "t": 4122.873555}
{"r": 0.0, "l": 1000, "t": 4166.572931}
{"r": 0.0, "l": 1000, "t": 4210.699322}
{"r": 0.0, "l": 1000, "t": 4253.093024}
{"r": 0.0, "l": 1000, "t": 4298.412833}
{"r": 0.0, "l": 1000, "t": 4343.086231}
{"r": 0.0, "l": 1000, "t": 4386.707247}
{"r": 0.0, "l": 1000, "t": 4430.258794}
{"r": 0.0, "l": 1000, "t": 4473.057104}
{"r": 0.0, "l": 1000, "t": 4517.102349}
{"r": 0.0, "l": 1000, "t": 4561.463521}
{"r": 0.0, "l": 1000, "t": 4606.715364}
{"r": 0.0, "l": 1000, "t": 4646.337649}
{"r": 0.0, "l": 1000, "t": 4690.302116}
{"r": 0.0, "l": 1000, "t": 4736.03506}
{"r": 0.0, "l": 1000, "t": 4779.503022}
{"r": 0.0, "l": 1000, "t": 4823.662384}
{"r": 0.0, "l": 1000, "t": 4868.579858}
{"r": 0.0, "l": 1000, "t": 4912.712722}
{"r": 0.0, "l": 1000, "t": 4958.697588}
{"r": 0.0, "l": 1000, "t": 5004.378129}
{"r": 0.0, "l": 1000, "t": 5046.454572}
{"r": 0.0, "l": 1000, "t": 5091.266829}
{"r": 0.0, "l": 1000, "t": 5136.711142}
{"r": 0.0, "l": 1000, "t": 5178.869487}
{"r": 0.0, "l": 1000, "t": 5225.787984}
{"r": 0.0, "l": 1000, "t": 5271.681617}
{"r": 0.0, "l": 1000, "t": 5318.577026}
{"r": 0.0, "l": 1000, "t": 5366.854601}
{"r": 0.0, "l": 1000, "t": 5411.876972}
{"r": 0.0, "l": 1000, "t": 5455.907444}
{"r": 0.0, "l": 1000, "t": 5503.112223}
{"r": 0.0, "l": 1000, "t": 5547.955558}
{"r": 0.0, "l": 1000, "t": 5591.931025}
{"r": 0.0, "l": 1000, "t": 5637.8982}
{"r": 0.0, "l": 1000, "t": 5682.342294}
{"r": 0.0, "l": 1000, "t": 5727.734404}
{"r": 0.0, "l": 1000, "t": 5772.808408}
{"r": 0.0, "l": 1000, "t": 5816.385249}
{"r": 0.0, "l": 1000, "t": 5862.422087}
{"r": 0.0, "l": 1000, "t": 5904.992677}
{"r": 0.0, "l": 1000, "t": 5951.410247}
{"r": 0.0, "l": 1000, "t": 5996.891501}
{"r": 0.0, "l": 1000, "t": 6041.172047}
{"r": 0.0, "l": 1000, "t": 6087.915844}
{"r": 0.0, "l": 1000, "t": 6134.093777}
{"r": 0.0, "l": 1000, "t": 6178.391838}
{"r": 0.0, "l": 1000,