{"t_start": 1515704284.0840428, "gym_version": "0.9.2", "env_id": "GridWorldNoFrameskip-v4"}
{"r": 0.0, "l": 1000, "t": 16.98963}
{"r": 0.0, "l": 1000, "t": 31.994183}
{"r": 0.0, "l": 1000, "t": 47.206803}
{"r": 0.0, "l": 1000, "t": 61.792515}
{"r": 0.0, "l": 1000, "t": 76.191899}
{"r": 0.0, "l": 1000, "t": 90.333543}
{"r": 0.0, "l": 1000, "t": 106.145963}
{"r": 0.0, "l": 1000, "t": 121.009134}
{"r": 0.0, "l": 1000, "t": 136.306502}
{"r": 0.0, "l": 1000, "t": 151.68799}
{"r": 0.0, "l": 1000, "t": 166.429948}
{"r": 0.0, "l": 1000, "t": 181.815386}
{"r": 0.0, "l": 1000, "t": 196.730702}
{"r": 0.0, "l": 1000, "t": 212.000927}
{"r": 0.0, "l": 1000, "t": 227.413974}
{"r": 0.0, "l": 1000, "t": 242.53834}
{"r": 0.0, "l": 1000, "t": 258.272275}
{"r": 0.0, "l": 1000, "t": 273.071808}
{"r": 0.0, "l": 1000, "t": 288.448035}
{"r": 0.0, "l": 1000, "t": 303.439398}
{"r": 0.0, "l": 1000, "t": 318.573928}
{"r": 0.0, "l": 1000, "t": 333.654926}
{"r": 0.0, "l": 1000, "t": 349.20633}
{"r": 0.0, "l": 1000, "t": 364.569878}
{"r": 0.0, "l": 1000, "t": 380.079336}
{"r": 0.0, "l": 1000, "t": 395.410744}
{"r": 0.0, "l": 1000, "t": 410.437966}
{"r": 0.0, "l": 1000, "t": 425.658826}
{"r": 0.0, "l": 1000, "t": 440.713555}
{"r": 0.0, "l": 1000, "t": 456.044063}
{"r": 0.0, "l": 1000, "t": 472.273792}
{"r": 0.0, "l": 1000, "t": 487.399653}
{"r": 0.0, "l": 1000, "t": 503.308454}
{"r": 0.0, "l": 1000, "t": 518.704422}
{"r": 0.0, "l": 1000, "t": 535.18372}
{"r": 0.0, "l": 1000, "t": 550.654736}
{"r": 0.0, "l": 1000, "t": 566.329127}
{"r": 0.0, "l": 1000, "t": 582.048139}
{"r": 0.0, "l": 1000, "t": 598.109704}
{"r": 0.0, "l": 1000, "t": 614.37157}
{"r": 0.0, "l": 1000, "t": 629.78937}
{"r": 0.0, "l": 1000, "t": 645.401693}
{"r": 0.0, "l": 1000, "t": 662.003333}
{"r": 0.0, "l": 1000, "t": 677.550255}
{"r": 0.0, "l": 1000, "t": 693.486454}
{"r": 0.0, "l": 1000, "t": 709.194293}
{"r": 0.0, "l": 1000, "t": 725.746794}
{"r": 0.0, "l": 1000, "t": 741.691845}
{"r": 0.0, "l": 1000, "t": 757.785726}
{"r": 0.0, "l": 1000, "t": 773.565741}
{"r": 0.0, "l": 1000, "t": 789.652198}
{"r": 0.0, "l": 1000, "t": 805.642699}
{"r": 0.0, "l": 1000, "t": 821.834746}
{"r": 0.0, "l": 1000, "t": 837.859661}
{"r": 0.0, "l": 1000, "t": 853.742942}
{"r": 0.0, "l": 1000, "t": 869.276903}
{"r": 0.0, "l": 1000, "t": 885.572993}
{"r": 0.0, "l": 1000, "t": 901.376534}
{"r": 0.0, "l": 1000, "t": 917.392901}
{"r": 0.0, "l": 1000, "t": 932.985395}
{"r": 0.0, "l": 1000, "t": 948.659596}
{"r": 0.0, "l": 1000, "t": 965.432347}
{"r": 0.0, "l": 1000, "t": 981.099873}
{"r": 0.0, "l": 1000, "t": 996.929186}
{"r": 0.0, "l": 1000, "t": 1013.581359}
{"r": 0.0, "l": 1000, "t": 1029.420706}
{"r": 0.0, "l": 1000, "t": 1045.25289}
{"r": 0.0, "l": 1000, "t": 1061.510737}
{"r": 0.0, "l": 1000, "t": 1077.326985}
{"r": 0.0, "l": 1000, "t": 1094.188221}
{"r": 0.0, "l": 1000, "t": 1111.473967}
{"r": 0.0, "l": 1000, "t": 1141.719947}
{"r": 0.0, "l": 1000, "t": 1174.508544}
{"r": 0.0, "l": 1000, "t": 1208.627424}
{"r": 0.0, "l": 1000, "t": 1242.644209}
{"r": 0.0, "l": 1000, "t": 1274.082398}
{"r": 0.0, "l": 1000, "t": 1307.565582}
{"r": 0.0, "l": 1000, "t": 1342.329607}
{"r": 0.0, "l": 1000, "t": 1376.559145}
{"r": 0.0, "l": 1000, "t": 1408.323789}
{"r": 0.0, "l": 1000, "t": 1442.303316}
{"r": 0.0, "l": 1000, "t": 1477.064906}
{"r": 0.0, "l": 1000, "t": 1514.079722}
{"r": 0.0, "l": 1000, "t": 1547.443643}
{"r": 0.0, "l": 1000, "t": 1582.025391}
{"r": 0.0, "l": 1000, "t": 1617.986037}
{"r": 0.0, "l": 1000, "t": 1652.746997}
{"r": 0.0, "l": 1000, "t": 1688.239688}
{"r": 0.0, "l": 1000, "t": 1723.976879}
{"r": 0.0, "l": 1000, "t": 1762.441717}
{"r": 0.0, "l": 1000, "t": 1796.142064}
{"r": 0.0, "l": 1000, "t": 1831.006231}
{"r": 0.0, "l": 1000, "t": 1868.341866}
{"r": 0.0, "l": 1000, "t": 1904.231014}
{"r": 0.0, "l": 1000, "t": 1937.571398}
{"r": 0.0, "l": 1000, "t": 1973.065162}
{"r": 0.0, "l": 1000, "t": 2009.189349}
{"r": 0.0, "l": 1000, "t": 2046.153939}
{"r": 0.0, "l": 1000, "t": 2080.554755}
{"r": 0.0, "l": 1000, "t": 2117.645664}
{"r": 0.0, "l": 1000, "t": 2152.974425}
{"r": 0.0, "l": 1000, "t": 2188.463806}
{"r": 0.0, "l": 1000, "t": 2225.027123}
{"r": 0.0, "l": 1000, "t": 2261.721859}
{"r": 0.0, "l": 1000, "t": 2299.222692}
{"r": 0.0, "l": 1000, "t": 2334.042054}
{"r": 0.0, "l": 1000, "t": 2371.045035}
{"r": 0.0, "l": 1000, "t": 2407.05577}
{"r": 0.0, "l": 1000, "t": 2444.558898}
{"r": 0.0, "l": 1000, "t": 2479.552599}
{"r": 0.0, "l": 1000, "t": 2517.749769}
{"r": 0.0, "l": 1000, "t": 2556.563219}
{"r": 0.0, "l": 1000, "t": 2594.318865}
{"r": 0.0, "l": 1000, "t": 2629.211981}
{"r": 0.0, "l": 1000, "t": 2666.197867}
{"r": 0.0, "l": 1000, "t": 2702.557367}
{"r": 0.0, "l": 1000, "t": 2737.980966}
{"r": 0.0, "l": 1000, "t": 2775.904991}
{"r": 0.0, "l": 1000, "t": 2813.353338}
{"r": 0.0, "l": 1000, "t": 2849.804713}
{"r": 0.0, "l": 1000, "t": 2884.024045}
{"r": 0.0, "l": 1000, "t": 2921.937914}
{"r": 0.0, "l": 1000, "t": 2958.765402}
{"r": 0.0, "l": 1000, "t": 2995.461162}
{"r": 0.0, "l": 1000, "t": 3031.530099}
{"r": 0.0, "l": 1000, "t": 3068.912898}
{"r": 0.0, "l": 1000, "t": 3107.377046}
{"r": 0.0, "l": 1000, "t": 3142.743817}
{"r": 0.0, "l": 1000, "t": 3180.423605}
{"r": 0.0, "l": 1000, "t": 3218.323778}
{"r": 0.0, "l": 1000, "t": 3256.423107}
{"r": 0.0, "l": 1000, "t": 3291.567058}
{"r": 0.0, "l": 1000, "t": 3329.132234}
{"r": 0.0, "l": 1000, "t": 3364.413861}
{"r": 0.0, "l": 1000, "t": 3400.016243}
{"r": 0.0, "l": 1000, "t": 3436.983173}
{"r": 0.0, "l": 1000, "t": 3474.128306}
{"r": 0.0, "l": 1000, "t": 3511.435196}
{"r": 0.0, "l": 1000, "t": 3546.271806}
{"r": 0.0, "l": 1000, "t": 3582.363751}
{"r": 0.0, "l": 1000, "t": 3621.867608}
{"r": 0.0, "l": 1000, "t": 3659.333959}
{"r": 0.0, "l": 1000, "t": 3697.267872}
{"r": 0.0, "l": 1000, "t": 3733.378103}
{"r": 0.0, "l": 1000, "t": 3774.684747}
{"r": 0.0, "l": 1000, "t": 3816.347793}
{"r": 0.0, "l": 1000, "t": 3861.767846}
{"r": 0.0, "l": 1000, "t": 3905.182329}
{"r": 0.0, "l": 1000, "t": 3946.90066}
{"r": 0.0, "l": 1000, "t": 3991.122964}
{"r": 0.0, "l": 1000, "t": 4034.789106}
{"r": 0.0, "l": 1000, "t": 4076.674597}
{"r": 0.0, "l": 1000, "t": 4122.775122}
{"r": 0.0, "l": 1000, "t": 4166.548047}
{"r": 0.0, "l": 1000, "t": 4210.638493}
{"r": 0.0, "l": 1000, "t": 4254.264073}
{"r": 0.0, "l": 1000, "t": 4298.548845}
{"r": 0.0, "l": 1000, "t": 4340.811656}
{"r": 0.0, "l": 1000, "t": 4386.707903}
{"r": 0.0, "l": 1000, "t": 4430.374994}
{"r": 0.0, "l": 1000, "t": 4473.087558}
{"r": 0.0, "l": 1000, "t": 4517.099519}
{"r": 0.0, "l": 1000, "t": 4563.176704}
{"r": 0.0, "l": 1000, "t": 4606.767894}
{"r": 0.0, "l": 1000, "t": 4648.129719}
{"r": 0.0, "l": 1000, "t": 4692.142922}
{"r": 0.0, "l": 1000, "t": 4736.115422}
{"r": 0.0, "l": 1000, "t": 4781.153208}
{"r": 0.0, "l": 1000, "t": 4825.539675}
{"r": 0.0, "l": 1000, "t": 4868.573931}
{"r": 0.0, "l": 1000, "t": 4914.337605}
{"r": 0.0, "l": 1000, "t": 4958.655979}
{"r": 0.0, "l": 1000, "t": 5003.060749}
{"r": 0.0, "l": 1000, "t": 5047.670451}
{"r": 0.0, "l": 1000, "t": 5091.346024}
{"r": 0.0, "l": 1000, "t": 5135.772143}
{"r": 0.0, "l": 1000, "t": 5177.637062}
{"r": 0.0, "l": 1000, "t": 5225.7311}
{"r": 0.0, "l": 1000, "t": 5271.446569}
{"r": 0.0, "l": 1000, "t": 5316.296311}
{"r": 0.0, "l": 1000, "t": 5363.723747}
{"r": 0.0, "l": 1000, "t": 5409.723776}
{"r": 0.0, "l": 1000, "t": 5454.594481}
{"r": 0.0, "l": 1000, "t": 5499.608107}
{"r": 0.0, "l": 1000, "t": 5544.167164}
{"r": 0.0, "l": 1000, "t": 5589.403339}
{"r": 0.0, "l": 1000, "t": 5635.388869}
{"r": 0.0, "l": 1000, "t": 5681.091749}
{"r": 0.0, "l": 1000, "t": 5725.570886}
{"r": 0.0, "l": 1000, "t": 5770.526153}
{"r": 0.0, "l": 1000, "t": 5813.996038}
{"r": 0.0, "l": 1000, "t": 5860.51016}
{"r": 0.0, "l": 1000, "t": 5904.938341}
{"r": 0.0, "l": 1000, "t": 5952.943696}
{"r": 0.0, "l": 1000, "t": 5997.914364}
{"r": 0.0, "l": 1000, "t": 6041.025659}
{"r": 0.0, "l": 1000, "t": 6087.878982}
{"r": 0.0, "l": 1000, "t": 6134.138273}
{"r": 0.0, "l": 1000, "t": 6180.271765}
{"r": 0.0, "l": 1000,