{"t_start": 1515704284.0854483, "gym_version": "0.9.2", "env_id": "GridWorldNoFrameskip-v4"}
{"r": 0.0, "l": 1000, "t": 17.252734}
{"r": 0.0, "l": 1000, "t": 32.581699}
{"r": 0.0, "l": 1000, "t": 46.54826}
{"r": 0.0, "l": 1000, "t": 61.808145}
{"r": 0.0, "l": 1000, "t": 76.255562}
{"r": 0.0, "l": 1000, "t": 91.073491}
{"r": 0.0, "l": 1000, "t": 106.397502}
{"r": 0.0, "l": 1000, "t": 121.884556}
{"r": 0.0, "l": 1000, "t": 136.999471}
{"r": 0.0, "l": 1000, "t": 152.075931}
{"r": 0.0, "l": 1000, "t": 167.184439}
{"r": 0.0, "l": 1000, "t": 182.101218}
{"r": 0.0, "l": 1000, "t": 197.587578}
{"r": 0.0, "l": 1000, "t": 212.764766}
{"r": 0.0, "l": 1000, "t": 227.922021}
{"r": 0.0, "l": 1000, "t": 243.0643}
{"r": 0.0, "l": 1000, "t": 258.725565}
{"r": 0.0, "l": 1000, "t": 274.025442}
{"r": 0.0, "l": 1000, "t": 288.751119}
{"r": 0.0, "l": 1000, "t": 303.850723}
{"r": 0.0, "l": 1000, "t": 319.501184}
{"r": 0.0, "l": 1000, "t": 334.714222}
{"r": 0.0, "l": 1000, "t": 349.650334}
{"r": 0.0, "l": 1000, "t": 365.075991}
{"r": 0.0, "l": 1000, "t": 380.589827}
{"r": 0.0, "l": 1000, "t": 395.778365}
{"r": 0.0, "l": 1000, "t": 411.191272}
{"r": 0.0, "l": 1000, "t": 426.653249}
{"r": 0.0, "l": 1000, "t": 442.27014}
{"r": 0.0, "l": 1000, "t": 457.87058}
{"r": 0.0, "l": 1000, "t": 473.622484}
{"r": 0.0, "l": 1000, "t": 489.068451}
{"r": 0.0, "l": 1000, "t": 504.89867}
{"r": 0.0, "l": 1000, "t": 520.19482}
{"r": 0.0, "l": 1000, "t": 536.488263}
{"r": 0.0, "l": 1000, "t": 551.76298}
{"r": 0.0, "l": 1000, "t": 567.715963}
{"r": 0.0, "l": 1000, "t": 583.345049}
{"r": 0.0, "l": 1000, "t": 598.998491}
{"r": 0.0, "l": 1000, "t": 614.748972}
{"r": 0.0, "l": 1000, "t": 631.059546}
{"r": 0.0, "l": 1000, "t": 646.730275}
{"r": 0.0, "l": 1000, "t": 662.807396}
{"r": 0.0, "l": 1000, "t": 678.413505}
{"r": 0.0, "l": 1000, "t": 694.563808}
{"r": 0.0, "l": 1000, "t": 710.509356}
{"r": 0.0, "l": 1000, "t": 726.564635}
{"r": 0.0, "l": 1000, "t": 742.166645}
{"r": 0.0, "l": 1000, "t": 757.949248}
{"r": 0.0, "l": 1000, "t": 773.603433}
{"r": 0.0, "l": 1000, "t": 789.651153}
{"r": 0.0, "l": 1000, "t": 805.457502}
{"r": 0.0, "l": 1000, "t": 821.833163}
{"r": 0.0, "l": 1000, "t": 837.266787}
{"r": 0.0, "l": 1000, "t": 853.024157}
{"r": 0.0, "l": 1000, "t": 868.609545}
{"r": 0.0, "l": 1000, "t": 884.351458}
{"r": 0.0, "l": 1000, "t": 900.120891}
{"r": 0.0, "l": 1000, "t": 915.50193}
{"r": 0.0, "l": 1000, "t": 931.909283}
{"r": 0.0, "l": 1000, "t": 947.86961}
{"r": 0.0, "l": 1000, "t": 964.362805}
{"r": 0.0, "l": 1000, "t": 980.132112}
{"r": 0.0, "l": 1000, "t": 996.384313}
{"r": 0.0, "l": 1000, "t": 1012.388268}
{"r": 0.0, "l": 1000, "t": 1028.607393}
{"r": 0.0, "l": 1000, "t": 1044.849519}
{"r": 0.0, "l": 1000, "t": 1060.913456}
{"r": 0.0, "l": 1000, "t": 1077.277053}
{"r": 0.0, "l": 1000, "t": 1093.88873}
{"r": 0.0, "l": 1000, "t": 1110.8631}
{"r": 0.0, "l": 1000, "t": 1140.912309}
{"r": 0.0, "l": 1000, "t": 1174.476153}
{"r": 0.0, "l": 1000, "t": 1208.629308}
{"r": 0.0, "l": 1000, "t": 1243.614667}
{"r": 0.0, "l": 1000, "t": 1274.836053}
{"r": 0.0, "l": 1000, "t": 1307.595294}
{"r": 0.0, "l": 1000, "t": 1342.371624}
{"r": 0.0, "l": 1000, "t": 1376.720167}
{"r": 0.0, "l": 1000, "t": 1408.381408}
{"r": 0.0, "l": 1000, "t": 1442.469051}
{"r": 0.0, "l": 1000, "t": 1478.248653}
{"r": 0.0, "l": 1000, "t": 1514.656407}
{"r": 0.0, "l": 1000, "t": 1548.937055}
{"r": 0.0, "l": 1000, "t": 1584.216316}
{"r": 0.0, "l": 1000, "t": 1618.963541}
{"r": 0.0, "l": 1000, "t": 1653.698709}
{"r": 0.0, "l": 1000, "t": 1689.038496}
{"r": 0.0, "l": 1000, "t": 1725.192269}
{"r": 0.0, "l": 1000, "t": 1760.976888}
{"r": 0.0, "l": 1000, "t": 1796.185249}
{"r": 0.0, "l": 1000, "t": 1832.274868}
{"r": 0.0, "l": 1000, "t": 1866.841625}
{"r": 0.0, "l": 1000, "t": 1904.279278}
{"r": 0.0, "l": 1000, "t": 1938.807142}
{"r": 0.0, "l": 1000, "t": 1974.328178}
{"r": 0.0, "l": 1000, "t": 2010.074348}
{"r": 0.0, "l": 1000, "t": 2047.441484}
{"r": 0.0, "l": 1000, "t": 2082.1258}
{"r": 0.0, "l": 1000, "t": 2118.783116}
{"r": 0.0, "l": 1000, "t": 2154.577019}
{"r": 0.0, "l": 1000, "t": 2190.041111}
{"r": 0.0, "l": 1000, "t": 2226.783503}
{"r": 0.0, "l": 1000, "t": 2265.171401}
{"r": 0.0, "l": 1000, "t": 2302.351439}
{"r": 0.0, "l": 1000, "t": 2337.645944}
{"r": 0.0, "l": 1000, "t": 2375.958623}
{"r": 0.0, "l": 1000, "t": 2411.938273}
{"r": 0.0, "l": 1000, "t": 2448.858495}
{"r": 0.0, "l": 1000, "t": 2483.72869}
{"r": 0.0, "l": 1000, "t": 2522.705189}
{"r": 0.0, "l": 1000, "t": 2559.445445}
{"r": 0.0, "l": 1000, "t": 2598.126712}
{"r": 0.0, "l": 1000, "t": 2635.014131}
{"r": 0.0, "l": 1000, "t": 2670.921683}
{"r": 0.0, "l": 1000, "t": 2707.643873}
{"r": 0.0, "l": 1000, "t": 2741.71739}
{"r": 0.0, "l": 1000, "t": 2780.550215}
{"r": 0.0, "l": 1000, "t": 2817.698405}
{"r": 0.0, "l": 1000, "t": 2855.103309}
{"r": 0.0, "l": 1000, "t": 2890.61036}
{"r": 0.0, "l": 1000, "t": 2926.152972}
{"r": 0.0, "l": 1000, "t": 2963.701733}
{"r": 0.0, "l": 1000, "t": 2999.322492}
{"r": 0.0, "l": 1000, "t": 3036.31569}
{"r": 0.0, "l": 1000, "t": 3072.911106}
{"r": 0.0, "l": 1000, "t": 3110.592749}
{"r": 0.0, "l": 1000, "t": 3146.210577}
{"r": 0.0, "l": 1000, "t": 3185.717688}
{"r": 0.0, "l": 1000, "t": 3223.565432}
{"r": 0.0, "l": 1000, "t": 3261.238634}
{"r": 0.0, "l": 1000, "t": 3296.781306}
{"r": 0.0, "l": 1000, "t": 3334.759853}
{"r": 0.0, "l": 1000, "t": 3371.138902}
{"r": 0.0, "l": 1000, "t": 3406.973585}
{"r": 0.0, "l": 1000, "t": 3444.634732}
{"r": 0.0, "l": 1000, "t": 3481.178718}
{"r": 0.0, "l": 1000, "t": 3516.614428}
{"r": 0.0, "l": 1000, "t": 3551.676586}
{"r": 0.0, "l": 1000, "t": 3588.624564}
{"r": 0.0, "l": 1000, "t": 3626.706118}
{"r": 0.0, "l": 1000, "t": 3664.658037}
{"r": 0.0, "l": 1000, "t": 3700.572674}
{"r": 0.0, "l": 1000, "t": 3737.794699}
{"r": 0.0, "l": 1000, "t": 3780.765061}
{"r": 0.0, "l": 1000, "t": 3822.655566}
{"r": 0.0, "l": 1000, "t": 3867.767111}
{"r": 0.0, "l": 1000, "t": 3911.420156}
{"r": 0.0, "l": 1000, "t": 3954.045655}
{"r": 0.0, "l": 1000, "t": 3999.088521}
{"r": 0.0, "l": 1000, "t": 4041.897372}
{"r": 0.0, "l": 1000, "t": 4083.153531}
{"r": 0.0, "l": 1000, "t": 4127.89342}
{"r": 0.0, "l": 1000, "t": 4172.978195}
{"r": 0.0, "l": 1000, "t": 4215.383212}
{"r": 0.0, "l": 1000, "t": 4260.365369}
{"r": 0.0, "l": 1000, "t": 4305.124023}
{"r": 0.0, "l": 1000, "t": 4348.368638}
{"r": 0.0, "l": 1000, "t": 4392.83915}
{"r": 0.0, "l": 1000, "t": 4436.225746}
{"r": 0.0, "l": 1000, "t": 4479.892884}
{"r": 0.0, "l": 1000, "t": 4524.508544}
{"r": 0.0, "l": 1000, "t": 4569.509684}
{"r": 0.0, "l": 1000, "t": 4612.703409}
{"r": 0.0, "l": 1000, "t": 4655.867411}
{"r": 0.0, "l": 1000, "t": 4701.174332}
{"r": 0.0, "l": 1000, "t": 4746.537724}
{"r": 0.0, "l": 1000, "t": 4789.930423}
{"r": 0.0, "l": 1000, "t": 4834.303851}
{"r": 0.0, "l": 1000, "t": 4879.290891}
{"r": 0.0, "l": 1000, "t": 4922.927674}
{"r": 0.0, "l": 1000, "t": 4967.182934}
{"r": 0.0, "l": 1000, "t": 5012.205438}
{"r": 0.0, "l": 1000, "t": 5055.674827}
{"r": 0.0, "l": 1000, "t": 5100.210231}
{"r": 0.0, "l": 1000, "t": 5144.117646}
{"r": 0.0, "l": 1000, "t": 5187.769841}
{"r": 0.0, "l": 1000, "t": 5234.132462}
{"r": 0.0, "l": 1000, "t": 5278.950936}
{"r": 0.0, "l": 1000, "t": 5324.366635}
{"r": 0.0, "l": 1000, "t": 5371.332702}
{"r": 0.0, "l": 1000, "t": 5417.858124}
{"r": 0.0, "l": 1000, "t": 5462.131651}
{"r": 0.0, "l": 1000, "t": 5508.152541}
{"r": 0.0, "l": 1000, "t": 5553.016438}
{"r": 0.0, "l": 1000, "t": 5597.417719}
{"r": 0.0, "l": 1000, "t": 5643.056134}
{"r": 0.0, "l": 1000, "t": 5689.823514}
{"r": 0.0, "l": 1000, "t": 5732.721345}
{"r": 0.0, "l": 1000, "t": 5778.128645}
{"r": 0.0, "l": 1000, "t": 5821.544631}
{"r": 0.0, "l": 1000, "t": 5868.975579}
{"r": 0.0, "l": 1000, "t": 5912.850125}
{"r": 0.0, "l": 1000, "t": 5959.372576}
{"r": 0.0, "l": 1000, "t": 6004.324339}
{"r": 0.0, "l": 1000, "t": 6047.804297}
{"r": 0.0, "l": 1000, "t": 6095.354049}
{"r": 0.0, "l": 1000, "t": 6141.404397}
{"r": 0.0, "l": 1000, "t": 6186.515301}
{"r": 0.0, "l": 1000,