{"t_start": 1515704284.0866265, "gym_version": "0.9.2", "env_id": "GridWorldNoFrameskip-v4"}
{"r": 0.0, "l": 1000, "t": 17.228806}
{"r": 0.0, "l": 1000, "t": 31.977396}
{"r": 0.0, "l": 1000, "t": 46.460153}
{"r": 0.0, "l": 1000, "t": 61.281213}
{"r": 0.0, "l": 1000, "t": 75.935575}
{"r": 0.0, "l": 1000, "t": 90.28976}
{"r": 0.0, "l": 1000, "t": 105.814516}
{"r": 0.0, "l": 1000, "t": 120.920383}
{"r": 0.0, "l": 1000, "t": 135.968263}
{"r": 0.0, "l": 1000, "t": 151.123046}
{"r": 0.0, "l": 1000, "t": 166.051255}
{"r": 0.0, "l": 1000, "t": 180.99403}
{"r": 0.0, "l": 1000, "t": 195.770262}
{"r": 0.0, "l": 1000, "t": 211.020579}
{"r": 0.0, "l": 1000, "t": 226.085246}
{"r": 0.0, "l": 1000, "t": 241.191717}
{"r": 0.0, "l": 1000, "t": 256.884626}
{"r": 0.0, "l": 1000, "t": 271.871552}
{"r": 0.0, "l": 1000, "t": 286.612428}
{"r": 0.0, "l": 1000, "t": 301.775989}
{"r": 0.0, "l": 1000, "t": 316.904256}
{"r": 0.0, "l": 1000, "t": 331.803964}
{"r": 0.0, "l": 1000, "t": 347.316792}
{"r": 0.0, "l": 1000, "t": 362.982259}
{"r": 0.0, "l": 1000, "t": 378.50603}
{"r": 0.0, "l": 1000, "t": 394.131603}
{"r": 0.0, "l": 1000, "t": 409.408142}
{"r": 0.0, "l": 1000, "t": 424.804161}
{"r": 0.0, "l": 1000, "t": 439.897278}
{"r": 0.0, "l": 1000, "t": 455.184316}
{"r": 0.0, "l": 1000, "t": 471.18785}
{"r": 0.0, "l": 1000, "t": 486.746779}
{"r": 0.0, "l": 1000, "t": 502.411309}
{"r": 0.0, "l": 1000, "t": 517.869557}
{"r": 0.0, "l": 1000, "t": 533.507924}
{"r": 0.0, "l": 1000, "t": 549.146578}
{"r": 0.0, "l": 1000, "t": 564.914324}
{"r": 0.0, "l": 1000, "t": 580.468091}
{"r": 0.0, "l": 1000, "t": 596.647301}
{"r": 0.0, "l": 1000, "t": 612.55119}
{"r": 0.0, "l": 1000, "t": 628.470091}
{"r": 0.0, "l": 1000, "t": 644.871749}
{"r": 0.0, "l": 1000, "t": 660.710206}
{"r": 0.0, "l": 1000, "t": 676.411018}
{"r": 0.0, "l": 1000, "t": 692.906336}
{"r": 0.0, "l": 1000, "t": 708.503054}
{"r": 0.0, "l": 1000, "t": 724.870262}
{"r": 0.0, "l": 1000, "t": 741.391634}
{"r": 0.0, "l": 1000, "t": 757.039471}
{"r": 0.0, "l": 1000, "t": 772.703821}
{"r": 0.0, "l": 1000, "t": 789.138959}
{"r": 0.0, "l": 1000, "t": 805.157013}
{"r": 0.0, "l": 1000, "t": 820.972095}
{"r": 0.0, "l": 1000, "t": 837.22705}
{"r": 0.0, "l": 1000, "t": 853.020232}
{"r": 0.0, "l": 1000, "t": 868.585006}
{"r": 0.0, "l": 1000, "t": 884.326713}
{"r": 0.0, "l": 1000, "t": 899.861396}
{"r": 0.0, "l": 1000, "t": 915.476101}
{"r": 0.0, "l": 1000, "t": 931.199364}
{"r": 0.0, "l": 1000, "t": 947.48781}
{"r": 0.0, "l": 1000, "t": 963.866292}
{"r": 0.0, "l": 1000, "t": 979.362955}
{"r": 0.0, "l": 1000, "t": 995.306311}
{"r": 0.0, "l": 1000, "t": 1011.600165}
{"r": 0.0, "l": 1000, "t": 1027.610823}
{"r": 0.0, "l": 1000, "t": 1043.843758}
{"r": 0.0, "l": 1000, "t": 1060.157085}
{"r": 0.0, "l": 1000, "t": 1076.061296}
{"r": 0.0, "l": 1000, "t": 1092.410373}
{"r": 0.0, "l": 1000, "t": 1109.5482}
{"r": 0.0, "l": 1000, "t": 1138.315146}
{"r": 0.0, "l": 1000, "t": 1171.916181}
{"r": 0.0, "l": 1000, "t": 1206.213585}
{"r": 0.0, "l": 1000, "t": 1241.16522}
{"r": 0.0, "l": 1000, "t": 1272.210017}
{"r": 0.0, "l": 1000, "t": 1306.257738}
{"r": 0.0, "l": 1000, "t": 1340.933191}
{"r": 0.0, "l": 1000, "t": 1374.806072}
{"r": 0.0, "l": 1000, "t": 1406.57751}
{"r": 0.0, "l": 1000, "t": 1440.426618}
{"r": 0.0, "l": 1000, "t": 1475.720433}
{"r": 0.0, "l": 1000, "t": 1510.83696}
{"r": 0.0, "l": 1000, "t": 1544.385632}
{"r": 0.0, "l": 1000, "t": 1580.241791}
{"r": 0.0, "l": 1000, "t": 1616.214497}
{"r": 0.0, "l": 1000, "t": 1651.447514}
{"r": 0.0, "l": 1000, "t": 1687.10949}
{"r": 0.0, "l": 1000, "t": 1722.863687}
{"r": 0.0, "l": 1000, "t": 1759.530178}
{"r": 0.0, "l": 1000, "t": 1794.724241}
{"r": 0.0, "l": 1000, "t": 1830.899809}
{"r": 0.0, "l": 1000, "t": 1866.805437}
{"r": 0.0, "l": 1000, "t": 1904.168222}
{"r": 0.0, "l": 1000, "t": 1936.31549}
{"r": 0.0, "l": 1000, "t": 1972.333553}
{"r": 0.0, "l": 1000, "t": 2009.20366}
{"r": 0.0, "l": 1000, "t": 2047.361147}
{"r": 0.0, "l": 1000, "t": 2080.712264}
{"r": 0.0, "l": 1000, "t": 2118.7834}
{"r": 0.0, "l": 1000, "t": 2154.575692}
{"r": 0.0, "l": 1000, "t": 2189.699467}
{"r": 0.0, "l": 1000, "t": 2225.764351}
{"r": 0.0, "l": 1000, "t": 2262.958656}
{"r": 0.0, "l": 1000, "t": 2301.270144}
{"r": 0.0, "l": 1000, "t": 2336.987104}
{"r": 0.0, "l": 1000, "t": 2373.605643}
{"r": 0.0, "l": 1000, "t": 2409.031333}
{"r": 0.0, "l": 1000, "t": 2446.777028}
{"r": 0.0, "l": 1000, "t": 2480.814883}
{"r": 0.0, "l": 1000, "t": 2517.837264}
{"r": 0.0, "l": 1000, "t": 2556.644225}
{"r": 0.0, "l": 1000, "t": 2594.354321}
{"r": 0.0, "l": 1000, "t": 2629.359151}
{"r": 0.0, "l": 1000, "t": 2665.644254}
{"r": 0.0, "l": 1000, "t": 2702.521275}
{"r": 0.0, "l": 1000, "t": 2737.80142}
{"r": 0.0, "l": 1000, "t": 2774.657244}
{"r": 0.0, "l": 1000, "t": 2813.344691}
{"r": 0.0, "l": 1000, "t": 2849.806729}
{"r": 0.0, "l": 1000, "t": 2884.018777}
{"r": 0.0, "l": 1000, "t": 2920.610327}
{"r": 0.0, "l": 1000, "t": 2957.72127}
{"r": 0.0, "l": 1000, "t": 2994.302485}
{"r": 0.0, "l": 1000, "t": 3030.318246}
{"r": 0.0, "l": 1000, "t": 3068.859157}
{"r": 0.0, "l": 1000, "t": 3106.229622}
{"r": 0.0, "l": 1000, "t": 3142.681927}
{"r": 0.0, "l": 1000, "t": 3179.618021}
{"r": 0.0, "l": 1000, "t": 3218.369274}
{"r": 0.0, "l": 1000, "t": 3257.42736}
{"r": 0.0, "l": 1000, "t": 3293.948398}
{"r": 0.0, "l": 1000, "t": 3331.62906}
{"r": 0.0, "l": 1000, "t": 3366.303491}
{"r": 0.0, "l": 1000, "t": 3401.654319}
{"r": 0.0, "l": 1000, "t": 3438.097299}
{"r": 0.0, "l": 1000, "t": 3475.2576}
{"r": 0.0, "l": 1000, "t": 3510.332292}
{"r": 0.0, "l": 1000, "t": 3546.241697}
{"r": 0.0, "l": 1000, "t": 3582.29784}
{"r": 0.0, "l": 1000, "t": 3620.200304}
{"r": 0.0, "l": 1000, "t": 3658.547055}
{"r": 0.0, "l": 1000, "t": 3696.280356}
{"r": 0.0, "l": 1000, "t": 3732.332942}
{"r": 0.0, "l": 1000, "t": 3772.985535}
{"r": 0.0, "l": 1000, "t": 3815.323194}
{"r": 0.0, "l": 1000, "t": 3859.499346}
{"r": 0.0, "l": 1000, "t": 3903.839898}
{"r": 0.0, "l": 1000, "t": 3945.58124}
{"r": 0.0, "l": 1000, "t": 3989.832886}
{"r": 0.0, "l": 1000, "t": 4032.220985}
{"r": 0.0, "l": 1000, "t": 4074.597781}
{"r": 0.0, "l": 1000, "t": 4119.863111}
{"r": 0.0, "l": 1000, "t": 4165.048721}
{"r": 0.0, "l": 1000, "t": 4207.157179}
{"r": 0.0, "l": 1000, "t": 4251.173089}
{"r": 0.0, "l": 1000, "t": 4295.147714}
{"r": 0.0, "l": 1000, "t": 4339.188645}
{"r": 0.0, "l": 1000, "t": 4382.497696}
{"r": 0.0, "l": 1000, "t": 4428.037607}
{"r": 0.0, "l": 1000, "t": 4470.518267}
{"r": 0.0, "l": 1000, "t": 4515.081219}
{"r": 0.0, "l": 1000, "t": 4559.938606}
{"r": 0.0, "l": 1000, "t": 4603.790184}
{"r": 0.0, "l": 1000, "t": 4646.289016}
{"r": 0.0, "l": 1000, "t": 4690.293614}
{"r": 0.0, "l": 1000, "t": 4737.380046}
{"r": 0.0, "l": 1000, "t": 4779.498017}
{"r": 0.0, "l": 1000, "t": 4823.546761}
{"r": 0.0, "l": 1000, "t": 4870.156812}
{"r": 0.0, "l": 1000, "t": 4914.26836}
{"r": 0.0, "l": 1000, "t": 4958.560912}
{"r": 0.0, "l": 1000, "t": 5003.215163}
{"r": 0.0, "l": 1000, "t": 5047.787102}
{"r": 0.0, "l": 1000, "t": 5092.884415}
{"r": 0.0, "l": 1000, "t": 5136.803312}
{"r": 0.0, "l": 1000, "t": 5180.365847}
{"r": 0.0, "l": 1000, "t": 5226.87763}
{"r": 0.0, "l": 1000, "t": 5271.53721}
{"r": 0.0, "l": 1000, "t": 5318.528579}
{"r": 0.0, "l": 1000, "t": 5365.679168}
{"r": 0.0, "l": 1000, "t": 5411.902178}
{"r": 0.0, "l": 1000, "t": 5455.822871}
{"r": 0.0, "l": 1000, "t": 5501.27388}
{"r": 0.0, "l": 1000, "t": 5546.202361}
{"r": 0.0, "l": 1000, "t": 5590.133263}
{"r": 0.0, "l": 1000, "t": 5636.75376}
{"r": 0.0, "l": 1000, "t": 5682.336098}
{"r": 0.0, "l": 1000, "t": 5727.71964}
{"r": 0.0, "l": 1000, "t": 5772.800104}
{"r": 0.0, "l": 1000, "t": 5818.455484}
{"r": 0.0, "l": 1000, "t": 5864.904585}
{"r": 0.0, "l": 1000, "t": 5907.679004}
{"r": 0.0, "l": 1000, "t": 5955.594718}
{"r": 0.0, "l": 1000, "t": 5999.480024}
{"r": 0.0, "l": 1000, "t": 6043.440128}
{"r": 0.0, "l": 1000, "t": 6089.623283}
{"r": 0.0, "l": 1000, "t": 6135.865601}
{"r": 0.0, "l": 1000, "t": 6178.429033}
{"r": 0.0, "l": 1000,