{"t_start": 1515704284.088165, "gym_version": "0.9.2", "env_id": "GridWorldNoFrameskip-v4"}
{"r": 0.0, "l": 1000, "t": 17.104983}
{"r": 0.0, "l": 1000, "t": 32.009453}
{"r": 0.0, "l": 1000, "t": 47.187164}
{"r": 0.0, "l": 1000, "t": 62.143714}
{"r": 0.0, "l": 1000, "t": 76.938785}
{"r": 0.0, "l": 1000, "t": 91.688153}
{"r": 0.0, "l": 1000, "t": 107.242099}
{"r": 0.0, "l": 1000, "t": 122.212445}
{"r": 0.0, "l": 1000, "t": 137.848808}
{"r": 0.0, "l": 1000, "t": 153.030493}
{"r": 0.0, "l": 1000, "t": 167.96224}
{"r": 0.0, "l": 1000, "t": 182.665361}
{"r": 0.0, "l": 1000, "t": 197.880398}
{"r": 0.0, "l": 1000, "t": 213.196771}
{"r": 0.0, "l": 1000, "t": 227.919552}
{"r": 0.0, "l": 1000, "t": 243.346742}
{"r": 0.0, "l": 1000, "t": 259.080159}
{"r": 0.0, "l": 1000, "t": 274.414653}
{"r": 0.0, "l": 1000, "t": 289.183419}
{"r": 0.0, "l": 1000, "t": 304.217457}
{"r": 0.0, "l": 1000, "t": 319.575078}
{"r": 0.0, "l": 1000, "t": 334.683089}
{"r": 0.0, "l": 1000, "t": 349.911026}
{"r": 0.0, "l": 1000, "t": 364.897907}
{"r": 0.0, "l": 1000, "t": 380.402752}
{"r": 0.0, "l": 1000, "t": 396.015653}
{"r": 0.0, "l": 1000, "t": 411.212054}
{"r": 0.0, "l": 1000, "t": 426.622825}
{"r": 0.0, "l": 1000, "t": 442.22381}
{"r": 0.0, "l": 1000, "t": 457.495486}
{"r": 0.0, "l": 1000, "t": 473.048717}
{"r": 0.0, "l": 1000, "t": 488.597882}
{"r": 0.0, "l": 1000, "t": 503.998075}
{"r": 0.0, "l": 1000, "t": 519.635197}
{"r": 0.0, "l": 1000, "t": 535.720882}
{"r": 0.0, "l": 1000, "t": 551.247521}
{"r": 0.0, "l": 1000, "t": 566.699459}
{"r": 0.0, "l": 1000, "t": 582.254593}
{"r": 0.0, "l": 1000, "t": 597.520501}
{"r": 0.0, "l": 1000, "t": 613.378095}
{"r": 0.0, "l": 1000, "t": 629.76597}
{"r": 0.0, "l": 1000, "t": 645.397388}
{"r": 0.0, "l": 1000, "t": 661.301668}
{"r": 0.0, "l": 1000, "t": 677.545468}
{"r": 0.0, "l": 1000, "t": 693.02708}
{"r": 0.0, "l": 1000, "t": 709.171571}
{"r": 0.0, "l": 1000, "t": 725.758934}
{"r": 0.0, "l": 1000, "t": 741.652093}
{"r": 0.0, "l": 1000, "t": 757.038115}
{"r": 0.0, "l": 1000, "t": 772.696748}
{"r": 0.0, "l": 1000, "t": 788.801602}
{"r": 0.0, "l": 1000, "t": 805.180728}
{"r": 0.0, "l": 1000, "t": 820.967588}
{"r": 0.0, "l": 1000, "t": 837.193833}
{"r": 0.0, "l": 1000, "t": 852.946813}
{"r": 0.0, "l": 1000, "t": 868.621762}
{"r": 0.0, "l": 1000, "t": 884.709882}
{"r": 0.0, "l": 1000, "t": 901.329689}
{"r": 0.0, "l": 1000, "t": 916.960001}
{"r": 0.0, "l": 1000, "t": 932.962195}
{"r": 0.0, "l": 1000, "t": 948.655699}
{"r": 0.0, "l": 1000, "t": 965.498899}
{"r": 0.0, "l": 1000, "t": 981.519642}
{"r": 0.0, "l": 1000, "t": 997.678369}
{"r": 0.0, "l": 1000, "t": 1014.433495}
{"r": 0.0, "l": 1000, "t": 1030.578568}
{"r": 0.0, "l": 1000, "t": 1046.835675}
{"r": 0.0, "l": 1000, "t": 1062.591943}
{"r": 0.0, "l": 1000, "t": 1079.161788}
{"r": 0.0, "l": 1000, "t": 1095.754269}
{"r": 0.0, "l": 1000, "t": 1112.250004}
{"r": 0.0, "l": 1000, "t": 1144.105441}
{"r": 0.0, "l": 1000, "t": 1177.613678}
{"r": 0.0, "l": 1000, "t": 1211.478454}
{"r": 0.0, "l": 1000, "t": 1245.559548}
{"r": 0.0, "l": 1000, "t": 1276.604435}
{"r": 0.0, "l": 1000, "t": 1310.21075}
{"r": 0.0, "l": 1000, "t": 1345.291182}
{"r": 0.0, "l": 1000, "t": 1380.258006}
{"r": 0.0, "l": 1000, "t": 1412.216362}
{"r": 0.0, "l": 1000, "t": 1445.814614}
{"r": 0.0, "l": 1000, "t": 1480.16977}
{"r": 0.0, "l": 1000, "t": 1515.739572}
{"r": 0.0, "l": 1000, "t": 1550.274549}
{"r": 0.0, "l": 1000, "t": 1584.760057}
{"r": 0.0, "l": 1000, "t": 1620.818581}
{"r": 0.0, "l": 1000, "t": 1656.854241}
{"r": 0.0, "l": 1000, "t": 1692.288891}
{"r": 0.0, "l": 1000, "t": 1728.14257}
{"r": 0.0, "l": 1000, "t": 1765.477885}
{"r": 0.0, "l": 1000, "t": 1799.934307}
{"r": 0.0, "l": 1000, "t": 1836.231626}
{"r": 0.0, "l": 1000, "t": 1871.615952}
{"r": 0.0, "l": 1000, "t": 1909.685887}
{"r": 0.0, "l": 1000, "t": 1943.391515}
{"r": 0.0, "l": 1000, "t": 1979.716377}
{"r": 0.0, "l": 1000, "t": 2016.354199}
{"r": 0.0, "l": 1000, "t": 2053.243664}
{"r": 0.0, "l": 1000, "t": 2088.216565}
{"r": 0.0, "l": 1000, "t": 2125.210128}
{"r": 0.0, "l": 1000, "t": 2160.425054}
{"r": 0.0, "l": 1000, "t": 2195.898608}
{"r": 0.0, "l": 1000, "t": 2232.782408}
{"r": 0.0, "l": 1000, "t": 2269.963105}
{"r": 0.0, "l": 1000, "t": 2307.291372}
{"r": 0.0, "l": 1000, "t": 2342.645392}
{"r": 0.0, "l": 1000, "t": 2379.047647}
{"r": 0.0, "l": 1000, "t": 2415.778331}
{"r": 0.0, "l": 1000, "t": 2452.602108}
{"r": 0.0, "l": 1000, "t": 2486.77972}
{"r": 0.0, "l": 1000, "t": 2524.818532}
{"r": 0.0, "l": 1000, "t": 2562.325788}
{"r": 0.0, "l": 1000, "t": 2600.197196}
{"r": 0.0, "l": 1000, "t": 2635.072096}
{"r": 0.0, "l": 1000, "t": 2670.918811}
{"r": 0.0, "l": 1000, "t": 2707.794706}
{"r": 0.0, "l": 1000, "t": 2741.721362}
{"r": 0.0, "l": 1000, "t": 2780.650627}
{"r": 0.0, "l": 1000, "t": 2818.949685}
{"r": 0.0, "l": 1000, "t": 2855.940543}
{"r": 0.0, "l": 1000, "t": 2890.693101}
{"r": 0.0, "l": 1000, "t": 2928.021925}
{"r": 0.0, "l": 1000, "t": 2965.812671}
{"r": 0.0, "l": 1000, "t": 3002.041428}
{"r": 0.0, "l": 1000, "t": 3039.359444}
{"r": 0.0, "l": 1000, "t": 3076.775235}
{"r": 0.0, "l": 1000, "t": 3115.330137}
{"r": 0.0, "l": 1000, "t": 3151.408671}
{"r": 0.0, "l": 1000, "t": 3189.956572}
{"r": 0.0, "l": 1000, "t": 3227.194063}
{"r": 0.0, "l": 1000, "t": 3264.300636}
{"r": 0.0, "l": 1000, "t": 3299.625733}
{"r": 0.0, "l": 1000, "t": 3336.930732}
{"r": 0.0, "l": 1000, "t": 3372.812809}
{"r": 0.0, "l": 1000, "t": 3408.047631}
{"r": 0.0, "l": 1000, "t": 3444.632346}
{"r": 0.0, "l": 1000, "t": 3482.397155}
{"r": 0.0, "l": 1000, "t": 3518.058717}
{"r": 0.0, "l": 1000, "t": 3553.925223}
{"r": 0.0, "l": 1000, "t": 3591.735306}
{"r": 0.0, "l": 1000, "t": 3629.67464}
{"r": 0.0, "l": 1000, "t": 3667.271779}
{"r": 0.0, "l": 1000, "t": 3703.762964}
{"r": 0.0, "l": 1000, "t": 3741.39664}
{"r": 0.0, "l": 1000, "t": 3783.992401}
{"r": 0.0, "l": 1000, "t": 3826.53158}
{"r": 0.0, "l": 1000, "t": 3869.784294}
{"r": 0.0, "l": 1000, "t": 3913.690653}
{"r": 0.0, "l": 1000, "t": 3955.34812}
{"r": 0.0, "l": 1000, "t": 3999.084669}
{"r": 0.0, "l": 1000, "t": 4041.869133}
{"r": 0.0, "l": 1000, "t": 4083.153156}
{"r": 0.0, "l": 1000, "t": 4129.091678}
{"r": 0.0, "l": 1000, "t": 4172.991631}
{"r": 0.0, "l": 1000, "t": 4215.380018}
{"r": 0.0, "l": 1000, "t": 4260.392053}
{"r": 0.0, "l": 1000, "t": 4305.095695}
{"r": 0.0, "l": 1000, "t": 4347.38664}
{"r": 0.0, "l": 1000, "t": 4392.670661}
{"r": 0.0, "l": 1000, "t": 4436.163545}
{"r": 0.0, "l": 1000, "t": 4480.96666}
{"r": 0.0, "l": 1000, "t": 4524.666809}
{"r": 0.0, "l": 1000, "t": 4570.530171}
{"r": 0.0, "l": 1000, "t": 4614.383308}
{"r": 0.0, "l": 1000, "t": 4655.86192}
{"r": 0.0, "l": 1000, "t": 4701.320783}
{"r": 0.0, "l": 1000, "t": 4746.502332}
{"r": 0.0, "l": 1000, "t": 4790.031316}
{"r": 0.0, "l": 1000, "t": 4834.424034}
{"r": 0.0, "l": 1000, "t": 4879.393821}
{"r": 0.0, "l": 1000, "t": 4922.98709}
{"r": 0.0, "l": 1000, "t": 4968.693625}
{"r": 0.0, "l": 1000, "t": 5013.828323}
{"r": 0.0, "l": 1000, "t": 5057.039908}
{"r": 0.0, "l": 1000, "t": 5101.269873}
{"r": 0.0, "l": 1000, "t": 5144.117885}
{"r": 0.0, "l": 1000, "t": 5187.795953}
{"r": 0.0, "l": 1000, "t": 5234.202153}
{"r": 0.0, "l": 1000, "t": 5278.944513}
{"r": 0.0, "l": 1000, "t": 5324.432468}
{"r": 0.0, "l": 1000, "t": 5371.277408}
{"r": 0.0, "l": 1000, "t": 5416.387614}
{"r": 0.0, "l": 1000, "t": 5460.413557}
{"r": 0.0, "l": 1000, "t": 5505.138226}
{"r": 0.0, "l": 1000, "t": 5551.524981}
{"r": 0.0, "l": 1000, "t": 5595.475828}
{"r": 0.0, "l": 1000, "t": 5641.482234}
{"r": 0.0, "l": 1000, "t": 5686.365395}
{"r": 0.0, "l": 1000, "t": 5732.690585}
{"r": 0.0, "l": 1000, "t": 5776.049647}
{"r": 0.0, "l": 1000, "t": 5821.398574}
{"r": 0.0, "l": 1000, "t": 5866.805758}
{"r": 0.0, "l": 1000, "t": 5910.581091}
{"r": 0.0, "l": 1000, "t": 5957.688745}
{"r": 0.0, "l": 1000, "t": 6004.18367}
{"r": 0.0, "l": 1000, "t": 6046.560029}
{"r": 0.0, "l": 1000, "t": 6092.733686}
{"r": 0.0, "l": 1000, "t": 6138.721112}
{"r": 0.0, "l": 1000, "t": 6183.621639}
{"r": 0.0, "l": 1000,