{"t_start": 1515704284.0894797, "gym_version": "0.9.2", "env_id": "GridWorldNoFrameskip-v4"}
{"r": 0.0, "l": 1000, "t": 17.095186}
{"r": 0.0, "l": 1000, "t": 31.974722}
{"r": 0.0, "l": 1000, "t": 46.336582}
{"r": 0.0, "l": 1000, "t": 61.251695}
{"r": 0.0, "l": 1000, "t": 75.929753}
{"r": 0.0, "l": 1000, "t": 90.283921}
{"r": 0.0, "l": 1000, "t": 105.833102}
{"r": 0.0, "l": 1000, "t": 120.935272}
{"r": 0.0, "l": 1000, "t": 136.000357}
{"r": 0.0, "l": 1000, "t": 151.134553}
{"r": 0.0, "l": 1000, "t": 166.100087}
{"r": 0.0, "l": 1000, "t": 181.363942}
{"r": 0.0, "l": 1000, "t": 195.963722}
{"r": 0.0, "l": 1000, "t": 211.403424}
{"r": 0.0, "l": 1000, "t": 226.082858}
{"r": 0.0, "l": 1000, "t": 241.191899}
{"r": 0.0, "l": 1000, "t": 256.912982}
{"r": 0.0, "l": 1000, "t": 272.274845}
{"r": 0.0, "l": 1000, "t": 286.923476}
{"r": 0.0, "l": 1000, "t": 302.479161}
{"r": 0.0, "l": 1000, "t": 317.969448}
{"r": 0.0, "l": 1000, "t": 333.262287}
{"r": 0.0, "l": 1000, "t": 348.401744}
{"r": 0.0, "l": 1000, "t": 364.068213}
{"r": 0.0, "l": 1000, "t": 379.506985}
{"r": 0.0, "l": 1000, "t": 394.961404}
{"r": 0.0, "l": 1000, "t": 410.457652}
{"r": 0.0, "l": 1000, "t": 425.672634}
{"r": 0.0, "l": 1000, "t": 440.741252}
{"r": 0.0, "l": 1000, "t": 456.747716}
{"r": 0.0, "l": 1000, "t": 472.704367}
{"r": 0.0, "l": 1000, "t": 487.908177}
{"r": 0.0, "l": 1000, "t": 503.315368}
{"r": 0.0, "l": 1000, "t": 518.705205}
{"r": 0.0, "l": 1000, "t": 535.176766}
{"r": 0.0, "l": 1000, "t": 550.65206}
{"r": 0.0, "l": 1000, "t": 566.346445}
{"r": 0.0, "l": 1000, "t": 582.252395}
{"r": 0.0, "l": 1000, "t": 597.520981}
{"r": 0.0, "l": 1000, "t": 613.876784}
{"r": 0.0, "l": 1000, "t": 630.101591}
{"r": 0.0, "l": 1000, "t": 645.412274}
{"r": 0.0, "l": 1000, "t": 661.965794}
{"r": 0.0, "l": 1000, "t": 677.529676}
{"r": 0.0, "l": 1000, "t": 693.447395}
{"r": 0.0, "l": 1000, "t": 709.959993}
{"r": 0.0, "l": 1000, "t": 725.866696}
{"r": 0.0, "l": 1000, "t": 742.109518}
{"r": 0.0, "l": 1000, "t": 758.519946}
{"r": 0.0, "l": 1000, "t": 774.055356}
{"r": 0.0, "l": 1000, "t": 789.612192}
{"r": 0.0, "l": 1000, "t": 805.518563}
{"r": 0.0, "l": 1000, "t": 821.798354}
{"r": 0.0, "l": 1000, "t": 837.224228}
{"r": 0.0, "l": 1000, "t": 852.870598}
{"r": 0.0, "l": 1000, "t": 868.646447}
{"r": 0.0, "l": 1000, "t": 884.761798}
{"r": 0.0, "l": 1000, "t": 901.374299}
{"r": 0.0, "l": 1000, "t": 916.943774}
{"r": 0.0, "l": 1000, "t": 932.956804}
{"r": 0.0, "l": 1000, "t": 948.615812}
{"r": 0.0, "l": 1000, "t": 964.903348}
{"r": 0.0, "l": 1000, "t": 980.802028}
{"r": 0.0, "l": 1000, "t": 996.906588}
{"r": 0.0, "l": 1000, "t": 1013.579301}
{"r": 0.0, "l": 1000, "t": 1029.417586}
{"r": 0.0, "l": 1000, "t": 1045.304522}
{"r": 0.0, "l": 1000, "t": 1062.153913}
{"r": 0.0, "l": 1000, "t": 1078.146847}
{"r": 0.0, "l": 1000, "t": 1095.120167}
{"r": 0.0, "l": 1000, "t": 1111.522156}
{"r": 0.0, "l": 1000, "t": 1141.767033}
{"r": 0.0, "l": 1000, "t": 1175.290359}
{"r": 0.0, "l": 1000, "t": 1209.740581}
{"r": 0.0, "l": 1000, "t": 1244.60802}
{"r": 0.0, "l": 1000, "t": 1276.033355}
{"r": 0.0, "l": 1000, "t": 1308.931493}
{"r": 0.0, "l": 1000, "t": 1343.635684}
{"r": 0.0, "l": 1000, "t": 1378.512004}
{"r": 0.0, "l": 1000, "t": 1411.18525}
{"r": 0.0, "l": 1000, "t": 1444.571332}
{"r": 0.0, "l": 1000, "t": 1479.177417}
{"r": 0.0, "l": 1000, "t": 1515.687037}
{"r": 0.0, "l": 1000, "t": 1550.159525}
{"r": 0.0, "l": 1000, "t": 1584.227211}
{"r": 0.0, "l": 1000, "t": 1619.046346}
{"r": 0.0, "l": 1000, "t": 1655.347645}
{"r": 0.0, "l": 1000, "t": 1690.320123}
{"r": 0.0, "l": 1000, "t": 1725.910514}
{"r": 0.0, "l": 1000, "t": 1764.054907}
{"r": 0.0, "l": 1000, "t": 1798.297341}
{"r": 0.0, "l": 1000, "t": 1834.051512}
{"r": 0.0, "l": 1000, "t": 1870.856657}
{"r": 0.0, "l": 1000, "t": 1907.118685}
{"r": 0.0, "l": 1000, "t": 1940.210493}
{"r": 0.0, "l": 1000, "t": 1976.463763}
{"r": 0.0, "l": 1000, "t": 2012.273717}
{"r": 0.0, "l": 1000, "t": 2050.207818}
{"r": 0.0, "l": 1000, "t": 2084.57336}
{"r": 0.0, "l": 1000, "t": 2121.967168}
{"r": 0.0, "l": 1000, "t": 2156.326691}
{"r": 0.0, "l": 1000, "t": 2192.422476}
{"r": 0.0, "l": 1000, "t": 2228.803095}
{"r": 0.0, "l": 1000, "t": 2266.561393}
{"r": 0.0, "l": 1000, "t": 2303.630765}
{"r": 0.0, "l": 1000, "t": 2338.986189}
{"r": 0.0, "l": 1000, "t": 2375.974143}
{"r": 0.0, "l": 1000, "t": 2411.081736}
{"r": 0.0, "l": 1000, "t": 2448.847633}
{"r": 0.0, "l": 1000, "t": 2483.629285}
{"r": 0.0, "l": 1000, "t": 2521.268314}
{"r": 0.0, "l": 1000, "t": 2559.46793}
{"r": 0.0, "l": 1000, "t": 2597.61668}
{"r": 0.0, "l": 1000, "t": 2632.412241}
{"r": 0.0, "l": 1000, "t": 2668.955938}
{"r": 0.0, "l": 1000, "t": 2705.580406}
{"r": 0.0, "l": 1000, "t": 2740.105368}
{"r": 0.0, "l": 1000, "t": 2777.953442}
{"r": 0.0, "l": 1000, "t": 2816.48778}
{"r": 0.0, "l": 1000, "t": 2852.812826}
{"r": 0.0, "l": 1000, "t": 2887.733282}
{"r": 0.0, "l": 1000, "t": 2923.519247}
{"r": 0.0, "l": 1000, "t": 2962.384616}
{"r": 0.0, "l": 1000, "t": 2997.999334}
{"r": 0.0, "l": 1000, "t": 3036.163444}
{"r": 0.0, "l": 1000, "t": 3073.090918}
{"r": 0.0, "l": 1000, "t": 3110.63678}
{"r": 0.0, "l": 1000, "t": 3146.202365}
{"r": 0.0, "l": 1000, "t": 3184.656422}
{"r": 0.0, "l": 1000, "t": 3221.989485}
{"r": 0.0, "l": 1000, "t": 3259.840354}
{"r": 0.0, "l": 1000, "t": 3294.050342}
{"r": 0.0, "l": 1000, "t": 3330.401962}
{"r": 0.0, "l": 1000, "t": 3366.287868}
{"r": 0.0, "l": 1000, "t": 3402.679929}
{"r": 0.0, "l": 1000, "t": 3439.459533}
{"r": 0.0, "l": 1000, "t": 3475.27866}
{"r": 0.0, "l": 1000, "t": 3512.834378}
{"r": 0.0, "l": 1000, "t": 3546.301936}
{"r": 0.0, "l": 1000, "t": 3584.014894}
{"r": 0.0, "l": 1000, "t": 3621.891124}
{"r": 0.0, "l": 1000, "t": 3660.051405}
{"r": 0.0, "l": 1000, "t": 3697.289759}
{"r": 0.0, "l": 1000, "t": 3735.089677}
{"r": 0.0, "l": 1000, "t": 3776.18785}
{"r": 0.0, "l": 1000, "t": 3820.035716}
{"r": 0.0, "l": 1000, "t": 3863.541457}
{"r": 0.0, "l": 1000, "t": 3908.190441}
{"r": 0.0, "l": 1000, "t": 3949.650509}
{"r": 0.0, "l": 1000, "t": 3993.482649}
{"r": 0.0, "l": 1000, "t": 4036.81827}
{"r": 0.0, "l": 1000, "t": 4078.720266}
{"r": 0.0, "l": 1000, "t": 4122.823369}
{"r": 0.0, "l": 1000, "t": 4166.580572}
{"r": 0.0, "l": 1000, "t": 4210.627398}
{"r": 0.0, "l": 1000, "t": 4254.290311}
{"r": 0.0, "l": 1000, "t": 4298.54343}
{"r": 0.0, "l": 1000, "t": 4343.176577}
{"r": 0.0, "l": 1000, "t": 4389.263857}
{"r": 0.0, "l": 1000, "t": 4433.239476}
{"r": 0.0, "l": 1000, "t": 4475.089929}
{"r": 0.0, "l": 1000, "t": 4517.155778}
{"r": 0.0, "l": 1000, "t": 4563.088423}
{"r": 0.0, "l": 1000, "t": 4605.334665}
{"r": 0.0, "l": 1000, "t": 4648.254663}
{"r": 0.0, "l": 1000, "t": 4694.053198}
{"r": 0.0, "l": 1000, "t": 4739.201327}
{"r": 0.0, "l": 1000, "t": 4783.550302}
{"r": 0.0, "l": 1000, "t": 4827.156378}
{"r": 0.0, "l": 1000, "t": 4872.0468}
{"r": 0.0, "l": 1000, "t": 4917.277031}
{"r": 0.0, "l": 1000, "t": 4963.138529}
{"r": 0.0, "l": 1000, "t": 5006.439431}
{"r": 0.0, "l": 1000, "t": 5050.823929}
{"r": 0.0, "l": 1000, "t": 5095.109071}
{"r": 0.0, "l": 1000, "t": 5138.996524}
{"r": 0.0, "l": 1000, "t": 5181.851127}
{"r": 0.0, "l": 1000, "t": 5228.668453}
{"r": 0.0, "l": 1000, "t": 5273.352351}
{"r": 0.0, "l": 1000, "t": 5318.561606}
{"r": 0.0, "l": 1000, "t": 5363.963735}
{"r": 0.0, "l": 1000, "t": 5410.856642}
{"r": 0.0, "l": 1000, "t": 5455.781663}
{"r": 0.0, "l": 1000, "t": 5501.333102}
{"r": 0.0, "l": 1000, "t": 5547.773848}
{"r": 0.0, "l": 1000, "t": 5592.024058}
{"r": 0.0, "l": 1000, "t": 5637.855292}
{"r": 0.0, "l": 1000, "t": 5682.394094}
{"r": 0.0, "l": 1000, "t": 5729.750408}
{"r": 0.0, "l": 1000, "t": 5772.814033}
{"r": 0.0, "l": 1000, "t": 5816.371033}
{"r": 0.0, "l": 1000, "t": 5863.557387}
{"r": 0.0, "l": 1000, "t": 5907.617783}
{"r": 0.0, "l": 1000, "t": 5954.040061}
{"r": 0.0, "l": 1000, "t": 5999.474165}
{"r": 0.0, "l": 1000, "t": 6043.511866}
{"r": 0.0, "l": 1000, "t": 6090.97441}
{"r": 0.0, "l": 1000, "t": 6138.657298}
{"r": 0.0, "l": 1000, "t": 6182.215097}
{"r": 0.0, "l": 1000,