{"t_start": 1515704284.0607524, "gym_version": "0.9.2", "env_id": "GridWorldNoFrameskip-v4"}
{"r": 0.0, "l": 1000, "t": 16.806939}
{"r": 0.0, "l": 1000, "t": 31.999923}
{"r": 0.0, "l": 1000, "t": 47.193356}
{"r": 0.0, "l": 1000, "t": 61.812611}
{"r": 0.0, "l": 1000, "t": 76.230141}
{"r": 0.0, "l": 1000, "t": 91.016799}
{"r": 0.0, "l": 1000, "t": 105.855864}
{"r": 0.0, "l": 1000, "t": 120.975738}
{"r": 0.0, "l": 1000, "t": 136.294291}
{"r": 0.0, "l": 1000, "t": 151.213894}
{"r": 0.0, "l": 1000, "t": 166.11458}
{"r": 0.0, "l": 1000, "t": 181.404533}
{"r": 0.0, "l": 1000, "t": 196.674513}
{"r": 0.0, "l": 1000, "t": 211.69413}
{"r": 0.0, "l": 1000, "t": 226.729044}
{"r": 0.0, "l": 1000, "t": 241.926139}
{"r": 0.0, "l": 1000, "t": 256.982853}
{"r": 0.0, "l": 1000, "t": 272.28615}
{"r": 0.0, "l": 1000, "t": 286.662355}
{"r": 0.0, "l": 1000, "t": 302.195816}
{"r": 0.0, "l": 1000, "t": 317.609174}
{"r": 0.0, "l": 1000, "t": 332.766}
{"r": 0.0, "l": 1000, "t": 348.427269}
{"r": 0.0, "l": 1000, "t": 363.515284}
{"r": 0.0, "l": 1000, "t": 378.545931}
{"r": 0.0, "l": 1000, "t": 393.926872}
{"r": 0.0, "l": 1000, "t": 409.411712}
{"r": 0.0, "l": 1000, "t": 424.817455}
{"r": 0.0, "l": 1000, "t": 440.435914}
{"r": 0.0, "l": 1000, "t": 456.061215}
{"r": 0.0, "l": 1000, "t": 472.300319}
{"r": 0.0, "l": 1000, "t": 486.824167}
{"r": 0.0, "l": 1000, "t": 502.658908}
{"r": 0.0, "l": 1000, "t": 518.571298}
{"r": 0.0, "l": 1000, "t": 534.683021}
{"r": 0.0, "l": 1000, "t": 550.094745}
{"r": 0.0, "l": 1000, "t": 565.454499}
{"r": 0.0, "l": 1000, "t": 581.151046}
{"r": 0.0, "l": 1000, "t": 596.274452}
{"r": 0.0, "l": 1000, "t": 612.58997}
{"r": 0.0, "l": 1000, "t": 628.129955}
{"r": 0.0, "l": 1000, "t": 643.749644}
{"r": 0.0, "l": 1000, "t": 659.682933}
{"r": 0.0, "l": 1000, "t": 675.854042}
{"r": 0.0, "l": 1000, "t": 691.624736}
{"r": 0.0, "l": 1000, "t": 707.299595}
{"r": 0.0, "l": 1000, "t": 723.884351}
{"r": 0.0, "l": 1000, "t": 739.748791}
{"r": 0.0, "l": 1000, "t": 755.940009}
{"r": 0.0, "l": 1000, "t": 771.578949}
{"r": 0.0, "l": 1000, "t": 787.416117}
{"r": 0.0, "l": 1000, "t": 803.627028}
{"r": 0.0, "l": 1000, "t": 819.790561}
{"r": 0.0, "l": 1000, "t": 835.558224}
{"r": 0.0, "l": 1000, "t": 851.523302}
{"r": 0.0, "l": 1000, "t": 867.147531}
{"r": 0.0, "l": 1000, "t": 882.82584}
{"r": 0.0, "l": 1000, "t": 898.87163}
{"r": 0.0, "l": 1000, "t": 914.552688}
{"r": 0.0, "l": 1000, "t": 930.613937}
{"r": 0.0, "l": 1000, "t": 946.517905}
{"r": 0.0, "l": 1000, "t": 962.814302}
{"r": 0.0, "l": 1000, "t": 978.87802}
{"r": 0.0, "l": 1000, "t": 994.781755}
{"r": 0.0, "l": 1000, "t": 1011.178658}
{"r": 0.0, "l": 1000, "t": 1027.297175}
{"r": 0.0, "l": 1000, "t": 1043.209602}
{"r": 0.0, "l": 1000, "t": 1059.521885}
{"r": 0.0, "l": 1000, "t": 1076.039562}
{"r": 0.0, "l": 1000, "t": 1092.327196}
{"r": 0.0, "l": 1000, "t": 1109.58781}
{"r": 0.0, "l": 1000, "t": 1137.625061}
{"r": 0.0, "l": 1000, "t": 1170.969055}
{"r": 0.0, "l": 1000, "t": 1205.42476}
{"r": 0.0, "l": 1000, "t": 1239.088632}
{"r": 0.0, "l": 1000, "t": 1269.992305}
{"r": 0.0, "l": 1000, "t": 1303.555838}
{"r": 0.0, "l": 1000, "t": 1339.18294}
{"r": 0.0, "l": 1000, "t": 1373.349442}
{"r": 0.0, "l": 1000, "t": 1404.275826}
{"r": 0.0, "l": 1000, "t": 1438.860682}
{"r": 0.0, "l": 1000, "t": 1473.864465}
{"r": 0.0, "l": 1000, "t": 1509.961916}
{"r": 0.0, "l": 1000, "t": 1543.069432}
{"r": 0.0, "l": 1000, "t": 1578.983872}
{"r": 0.0, "l": 1000, "t": 1614.618442}
{"r": 0.0, "l": 1000, "t": 1649.751084}
{"r": 0.0, "l": 1000, "t": 1685.299525}
{"r": 0.0, "l": 1000, "t": 1720.86302}
{"r": 0.0, "l": 1000, "t": 1757.499657}
{"r": 0.0, "l": 1000, "t": 1791.545503}
{"r": 0.0, "l": 1000, "t": 1827.082257}
{"r": 0.0, "l": 1000, "t": 1862.503835}
{"r": 0.0, "l": 1000, "t": 1899.280102}
{"r": 0.0, "l": 1000, "t": 1932.666966}
{"r": 0.0, "l": 1000, "t": 1968.4788}
{"r": 0.0, "l": 1000, "t": 2005.358897}
{"r": 0.0, "l": 1000, "t": 2042.20418}
{"r": 0.0, "l": 1000, "t": 2076.026406}
{"r": 0.0, "l": 1000, "t": 2112.369611}
{"r": 0.0, "l": 1000, "t": 2148.737759}
{"r": 0.0, "l": 1000, "t": 2185.605681}
{"r": 0.0, "l": 1000, "t": 2220.257965}
{"r": 0.0, "l": 1000, "t": 2257.872232}
{"r": 0.0, "l": 1000, "t": 2295.353944}
{"r": 0.0, "l": 1000, "t": 2330.874954}
{"r": 0.0, "l": 1000, "t": 2367.156888}
{"r": 0.0, "l": 1000, "t": 2403.033608}
{"r": 0.0, "l": 1000, "t": 2440.544524}
{"r": 0.0, "l": 1000, "t": 2474.47172}
{"r": 0.0, "l": 1000, "t": 2512.182663}
{"r": 0.0, "l": 1000, "t": 2550.576452}
{"r": 0.0, "l": 1000, "t": 2588.610035}
{"r": 0.0, "l": 1000, "t": 2624.039316}
{"r": 0.0, "l": 1000, "t": 2660.515317}
{"r": 0.0, "l": 1000, "t": 2697.505082}
{"r": 0.0, "l": 1000, "t": 2732.864934}
{"r": 0.0, "l": 1000, "t": 2769.470411}
{"r": 0.0, "l": 1000, "t": 2807.702817}
{"r": 0.0, "l": 1000, "t": 2845.090668}
{"r": 0.0, "l": 1000, "t": 2880.633864}
{"r": 0.0, "l": 1000, "t": 2917.525613}
{"r": 0.0, "l": 1000, "t": 2955.364553}
{"r": 0.0, "l": 1000, "t": 2992.019684}
{"r": 0.0, "l": 1000, "t": 3027.388641}
{"r": 0.0, "l": 1000, "t": 3065.074817}
{"r": 0.0, "l": 1000, "t": 3102.43582}
{"r": 0.0, "l": 1000, "t": 3139.180797}
{"r": 0.0, "l": 1000, "t": 3176.65481}
{"r": 0.0, "l": 1000, "t": 3215.211242}
{"r": 0.0, "l": 1000, "t": 3252.915147}
{"r": 0.0, "l": 1000, "t": 3289.298799}
{"r": 0.0, "l": 1000, "t": 3326.184226}
{"r": 0.0, "l": 1000, "t": 3362.560622}
{"r": 0.0, "l": 1000, "t": 3399.037846}
{"r": 0.0, "l": 1000, "t": 3435.551132}
{"r": 0.0, "l": 1000, "t": 3472.051122}
{"r": 0.0, "l": 1000, "t": 3507.939581}
{"r": 0.0, "l": 1000, "t": 3542.48404}
{"r": 0.0, "l": 1000, "t": 3579.146143}
{"r": 0.0, "l": 1000, "t": 3617.321952}
{"r": 0.0, "l": 1000, "t": 3654.926121}
{"r": 0.0, "l": 1000, "t": 3691.737457}
{"r": 0.0, "l": 1000, "t": 3729.583185}
{"r": 0.0, "l": 1000, "t": 3770.420108}
{"r": 0.0, "l": 1000, "t": 3813.655991}
{"r": 0.0, "l": 1000, "t": 3857.559932}
{"r": 0.0, "l": 1000, "t": 3901.455131}
{"r": 0.0, "l": 1000, "t": 3943.434847}
{"r": 0.0, "l": 1000, "t": 3988.54722}
{"r": 0.0, "l": 1000, "t": 4030.726501}
{"r": 0.0, "l": 1000, "t": 4073.646243}
{"r": 0.0, "l": 1000, "t": 4118.565899}
{"r": 0.0, "l": 1000, "t": 4162.49156}
{"r": 0.0, "l": 1000, "t": 4207.132205}
{"r": 0.0, "l": 1000, "t": 4251.161085}
{"r": 0.0, "l": 1000, "t": 4295.156325}
{"r": 0.0, "l": 1000, "t": 4339.244269}
{"r": 0.0, "l": 1000, "t": 4383.735669}
{"r": 0.0, "l": 1000, "t": 4428.009151}
{"r": 0.0, "l": 1000, "t": 4470.569465}
{"r": 0.0, "l": 1000, "t": 4515.180238}
{"r": 0.0, "l": 1000, "t": 4561.345674}
{"r": 0.0, "l": 1000, "t": 4605.187926}
{"r": 0.0, "l": 1000, "t": 4646.429956}
{"r": 0.0, "l": 1000, "t": 4692.162487}
{"r": 0.0, "l": 1000, "t": 4737.617037}
{"r": 0.0, "l": 1000, "t": 4782.46791}
{"r": 0.0, "l": 1000, "t": 4827.15235}
{"r": 0.0, "l": 1000, "t": 4872.105006}
{"r": 0.0, "l": 1000, "t": 4917.32812}
{"r": 0.0, "l": 1000, "t": 4963.162988}
{"r": 0.0, "l": 1000, "t": 5007.601082}
{"r": 0.0, "l": 1000, "t": 5050.901579}
{"r": 0.0, "l": 1000, "t": 5096.505835}
{"r": 0.0, "l": 1000, "t": 5141.010558}
{"r": 0.0, "l": 1000, "t": 5183.151426}
{"r": 0.0, "l": 1000, "t": 5230.937091}
{"r": 0.0, "l": 1000, "t": 5277.64659}
{"r": 0.0, "l": 1000, "t": 5324.374256}
{"r": 0.0, "l": 1000, "t": 5369.716296}
{"r": 0.0, "l": 1000, "t": 5416.370184}
{"r": 0.0, "l": 1000, "t": 5462.073838}
{"r": 0.0, "l": 1000, "t": 5508.238228}
{"r": 0.0, "l": 1000, "t": 5552.947184}
{"r": 0.0, "l": 1000, "t": 5597.341937}
{"r": 0.0, "l": 1000, "t": 5643.172615}
{"r": 0.0, "l": 1000, "t": 5687.629917}
{"r": 0.0, "l": 1000, "t": 5732.667622}
{"r": 0.0, "l": 1000, "t": 5776.141214}
{"r": 0.0, "l": 1000, "t": 5820.477047}
{"r": 0.0, "l": 1000, "t": 5866.772478}
{"r": 0.0, "l": 1000, "t": 5912.730248}
{"r": 0.0, "l": 1000, "t": 5959.315522}
{"r": 0.0, "l": 1000, "t": 6006.586684}
{"r": 0.0, "l": 1000, "t": 6049.874583}
{"r": 0.0, "l": 1000, "t": 6097.439337}
{"r": 0.0, "l": 1000, "t": 6143.961554}
{"r": 0.0, "l": 1000, "t": 6188.116647}
{"r": 0.0, "l": 1000,