{"t_start": 1515704284.0641658, "gym_version": "0.9.2", "env_id": "GridWorldNoFrameskip-v4"}
{"r": 0.0, "l": 1000, "t": 17.222526}
{"r": 0.0, "l": 1000, "t": 31.965523}
{"r": 0.0, "l": 1000, "t": 47.146736}
{"r": 0.0, "l": 1000, "t": 61.332406}
{"r": 0.0, "l": 1000, "t": 76.226727}
{"r": 0.0, "l": 1000, "t": 91.091399}
{"r": 0.0, "l": 1000, "t": 106.548111}
{"r": 0.0, "l": 1000, "t": 121.562561}
{"r": 0.0, "l": 1000, "t": 137.073754}
{"r": 0.0, "l": 1000, "t": 152.076182}
{"r": 0.0, "l": 1000, "t": 167.58855}
{"r": 0.0, "l": 1000, "t": 182.054987}
{"r": 0.0, "l": 1000, "t": 197.145701}
{"r": 0.0, "l": 1000, "t": 212.022182}
{"r": 0.0, "l": 1000, "t": 227.170227}
{"r": 0.0, "l": 1000, "t": 242.481516}
{"r": 0.0, "l": 1000, "t": 257.836695}
{"r": 0.0, "l": 1000, "t": 272.752434}
{"r": 0.0, "l": 1000, "t": 287.618881}
{"r": 0.0, "l": 1000, "t": 302.449193}
{"r": 0.0, "l": 1000, "t": 317.991888}
{"r": 0.0, "l": 1000, "t": 333.264934}
{"r": 0.0, "l": 1000, "t": 348.396725}
{"r": 0.0, "l": 1000, "t": 363.399943}
{"r": 0.0, "l": 1000, "t": 378.501674}
{"r": 0.0, "l": 1000, "t": 393.906262}
{"r": 0.0, "l": 1000, "t": 408.980603}
{"r": 0.0, "l": 1000, "t": 424.237018}
{"r": 0.0, "l": 1000, "t": 439.919387}
{"r": 0.0, "l": 1000, "t": 455.752165}
{"r": 0.0, "l": 1000, "t": 470.853127}
{"r": 0.0, "l": 1000, "t": 486.001146}
{"r": 0.0, "l": 1000, "t": 501.90545}
{"r": 0.0, "l": 1000, "t": 517.293655}
{"r": 0.0, "l": 1000, "t": 533.215238}
{"r": 0.0, "l": 1000, "t": 548.823276}
{"r": 0.0, "l": 1000, "t": 564.61659}
{"r": 0.0, "l": 1000, "t": 580.169261}
{"r": 0.0, "l": 1000, "t": 595.676463}
{"r": 0.0, "l": 1000, "t": 611.655428}
{"r": 0.0, "l": 1000, "t": 627.776457}
{"r": 0.0, "l": 1000, "t": 643.526108}
{"r": 0.0, "l": 1000, "t": 659.077401}
{"r": 0.0, "l": 1000, "t": 675.738084}
{"r": 0.0, "l": 1000, "t": 691.328078}
{"r": 0.0, "l": 1000, "t": 707.269698}
{"r": 0.0, "l": 1000, "t": 723.41743}
{"r": 0.0, "l": 1000, "t": 739.464714}
{"r": 0.0, "l": 1000, "t": 755.221626}
{"r": 0.0, "l": 1000, "t": 770.636395}
{"r": 0.0, "l": 1000, "t": 786.907444}
{"r": 0.0, "l": 1000, "t": 803.295726}
{"r": 0.0, "l": 1000, "t": 819.012404}
{"r": 0.0, "l": 1000, "t": 835.541006}
{"r": 0.0, "l": 1000, "t": 850.977302}
{"r": 0.0, "l": 1000, "t": 866.848851}
{"r": 0.0, "l": 1000, "t": 882.512142}
{"r": 0.0, "l": 1000, "t": 898.175121}
{"r": 0.0, "l": 1000, "t": 914.53465}
{"r": 0.0, "l": 1000, "t": 930.151595}
{"r": 0.0, "l": 1000, "t": 945.890118}
{"r": 0.0, "l": 1000, "t": 961.933742}
{"r": 0.0, "l": 1000, "t": 977.501793}
{"r": 0.0, "l": 1000, "t": 994.187181}
{"r": 0.0, "l": 1000, "t": 1010.099369}
{"r": 0.0, "l": 1000, "t": 1026.389728}
{"r": 0.0, "l": 1000, "t": 1042.671071}
{"r": 0.0, "l": 1000, "t": 1058.714026}
{"r": 0.0, "l": 1000, "t": 1074.965957}
{"r": 0.0, "l": 1000, "t": 1091.900741}
{"r": 0.0, "l": 1000, "t": 1108.434606}
{"r": 0.0, "l": 1000, "t": 1136.854431}
{"r": 0.0, "l": 1000, "t": 1170.855762}
{"r": 0.0, "l": 1000, "t": 1205.238576}
{"r": 0.0, "l": 1000, "t": 1240.075489}
{"r": 0.0, "l": 1000, "t": 1271.254267}
{"r": 0.0, "l": 1000, "t": 1304.779423}
{"r": 0.0, "l": 1000, "t": 1340.140432}
{"r": 0.0, "l": 1000, "t": 1373.934557}
{"r": 0.0, "l": 1000, "t": 1405.839555}
{"r": 0.0, "l": 1000, "t": 1440.434174}
{"r": 0.0, "l": 1000, "t": 1474.512521}
{"r": 0.0, "l": 1000, "t": 1510.806804}
{"r": 0.0, "l": 1000, "t": 1544.470398}
{"r": 0.0, "l": 1000, "t": 1580.164627}
{"r": 0.0, "l": 1000, "t": 1615.413684}
{"r": 0.0, "l": 1000, "t": 1650.282532}
{"r": 0.0, "l": 1000, "t": 1686.112905}
{"r": 0.0, "l": 1000, "t": 1722.865094}
{"r": 0.0, "l": 1000, "t": 1760.797439}
{"r": 0.0, "l": 1000, "t": 1794.912326}
{"r": 0.0, "l": 1000, "t": 1830.954122}
{"r": 0.0, "l": 1000, "t": 1866.759845}
{"r": 0.0, "l": 1000, "t": 1904.210851}
{"r": 0.0, "l": 1000, "t": 1937.650629}
{"r": 0.0, "l": 1000, "t": 1973.120988}
{"r": 0.0, "l": 1000, "t": 2009.262348}
{"r": 0.0, "l": 1000, "t": 2047.382967}
{"r": 0.0, "l": 1000, "t": 2080.578721}
{"r": 0.0, "l": 1000, "t": 2117.532984}
{"r": 0.0, "l": 1000, "t": 2152.94382}
{"r": 0.0, "l": 1000, "t": 2188.37781}
{"r": 0.0, "l": 1000, "t": 2223.862893}
{"r": 0.0, "l": 1000, "t": 2261.687778}
{"r": 0.0, "l": 1000, "t": 2298.153514}
{"r": 0.0, "l": 1000, "t": 2333.355634}
{"r": 0.0, "l": 1000, "t": 2371.049138}
{"r": 0.0, "l": 1000, "t": 2407.135468}
{"r": 0.0, "l": 1000, "t": 2444.521034}
{"r": 0.0, "l": 1000, "t": 2477.554886}
{"r": 0.0, "l": 1000, "t": 2515.040819}
{"r": 0.0, "l": 1000, "t": 2553.459696}
{"r": 0.0, "l": 1000, "t": 2590.499738}
{"r": 0.0, "l": 1000, "t": 2626.964466}
{"r": 0.0, "l": 1000, "t": 2663.069711}
{"r": 0.0, "l": 1000, "t": 2699.543902}
{"r": 0.0, "l": 1000, "t": 2734.804192}
{"r": 0.0, "l": 1000, "t": 2772.087231}
{"r": 0.0, "l": 1000, "t": 2810.410518}
{"r": 0.0, "l": 1000, "t": 2847.195861}
{"r": 0.0, "l": 1000, "t": 2882.510385}
{"r": 0.0, "l": 1000, "t": 2919.818131}
{"r": 0.0, "l": 1000, "t": 2956.746997}
{"r": 0.0, "l": 1000, "t": 2993.379044}
{"r": 0.0, "l": 1000, "t": 3029.345853}
{"r": 0.0, "l": 1000, "t": 3066.576011}
{"r": 0.0, "l": 1000, "t": 3104.541691}
{"r": 0.0, "l": 1000, "t": 3140.718152}
{"r": 0.0, "l": 1000, "t": 3178.575675}
{"r": 0.0, "l": 1000, "t": 3217.68504}
{"r": 0.0, "l": 1000, "t": 3256.370083}
{"r": 0.0, "l": 1000, "t": 3291.547661}
{"r": 0.0, "l": 1000, "t": 3329.189574}
{"r": 0.0, "l": 1000, "t": 3365.218132}
{"r": 0.0, "l": 1000, "t": 3400.702919}
{"r": 0.0, "l": 1000, "t": 3438.122074}
{"r": 0.0, "l": 1000, "t": 3475.277161}
{"r": 0.0, "l": 1000, "t": 3511.536598}
{"r": 0.0, "l": 1000, "t": 3547.41966}
{"r": 0.0, "l": 1000, "t": 3584.167977}
{"r": 0.0, "l": 1000, "t": 3623.044259}
{"r": 0.0, "l": 1000, "t": 3660.208928}
{"r": 0.0, "l": 1000, "t": 3697.416729}
{"r": 0.0, "l": 1000, "t": 3733.433203}
{"r": 0.0, "l": 1000, "t": 3774.708347}
{"r": 0.0, "l": 1000, "t": 3816.395607}
{"r": 0.0, "l": 1000, "t": 3861.853518}
{"r": 0.0, "l": 1000, "t": 3905.280207}
{"r": 0.0, "l": 1000, "t": 3948.204628}
{"r": 0.0, "l": 1000, "t": 3993.430857}
{"r": 0.0, "l": 1000, "t": 4034.801798}
{"r": 0.0, "l": 1000, "t": 4076.648536}
{"r": 0.0, "l": 1000, "t": 4121.764612}
{"r": 0.0, "l": 1000, "t": 4165.236028}
{"r": 0.0, "l": 1000, "t": 4209.756269}
{"r": 0.0, "l": 1000, "t": 4253.103952}
{"r": 0.0, "l": 1000, "t": 4297.306634}
{"r": 0.0, "l": 1000, "t": 4340.744051}
{"r": 0.0, "l": 1000, "t": 4386.867129}
{"r": 0.0, "l": 1000, "t": 4430.388863}
{"r": 0.0, "l": 1000, "t": 4475.102694}
{"r": 0.0, "l": 1000, "t": 4519.934639}
{"r": 0.0, "l": 1000, "t": 4564.681556}
{"r": 0.0, "l": 1000, "t": 4608.458093}
{"r": 0.0, "l": 1000, "t": 4650.326971}
{"r": 0.0, "l": 1000, "t": 4694.235332}
{"r": 0.0, "l": 1000, "t": 4740.851822}
{"r": 0.0, "l": 1000, "t": 4783.651398}
{"r": 0.0, "l": 1000, "t": 4830.214597}
{"r": 0.0, "l": 1000, "t": 4875.943913}
{"r": 0.0, "l": 1000, "t": 4919.247615}
{"r": 0.0, "l": 1000, "t": 4963.193101}
{"r": 0.0, "l": 1000, "t": 5007.68408}
{"r": 0.0, "l": 1000, "t": 5052.745219}
{"r": 0.0, "l": 1000, "t": 5096.555969}
{"r": 0.0, "l": 1000, "t": 5142.348662}
{"r": 0.0, "l": 1000, "t": 5186.264404}
{"r": 0.0, "l": 1000, "t": 5232.118114}
{"r": 0.0, "l": 1000, "t": 5277.832738}
{"r": 0.0, "l": 1000, "t": 5324.387135}
{"r": 0.0, "l": 1000, "t": 5371.331192}
{"r": 0.0, "l": 1000, "t": 5417.961768}
{"r": 0.0, "l": 1000, "t": 5463.244337}
{"r": 0.0, "l": 1000, "t": 5508.37254}
{"r": 0.0, "l": 1000, "t": 5554.311672}
{"r": 0.0, "l": 1000, "t": 5598.612584}
{"r": 0.0, "l": 1000, "t": 5645.014092}
{"r": 0.0, "l": 1000, "t": 5687.725605}
{"r": 0.0, "l": 1000, "t": 5734.555697}
{"r": 0.0, "l": 1000, "t": 5778.146442}
{"r": 0.0, "l": 1000, "t": 5821.47065}
{"r": 0.0, "l": 1000, "t": 5866.769418}
{"r": 0.0, "l": 1000, "t": 5910.608471}
{"r": 0.0, "l": 1000, "t": 5957.58769}
{"r": 0.0, "l": 1000, "t": 6004.239464}
{"r": 0.0, "l": 1000, "t": 6047.76088}
{"r": 0.0, "l": 1000, "t": 6095.33108}
{"r": 0.0, "l": 1000, "t": 6140.267644}
{"r": 0.0, "l": 1000, "t": 6185.138856}
{"r": 0.0, "l": 1000,