{"t_start": 1515704284.0648057, "gym_version": "0.9.2", "env_id": "GridWorldNoFrameskip-v4"}
{"r": 0.0, "l": 1000, "t": 17.231702}
{"r": 0.0, "l": 1000, "t": 31.995581}
{"r": 0.0, "l": 1000, "t": 46.340109}
{"r": 0.0, "l": 1000, "t": 61.793941}
{"r": 0.0, "l": 1000, "t": 75.996113}
{"r": 0.0, "l": 1000, "t": 90.349177}
{"r": 0.0, "l": 1000, "t": 105.833039}
{"r": 0.0, "l": 1000, "t": 120.509984}
{"r": 0.0, "l": 1000, "t": 135.790867}
{"r": 0.0, "l": 1000, "t": 151.155805}
{"r": 0.0, "l": 1000, "t": 166.110541}
{"r": 0.0, "l": 1000, "t": 181.415142}
{"r": 0.0, "l": 1000, "t": 195.999532}
{"r": 0.0, "l": 1000, "t": 211.424819}
{"r": 0.0, "l": 1000, "t": 226.1181}
{"r": 0.0, "l": 1000, "t": 241.213065}
{"r": 0.0, "l": 1000, "t": 256.887375}
{"r": 0.0, "l": 1000, "t": 271.889996}
{"r": 0.0, "l": 1000, "t": 286.658405}
{"r": 0.0, "l": 1000, "t": 302.20649}
{"r": 0.0, "l": 1000, "t": 317.657655}
{"r": 0.0, "l": 1000, "t": 332.774682}
{"r": 0.0, "l": 1000, "t": 347.972047}
{"r": 0.0, "l": 1000, "t": 363.046356}
{"r": 0.0, "l": 1000, "t": 378.522513}
{"r": 0.0, "l": 1000, "t": 394.146794}
{"r": 0.0, "l": 1000, "t": 409.388362}
{"r": 0.0, "l": 1000, "t": 424.735955}
{"r": 0.0, "l": 1000, "t": 440.389035}
{"r": 0.0, "l": 1000, "t": 455.216925}
{"r": 0.0, "l": 1000, "t": 471.205816}
{"r": 0.0, "l": 1000, "t": 486.470168}
{"r": 0.0, "l": 1000, "t": 501.921207}
{"r": 0.0, "l": 1000, "t": 517.334757}
{"r": 0.0, "l": 1000, "t": 533.475234}
{"r": 0.0, "l": 1000, "t": 548.806389}
{"r": 0.0, "l": 1000, "t": 564.238845}
{"r": 0.0, "l": 1000, "t": 580.139584}
{"r": 0.0, "l": 1000, "t": 595.675897}
{"r": 0.0, "l": 1000, "t": 612.080943}
{"r": 0.0, "l": 1000, "t": 628.096457}
{"r": 0.0, "l": 1000, "t": 643.762625}
{"r": 0.0, "l": 1000, "t": 660.222024}
{"r": 0.0, "l": 1000, "t": 676.431853}
{"r": 0.0, "l": 1000, "t": 692.56901}
{"r": 0.0, "l": 1000, "t": 708.446666}
{"r": 0.0, "l": 1000, "t": 724.266048}
{"r": 0.0, "l": 1000, "t": 739.996655}
{"r": 0.0, "l": 1000, "t": 756.000565}
{"r": 0.0, "l": 1000, "t": 771.535774}
{"r": 0.0, "l": 1000, "t": 787.74116}
{"r": 0.0, "l": 1000, "t": 804.355982}
{"r": 0.0, "l": 1000, "t": 820.354845}
{"r": 0.0, "l": 1000, "t": 836.373733}
{"r": 0.0, "l": 1000, "t": 851.984117}
{"r": 0.0, "l": 1000, "t": 868.214886}
{"r": 0.0, "l": 1000, "t": 884.403458}
{"r": 0.0, "l": 1000, "t": 900.815834}
{"r": 0.0, "l": 1000, "t": 916.893182}
{"r": 0.0, "l": 1000, "t": 932.750861}
{"r": 0.0, "l": 1000, "t": 948.38274}
{"r": 0.0, "l": 1000, "t": 964.939439}
{"r": 0.0, "l": 1000, "t": 981.147783}
{"r": 0.0, "l": 1000, "t": 997.698221}
{"r": 0.0, "l": 1000, "t": 1014.016536}
{"r": 0.0, "l": 1000, "t": 1029.439546}
{"r": 0.0, "l": 1000, "t": 1045.963605}
{"r": 0.0, "l": 1000, "t": 1061.622675}
{"r": 0.0, "l": 1000, "t": 1078.166214}
{"r": 0.0, "l": 1000, "t": 1094.203925}
{"r": 0.0, "l": 1000, "t": 1111.54379}
{"r": 0.0, "l": 1000, "t": 1141.788801}
{"r": 0.0, "l": 1000, "t": 1175.277471}
{"r": 0.0, "l": 1000, "t": 1209.552428}
{"r": 0.0, "l": 1000, "t": 1243.628593}
{"r": 0.0, "l": 1000, "t": 1276.017527}
{"r": 0.0, "l": 1000, "t": 1309.095159}
{"r": 0.0, "l": 1000, "t": 1344.727282}
{"r": 0.0, "l": 1000, "t": 1379.399831}
{"r": 0.0, "l": 1000, "t": 1410.163553}
{"r": 0.0, "l": 1000, "t": 1444.545303}
{"r": 0.0, "l": 1000, "t": 1479.175137}
{"r": 0.0, "l": 1000, "t": 1514.643573}
{"r": 0.0, "l": 1000, "t": 1548.175282}
{"r": 0.0, "l": 1000, "t": 1583.324336}
{"r": 0.0, "l": 1000, "t": 1618.834195}
{"r": 0.0, "l": 1000, "t": 1652.800221}
{"r": 0.0, "l": 1000, "t": 1688.335035}
{"r": 0.0, "l": 1000, "t": 1723.962065}
{"r": 0.0, "l": 1000, "t": 1762.289085}
{"r": 0.0, "l": 1000, "t": 1796.204281}
{"r": 0.0, "l": 1000, "t": 1832.353425}
{"r": 0.0, "l": 1000, "t": 1868.431239}
{"r": 0.0, "l": 1000, "t": 1904.342351}
{"r": 0.0, "l": 1000, "t": 1938.874071}
{"r": 0.0, "l": 1000, "t": 1974.373914}
{"r": 0.0, "l": 1000, "t": 2011.427598}
{"r": 0.0, "l": 1000, "t": 2048.829092}
{"r": 0.0, "l": 1000, "t": 2083.065246}
{"r": 0.0, "l": 1000, "t": 2120.276318}
{"r": 0.0, "l": 1000, "t": 2154.597121}
{"r": 0.0, "l": 1000, "t": 2190.105574}
{"r": 0.0, "l": 1000, "t": 2226.654315}
{"r": 0.0, "l": 1000, "t": 2263.989503}
{"r": 0.0, "l": 1000, "t": 2300.578012}
{"r": 0.0, "l": 1000, "t": 2334.898134}
{"r": 0.0, "l": 1000, "t": 2373.155569}
{"r": 0.0, "l": 1000, "t": 2408.315863}
{"r": 0.0, "l": 1000, "t": 2446.873179}
{"r": 0.0, "l": 1000, "t": 2480.843259}
{"r": 0.0, "l": 1000, "t": 2519.404933}
{"r": 0.0, "l": 1000, "t": 2556.710084}
{"r": 0.0, "l": 1000, "t": 2595.737818}
{"r": 0.0, "l": 1000, "t": 2631.451865}
{"r": 0.0, "l": 1000, "t": 2667.370686}
{"r": 0.0, "l": 1000, "t": 2705.551085}
{"r": 0.0, "l": 1000, "t": 2740.072562}
{"r": 0.0, "l": 1000, "t": 2776.752613}
{"r": 0.0, "l": 1000, "t": 2815.308533}
{"r": 0.0, "l": 1000, "t": 2851.728409}
{"r": 0.0, "l": 1000, "t": 2886.358127}
{"r": 0.0, "l": 1000, "t": 2923.429747}
{"r": 0.0, "l": 1000, "t": 2960.732348}
{"r": 0.0, "l": 1000, "t": 2996.842197}
{"r": 0.0, "l": 1000, "t": 3033.634455}
{"r": 0.0, "l": 1000, "t": 3070.840053}
{"r": 0.0, "l": 1000, "t": 3107.578614}
{"r": 0.0, "l": 1000, "t": 3144.151191}
{"r": 0.0, "l": 1000, "t": 3182.290291}
{"r": 0.0, "l": 1000, "t": 3220.781334}
{"r": 0.0, "l": 1000, "t": 3259.012482}
{"r": 0.0, "l": 1000, "t": 3294.761764}
{"r": 0.0, "l": 1000, "t": 3330.48113}
{"r": 0.0, "l": 1000, "t": 3366.309444}
{"r": 0.0, "l": 1000, "t": 3402.70723}
{"r": 0.0, "l": 1000, "t": 3440.343547}
{"r": 0.0, "l": 1000, "t": 3477.054801}
{"r": 0.0, "l": 1000, "t": 3514.297614}
{"r": 0.0, "l": 1000, "t": 3548.985549}
{"r": 0.0, "l": 1000, "t": 3586.488706}
{"r": 0.0, "l": 1000, "t": 3624.615601}
{"r": 0.0, "l": 1000, "t": 3663.618293}
{"r": 0.0, "l": 1000, "t": 3698.941493}
{"r": 0.0, "l": 1000, "t": 3735.152604}
{"r": 0.0, "l": 1000, "t": 3778.089125}
{"r": 0.0, "l": 1000, "t": 3818.270426}
{"r": 0.0, "l": 1000, "t": 3863.51207}
{"r": 0.0, "l": 1000, "t": 3906.72138}
{"r": 0.0, "l": 1000, "t": 3948.329254}
{"r": 0.0, "l": 1000, "t": 3993.430153}
{"r": 0.0, "l": 1000, "t": 4034.797155}
{"r": 0.0, "l": 1000, "t": 4078.674152}
{"r": 0.0, "l": 1000, "t": 4124.858083}
{"r": 0.0, "l": 1000, "t": 4168.788259}
{"r": 0.0, "l": 1000, "t": 4212.234061}
{"r": 0.0, "l": 1000, "t": 4255.920191}
{"r": 0.0, "l": 1000, "t": 4300.49072}
{"r": 0.0, "l": 1000, "t": 4343.191606}
{"r": 0.0, "l": 1000, "t": 4387.084007}
{"r": 0.0, "l": 1000, "t": 4432.383483}
{"r": 0.0, "l": 1000, "t": 4475.078493}
{"r": 0.0, "l": 1000, "t": 4517.17859}
{"r": 0.0, "l": 1000, "t": 4561.516636}
{"r": 0.0, "l": 1000, "t": 4605.362142}
{"r": 0.0, "l": 1000, "t": 4648.19408}
{"r": 0.0, "l": 1000, "t": 4692.298885}
{"r": 0.0, "l": 1000, "t": 4739.251539}
{"r": 0.0, "l": 1000, "t": 4783.558852}
{"r": 0.0, "l": 1000, "t": 4827.170858}
{"r": 0.0, "l": 1000, "t": 4872.245617}
{"r": 0.0, "l": 1000, "t": 4917.339481}
{"r": 0.0, "l": 1000, "t": 4962.143857}
{"r": 0.0, "l": 1000, "t": 5006.461372}
{"r": 0.0, "l": 1000, "t": 5050.845832}
{"r": 0.0, "l": 1000, "t": 5095.130362}
{"r": 0.0, "l": 1000, "t": 5138.976907}
{"r": 0.0, "l": 1000, "t": 5183.164112}
{"r": 0.0, "l": 1000, "t": 5229.581757}
{"r": 0.0, "l": 1000, "t": 5275.885682}
{"r": 0.0, "l": 1000, "t": 5321.557973}
{"r": 0.0, "l": 1000, "t": 5369.650213}
{"r": 0.0, "l": 1000, "t": 5414.890821}
{"r": 0.0, "l": 1000, "t": 5460.410248}
{"r": 0.0, "l": 1000, "t": 5506.613554}
{"r": 0.0, "l": 1000, "t": 5550.425405}
{"r": 0.0, "l": 1000, "t": 5595.627103}
{"r": 0.0, "l": 1000, "t": 5643.136825}
{"r": 0.0, "l": 1000, "t": 5689.830371}
{"r": 0.0, "l": 1000, "t": 5734.594249}
{"r": 0.0, "l": 1000, "t": 5779.631602}
{"r": 0.0, "l": 1000, "t": 5823.649868}
{"r": 0.0, "l": 1000, "t": 5870.038573}
{"r": 0.0, "l": 1000, "t": 5914.320972}
{"r": 0.0, "l": 1000, "t": 5959.459399}
{"r": 0.0, "l": 1000, "t": 6004.245409}
{"r": 0.0, "l": 1000, "t": 6047.629606}
{"r": 0.0, "l": 1000, "t": 6093.904928}
{"r": 0.0, "l": 1000, "t": 6141.406985}
{"r": 0.0, "l": 1000, "t": 6185.195787}
{"r": 0.0, "l": 1000,