{"t_start": 1515704284.0662835, "gym_version": "0.9.2", "env_id": "GridWorldNoFrameskip-v4"}
{"r": 0.0, "l": 1000, "t": 17.283418}
{"r": 0.0, "l": 1000, "t": 32.027775}
{"r": 0.0, "l": 1000, "t": 46.479513}
{"r": 0.0, "l": 1000, "t": 61.836676}
{"r": 0.0, "l": 1000, "t": 76.976592}
{"r": 0.0, "l": 1000, "t": 92.011537}
{"r": 0.0, "l": 1000, "t": 107.274591}
{"r": 0.0, "l": 1000, "t": 122.194326}
{"r": 0.0, "l": 1000, "t": 137.482681}
{"r": 0.0, "l": 1000, "t": 153.033792}
{"r": 0.0, "l": 1000, "t": 167.62289}
{"r": 0.0, "l": 1000, "t": 182.648773}
{"r": 0.0, "l": 1000, "t": 197.573056}
{"r": 0.0, "l": 1000, "t": 212.780981}
{"r": 0.0, "l": 1000, "t": 227.461215}
{"r": 0.0, "l": 1000, "t": 242.509374}
{"r": 0.0, "l": 1000, "t": 258.286444}
{"r": 0.0, "l": 1000, "t": 273.092051}
{"r": 0.0, "l": 1000, "t": 288.510101}
{"r": 0.0, "l": 1000, "t": 303.809404}
{"r": 0.0, "l": 1000, "t": 319.17656}
{"r": 0.0, "l": 1000, "t": 334.099727}
{"r": 0.0, "l": 1000, "t": 349.241347}
{"r": 0.0, "l": 1000, "t": 364.530082}
{"r": 0.0, "l": 1000, "t": 379.527557}
{"r": 0.0, "l": 1000, "t": 394.935001}
{"r": 0.0, "l": 1000, "t": 410.063406}
{"r": 0.0, "l": 1000, "t": 425.150211}
{"r": 0.0, "l": 1000, "t": 440.709301}
{"r": 0.0, "l": 1000, "t": 455.794274}
{"r": 0.0, "l": 1000, "t": 471.535913}
{"r": 0.0, "l": 1000, "t": 486.783086}
{"r": 0.0, "l": 1000, "t": 502.61549}
{"r": 0.0, "l": 1000, "t": 518.566692}
{"r": 0.0, "l": 1000, "t": 534.717414}
{"r": 0.0, "l": 1000, "t": 550.11744}
{"r": 0.0, "l": 1000, "t": 565.481648}
{"r": 0.0, "l": 1000, "t": 581.689468}
{"r": 0.0, "l": 1000, "t": 597.506502}
{"r": 0.0, "l": 1000, "t": 613.397551}
{"r": 0.0, "l": 1000, "t": 629.736892}
{"r": 0.0, "l": 1000, "t": 645.43722}
{"r": 0.0, "l": 1000, "t": 661.305705}
{"r": 0.0, "l": 1000, "t": 677.631485}
{"r": 0.0, "l": 1000, "t": 694.048411}
{"r": 0.0, "l": 1000, "t": 710.497284}
{"r": 0.0, "l": 1000, "t": 726.270418}
{"r": 0.0, "l": 1000, "t": 742.821617}
{"r": 0.0, "l": 1000, "t": 758.540316}
{"r": 0.0, "l": 1000, "t": 774.400928}
{"r": 0.0, "l": 1000, "t": 790.831852}
{"r": 0.0, "l": 1000, "t": 806.456122}
{"r": 0.0, "l": 1000, "t": 822.468226}
{"r": 0.0, "l": 1000, "t": 837.876781}
{"r": 0.0, "l": 1000, "t": 853.717219}
{"r": 0.0, "l": 1000, "t": 870.0156}
{"r": 0.0, "l": 1000, "t": 885.998955}
{"r": 0.0, "l": 1000, "t": 901.921548}
{"r": 0.0, "l": 1000, "t": 917.856584}
{"r": 0.0, "l": 1000, "t": 933.977447}
{"r": 0.0, "l": 1000, "t": 949.965066}
{"r": 0.0, "l": 1000, "t": 965.822112}
{"r": 0.0, "l": 1000, "t": 981.908617}
{"r": 0.0, "l": 1000, "t": 998.319658}
{"r": 0.0, "l": 1000, "t": 1015.201714}
{"r": 0.0, "l": 1000, "t": 1030.987417}
{"r": 0.0, "l": 1000, "t": 1047.151561}
{"r": 0.0, "l": 1000, "t": 1063.657192}
{"r": 0.0, "l": 1000, "t": 1080.099852}
{"r": 0.0, "l": 1000, "t": 1096.804807}
{"r": 0.0, "l": 1000, "t": 1113.386497}
{"r": 0.0, "l": 1000, "t": 1145.478608}
{"r": 0.0, "l": 1000, "t": 1178.425508}
{"r": 0.0, "l": 1000, "t": 1212.501418}
{"r": 0.0, "l": 1000, "t": 1247.172513}
{"r": 0.0, "l": 1000, "t": 1278.465402}
{"r": 0.0, "l": 1000, "t": 1312.572491}
{"r": 0.0, "l": 1000, "t": 1347.561197}
{"r": 0.0, "l": 1000, "t": 1381.968463}
{"r": 0.0, "l": 1000, "t": 1413.331498}
{"r": 0.0, "l": 1000, "t": 1447.028607}
{"r": 0.0, "l": 1000, "t": 1482.591031}
{"r": 0.0, "l": 1000, "t": 1518.394856}
{"r": 0.0, "l": 1000, "t": 1552.081881}
{"r": 0.0, "l": 1000, "t": 1586.727246}
{"r": 0.0, "l": 1000, "t": 1621.977803}
{"r": 0.0, "l": 1000, "t": 1657.397612}
{"r": 0.0, "l": 1000, "t": 1692.303381}
{"r": 0.0, "l": 1000, "t": 1728.042348}
{"r": 0.0, "l": 1000, "t": 1766.087005}
{"r": 0.0, "l": 1000, "t": 1800.425428}
{"r": 0.0, "l": 1000, "t": 1835.367965}
{"r": 0.0, "l": 1000, "t": 1871.643883}
{"r": 0.0, "l": 1000, "t": 1908.13557}
{"r": 0.0, "l": 1000, "t": 1941.636596}
{"r": 0.0, "l": 1000, "t": 1978.289013}
{"r": 0.0, "l": 1000, "t": 2014.514121}
{"r": 0.0, "l": 1000, "t": 2052.150621}
{"r": 0.0, "l": 1000, "t": 2086.163782}
{"r": 0.0, "l": 1000, "t": 2122.087462}
{"r": 0.0, "l": 1000, "t": 2157.39557}
{"r": 0.0, "l": 1000, "t": 2194.280127}
{"r": 0.0, "l": 1000, "t": 2230.707551}
{"r": 0.0, "l": 1000, "t": 2267.592259}
{"r": 0.0, "l": 1000, "t": 2305.204396}
{"r": 0.0, "l": 1000, "t": 2340.131126}
{"r": 0.0, "l": 1000, "t": 2377.543679}
{"r": 0.0, "l": 1000, "t": 2412.228052}
{"r": 0.0, "l": 1000, "t": 2450.437515}
{"r": 0.0, "l": 1000, "t": 2485.087073}
{"r": 0.0, "l": 1000, "t": 2522.796574}
{"r": 0.0, "l": 1000, "t": 2561.225985}
{"r": 0.0, "l": 1000, "t": 2598.088251}
{"r": 0.0, "l": 1000, "t": 2633.735824}
{"r": 0.0, "l": 1000, "t": 2670.997576}
{"r": 0.0, "l": 1000, "t": 2708.036495}
{"r": 0.0, "l": 1000, "t": 2741.835611}
{"r": 0.0, "l": 1000, "t": 2781.768967}
{"r": 0.0, "l": 1000, "t": 2819.479888}
{"r": 0.0, "l": 1000, "t": 2856.01943}
{"r": 0.0, "l": 1000, "t": 2892.07743}
{"r": 0.0, "l": 1000, "t": 2927.444218}
{"r": 0.0, "l": 1000, "t": 2964.969151}
{"r": 0.0, "l": 1000, "t": 3000.450722}
{"r": 0.0, "l": 1000, "t": 3038.402923}
{"r": 0.0, "l": 1000, "t": 3075.108586}
{"r": 0.0, "l": 1000, "t": 3113.556986}
{"r": 0.0, "l": 1000, "t": 3148.089649}
{"r": 0.0, "l": 1000, "t": 3185.777326}
{"r": 0.0, "l": 1000, "t": 3223.63361}
{"r": 0.0, "l": 1000, "t": 3262.166832}
{"r": 0.0, "l": 1000, "t": 3296.840575}
{"r": 0.0, "l": 1000, "t": 3333.972535}
{"r": 0.0, "l": 1000, "t": 3371.104439}
{"r": 0.0, "l": 1000, "t": 3405.642891}
{"r": 0.0, "l": 1000, "t": 3441.929012}
{"r": 0.0, "l": 1000, "t": 3478.392624}
{"r": 0.0, "l": 1000, "t": 3514.372349}
{"r": 0.0, "l": 1000, "t": 3549.001629}
{"r": 0.0, "l": 1000, "t": 3585.258781}
{"r": 0.0, "l": 1000, "t": 3624.531186}
{"r": 0.0, "l": 1000, "t": 3662.634222}
{"r": 0.0, "l": 1000, "t": 3698.94044}
{"r": 0.0, "l": 1000, "t": 3736.436413}
{"r": 0.0, "l": 1000, "t": 3779.120137}
{"r": 0.0, "l": 1000, "t": 3821.054646}
{"r": 0.0, "l": 1000, "t": 3865.564585}
{"r": 0.0, "l": 1000, "t": 3909.425393}
{"r": 0.0, "l": 1000, "t": 3951.002217}
{"r": 0.0, "l": 1000, "t": 3995.959434}
{"r": 0.0, "l": 1000, "t": 4039.232966}
{"r": 0.0, "l": 1000, "t": 4081.101529}
{"r": 0.0, "l": 1000, "t": 4126.590297}
{"r": 0.0, "l": 1000, "t": 4170.795639}
{"r": 0.0, "l": 1000, "t": 4213.13319}
{"r": 0.0, "l": 1000, "t": 4257.523469}
{"r": 0.0, "l": 1000, "t": 4302.200572}
{"r": 0.0, "l": 1000, "t": 4344.683803}
{"r": 0.0, "l": 1000, "t": 4390.407543}
{"r": 0.0, "l": 1000, "t": 4433.259281}
{"r": 0.0, "l": 1000, "t": 4475.112389}
{"r": 0.0, "l": 1000, "t": 4517.363667}
{"r": 0.0, "l": 1000, "t": 4564.799286}
{"r": 0.0, "l": 1000, "t": 4609.573752}
{"r": 0.0, "l": 1000, "t": 4651.645787}
{"r": 0.0, "l": 1000, "t": 4697.021532}
{"r": 0.0, "l": 1000, "t": 4741.032619}
{"r": 0.0, "l": 1000, "t": 4785.528245}
{"r": 0.0, "l": 1000, "t": 4830.197922}
{"r": 0.0, "l": 1000, "t": 4874.431081}
{"r": 0.0, "l": 1000, "t": 4919.360326}
{"r": 0.0, "l": 1000, "t": 4963.189029}
{"r": 0.0, "l": 1000, "t": 5007.674609}
{"r": 0.0, "l": 1000, "t": 5052.752667}
{"r": 0.0, "l": 1000, "t": 5096.675219}
{"r": 0.0, "l": 1000, "t": 5142.275524}
{"r": 0.0, "l": 1000, "t": 5184.808124}
{"r": 0.0, "l": 1000, "t": 5232.0749}
{"r": 0.0, "l": 1000, "t": 5275.880311}
{"r": 0.0, "l": 1000, "t": 5322.464067}
{"r": 0.0, "l": 1000, "t": 5371.241425}
{"r": 0.0, "l": 1000, "t": 5414.892437}
{"r": 0.0, "l": 1000, "t": 5459.438577}
{"r": 0.0, "l": 1000, "t": 5504.975675}
{"r": 0.0, "l": 1000, "t": 5550.374534}
{"r": 0.0, "l": 1000, "t": 5595.521846}
{"r": 0.0, "l": 1000, "t": 5641.607964}
{"r": 0.0, "l": 1000, "t": 5687.620619}
{"r": 0.0, "l": 1000, "t": 5732.695249}
{"r": 0.0, "l": 1000, "t": 5778.123872}
{"r": 0.0, "l": 1000, "t": 5821.463855}
{"r": 0.0, "l": 1000, "t": 5869.055184}
{"r": 0.0, "l": 1000, "t": 5912.653523}
{"r": 0.0, "l": 1000, "t": 5959.331361}
{"r": 0.0, "l": 1000, "t": 6006.599513}
{"r": 0.0, "l": 1000, "t": 6049.832428}
{"r": 0.0, "l": 1000, "t": 6095.329458}
{"r": 0.0, "l": 1000, "t": 6141.47215}
{"r": 0.0, "l": 1000, "t": 6186.509352}
{"r": 0.0, "l": 1000,