{"t_start": 1515704284.06824, "gym_version": "0.9.2", "env_id": "GridWorldNoFrameskip-v4"}
{"r": 0.0, "l": 1000, "t": 17.005626}
{"r": 0.0, "l": 1000, "t": 31.992268}
{"r": 0.0, "l": 1000, "t": 47.186148}
{"r": 0.0, "l": 1000, "t": 61.84798}
{"r": 0.0, "l": 1000, "t": 76.942026}
{"r": 0.0, "l": 1000, "t": 91.707741}
{"r": 0.0, "l": 1000, "t": 106.53134}
{"r": 0.0, "l": 1000, "t": 121.91707}
{"r": 0.0, "l": 1000, "t": 137.480816}
{"r": 0.0, "l": 1000, "t": 153.034101}
{"r": 0.0, "l": 1000, "t": 167.997706}
{"r": 0.0, "l": 1000, "t": 182.667742}
{"r": 0.0, "l": 1000, "t": 197.58891}
{"r": 0.0, "l": 1000, "t": 212.707496}
{"r": 0.0, "l": 1000, "t": 227.429449}
{"r": 0.0, "l": 1000, "t": 242.480462}
{"r": 0.0, "l": 1000, "t": 257.328555}
{"r": 0.0, "l": 1000, "t": 272.763999}
{"r": 0.0, "l": 1000, "t": 288.076247}
{"r": 0.0, "l": 1000, "t": 303.438433}
{"r": 0.0, "l": 1000, "t": 318.426493}
{"r": 0.0, "l": 1000, "t": 334.00662}
{"r": 0.0, "l": 1000, "t": 349.201566}
{"r": 0.0, "l": 1000, "t": 364.601184}
{"r": 0.0, "l": 1000, "t": 380.063593}
{"r": 0.0, "l": 1000, "t": 395.735728}
{"r": 0.0, "l": 1000, "t": 410.491787}
{"r": 0.0, "l": 1000, "t": 425.616035}
{"r": 0.0, "l": 1000, "t": 440.761462}
{"r": 0.0, "l": 1000, "t": 456.768386}
{"r": 0.0, "l": 1000, "t": 472.341838}
{"r": 0.0, "l": 1000, "t": 487.812805}
{"r": 0.0, "l": 1000, "t": 503.342676}
{"r": 0.0, "l": 1000, "t": 519.190805}
{"r": 0.0, "l": 1000, "t": 534.700189}
{"r": 0.0, "l": 1000, "t": 550.693645}
{"r": 0.0, "l": 1000, "t": 566.384229}
{"r": 0.0, "l": 1000, "t": 582.033692}
{"r": 0.0, "l": 1000, "t": 597.503885}
{"r": 0.0, "l": 1000, "t": 613.880917}
{"r": 0.0, "l": 1000, "t": 629.28044}
{"r": 0.0, "l": 1000, "t": 644.951648}
{"r": 0.0, "l": 1000, "t": 660.743062}
{"r": 0.0, "l": 1000, "t": 676.482928}
{"r": 0.0, "l": 1000, "t": 692.974957}
{"r": 0.0, "l": 1000, "t": 708.896586}
{"r": 0.0, "l": 1000, "t": 724.674692}
{"r": 0.0, "l": 1000, "t": 740.027622}
{"r": 0.0, "l": 1000, "t": 756.041271}
{"r": 0.0, "l": 1000, "t": 772.139506}
{"r": 0.0, "l": 1000, "t": 788.07758}
{"r": 0.0, "l": 1000, "t": 804.82151}
{"r": 0.0, "l": 1000, "t": 820.712282}
{"r": 0.0, "l": 1000, "t": 836.355736}
{"r": 0.0, "l": 1000, "t": 851.892588}
{"r": 0.0, "l": 1000, "t": 868.185442}
{"r": 0.0, "l": 1000, "t": 884.04417}
{"r": 0.0, "l": 1000, "t": 899.876952}
{"r": 0.0, "l": 1000, "t": 916.084189}
{"r": 0.0, "l": 1000, "t": 931.923908}
{"r": 0.0, "l": 1000, "t": 947.983043}
{"r": 0.0, "l": 1000, "t": 963.922315}
{"r": 0.0, "l": 1000, "t": 980.179749}
{"r": 0.0, "l": 1000, "t": 996.397536}
{"r": 0.0, "l": 1000, "t": 1013.04749}
{"r": 0.0, "l": 1000, "t": 1029.053465}
{"r": 0.0, "l": 1000, "t": 1044.892184}
{"r": 0.0, "l": 1000, "t": 1061.569898}
{"r": 0.0, "l": 1000, "t": 1078.203057}
{"r": 0.0, "l": 1000, "t": 1095.06939}
{"r": 0.0, "l": 1000, "t": 1110.932202}
{"r": 0.0, "l": 1000, "t": 1141.772457}
{"r": 0.0, "l": 1000, "t": 1175.303895}
{"r": 0.0, "l": 1000, "t": 1208.676654}
{"r": 0.0, "l": 1000, "t": 1242.693672}
{"r": 0.0, "l": 1000, "t": 1274.783498}
{"r": 0.0, "l": 1000, "t": 1307.642839}
{"r": 0.0, "l": 1000, "t": 1342.369678}
{"r": 0.0, "l": 1000, "t": 1376.78065}
{"r": 0.0, "l": 1000, "t": 1409.065096}
{"r": 0.0, "l": 1000, "t": 1443.53928}
{"r": 0.0, "l": 1000, "t": 1479.18626}
{"r": 0.0, "l": 1000, "t": 1515.761571}
{"r": 0.0, "l": 1000, "t": 1549.160398}
{"r": 0.0, "l": 1000, "t": 1584.728489}
{"r": 0.0, "l": 1000, "t": 1620.811528}
{"r": 0.0, "l": 1000, "t": 1657.355824}
{"r": 0.0, "l": 1000, "t": 1691.390225}
{"r": 0.0, "l": 1000, "t": 1727.000458}
{"r": 0.0, "l": 1000, "t": 1765.428928}
{"r": 0.0, "l": 1000, "t": 1798.277524}
{"r": 0.0, "l": 1000, "t": 1834.125568}
{"r": 0.0, "l": 1000, "t": 1870.828176}
{"r": 0.0, "l": 1000, "t": 1908.103774}
{"r": 0.0, "l": 1000, "t": 1941.602761}
{"r": 0.0, "l": 1000, "t": 1977.311359}
{"r": 0.0, "l": 1000, "t": 2013.784227}
{"r": 0.0, "l": 1000, "t": 2050.962859}
{"r": 0.0, "l": 1000, "t": 2086.178456}
{"r": 0.0, "l": 1000, "t": 2122.964333}
{"r": 0.0, "l": 1000, "t": 2157.446694}
{"r": 0.0, "l": 1000, "t": 2193.352825}
{"r": 0.0, "l": 1000, "t": 2229.055043}
{"r": 0.0, "l": 1000, "t": 2267.695641}
{"r": 0.0, "l": 1000, "t": 2305.23554}
{"r": 0.0, "l": 1000, "t": 2340.974987}
{"r": 0.0, "l": 1000, "t": 2379.02008}
{"r": 0.0, "l": 1000, "t": 2414.343986}
{"r": 0.0, "l": 1000, "t": 2452.596913}
{"r": 0.0, "l": 1000, "t": 2486.759939}
{"r": 0.0, "l": 1000, "t": 2524.9496}
{"r": 0.0, "l": 1000, "t": 2562.346612}
{"r": 0.0, "l": 1000, "t": 2600.249425}
{"r": 0.0, "l": 1000, "t": 2636.4296}
{"r": 0.0, "l": 1000, "t": 2672.938199}
{"r": 0.0, "l": 1000, "t": 2709.94468}
{"r": 0.0, "l": 1000, "t": 2744.683734}
{"r": 0.0, "l": 1000, "t": 2783.827534}
{"r": 0.0, "l": 1000, "t": 2820.571022}
{"r": 0.0, "l": 1000, "t": 2856.835767}
{"r": 0.0, "l": 1000, "t": 2890.712043}
{"r": 0.0, "l": 1000, "t": 2928.12553}
{"r": 0.0, "l": 1000, "t": 2966.615306}
{"r": 0.0, "l": 1000, "t": 3002.060934}
{"r": 0.0, "l": 1000, "t": 3038.428091}
{"r": 0.0, "l": 1000, "t": 3075.146566}
{"r": 0.0, "l": 1000, "t": 3113.692535}
{"r": 0.0, "l": 1000, "t": 3149.864433}
{"r": 0.0, "l": 1000, "t": 3188.934941}
{"r": 0.0, "l": 1000, "t": 3227.210856}
{"r": 0.0, "l": 1000, "t": 3264.346752}
{"r": 0.0, "l": 1000, "t": 3300.482564}
{"r": 0.0, "l": 1000, "t": 3337.030391}
{"r": 0.0, "l": 1000, "t": 3372.949341}
{"r": 0.0, "l": 1000, "t": 3408.06586}
{"r": 0.0, "l": 1000, "t": 3444.675558}
{"r": 0.0, "l": 1000, "t": 3481.173129}
{"r": 0.0, "l": 1000, "t": 3518.081402}
{"r": 0.0, "l": 1000, "t": 3552.308353}
{"r": 0.0, "l": 1000, "t": 3590.625721}
{"r": 0.0, "l": 1000, "t": 3628.293338}
{"r": 0.0, "l": 1000, "t": 3665.808226}
{"r": 0.0, "l": 1000, "t": 3702.182722}
{"r": 0.0, "l": 1000, "t": 3738.828709}
{"r": 0.0, "l": 1000, "t": 3781.656648}
{"r": 0.0, "l": 1000, "t": 3823.616315}
{"r": 0.0, "l": 1000, "t": 3867.78141}
{"r": 0.0, "l": 1000, "t": 3911.430204}
{"r": 0.0, "l": 1000, "t": 3952.902609}
{"r": 0.0, "l": 1000, "t": 3998.302477}
{"r": 0.0, "l": 1000, "t": 4041.993011}
{"r": 0.0, "l": 1000, "t": 4085.351558}
{"r": 0.0, "l": 1000, "t": 4129.835602}
{"r": 0.0, "l": 1000, "t": 4174.590152}
{"r": 0.0, "l": 1000, "t": 4216.821569}
{"r": 0.0, "l": 1000, "t": 4261.949611}
{"r": 0.0, "l": 1000, "t": 4307.38741}
{"r": 0.0, "l": 1000, "t": 4349.726567}
{"r": 0.0, "l": 1000, "t": 4394.967022}
{"r": 0.0, "l": 1000, "t": 4438.026142}
{"r": 0.0, "l": 1000, "t": 4481.697816}
{"r": 0.0, "l": 1000, "t": 4526.021376}
{"r": 0.0, "l": 1000, "t": 4570.583746}
{"r": 0.0, "l": 1000, "t": 4614.478801}
{"r": 0.0, "l": 1000, "t": 4658.119529}
{"r": 0.0, "l": 1000, "t": 4703.522463}
{"r": 0.0, "l": 1000, "t": 4748.951389}
{"r": 0.0, "l": 1000, "t": 4791.871875}
{"r": 0.0, "l": 1000, "t": 4836.926492}
{"r": 0.0, "l": 1000, "t": 4882.603368}
{"r": 0.0, "l": 1000, "t": 4926.385786}
{"r": 0.0, "l": 1000, "t": 4971.702549}
{"r": 0.0, "l": 1000, "t": 5016.946884}
{"r": 0.0, "l": 1000, "t": 5059.824753}
{"r": 0.0, "l": 1000, "t": 5104.010511}
{"r": 0.0, "l": 1000, "t": 5148.87668}
{"r": 0.0, "l": 1000, "t": 5191.095132}
{"r": 0.0, "l": 1000, "t": 5238.876788}
{"r": 0.0, "l": 1000, "t": 5283.40413}
{"r": 0.0, "l": 1000, "t": 5330.296173}
{"r": 0.0, "l": 1000, "t": 5378.400981}
{"r": 0.0, "l": 1000, "t": 5423.305271}
{"r": 0.0, "l": 1000, "t": 5466.840798}
{"r": 0.0, "l": 1000, "t": 5512.984453}
{"r": 0.0, "l": 1000, "t": 5558.22648}
{"r": 0.0, "l": 1000, "t": 5602.834095}
{"r": 0.0, "l": 1000, "t": 5647.906976}
{"r": 0.0, "l": 1000, "t": 5694.994366}
{"r": 0.0, "l": 1000, "t": 5739.610098}
{"r": 0.0, "l": 1000, "t": 5783.894855}
{"r": 0.0, "l": 1000, "t": 5827.933983}
{"r": 0.0, "l": 1000, "t": 5873.564064}
{"r": 0.0, "l": 1000, "t": 5918.318882}
{"r": 0.0, "l": 1000, "t": 5963.640607}
{"r": 0.0, "l": 1000, "t": 6008.978453}
{"r": 0.0, "l": 1000, "t": 6052.394605}
{"r": 0.0, "l": 1000, "t": 6099.931985}
{"r": 0.0, "l": 1000, "t": 6145.479352}
{"r": 0.0, "l": 1000, "t": 6189.802702}
{"r": 0.0, "l": 1000,