{"t_start": 1515704284.0669813, "gym_version": "0.9.2", "env_id": "GridWorldNoFrameskip-v4"}
{"r": 0.0, "l": 1000, "t": 16.801439}
{"r": 0.0, "l": 1000, "t": 32.010374}
{"r": 0.0, "l": 1000, "t": 47.20582}
{"r": 0.0, "l": 1000, "t": 62.195939}
{"r": 0.0, "l": 1000, "t": 76.959363}
{"r": 0.0, "l": 1000, "t": 91.715805}
{"r": 0.0, "l": 1000, "t": 107.173758}
{"r": 0.0, "l": 1000, "t": 121.898831}
{"r": 0.0, "l": 1000, "t": 137.020281}
{"r": 0.0, "l": 1000, "t": 152.074276}
{"r": 0.0, "l": 1000, "t": 167.572778}
{"r": 0.0, "l": 1000, "t": 181.872625}
{"r": 0.0, "l": 1000, "t": 196.695626}
{"r": 0.0, "l": 1000, "t": 211.72204}
{"r": 0.0, "l": 1000, "t": 227.16115}
{"r": 0.0, "l": 1000, "t": 242.494955}
{"r": 0.0, "l": 1000, "t": 258.271733}
{"r": 0.0, "l": 1000, "t": 273.017606}
{"r": 0.0, "l": 1000, "t": 288.467865}
{"r": 0.0, "l": 1000, "t": 303.442677}
{"r": 0.0, "l": 1000, "t": 318.056574}
{"r": 0.0, "l": 1000, "t": 333.34992}
{"r": 0.0, "l": 1000, "t": 348.909718}
{"r": 0.0, "l": 1000, "t": 364.507989}
{"r": 0.0, "l": 1000, "t": 379.513984}
{"r": 0.0, "l": 1000, "t": 394.980308}
{"r": 0.0, "l": 1000, "t": 410.479531}
{"r": 0.0, "l": 1000, "t": 426.208914}
{"r": 0.0, "l": 1000, "t": 441.872996}
{"r": 0.0, "l": 1000, "t": 457.5311}
{"r": 0.0, "l": 1000, "t": 473.102182}
{"r": 0.0, "l": 1000, "t": 488.616097}
{"r": 0.0, "l": 1000, "t": 504.325497}
{"r": 0.0, "l": 1000, "t": 519.908874}
{"r": 0.0, "l": 1000, "t": 535.544591}
{"r": 0.0, "l": 1000, "t": 551.296971}
{"r": 0.0, "l": 1000, "t": 566.78369}
{"r": 0.0, "l": 1000, "t": 582.391894}
{"r": 0.0, "l": 1000, "t": 598.668111}
{"r": 0.0, "l": 1000, "t": 614.469308}
{"r": 0.0, "l": 1000, "t": 630.156653}
{"r": 0.0, "l": 1000, "t": 646.406447}
{"r": 0.0, "l": 1000, "t": 662.590954}
{"r": 0.0, "l": 1000, "t": 678.148515}
{"r": 0.0, "l": 1000, "t": 694.59562}
{"r": 0.0, "l": 1000, "t": 710.546153}
{"r": 0.0, "l": 1000, "t": 726.763403}
{"r": 0.0, "l": 1000, "t": 742.834977}
{"r": 0.0, "l": 1000, "t": 758.597894}
{"r": 0.0, "l": 1000, "t": 774.365179}
{"r": 0.0, "l": 1000, "t": 790.047577}
{"r": 0.0, "l": 1000, "t": 806.923084}
{"r": 0.0, "l": 1000, "t": 822.678463}
{"r": 0.0, "l": 1000, "t": 838.206295}
{"r": 0.0, "l": 1000, "t": 853.730562}
{"r": 0.0, "l": 1000, "t": 869.256161}
{"r": 0.0, "l": 1000, "t": 885.586679}
{"r": 0.0, "l": 1000, "t": 901.378957}
{"r": 0.0, "l": 1000, "t": 917.39042}
{"r": 0.0, "l": 1000, "t": 932.998995}
{"r": 0.0, "l": 1000, "t": 949.428567}
{"r": 0.0, "l": 1000, "t": 965.780895}
{"r": 0.0, "l": 1000, "t": 981.543284}
{"r": 0.0, "l": 1000, "t": 997.669049}
{"r": 0.0, "l": 1000, "t": 1013.60451}
{"r": 0.0, "l": 1000, "t": 1030.074205}
{"r": 0.0, "l": 1000, "t": 1046.524416}
{"r": 0.0, "l": 1000, "t": 1062.831635}
{"r": 0.0, "l": 1000, "t": 1079.314941}
{"r": 0.0, "l": 1000, "t": 1096.218697}
{"r": 0.0, "l": 1000, "t": 1113.002333}
{"r": 0.0, "l": 1000, "t": 1145.373955}
{"r": 0.0, "l": 1000, "t": 1178.480036}
{"r": 0.0, "l": 1000, "t": 1212.634954}
{"r": 0.0, "l": 1000, "t": 1246.789789}
{"r": 0.0, "l": 1000, "t": 1278.268466}
{"r": 0.0, "l": 1000, "t": 1311.486578}
{"r": 0.0, "l": 1000, "t": 1346.708917}
{"r": 0.0, "l": 1000, "t": 1381.527969}
{"r": 0.0, "l": 1000, "t": 1412.444218}
{"r": 0.0, "l": 1000, "t": 1447.00108}
{"r": 0.0, "l": 1000, "t": 1481.628678}
{"r": 0.0, "l": 1000, "t": 1517.549024}
{"r": 0.0, "l": 1000, "t": 1552.137938}
{"r": 0.0, "l": 1000, "t": 1586.801982}
{"r": 0.0, "l": 1000, "t": 1622.045255}
{"r": 0.0, "l": 1000, "t": 1657.422256}
{"r": 0.0, "l": 1000, "t": 1692.4879}
{"r": 0.0, "l": 1000, "t": 1728.998738}
{"r": 0.0, "l": 1000, "t": 1767.229235}
{"r": 0.0, "l": 1000, "t": 1800.482569}
{"r": 0.0, "l": 1000, "t": 1836.358011}
{"r": 0.0, "l": 1000, "t": 1871.630324}
{"r": 0.0, "l": 1000, "t": 1908.129961}
{"r": 0.0, "l": 1000, "t": 1941.618778}
{"r": 0.0, "l": 1000, "t": 1978.286057}
{"r": 0.0, "l": 1000, "t": 2014.495249}
{"r": 0.0, "l": 1000, "t": 2052.151156}
{"r": 0.0, "l": 1000, "t": 2086.179482}
{"r": 0.0, "l": 1000, "t": 2122.909828}
{"r": 0.0, "l": 1000, "t": 2156.423075}
{"r": 0.0, "l": 1000, "t": 2192.439267}
{"r": 0.0, "l": 1000, "t": 2228.238845}
{"r": 0.0, "l": 1000, "t": 2265.335665}
{"r": 0.0, "l": 1000, "t": 2302.407317}
{"r": 0.0, "l": 1000, "t": 2337.114887}
{"r": 0.0, "l": 1000, "t": 2374.885038}
{"r": 0.0, "l": 1000, "t": 2411.01093}
{"r": 0.0, "l": 1000, "t": 2448.831925}
{"r": 0.0, "l": 1000, "t": 2482.725781}
{"r": 0.0, "l": 1000, "t": 2520.287024}
{"r": 0.0, "l": 1000, "t": 2558.799935}
{"r": 0.0, "l": 1000, "t": 2596.965565}
{"r": 0.0, "l": 1000, "t": 2632.380936}
{"r": 0.0, "l": 1000, "t": 2669.506556}
{"r": 0.0, "l": 1000, "t": 2707.153974}
{"r": 0.0, "l": 1000, "t": 2741.77695}
{"r": 0.0, "l": 1000, "t": 2780.53007}
{"r": 0.0, "l": 1000, "t": 2817.498014}
{"r": 0.0, "l": 1000, "t": 2852.949919}
{"r": 0.0, "l": 1000, "t": 2887.794307}
{"r": 0.0, "l": 1000, "t": 2923.343182}
{"r": 0.0, "l": 1000, "t": 2960.804811}
{"r": 0.0, "l": 1000, "t": 2997.875496}
{"r": 0.0, "l": 1000, "t": 3034.627025}
{"r": 0.0, "l": 1000, "t": 3071.961073}
{"r": 0.0, "l": 1000, "t": 3110.611996}
{"r": 0.0, "l": 1000, "t": 3146.196859}
{"r": 0.0, "l": 1000, "t": 3185.753266}
{"r": 0.0, "l": 1000, "t": 3223.635769}
{"r": 0.0, "l": 1000, "t": 3262.153944}
{"r": 0.0, "l": 1000, "t": 3296.954829}
{"r": 0.0, "l": 1000, "t": 3334.867597}
{"r": 0.0, "l": 1000, "t": 3371.164964}
{"r": 0.0, "l": 1000, "t": 3406.825875}
{"r": 0.0, "l": 1000, "t": 3443.165448}
{"r": 0.0, "l": 1000, "t": 3480.233294}
{"r": 0.0, "l": 1000, "t": 3516.64565}
{"r": 0.0, "l": 1000, "t": 3552.246992}
{"r": 0.0, "l": 1000, "t": 3589.499325}
{"r": 0.0, "l": 1000, "t": 3628.267195}
{"r": 0.0, "l": 1000, "t": 3665.989518}
{"r": 0.0, "l": 1000, "t": 3703.764145}
{"r": 0.0, "l": 1000, "t": 3740.552953}
{"r": 0.0, "l": 1000, "t": 3783.979167}
{"r": 0.0, "l": 1000, "t": 3825.833636}
{"r": 0.0, "l": 1000, "t": 3869.802774}
{"r": 0.0, "l": 1000, "t": 3913.6181}
{"r": 0.0, "l": 1000, "t": 3955.440526}
{"r": 0.0, "l": 1000, "t": 4000.706692}
{"r": 0.0, "l": 1000, "t": 4043.910988}
{"r": 0.0, "l": 1000, "t": 4086.382053}
{"r": 0.0, "l": 1000, "t": 4131.260505}
{"r": 0.0, "l": 1000, "t": 4176.787625}
{"r": 0.0, "l": 1000, "t": 4218.10922}
{"r": 0.0, "l": 1000, "t": 4263.425025}
{"r": 0.0, "l": 1000, "t": 4307.480579}
{"r": 0.0, "l": 1000, "t": 4350.957441}
{"r": 0.0, "l": 1000, "t": 4397.26103}
{"r": 0.0, "l": 1000, "t": 4439.777848}
{"r": 0.0, "l": 1000, "t": 4483.503537}
{"r": 0.0, "l": 1000, "t": 4528.199856}
{"r": 0.0, "l": 1000, "t": 4573.185086}
{"r": 0.0, "l": 1000, "t": 4616.536706}
{"r": 0.0, "l": 1000, "t": 4659.393889}
{"r": 0.0, "l": 1000, "t": 4704.825739}
{"r": 0.0, "l": 1000, "t": 4749.697561}
{"r": 0.0, "l": 1000, "t": 4793.927488}
{"r": 0.0, "l": 1000, "t": 4839.662485}
{"r": 0.0, "l": 1000, "t": 4884.643115}
{"r": 0.0, "l": 1000, "t": 4927.887931}
{"r": 0.0, "l": 1000, "t": 4971.910307}
{"r": 0.0, "l": 1000, "t": 5017.794752}
{"r": 0.0, "l": 1000, "t": 5061.102629}
{"r": 0.0, "l": 1000, "t": 5105.837124}
{"r": 0.0, "l": 1000, "t": 5150.359859}
{"r": 0.0, "l": 1000, "t": 5193.408539}
{"r": 0.0, "l": 1000, "t": 5240.209699}
{"r": 0.0, "l": 1000, "t": 5285.059022}
{"r": 0.0, "l": 1000, "t": 5331.678814}
{"r": 0.0, "l": 1000, "t": 5377.347132}
{"r": 0.0, "l": 1000, "t": 5423.418827}
{"r": 0.0, "l": 1000, "t": 5466.804623}
{"r": 0.0, "l": 1000, "t": 5511.96903}
{"r": 0.0, "l": 1000, "t": 5558.150372}
{"r": 0.0, "l": 1000, "t": 5602.68225}
{"r": 0.0, "l": 1000, "t": 5647.87692}
{"r": 0.0, "l": 1000, "t": 5693.539038}
{"r": 0.0, "l": 1000, "t": 5737.951167}
{"r": 0.0, "l": 1000, "t": 5781.469643}
{"r": 0.0, "l": 1000, "t": 5826.210274}
{"r": 0.0, "l": 1000, "t": 5872.513211}
{"r": 0.0, "l": 1000, "t": 5916.894683}
{"r": 0.0, "l": 1000, "t": 5963.657969}
{"r": 0.0, "l": 1000, "t": 6010.654048}
{"r": 0.0, "l": 1000, "t": 6053.748389}
{"r": 0.0, "l": 1000, "t": 6101.295594}
{"r": 0.0, "l": 1000, "t": 6146.595806}
{"r": 0.0, "l": 1000, "t": 6190.810086}
{"r": 0.0, "l": 1000,