{"t_start": 1515704284.0736423, "gym_version": "0.9.2", "env_id": "GridWorldNoFrameskip-v4"}
{"r": 0.0, "l": 1000, "t": 17.002028}
{"r": 0.0, "l": 1000, "t": 31.75777}
{"r": 0.0, "l": 1000, "t": 46.338172}
{"r": 0.0, "l": 1000, "t": 61.762747}
{"r": 0.0, "l": 1000, "t": 76.224213}
{"r": 0.0, "l": 1000, "t": 91.097186}
{"r": 0.0, "l": 1000, "t": 106.158871}
{"r": 0.0, "l": 1000, "t": 120.930243}
{"r": 0.0, "l": 1000, "t": 136.01304}
{"r": 0.0, "l": 1000, "t": 151.680256}
{"r": 0.0, "l": 1000, "t": 166.115319}
{"r": 0.0, "l": 1000, "t": 181.030469}
{"r": 0.0, "l": 1000, "t": 195.794392}
{"r": 0.0, "l": 1000, "t": 211.019854}
{"r": 0.0, "l": 1000, "t": 226.112129}
{"r": 0.0, "l": 1000, "t": 241.424681}
{"r": 0.0, "l": 1000, "t": 256.970197}
{"r": 0.0, "l": 1000, "t": 272.287539}
{"r": 0.0, "l": 1000, "t": 286.935827}
{"r": 0.0, "l": 1000, "t": 302.420958}
{"r": 0.0, "l": 1000, "t": 317.663286}
{"r": 0.0, "l": 1000, "t": 332.766041}
{"r": 0.0, "l": 1000, "t": 347.950234}
{"r": 0.0, "l": 1000, "t": 362.995023}
{"r": 0.0, "l": 1000, "t": 378.178385}
{"r": 0.0, "l": 1000, "t": 393.597248}
{"r": 0.0, "l": 1000, "t": 409.013066}
{"r": 0.0, "l": 1000, "t": 424.24612}
{"r": 0.0, "l": 1000, "t": 439.527501}
{"r": 0.0, "l": 1000, "t": 454.660738}
{"r": 0.0, "l": 1000, "t": 470.501628}
{"r": 0.0, "l": 1000, "t": 485.683227}
{"r": 0.0, "l": 1000, "t": 500.84575}
{"r": 0.0, "l": 1000, "t": 516.951433}
{"r": 0.0, "l": 1000, "t": 532.625753}
{"r": 0.0, "l": 1000, "t": 548.364576}
{"r": 0.0, "l": 1000, "t": 563.463889}
{"r": 0.0, "l": 1000, "t": 579.32366}
{"r": 0.0, "l": 1000, "t": 594.905609}
{"r": 0.0, "l": 1000, "t": 610.833251}
{"r": 0.0, "l": 1000, "t": 626.422999}
{"r": 0.0, "l": 1000, "t": 642.609132}
{"r": 0.0, "l": 1000, "t": 658.605344}
{"r": 0.0, "l": 1000, "t": 674.540838}
{"r": 0.0, "l": 1000, "t": 690.777476}
{"r": 0.0, "l": 1000, "t": 706.857165}
{"r": 0.0, "l": 1000, "t": 722.96554}
{"r": 0.0, "l": 1000, "t": 738.945164}
{"r": 0.0, "l": 1000, "t": 754.885142}
{"r": 0.0, "l": 1000, "t": 770.640503}
{"r": 0.0, "l": 1000, "t": 786.757536}
{"r": 0.0, "l": 1000, "t": 803.042792}
{"r": 0.0, "l": 1000, "t": 818.977906}
{"r": 0.0, "l": 1000, "t": 834.570108}
{"r": 0.0, "l": 1000, "t": 850.105139}
{"r": 0.0, "l": 1000, "t": 866.101511}
{"r": 0.0, "l": 1000, "t": 882.174538}
{"r": 0.0, "l": 1000, "t": 898.13587}
{"r": 0.0, "l": 1000, "t": 913.781271}
{"r": 0.0, "l": 1000, "t": 929.559245}
{"r": 0.0, "l": 1000, "t": 945.468504}
{"r": 0.0, "l": 1000, "t": 961.595984}
{"r": 0.0, "l": 1000, "t": 977.50853}
{"r": 0.0, "l": 1000, "t": 993.755401}
{"r": 0.0, "l": 1000, "t": 1009.834339}
{"r": 0.0, "l": 1000, "t": 1026.348158}
{"r": 0.0, "l": 1000, "t": 1042.627023}
{"r": 0.0, "l": 1000, "t": 1058.392893}
{"r": 0.0, "l": 1000, "t": 1074.530783}
{"r": 0.0, "l": 1000, "t": 1091.222709}
{"r": 0.0, "l": 1000, "t": 1107.9206}
{"r": 0.0, "l": 1000, "t": 1135.531781}
{"r": 0.0, "l": 1000, "t": 1169.840741}
{"r": 0.0, "l": 1000, "t": 1203.017211}
{"r": 0.0, "l": 1000, "t": 1237.378529}
{"r": 0.0, "l": 1000, "t": 1268.745192}
{"r": 0.0, "l": 1000, "t": 1302.156128}
{"r": 0.0, "l": 1000, "t": 1336.801226}
{"r": 0.0, "l": 1000, "t": 1371.212101}
{"r": 0.0, "l": 1000, "t": 1402.119521}
{"r": 0.0, "l": 1000, "t": 1435.837356}
{"r": 0.0, "l": 1000, "t": 1470.240393}
{"r": 0.0, "l": 1000, "t": 1505.294085}
{"r": 0.0, "l": 1000, "t": 1539.02618}
{"r": 0.0, "l": 1000, "t": 1574.975366}
{"r": 0.0, "l": 1000, "t": 1610.42222}
{"r": 0.0, "l": 1000, "t": 1646.635618}
{"r": 0.0, "l": 1000, "t": 1680.310947}
{"r": 0.0, "l": 1000, "t": 1715.582562}
{"r": 0.0, "l": 1000, "t": 1753.684567}
{"r": 0.0, "l": 1000, "t": 1789.02214}
{"r": 0.0, "l": 1000, "t": 1823.433213}
{"r": 0.0, "l": 1000, "t": 1859.331}
{"r": 0.0, "l": 1000, "t": 1896.147134}
{"r": 0.0, "l": 1000, "t": 1929.659209}
{"r": 0.0, "l": 1000, "t": 1965.55313}
{"r": 0.0, "l": 1000, "t": 2001.929101}
{"r": 0.0, "l": 1000, "t": 2038.662197}
{"r": 0.0, "l": 1000, "t": 2072.767647}
{"r": 0.0, "l": 1000, "t": 2110.253282}
{"r": 0.0, "l": 1000, "t": 2146.590333}
{"r": 0.0, "l": 1000, "t": 2182.370371}
{"r": 0.0, "l": 1000, "t": 2218.260118}
{"r": 0.0, "l": 1000, "t": 2255.121217}
{"r": 0.0, "l": 1000, "t": 2293.060016}
{"r": 0.0, "l": 1000, "t": 2329.262761}
{"r": 0.0, "l": 1000, "t": 2365.04952}
{"r": 0.0, "l": 1000, "t": 2400.853725}
{"r": 0.0, "l": 1000, "t": 2437.392046}
{"r": 0.0, "l": 1000, "t": 2472.511122}
{"r": 0.0, "l": 1000, "t": 2510.769917}
{"r": 0.0, "l": 1000, "t": 2549.079307}
{"r": 0.0, "l": 1000, "t": 2586.254097}
{"r": 0.0, "l": 1000, "t": 2621.677688}
{"r": 0.0, "l": 1000, "t": 2658.94528}
{"r": 0.0, "l": 1000, "t": 2694.884339}
{"r": 0.0, "l": 1000, "t": 2731.112515}
{"r": 0.0, "l": 1000, "t": 2767.898745}
{"r": 0.0, "l": 1000, "t": 2805.114282}
{"r": 0.0, "l": 1000, "t": 2842.145453}
{"r": 0.0, "l": 1000, "t": 2877.964393}
{"r": 0.0, "l": 1000, "t": 2913.424421}
{"r": 0.0, "l": 1000, "t": 2951.45901}
{"r": 0.0, "l": 1000, "t": 2988.639833}
{"r": 0.0, "l": 1000, "t": 3024.696353}
{"r": 0.0, "l": 1000, "t": 3062.476196}
{"r": 0.0, "l": 1000, "t": 3100.282872}
{"r": 0.0, "l": 1000, "t": 3135.825176}
{"r": 0.0, "l": 1000, "t": 3173.223133}
{"r": 0.0, "l": 1000, "t": 3211.061972}
{"r": 0.0, "l": 1000, "t": 3249.069506}
{"r": 0.0, "l": 1000, "t": 3284.871899}
{"r": 0.0, "l": 1000, "t": 3321.752329}
{"r": 0.0, "l": 1000, "t": 3357.636185}
{"r": 0.0, "l": 1000, "t": 3394.38273}
{"r": 0.0, "l": 1000, "t": 3429.992012}
{"r": 0.0, "l": 1000, "t": 3467.45609}
{"r": 0.0, "l": 1000, "t": 3503.634918}
{"r": 0.0, "l": 1000, "t": 3537.84115}
{"r": 0.0, "l": 1000, "t": 3574.472425}
{"r": 0.0, "l": 1000, "t": 3612.612228}
{"r": 0.0, "l": 1000, "t": 3650.368141}
{"r": 0.0, "l": 1000, "t": 3687.109149}
{"r": 0.0, "l": 1000, "t": 3724.430816}
{"r": 0.0, "l": 1000, "t": 3763.511028}
{"r": 0.0, "l": 1000, "t": 3807.412922}
{"r": 0.0, "l": 1000, "t": 3850.865186}
{"r": 0.0, "l": 1000, "t": 3893.979782}
{"r": 0.0, "l": 1000, "t": 3937.701626}
{"r": 0.0, "l": 1000, "t": 3981.310789}
{"r": 0.0, "l": 1000, "t": 4025.086213}
{"r": 0.0, "l": 1000, "t": 4068.207691}
{"r": 0.0, "l": 1000, "t": 4111.832468}
{"r": 0.0, "l": 1000, "t": 4155.778433}
{"r": 0.0, "l": 1000, "t": 4199.932086}
{"r": 0.0, "l": 1000, "t": 4243.732616}
{"r": 0.0, "l": 1000, "t": 4288.850273}
{"r": 0.0, "l": 1000, "t": 4333.102366}
{"r": 0.0, "l": 1000, "t": 4375.771232}
{"r": 0.0, "l": 1000, "t": 4421.930687}
{"r": 0.0, "l": 1000, "t": 4464.06722}
{"r": 0.0, "l": 1000, "t": 4507.394141}
{"r": 0.0, "l": 1000, "t": 4552.353074}
{"r": 0.0, "l": 1000, "t": 4595.943687}
{"r": 0.0, "l": 1000, "t": 4637.566145}
{"r": 0.0, "l": 1000, "t": 4681.90045}
{"r": 0.0, "l": 1000, "t": 4726.972703}
{"r": 0.0, "l": 1000, "t": 4770.701205}
{"r": 0.0, "l": 1000, "t": 4815.388498}
{"r": 0.0, "l": 1000, "t": 4859.754824}
{"r": 0.0, "l": 1000, "t": 4904.161198}
{"r": 0.0, "l": 1000, "t": 4950.047204}
{"r": 0.0, "l": 1000, "t": 4993.975266}
{"r": 0.0, "l": 1000, "t": 5037.56133}
{"r": 0.0, "l": 1000, "t": 5081.599475}
{"r": 0.0, "l": 1000, "t": 5126.187159}
{"r": 0.0, "l": 1000, "t": 5167.592901}
{"r": 0.0, "l": 1000, "t": 5214.682402}
{"r": 0.0, "l": 1000, "t": 5261.555778}
{"r": 0.0, "l": 1000, "t": 5306.990103}
{"r": 0.0, "l": 1000, "t": 5353.288565}
{"r": 0.0, "l": 1000, "t": 5400.107801}
{"r": 0.0, "l": 1000, "t": 5444.55871}
{"r": 0.0, "l": 1000, "t": 5487.832938}
{"r": 0.0, "l": 1000, "t": 5534.043348}
{"r": 0.0, "l": 1000, "t": 5579.379499}
{"r": 0.0, "l": 1000, "t": 5623.782875}
{"r": 0.0, "l": 1000, "t": 5668.493453}
{"r": 0.0, "l": 1000, "t": 5714.880576}
{"r": 0.0, "l": 1000, "t": 5759.349446}
{"r": 0.0, "l": 1000, "t": 5803.857278}
{"r": 0.0, "l": 1000, "t": 5848.651376}
{"r": 0.0, "l": 1000, "t": 5891.955339}
{"r": 0.0, "l": 1000, "t": 5938.582134}
{"r": 0.0, "l": 1000, "t": 5983.742883}
{"r": 0.0, "l": 1000, "t": 6027.015969}
{"r": 0.0, "l": 1000, "t": 6073.408543}
{"r": 0.0, "l": 1000, "t": 6120.038031}
{"r": 0.0, "l": 1000, "t": 6164.629057}
{"r": 0.0, "l": 1000,