{"t_start": 1515704284.0777323, "gym_version": "0.9.2", "env_id": "GridWorldNoFrameskip-v4"}
{"r": 0.0, "l": 1000, "t": 17.10527}
{"r": 0.0, "l": 1000, "t": 31.968534}
{"r": 0.0, "l": 1000, "t": 46.311833}
{"r": 0.0, "l": 1000, "t": 61.315604}
{"r": 0.0, "l": 1000, "t": 75.983642}
{"r": 0.0, "l": 1000, "t": 91.10806}
{"r": 0.0, "l": 1000, "t": 106.713554}
{"r": 0.0, "l": 1000, "t": 121.896489}
{"r": 0.0, "l": 1000, "t": 137.091617}
{"r": 0.0, "l": 1000, "t": 152.097039}
{"r": 0.0, "l": 1000, "t": 167.186747}
{"r": 0.0, "l": 1000, "t": 182.062277}
{"r": 0.0, "l": 1000, "t": 197.045183}
{"r": 0.0, "l": 1000, "t": 212.206166}
{"r": 0.0, "l": 1000, "t": 227.423037}
{"r": 0.0, "l": 1000, "t": 243.036308}
{"r": 0.0, "l": 1000, "t": 257.761662}
{"r": 0.0, "l": 1000, "t": 272.984628}
{"r": 0.0, "l": 1000, "t": 288.007001}
{"r": 0.0, "l": 1000, "t": 302.9586}
{"r": 0.0, "l": 1000, "t": 318.424411}
{"r": 0.0, "l": 1000, "t": 333.322866}
{"r": 0.0, "l": 1000, "t": 348.376217}
{"r": 0.0, "l": 1000, "t": 363.494981}
{"r": 0.0, "l": 1000, "t": 378.994352}
{"r": 0.0, "l": 1000, "t": 394.167318}
{"r": 0.0, "l": 1000, "t": 409.395284}
{"r": 0.0, "l": 1000, "t": 424.798964}
{"r": 0.0, "l": 1000, "t": 440.44194}
{"r": 0.0, "l": 1000, "t": 455.770477}
{"r": 0.0, "l": 1000, "t": 471.225563}
{"r": 0.0, "l": 1000, "t": 486.470602}
{"r": 0.0, "l": 1000, "t": 501.960015}
{"r": 0.0, "l": 1000, "t": 517.864111}
{"r": 0.0, "l": 1000, "t": 533.966356}
{"r": 0.0, "l": 1000, "t": 550.034997}
{"r": 0.0, "l": 1000, "t": 564.952097}
{"r": 0.0, "l": 1000, "t": 581.137013}
{"r": 0.0, "l": 1000, "t": 596.643102}
{"r": 0.0, "l": 1000, "t": 612.134082}
{"r": 0.0, "l": 1000, "t": 628.083993}
{"r": 0.0, "l": 1000, "t": 643.76578}
{"r": 0.0, "l": 1000, "t": 660.237824}
{"r": 0.0, "l": 1000, "t": 676.180223}
{"r": 0.0, "l": 1000, "t": 691.864019}
{"r": 0.0, "l": 1000, "t": 708.091307}
{"r": 0.0, "l": 1000, "t": 723.895938}
{"r": 0.0, "l": 1000, "t": 739.947172}
{"r": 0.0, "l": 1000, "t": 756.004119}
{"r": 0.0, "l": 1000, "t": 771.536579}
{"r": 0.0, "l": 1000, "t": 786.947947}
{"r": 0.0, "l": 1000, "t": 803.28284}
{"r": 0.0, "l": 1000, "t": 819.733877}
{"r": 0.0, "l": 1000, "t": 835.513069}
{"r": 0.0, "l": 1000, "t": 850.978931}
{"r": 0.0, "l": 1000, "t": 866.769619}
{"r": 0.0, "l": 1000, "t": 882.483702}
{"r": 0.0, "l": 1000, "t": 898.84167}
{"r": 0.0, "l": 1000, "t": 914.955776}
{"r": 0.0, "l": 1000, "t": 930.600697}
{"r": 0.0, "l": 1000, "t": 946.47443}
{"r": 0.0, "l": 1000, "t": 962.797902}
{"r": 0.0, "l": 1000, "t": 978.830531}
{"r": 0.0, "l": 1000, "t": 994.737637}
{"r": 0.0, "l": 1000, "t": 1011.162158}
{"r": 0.0, "l": 1000, "t": 1027.303193}
{"r": 0.0, "l": 1000, "t": 1043.887196}
{"r": 0.0, "l": 1000, "t": 1060.168688}
{"r": 0.0, "l": 1000, "t": 1076.332527}
{"r": 0.0, "l": 1000, "t": 1093.472823}
{"r": 0.0, "l": 1000, "t": 1109.599324}
{"r": 0.0, "l": 1000, "t": 1138.434688}
{"r": 0.0, "l": 1000, "t": 1172.654554}
{"r": 0.0, "l": 1000, "t": 1206.220146}
{"r": 0.0, "l": 1000, "t": 1240.129084}
{"r": 0.0, "l": 1000, "t": 1272.056501}
{"r": 0.0, "l": 1000, "t": 1305.223516}
{"r": 0.0, "l": 1000, "t": 1340.834654}
{"r": 0.0, "l": 1000, "t": 1374.699028}
{"r": 0.0, "l": 1000, "t": 1406.489175}
{"r": 0.0, "l": 1000, "t": 1440.380774}
{"r": 0.0, "l": 1000, "t": 1474.522354}
{"r": 0.0, "l": 1000, "t": 1510.845041}
{"r": 0.0, "l": 1000, "t": 1544.463065}
{"r": 0.0, "l": 1000, "t": 1580.111198}
{"r": 0.0, "l": 1000, "t": 1615.372657}
{"r": 0.0, "l": 1000, "t": 1650.222558}
{"r": 0.0, "l": 1000, "t": 1686.099899}
{"r": 0.0, "l": 1000, "t": 1721.774232}
{"r": 0.0, "l": 1000, "t": 1759.423209}
{"r": 0.0, "l": 1000, "t": 1793.223182}
{"r": 0.0, "l": 1000, "t": 1828.671908}
{"r": 0.0, "l": 1000, "t": 1864.454369}
{"r": 0.0, "l": 1000, "t": 1901.23708}
{"r": 0.0, "l": 1000, "t": 1933.833156}
{"r": 0.0, "l": 1000, "t": 1969.338979}
{"r": 0.0, "l": 1000, "t": 2005.487244}
{"r": 0.0, "l": 1000, "t": 2042.191231}
{"r": 0.0, "l": 1000, "t": 2076.825213}
{"r": 0.0, "l": 1000, "t": 2114.726208}
{"r": 0.0, "l": 1000, "t": 2151.018146}
{"r": 0.0, "l": 1000, "t": 2187.176127}
{"r": 0.0, "l": 1000, "t": 2222.452883}
{"r": 0.0, "l": 1000, "t": 2259.819379}
{"r": 0.0, "l": 1000, "t": 2298.08055}
{"r": 0.0, "l": 1000, "t": 2333.93656}
{"r": 0.0, "l": 1000, "t": 2371.150441}
{"r": 0.0, "l": 1000, "t": 2405.774103}
{"r": 0.0, "l": 1000, "t": 2444.549202}
{"r": 0.0, "l": 1000, "t": 2478.705909}
{"r": 0.0, "l": 1000, "t": 2517.055544}
{"r": 0.0, "l": 1000, "t": 2556.020828}
{"r": 0.0, "l": 1000, "t": 2594.418433}
{"r": 0.0, "l": 1000, "t": 2630.53704}
{"r": 0.0, "l": 1000, "t": 2667.258395}
{"r": 0.0, "l": 1000, "t": 2705.506039}
{"r": 0.0, "l": 1000, "t": 2739.637567}
{"r": 0.0, "l": 1000, "t": 2777.914331}
{"r": 0.0, "l": 1000, "t": 2816.468385}
{"r": 0.0, "l": 1000, "t": 2852.810756}
{"r": 0.0, "l": 1000, "t": 2887.740188}
{"r": 0.0, "l": 1000, "t": 2925.146476}
{"r": 0.0, "l": 1000, "t": 2962.244868}
{"r": 0.0, "l": 1000, "t": 2999.302196}
{"r": 0.0, "l": 1000, "t": 3034.613742}
{"r": 0.0, "l": 1000, "t": 3072.890078}
{"r": 0.0, "l": 1000, "t": 3110.53202}
{"r": 0.0, "l": 1000, "t": 3146.220136}
{"r": 0.0, "l": 1000, "t": 3184.673347}
{"r": 0.0, "l": 1000, "t": 3221.872666}
{"r": 0.0, "l": 1000, "t": 3259.877968}
{"r": 0.0, "l": 1000, "t": 3294.819401}
{"r": 0.0, "l": 1000, "t": 3332.537249}
{"r": 0.0, "l": 1000, "t": 3369.12099}
{"r": 0.0, "l": 1000, "t": 3404.281558}
{"r": 0.0, "l": 1000, "t": 3440.398859}
{"r": 0.0, "l": 1000, "t": 3477.004251}
{"r": 0.0, "l": 1000, "t": 3512.948147}
{"r": 0.0, "l": 1000, "t": 3548.896938}
{"r": 0.0, "l": 1000, "t": 3586.368437}
{"r": 0.0, "l": 1000, "t": 3624.495139}
{"r": 0.0, "l": 1000, "t": 3660.363048}
{"r": 0.0, "l": 1000, "t": 3697.301683}
{"r": 0.0, "l": 1000, "t": 3735.143497}
{"r": 0.0, "l": 1000, "t": 3776.083715}
{"r": 0.0, "l": 1000, "t": 3818.135918}
{"r": 0.0, "l": 1000, "t": 3860.623594}
{"r": 0.0, "l": 1000, "t": 3905.138168}
{"r": 0.0, "l": 1000, "t": 3946.869993}
{"r": 0.0, "l": 1000, "t": 3991.086488}
{"r": 0.0, "l": 1000, "t": 4034.648542}
{"r": 0.0, "l": 1000, "t": 4076.640434}
{"r": 0.0, "l": 1000, "t": 4122.785257}
{"r": 0.0, "l": 1000, "t": 4166.604763}
{"r": 0.0, "l": 1000, "t": 4210.810038}
{"r": 0.0, "l": 1000, "t": 4256.014181}
{"r": 0.0, "l": 1000, "t": 4302.037834}
{"r": 0.0, "l": 1000, "t": 4345.741103}
{"r": 0.0, "l": 1000, "t": 4390.497677}
{"r": 0.0, "l": 1000, "t": 4433.26739}
{"r": 0.0, "l": 1000, "t": 4477.51828}
{"r": 0.0, "l": 1000, "t": 4521.479817}
{"r": 0.0, "l": 1000, "t": 4567.471253}
{"r": 0.0, "l": 1000, "t": 4611.386348}
{"r": 0.0, "l": 1000, "t": 4653.456822}
{"r": 0.0, "l": 1000, "t": 4698.335127}
{"r": 0.0, "l": 1000, "t": 4744.29955}
{"r": 0.0, "l": 1000, "t": 4787.80296}
{"r": 0.0, "l": 1000, "t": 4832.322984}
{"r": 0.0, "l": 1000, "t": 4877.017036}
{"r": 0.0, "l": 1000, "t": 4921.349086}
{"r": 0.0, "l": 1000, "t": 4967.187387}
{"r": 0.0, "l": 1000, "t": 5011.463204}
{"r": 0.0, "l": 1000, "t": 5054.82709}
{"r": 0.0, "l": 1000, "t": 5100.084399}
{"r": 0.0, "l": 1000, "t": 5144.051255}
{"r": 0.0, "l": 1000, "t": 5187.781746}
{"r": 0.0, "l": 1000, "t": 5235.768194}
{"r": 0.0, "l": 1000, "t": 5280.563628}
{"r": 0.0, "l": 1000, "t": 5324.456475}
{"r": 0.0, "l": 1000, "t": 5373.791759}
{"r": 0.0, "l": 1000, "t": 5418.162547}
{"r": 0.0, "l": 1000, "t": 5463.289914}
{"r": 0.0, "l": 1000, "t": 5508.435091}
{"r": 0.0, "l": 1000, "t": 5554.30202}
{"r": 0.0, "l": 1000, "t": 5600.313165}
{"r": 0.0, "l": 1000, "t": 5645.88513}
{"r": 0.0, "l": 1000, "t": 5691.946075}
{"r": 0.0, "l": 1000, "t": 5736.788145}
{"r": 0.0, "l": 1000, "t": 5781.441967}
{"r": 0.0, "l": 1000, "t": 5825.300225}
{"r": 0.0, "l": 1000, "t": 5870.241879}
{"r": 0.0, "l": 1000, "t": 5915.721715}
{"r": 0.0, "l": 1000, "t": 5962.355866}
{"r": 0.0, "l": 1000, "t": 6008.888737}
{"r": 0.0, "l": 1000, "t": 6053.568379}
{"r": 0.0, "l": 1000, "t": 6099.937084}
{"r": 0.0, "l": 1000, "t": 6146.686584}
{"r": 0.0, "l": 1000, "t": 6192.181351}
{"r": 0.0, "l": 1000,