{"gym_version": "0.9.3", "t_start": 1517492485.706965, "env_id": "GridWorldNoFrameskip-v4"}
{"t": 15.420846, "l": 1000, "r": -5}
{"t": 17.434433, "l": 1000, "r": 2}
{"t": 19.357302, "l": 1000, "r": -86}
{"t": 21.351561, "l": 1000, "r": -66}
{"t": 23.332203, "l": 1000, "r": -55}
{"t": 25.281482, "l": 1000, "r": 8}
{"t": 27.247039, "l": 1000, "r": -51}
{"t": 29.215063, "l": 1000, "r": -48}
{"t": 31.17028, "l": 1000, "r": -110}
{"t": 33.179703, "l": 1000, "r": -68}
{"t": 35.079346, "l": 1000, "r": -38}
{"t": 36.988918, "l": 1000, "r": -12}
{"t": 38.956332, "l": 1000, "r": -106}
{"t": 40.935601, "l": 1000, "r": -2}
{"t": 42.900672, "l": 1000, "r": -42}
{"t": 44.807642, "l": 1000, "r": 22}
{"t": 46.722966, "l": 1000, "r": 65}
{"t": 48.621313, "l": 1000, "r": -2}
{"t": 50.507438, "l": 1000, "r": -68}
{"t": 52.453959, "l": 1000, "r": 20}
{"t": 54.361063, "l": 1000, "r": -14}
{"t": 56.270951, "l": 1000, "r": 58}
{"t": 58.211477, "l": 1000, "r": -43}
{"t": 60.117878, "l": 1000, "r": -24}
{"t": 62.080931, "l": 1000, "r": 20}
{"t": 63.982557, "l": 1000, "r": -42}
{"t": 65.903439, "l": 1000, "r": -45}
{"t": 67.784727, "l": 1000, "r": -31}
{"t": 69.706166, "l": 1000, "r": -3}
{"t": 71.692583, "l": 1000, "r": -35}
{"t": 73.622254, "l": 1000, "r": -74}
{"t": 75.507039, "l": 1000, "r": -71}
{"t": 77.456873, "l": 1000, "r": -51}
{"t": 79.361223, "l": 1000, "r": 20}
{"t": 81.260921, "l": 1000, "r": 20}
{"t": 83.205398, "l": 1000, "r": -26}
{"t": 85.11248, "l": 1000, "r": -87}
{"t": 86.99956, "l": 1000, "r": 5}
{"t": 88.94798, "l": 1000, "r": -21}
{"t": 90.91348, "l": 1000, "r": 24}
{"t": 92.810974, "l": 1000, "r": -4}
{"t": 94.7621, "l": 1000, "r": 4}
{"t": 96.739771, "l": 1000, "r": -69}
{"t": 98.6157, "l": 1000, "r": 8}
{"t": 100.537491, "l": 1000, "r": -37}
{"t": 102.489703, "l": 1000, "r": 7}
{"t": 104.360855, "l": 1000, "r": -49}
{"t": 106.307215, "l": 1000, "r": -22}
{"t": 108.231242, "l": 1000, "r": 33}
{"t": 110.123273, "l": 1000, "r": -52}
{"t": 112.021151, "l": 1000, "r": -70}
{"t": 113.767077, "l": 1000, "r": -6}
{"t": 115.657733, "l": 1000, "r": -16}
{"t": 117.567977, "l": 1000, "r": -39}
{"t": 119.496729, "l": 1000, "r": -18}
{"t": 122.153476, "l": 1000, "r": -76}
{"t": 124.627561, "l": 1000, "r": -36}
{"t": 127.119337, "l": 1000, "r": 53}
{"t": 129.499846, "l": 1000, "r": 64}
{"t": 131.70397, "l": 1000, "r": -9}
{"t": 133.936116, "l": 1000, "r": 39}
{"t": 136.158011, "l": 1000, "r": 0}
{"t": 138.384829, "l": 1000, "r": -65}
{"t": 140.606468, "l": 1000, "r": -60}
{"t": 142.834847, "l": 1000, "r": 6}
{"t": 145.011182, "l": 1000, "r": 5}
{"t": 147.187149, "l": 1000, "r": -28}
{"t": 149.388955, "l": 1000, "r": 39}
{"t": 151.600417, "l": 1000, "r": -53}
{"t": 153.80872, "l": 1000, "r": 71}
{"t": 156.06032, "l": 1000, "r": -78}
{"t": 158.25262, "l": 1000, "r": 42}
{"t": 160.438704, "l": 1000, "r": 31}
{"t": 162.690052, "l": 1000, "r": 94}
{"t": 164.833018, "l": 1000, "r": -29}
{"t": 167.059709, "l": 1000, "r": -2}
{"t": 169.277689, "l": 1000, "r": -32}
{"t": 171.542052, "l": 1000, "r": -19}
{"t": 173.753422, "l": 1000, "r": -54}
{"t": 175.958007, "l": 1000, "r": -45}
{"t": 178.213655, "l": 1000, "r": 18}
{"t": 180.445181, "l": 1000, "r": -25}
{"t": 182.67168, "l": 1000, "r": -64}
{"t": 184.91806, "l": 1000, "r": -74}
{"t": 187.140952, "l": 1000, "r": -48}
{"t": 189.35332, "l": 1000, "r": -17}
{"t": 191.564997, "l": 1000, "r": -4}
{"t": 193.781739, "l": 1000, "r": -82}
{"t": 196.001113, "l": 1000, "r": -103}
{"t": 198.208172, "l": 1000, "r": -54}
{"t": 200.436771, "l": 1000, "r": 8}
{"t": 202.679684, "l": 1000, "r": 52}
{"t": 204.93414, "l": 1000, "r": -60}
{"t": 207.111011, "l": 1000, "r": -34}
{"t": 209.367223, "l": 1000, "r": -33}
{"t": 211.607637, "l": 1000, "r": -116}
{"t": 213.86334, "l": 1000, "r": -52}
{"t": 216.12821, "l": 1000, "r": 80}
{"t": 218.362788, "l": 1000, "r": -101}
{"t": 220.563609, "l": 1000, "r": -72}
{"t": 222.785264, "l": 1000, "r": -14}
{"t": 225.080916, "l": 1000, "r": -98}
{"t": 227.333092, "l": 1000, "r": -75}
{"t": 229.583352, "l": 1000, "r": 5}
{"t": 231.869739, "l": 1000, "r": 12}
{"t": 234.092293, "l": 1000, "r": 40}
{"t": 236.33238, "l": 1000, "r": -52}
{"t": 238.6101, "l": 1000, "r": -72}
{"t": 240.845244, "l": 1000, "r": -103}
{"t": 243.113245, "l": 1000, "r": -40}
{"t": 245.368179, "l": 1000, "r": -78}
{"t": 247.663268, "l": 1000, "r": 15}
{"t": 249.907298, "l": 1000, "r": -64}
{"t": 252.205499, "l": 1000, "r": 11}
{"t": 254.466431, "l": 1000, "r": 12}
{"t": 256.709795, "l": 1000, "r": -36}
{"t": 258.989209, "l": 1000, "r": -10}
{"t": 261.229053, "l": 1000, "r": -6}
{"t": 263.504415, "l": 1000, "r": 67}
{"t": 265.741181, "l": 1000, "r": 40}
{"t": 267.972645, "l": 1000, "r": -52}
{"t": 270.254423, "l": 1000, "r": 16}
{"t": 272.499126, "l": 1000, "r": 27}
{"t": 274.749361, "l": 1000, "r": 112}
{"t": 277.020127, "l": 1000, "r": 84}
{"t": 279.296933, "l": 1000, "r": 10}
{"t": 281.587486, "l": 1000, "r": 37}
{"t": 283.820236, "l": 1000, "r": -24}
{"t": 286.073369, "l": 1000, "r": -10}
{"t": 288.350978, "l": 1000, "r": 73}
{"t": 290.574064, "l": 1000, "r": 9}
{"t": 292.889526, "l": 1000, "r": -29}
{"t": 295.170203, "l": 1000, "r": -53}
{"t": 297.437014, "l": 1000, "r": -58}
{"t": 299.676038, "l": 1000, "r": 59}
{"t": 301.978703, "l": 1000, "r": -48}
{"t": 304.262402, "l": 1000, "r": 33}
{"t": 306.508526, "l": 1000, "r": 20}
{"t": 308.726919, "l": 1000, "r": 48}
{"t": 310.89389, "l": 1000, "r": -2}
{"t": 313.194202, "l": 1000, "r": -34}
{"t": 315.413707, "l": 1000, "r": 48}
{"t": 317.639268, "l": 1000, "r": -14}
{"t": 319.908922, "l": 1000, "r": 87}
{"t": 322.139181, "l": 1000, "r": -35}
{"t": 324.427042, "l": 1000, "r": -133}
{"t": 326.684479, "l": 1000, "r": -40}
{"t": 328.925708, "l": 1000, "r": 25}
{"t": 331.156248, "l": 1000, "r": -30}
{"t": 333.449558, "l": 1000, "r": -54}
{"t": 335.704248, "l": 1000, "r": -20}
{"t": 337.999832, "l": 1000, "r": -27}
{"t": 340.253913, "l": 1000, "r": -35}
{"t": 342.481618, "l": 1000, "r": -68}
{"t": 344.746197, "l": 1000, "r": -43}
{"t": 346.973986, "l": 1000, "r": -14}
{"t": 349.213877, "l": 1000, "r": 8}
{"t": 351.446724, "l": 1000, "r": -8}
{"t": 353.762147, "l": 1000, "r": 8}
{"t": 356.045779, "l": 1000, "r": 7}
{"t": 358.300929, "l": 1000, "r": 18}
{"t": 360.555635, "l": 1000, "r": -21}
{"t": 362.753289, "l": 1000, "r": 25}
{"t": 365.07441, "l": 1000, "r": 3}
{"t": 367.312705, "l": 1000, "r": -22}
{"t": 369.598764, "l": 1000, "r": -68}
{"t": 371.905331, "l": 1000, "r": 7}
{"t": 374.194957, "l": 1000, "r": -68}
{"t": 376.478912, "l": 1000, "r": -3}
{"t": 378.72303, "l": 1000, "r": -35}
{"t": 380.979622, "l": 1000, "r": -17}
{"t": 383.218691, "l": 1000, "r": -36}
{"t": 385.499316, "l": 1000, "r": -78}
{"t": 387.767388, "l": 1000, "r": -48}
{"t": 390.038627, "l": 1000, "r": 20}
{"t": 392.351506, "l": 1000, "r": -70}
{"t": 394.61786, "l": 1000, "r": -46}
{"t": 396.938942, "l": 1000, "r": -30}
{"t": 399.19766, "l": 1000, "r": 83}
{"t": 401.484367, "l": 1000, "r": -11}
