{"gym_version": "0.9.3", "t_start": 1517492485.7085397, "env_id": "GridWorldNoFrameskip-v4"}
{"t": 15.400793, "l": 1000, "r": -69}
{"t": 17.383557, "l": 1000, "r": 85}
{"t": 19.362071, "l": 1000, "r": 54}
{"t": 21.350272, "l": 1000, "r": -17}
{"t": 23.276601, "l": 1000, "r": -28}
{"t": 25.291879, "l": 1000, "r": -77}
{"t": 27.245648, "l": 1000, "r": -2}
{"t": 29.213483, "l": 1000, "r": -42}
{"t": 31.223418, "l": 1000, "r": 20}
{"t": 33.185394, "l": 1000, "r": 7}
{"t": 35.084099, "l": 1000, "r": -41}
{"t": 37.042462, "l": 1000, "r": -125}
{"t": 39.03564, "l": 1000, "r": -70}
{"t": 41.04301, "l": 1000, "r": 6}
{"t": 43.017061, "l": 1000, "r": -21}
{"t": 44.938836, "l": 1000, "r": -41}
{"t": 46.880366, "l": 1000, "r": 46}
{"t": 48.805569, "l": 1000, "r": -62}
{"t": 50.675842, "l": 1000, "r": 24}
{"t": 52.615335, "l": 1000, "r": 25}
{"t": 54.571339, "l": 1000, "r": 42}
{"t": 56.466646, "l": 1000, "r": 26}
{"t": 58.392374, "l": 1000, "r": 4}
{"t": 60.305602, "l": 1000, "r": -24}
{"t": 62.288389, "l": 1000, "r": 14}
{"t": 64.21568, "l": 1000, "r": -134}
{"t": 66.081586, "l": 1000, "r": -46}
{"t": 67.991466, "l": 1000, "r": -16}
{"t": 69.898004, "l": 1000, "r": 8}
{"t": 71.907744, "l": 1000, "r": -49}
{"t": 73.846572, "l": 1000, "r": -89}
{"t": 75.758083, "l": 1000, "r": -6}
{"t": 77.678641, "l": 1000, "r": -5}
{"t": 79.583457, "l": 1000, "r": -108}
{"t": 81.500224, "l": 1000, "r": -84}
{"t": 83.42874, "l": 1000, "r": -55}
{"t": 85.335574, "l": 1000, "r": -68}
{"t": 87.243856, "l": 1000, "r": -92}
{"t": 89.148589, "l": 1000, "r": -44}
{"t": 91.084095, "l": 1000, "r": 27}
{"t": 93.030707, "l": 1000, "r": 37}
{"t": 94.983481, "l": 1000, "r": -55}
{"t": 96.965034, "l": 1000, "r": 53}
{"t": 98.834698, "l": 1000, "r": -28}
{"t": 100.767437, "l": 1000, "r": -4}
{"t": 102.69668, "l": 1000, "r": 15}
{"t": 104.556478, "l": 1000, "r": -25}
{"t": 106.476593, "l": 1000, "r": 15}
{"t": 108.400837, "l": 1000, "r": 42}
{"t": 110.314461, "l": 1000, "r": -12}
{"t": 112.15016, "l": 1000, "r": -48}
{"t": 113.853134, "l": 1000, "r": -5}
{"t": 115.680568, "l": 1000, "r": 14}
{"t": 117.589428, "l": 1000, "r": -61}
{"t": 119.611278, "l": 1000, "r": -83}
{"t": 122.298395, "l": 1000, "r": -16}
{"t": 124.767942, "l": 1000, "r": -92}
{"t": 127.307402, "l": 1000, "r": -53}
{"t": 129.658454, "l": 1000, "r": -4}
{"t": 131.869273, "l": 1000, "r": -10}
{"t": 134.081359, "l": 1000, "r": -104}
{"t": 136.329103, "l": 1000, "r": -63}
{"t": 138.53925, "l": 1000, "r": 31}
{"t": 140.758168, "l": 1000, "r": 2}
{"t": 142.962592, "l": 1000, "r": -36}
{"t": 145.140872, "l": 1000, "r": -72}
{"t": 147.371617, "l": 1000, "r": -124}
{"t": 149.569247, "l": 1000, "r": 56}
{"t": 151.810744, "l": 1000, "r": 0}
{"t": 154.004901, "l": 1000, "r": -89}
{"t": 156.212193, "l": 1000, "r": 3}
{"t": 158.45138, "l": 1000, "r": -6}
{"t": 160.696481, "l": 1000, "r": -13}
{"t": 162.931107, "l": 1000, "r": 31}
{"t": 165.122099, "l": 1000, "r": -17}
{"t": 167.392941, "l": 1000, "r": -2}
{"t": 169.614252, "l": 1000, "r": -96}
{"t": 171.831695, "l": 1000, "r": -56}
{"t": 174.032779, "l": 1000, "r": -40}
{"t": 176.248827, "l": 1000, "r": -42}
{"t": 178.469729, "l": 1000, "r": -12}
{"t": 180.658046, "l": 1000, "r": 4}
{"t": 182.89378, "l": 1000, "r": -173}
{"t": 185.086934, "l": 1000, "r": -3}
{"t": 187.295871, "l": 1000, "r": 22}
{"t": 189.558888, "l": 1000, "r": -59}
{"t": 191.770677, "l": 1000, "r": -32}
{"t": 194.012597, "l": 1000, "r": -32}
{"t": 196.285926, "l": 1000, "r": -89}
{"t": 198.487319, "l": 1000, "r": -63}
{"t": 200.664226, "l": 1000, "r": -78}
{"t": 202.930556, "l": 1000, "r": 33}
{"t": 205.164139, "l": 1000, "r": -15}
{"t": 207.341054, "l": 1000, "r": -54}
{"t": 209.545922, "l": 1000, "r": -71}
{"t": 211.80091, "l": 1000, "r": -54}
{"t": 214.056064, "l": 1000, "r": 6}
{"t": 216.293244, "l": 1000, "r": 68}
{"t": 218.552172, "l": 1000, "r": -24}
{"t": 220.803223, "l": 1000, "r": 21}
{"t": 223.069785, "l": 1000, "r": -158}
{"t": 225.357823, "l": 1000, "r": -48}
{"t": 227.619053, "l": 1000, "r": -2}
{"t": 229.871844, "l": 1000, "r": -5}
{"t": 232.183468, "l": 1000, "r": -33}
{"t": 234.451076, "l": 1000, "r": 21}
{"t": 236.68027, "l": 1000, "r": -41}
{"t": 238.92141, "l": 1000, "r": -131}
{"t": 241.212025, "l": 1000, "r": -40}
{"t": 243.460745, "l": 1000, "r": 39}
{"t": 245.762068, "l": 1000, "r": -18}
{"t": 248.007443, "l": 1000, "r": 24}
{"t": 250.266801, "l": 1000, "r": -63}
{"t": 252.525971, "l": 1000, "r": -26}
{"t": 254.776659, "l": 1000, "r": -6}
{"t": 257.004514, "l": 1000, "r": 19}
{"t": 259.290557, "l": 1000, "r": -64}
{"t": 261.580329, "l": 1000, "r": 0}
{"t": 263.827015, "l": 1000, "r": 7}
{"t": 266.0663, "l": 1000, "r": 28}
{"t": 268.322453, "l": 1000, "r": -88}
{"t": 270.556178, "l": 1000, "r": 86}
{"t": 272.858927, "l": 1000, "r": -3}
{"t": 275.146802, "l": 1000, "r": 19}
{"t": 277.419668, "l": 1000, "r": 32}
{"t": 279.648889, "l": 1000, "r": -53}
{"t": 281.914392, "l": 1000, "r": 35}
{"t": 284.132113, "l": 1000, "r": -8}
{"t": 286.415241, "l": 1000, "r": -110}
{"t": 288.670215, "l": 1000, "r": 25}
{"t": 290.974022, "l": 1000, "r": -72}
{"t": 293.297858, "l": 1000, "r": -93}
{"t": 295.530934, "l": 1000, "r": -31}
{"t": 297.82509, "l": 1000, "r": 16}
{"t": 300.106692, "l": 1000, "r": -16}
{"t": 302.370483, "l": 1000, "r": -54}
{"t": 304.664215, "l": 1000, "r": 74}
{"t": 306.943879, "l": 1000, "r": -47}
{"t": 309.167928, "l": 1000, "r": 36}
{"t": 311.375431, "l": 1000, "r": -32}
{"t": 313.666754, "l": 1000, "r": -52}
{"t": 315.889682, "l": 1000, "r": -84}
{"t": 318.167164, "l": 1000, "r": 76}
{"t": 320.418782, "l": 1000, "r": 44}
{"t": 322.662371, "l": 1000, "r": -12}
{"t": 324.962662, "l": 1000, "r": -35}
{"t": 327.21482, "l": 1000, "r": -18}
{"t": 329.491823, "l": 1000, "r": -6}
{"t": 331.760192, "l": 1000, "r": 6}
{"t": 334.026717, "l": 1000, "r": -29}
{"t": 336.296638, "l": 1000, "r": 0}
{"t": 338.553744, "l": 1000, "r": 14}
{"t": 340.816293, "l": 1000, "r": -62}
{"t": 343.00376, "l": 1000, "r": -59}
{"t": 345.284322, "l": 1000, "r": -65}
{"t": 347.54301, "l": 1000, "r": -52}
{"t": 349.791729, "l": 1000, "r": -109}
{"t": 352.02276, "l": 1000, "r": -19}
{"t": 354.281476, "l": 1000, "r": 18}
{"t": 356.545361, "l": 1000, "r": -78}
{"t": 358.770082, "l": 1000, "r": 4}
{"t": 360.991112, "l": 1000, "r": -8}
{"t": 363.243572, "l": 1000, "r": -52}
{"t": 365.558541, "l": 1000, "r": -8}
{"t": 367.794645, "l": 1000, "r": -2}
{"t": 370.081613, "l": 1000, "r": -98}
{"t": 372.394349, "l": 1000, "r": -20}
{"t": 374.67054, "l": 1000, "r": -68}
{"t": 376.906921, "l": 1000, "r": 28}
{"t": 379.205657, "l": 1000, "r": -11}
{"t": 381.447078, "l": 1000, "r": -10}
{"t": 383.753016, "l": 1000, "r": -45}
{"t": 385.998449, "l": 1000, "r": 40}
{"t": 388.288911, "l": 1000, "r": -15}
{"t": 390.565135, "l": 1000, "r": -50}
{"t": 392.848052, "l": 1000, "r": 6}
{"t": 395.124049, "l": 1000, "r": -112}
{"t": 397.384315, "l": 1000, "r": -91}
{"t": 399.660591, "l": 1000, "r": 68}
{"t": 401.917942, "l": 1000, "r": -47}
