{"nupdates": 2800, "value_loss": 0.000373495917301625, "explained_variance": -0.6781550645828247, "policy_entropy": 1.609183669090271, "total_timesteps": 28000, "fps": 7.492282374503063}
{"nupdates": 2900, "value_loss": 8.594350219937041e-05, "explained_variance": -0.7234164476394653, "policy_entropy": 1.6092077493667603, "total_timesteps": 29000, "fps": 200.58041680305928}
{"nupdates": 3000, "value_loss": 0.009475483559072018, "explained_variance": -0.05916929244995117, "policy_entropy": 1.6092708110809326, "total_timesteps": 30000, "fps": 222.05544270643625}
{"nupdates": 3100, "value_loss": 0.00015041104052215815, "explained_variance": -14.358675003051758, "policy_entropy": 1.6092449426651, "total_timesteps": 31000, "fps": 221.08075140290975}
{"nupdates": 3200, "value_loss": 0.00025318158441223204, "explained_variance": -5.725470542907715, "policy_entropy": 1.6091368198394775, "total_timesteps": 32000, "fps": 222.29058990872807}
{"nupdates": 3300, "value_loss": 0.0005569250788539648, "explained_variance": -0.791922926902771, "policy_entropy": 1.6093019247055054, "total_timesteps": 33000, "fps": 222.50832740984544}
{"nupdates": 3400, "value_loss": 0.0001801941980374977, "explained_variance": -21.889421463012695, "policy_entropy": 1.6090294122695923, "total_timesteps": 34000, "fps": 223.96395477580265}
{"nupdates": 3500, "value_loss": 5.446848808787763e-05, "explained_variance": -1.4506895542144775, "policy_entropy": 1.6087945699691772, "total_timesteps": 35000, "fps": 222.4411234021755}
{"nupdates": 3600, "value_loss": 0.00019814074039459229, "explained_variance": -0.3736079931259155, "policy_entropy": 1.608565330505371, "total_timesteps": 36000, "fps": 223.22642587918972}
{"nupdates": 3700, "value_loss": 0.007509903516620398, "explained_variance": 0.03652238845825195, "policy_entropy": 1.6086299419403076, "total_timesteps": 37000, "fps": 222.25372148646122}
{"nupdates": 3800, "value_loss": 0.24964216351509094, "explained_variance": 0.03712737560272217, "policy_entropy": 1.6083892583847046, "total_timesteps": 38000, "fps": 219.88454119781417}
{"nupdates": 3900, "value_loss": 0.0004979479708708823, "explained_variance": -3.6813406944274902, "policy_entropy": 1.6044425964355469, "total_timesteps": 39000, "fps": 221.87181171653228}
{"nupdates": 4000, "value_loss": 0.0012291079619899392, "explained_variance": -0.6661581993103027, "policy_entropy": 1.6018098592758179, "total_timesteps": 40000, "fps": 221.28022275405115}
{"nupdates": 4100, "value_loss": 0.0003210384747944772, "explained_variance": -15.327030181884766, "policy_entropy": 1.603900671005249, "total_timesteps": 41000, "fps": 221.75511687693722}
{"nupdates": 4200, "value_loss": 0.0002584302856121212, "explained_variance": -17.77466583251953, "policy_entropy": 1.604661226272583, "total_timesteps": 42000, "fps": 222.68236132590354}
{"nupdates": 4300, "value_loss": 0.00013306926121003926, "explained_variance": -12.885501861572266, "policy_entropy": 1.604775071144104, "total_timesteps": 43000, "fps": 221.5449352101981}
{"nupdates": 4400, "value_loss": 4.81622337247245e-05, "explained_variance": -0.17297673225402832, "policy_entropy": 1.605394721031189, "total_timesteps": 44000, "fps": 220.53689006107442}
{"nupdates": 4500, "value_loss": 2.5517341782688163e-05, "explained_variance": -5.108193397521973, "policy_entropy": 1.6058566570281982, "total_timesteps": 45000, "fps": 221.96791785263244}
{"nupdates": 4600, "value_loss": 1.5354577044490725e-05, "explained_variance": -3.130385398864746, "policy_entropy": 1.6060619354248047, "total_timesteps": 46000, "fps": 221.6672896753708}
{"nupdates": 4700, "value_loss": 1.4364112757903058e-05, "explained_variance": -0.015198230743408203, "policy_entropy": 1.6067863702774048, "total_timesteps": 47000, "fps": 222.5662769881186}
{"nupdates": 4800, "value_loss": 0.05738510563969612, "explained_variance": 0.06426846981048584, "policy_entropy": 1.6032577753067017, "total_timesteps": 48000, "fps": 220.85073710041368}
{"nupdates": 4900, "value_loss": 0.00020712539844680578, "explained_variance": -4.887056350708008, "policy_entropy": 1.6025588512420654, "total_timesteps": 49000, "fps": 219.2700686578194}
{"nupdates": 5000, "value_loss": 0.0028716037049889565, "explained_variance": -0.5705931186676025, "policy_entropy": 1.5457890033721924, "total_timesteps": 50000, "fps": 218.6647320185275}
{"nupdates": 5100, "value_loss": 0.0002317520120413974, "explained_variance": -0.6137648820877075, "policy_entropy": 1.5875251293182373, "total_timesteps": 51000, "fps": 219.70116730702244}
{"nupdates": 5200, "value_loss": 0.00018372965860180557, "explained_variance": -0.14434611797332764, "policy_entropy": 1.594710111618042, "total_timesteps": 52000, "fps": 218.38480372695548}
{"nupdates": 5300, "value_loss": 8.906394214136526e-05, "explained_variance": -1.3088812828063965, "policy_entropy": 1.5828545093536377, "total_timesteps": 53000, "fps": 218.5871382622915}
{"nupdates": 5400, "value_loss": 0.018626514822244644, "explained_variance": -0.015326619148254395, "policy_entropy": 1.5696656703948975, "total_timesteps": 54000, "fps": 217.89473974037702}
{"nupdates": 5500, "value_loss": 0.001121236477047205, "explained_variance": -1.294196367263794, "policy_entropy": 1.5847293138504028, "total_timesteps": 55000, "fps": 217.8960981086857}
{"nupdates": 5600, "value_loss": 0.0004101354570593685, "explained_variance": -0.7629817724227905, "policy_entropy": 1.5946590900421143, "total_timesteps": 56000, "fps": 217.6433373793864}
{"nupdates": 5700, "value_loss": 0.00011859110236400738, "explained_variance": -0.7751166820526123, "policy_entropy": 1.5971132516860962, "total_timesteps": 57000, "fps": 218.1322812429352}
{"nupdates": 5800, "value_loss": 4.035731035401113e-05, "explained_variance": -138.22137451171875, "policy_entropy": 1.5966110229492188, "total_timesteps": 58000, "fps": 219.47127999465437}
{"nupdates": 5900, "value_loss": 0.00042343745008111, "explained_variance": -1.4158830642700195, "policy_entropy": 1.5886186361312866, "total_timesteps": 59000, "fps": 219.61569515320147}
{"nupdates": 6000, "value_loss": 0.0007616745424456894, "explained_variance": -1.2134597301483154, "policy_entropy": 1.5983293056488037, "total_timesteps": 60000, "fps": 219.68577050587126}
{"nupdates": 6100, "value_loss": 7.092356827342883e-05, "explained_variance": -130.1742401123047, "policy_entropy": 1.5979276895523071, "total_timesteps": 61000, "fps": 217.45670208558732}
{"nupdates": 6200, "value_loss": 0.00028948765248060226, "explained_variance": -0.9213560819625854, "policy_entropy": 1.5995962619781494, "total_timesteps": 62000, "fps": 217.46628557693296}
{"nupdates": 6300, "value_loss": 0.00025048558018170297, "explained_variance": -2.6320688724517822, "policy_entropy": 1.60323166847229, "total_timesteps": 63000, "fps": 218.776746896206}
{"nupdates": 6400, "value_loss": 0.0002635138516779989, "explained_variance": -1.3327322006225586, "policy_entropy": 1.5963600873947144, "total_timesteps": 64000, "fps": 219.1363768546481}
{"nupdates": 6500, "value_loss": 6.030411896063015e-05, "explained_variance": -2.2517144680023193, "policy_entropy": 1.5980011224746704, "total_timesteps": 65000, "fps": 216.21385330319274}
{"nupdates": 6600, "value_loss": 0.00014230431406758726, "explained_variance": -2.0393290519714355, "policy_entropy": 1.6006561517715454, "total_timesteps": 66000, "fps": 217.87762575066623}
{"nupdates": 6700, "value_loss": 1.1092957720393315e-05, "explained_variance": -467.0955810546875, "policy_entropy": 1.602258324623108, "total_timesteps": 67000, "fps": 217.2549910120759}
{"nupdates": 6800, "value_loss": 5.91869538766332e-05, "explained_variance": -5.288873195648193, "policy_entropy": 1.6040832996368408, "total_timesteps": 68000, "fps": 218.8463677318818}
{"nupdates": 6900, "value_loss": 0.0012609686236828566, "explained_variance": 0.12303537130355835, "policy_entropy": 1.604833960533142, "total_timesteps": 69000, "fps": 219.7511930357019}
{"nupdates": 7000,