{"t_start": 1515792112.8515625, "gym_version": "0.9.2", "env_id": "GridWorldNoFrameskip-v4"}
{"r": 0.0, "l": 1000, "t": 12.9782}
{"r": 0.0, "l": 1000, "t": 21.902531}
{"r": 0.0, "l": 1000, "t": 30.357052}
{"r": 0.0, "l": 1000, "t": 39.613354}
{"r": 0.0, "l": 1000, "t": 48.182667}
{"r": 0.0, "l": 1000, "t": 56.682108}
{"r": 0.0, "l": 1000, "t": 65.590022}
{"r": 0.0, "l": 1000, "t": 74.096102}
{"r": 0.0, "l": 1000, "t": 82.688429}
{"r": 0.0, "l": 1000, "t": 91.369113}
{"r": 0.0, "l": 1000, "t": 100.526733}
{"r": 0.0, "l": 1000, "t": 109.489175}
{"r": 0.0, "l": 1000, "t": 118.393284}
{"r": 0.0, "l": 1000, "t": 126.96855}
{"r": 0.0, "l": 1000, "t": 135.429339}
{"r": 0.0, "l": 1000, "t": 144.450728}
{"r": 0.0, "l": 1000, "t": 153.043684}
{"r": 0.0, "l": 1000, "t": 161.931043}
{"r": 0.0, "l": 1000, "t": 170.752272}
{"r": 0.0, "l": 1000, "t": 179.736966}
{"r": 0.0, "l": 1000, "t": 188.41757}
{"r": 0.0, "l": 1000, "t": 197.049378}
{"r": 0.0, "l": 1000, "t": 206.251368}
{"r": 0.0, "l": 1000, "t": 214.747616}
{"r": 0.0, "l": 1000, "t": 223.582613}
{"r": 0.0, "l": 1000, "t": 232.155758}
{"r": 0.0, "l": 1000, "t": 240.721269}
{"r": 0.0, "l": 1000, "t": 249.497152}
{"r": 0.0, "l": 1000, "t": 258.218122}
{"r": 0.0, "l": 1000, "t": 266.708498}
{"r": 0.0, "l": 1000, "t": 275.291328}
{"r": 0.0, "l": 1000, "t": 284.088473}
{"r": 0.0, "l": 1000, "t": 293.099651}
{"r": 0.0, "l": 1000, "t": 301.834281}
{"r": 0.0, "l": 1000, "t": 310.369012}
{"r": 0.0, "l": 1000, "t": 318.901491}
{"r": 0.0, "l": 1000, "t": 327.992664}
{"r": 0.0, "l": 1000, "t": 336.582221}
{"r": 0.0, "l": 1000, "t": 345.151629}
{"r": 0.0, "l": 1000, "t": 353.733962}
{"r": 0.0, "l": 1000, "t": 362.639975}
{"r": 0.0, "l": 1000, "t": 371.787804}
{"r": 0.0, "l": 1000, "t": 380.986898}
{"r": 0.0, "l": 1000, "t": 389.730975}
{"r": 0.0, "l": 1000, "t": 398.441897}
{"r": 0.0, "l": 1000, "t": 407.298247}
{"r": 0.0, "l": 1000, "t": 416.001899}
{"r": 0.0, "l": 1000, "t": 424.553507}
{"r": 0.0, "l": 1000, "t": 433.576962}
{"r": 0.0, "l": 1000, "t": 442.519895}
{"r": 0.0, "l": 1000, "t": 451.20882}
{"r": 0.0, "l": 1000, "t": 459.895973}
{"r": 0.0, "l": 1000, "t": 468.843483}
{"r": 0.0, "l": 1000, "t": 477.508654}
{"r": 0.0, "l": 1000, "t": 486.097126}
{"r": 0.0, "l": 1000, "t": 495.264925}
{"r": 0.0, "l": 1000, "t": 504.251537}
{"r": 0.0, "l": 1000, "t": 512.767072}
{"r": 0.0, "l": 1000, "t": 521.308832}
{"r": 0.0, "l": 1000, "t": 529.978774}
{"r": 0.0, "l": 1000, "t": 538.617371}
{"r": 0.0, "l": 1000, "t": 547.197479}
{"r": 0.0, "l": 1000, "t": 556.241325}
{"r": 0.0, "l": 1000, "t": 564.752507}
{"r": 0.0, "l": 1000, "t": 573.478564}
{"r": 0.0, "l": 1000, "t": 581.920832}
{"r": 0.0, "l": 1000, "t": 591.315185}
{"r": 0.0, "l": 1000, "t": 599.919539}
{"r": 0.0, "l": 1000, "t": 608.605153}
{"r": 0.0, "l": 1000, "t": 617.695904}
{"r": 0.0, "l": 1000, "t": 626.237481}
{"r": 0.0, "l": 1000, "t": 634.705483}
{"r": 0.0, "l": 1000, "t": 643.7578}
{"r": 0.0, "l": 1000, "t": 652.679486}
{"r": 0.0, "l": 1000, "t": 661.270716}
{"r": 0.0, "l": 1000, "t": 670.189108}
{"r": 0.0, "l": 1000, "t": 679.050601}
{"r": 0.0, "l": 1000, "t": 687.422629}
{"r": 0.0, "l": 1000, "t": 696.457934}
{"r": 0.0, "l": 1000, "t": 705.233308}
{"r": 0.0, "l": 1000, "t": 714.011744}
{"r": 0.0, "l": 1000, "t": 723.333171}
{"r": 0.0, "l": 1000, "t": 732.210812}
{"r": 0.0, "l": 1000, "t": 741.406437}
{"r": 0.0, "l": 1000, "t": 750.300951}
{"r": 0.0, "l": 1000, "t": 758.807193}
{"r": 0.0, "l": 1000, "t": 767.935845}
{"r": 0.0, "l": 1000, "t": 776.781939}
{"r": 0.0, "l": 1000, "t": 785.28297}
{"r": 0.0, "l": 1000, "t": 794.41458}
{"r": 0.0, "l": 1000, "t": 803.061196}
{"r": 0.0, "l": 1000, "t": 811.52018}
{"r": 0.0, "l": 1000, "t": 820.412256}
{"r": 0.0, "l": 1000, "t": 829.209753}
{"r": 0.0, "l": 1000, "t": 837.782062}
{"r": 0.0, "l": 1000, "t": 846.541616}
{"r": 0.0, "l": 1000, "t": 855.490238}
{"r": 0.0, "l": 1000, "t": 864.191047}
{"r": 0.0, "l": 1000, "t": 872.717744}
{"r": 0.0, "l": 1000, "t": 881.817938}
{"r": 0.0, "l": 1000, "t": 890.600345}
{"r": 0.0, "l": 1000, "t": 899.084774}
{"r": 0.0, "l": 1000, "t": 908.326455}
{"r": 0.0, "l": 1000, "t": 917.099125}
{"r": 0.0, "l": 1000, "t": 925.368652}
{"r": 0.0, "l": 1000, "t": 933.605169}
{"r": 0.0, "l": 1000, "t": 941.776309}
{"r": 0.0, "l": 1000, "t": 950.3985}
{"r": 0.0, "l": 1000, "t": 958.910278}
{"r": 0.0, "l": 1000, "t": 967.390947}
{"r": 0.0, "l": 1000, "t": 975.82621}
{"r": 0.0, "l": 1000, "t": 984.491098}
{"r": 0.0, "l": 1000, "t": 993.019883}
{"r": 0.0, "l": 1000, "t": 1001.446867}
{"r": 0.0, "l": 1000, "t": 1009.573305}
{"r": 0.0, "l": 1000, "t": 1018.30488}
{"r": 0.0, "l": 1000, "t": 1026.626684}
{"r": 0.0, "l": 1000, "t": 1034.960777}
{"r": 0.0, "l": 1000, "t": 1043.341473}
{"r": 0.0, "l": 1000, "t": 1051.624796}
{"r": 0.0, "l": 1000, "t": 1059.965061}
{"r": 0.0, "l": 1000, "t": 1068.57105}
{"r": 0.0, "l": 1000, "t": 1077.176543}
{"r": 0.0, "l": 1000, "t": 1085.653923}
{"r": 0.0, "l": 1000, "t": 1094.354491}
{"r": 0.0, "l": 1000, "t": 1102.958246}
{"r": 0.0, "l": 1000, "t": 1111.389676}
{"r": 0.0, "l": 1000, "t": 1119.801183}
{"r": 0.0, "l": 1000, "t": 1128.689955}
{"r": 0.0, "l": 1000, "t": 1137.221387}
{"r": 0.0, "l": 1000, "t": 1145.773071}
{"r": 0.0, "l": 1000, "t": 1153.872551}
{"r": 0.0, "l": 1000, "t": 1162.537026}
{"r": 0.0, "l": 1000, "t": 1171.270402}
{"r": 0.0, "l": 1000, "t": 1179.861006}
{"r": 0.0, "l": 1000, "t": 1188.153615}
{"r": 0.0, "l": 1000, "t": 1196.826288}
{"r": 0.0, "l": 1000, "t": 1205.530205}
{"r": 0.0, "l": 1000, "t": 1213.846354}
{"r": 0.0, "l": 1000, "t": 1222.455968}
{"r": 0.0, "l": 1000, "t": 1230.951548}
{"r": 0.0, "l": 1000, "t": 1239.628966}
{"r": 0.0, "l": 1000, "t": 1247.939984}
{"r": 0.0, "l": 1000, "t": 1256.283411}
{"r": 0.0, "l": 1000, "t": 1265.138051}
{"r": 0.0, "l": 1000, "t": 1273.930612}
{"r": 0.0, "l": 1000, "t": 1282.252732}
{"r": 0.0, "l": 1000, "t": 1291.695783}
{"r": 0.0, "l": 1000, "t": 1300.992995}
{"r": 0.0, "l": 1000, "t": 1310.431315}
{"r": 0.0, "l": 1000, "t": 1319.784849}
{"r": 0.0, "l": 1000, "t": 1328.847317}
{"r": 0.0, "l": 1000, "t": 1337.70067}
{"r": 0.0, "l": 1000, "t": 1346.496791}
{"r": 0.0, "l": 1000, "t": 1354.938288}
{"r": 0.0, "l": 1000, "t": 1363.613693}
{"r": 0.0, "l": 1000, "t": 1372.125099}
{"r": 0.0, "l": 1000, "t": 1380.858411}
{"r": 0.0, "l": 1000, "t": 1389.433793}
{"r": 0.0, "l": 1000, "t": 1398.009569}
{"r": 0.0, "l": 1000, "t": 1406.895565}
{"r": 0.0, "l": 1000, "t": 1415.546532}
{"r": 0.0, "l": 1000, "t": 1424.172545}
{"r": 0.0, "l": 1000, "t": 1433.070269}
{"r": 0.0, "l": 1000, "t": 1441.629251}
{"r": 0.0, "l": 1000, "t": 1450.282014}
{"r": 0.0, "l": 1000, "t": 1459.30999}
{"r": 0.0, "l": 1000, "t": 1468.07822}
{"r": 0.0, "l": 1000, "t": 1476.527729}
{"r": 0.0, "l": 1000, "t": 1485.482012}
{"r": 0.0, "l": 1000, "t": 1494.187052}
{"r": 0.0, "l": 1000, "t": 1502.52569}
{"r": 0.0, "l": 1000, "t": 1511.377351}
{"r": 0.0, "l": 1000, "t": 1520.244917}
{"r": 0.0, "l": 1000, "t": 1528.987397}
{"r": 0.0, "l": 1000, "t": 1537.9225}
{"r": 0.0, "l": 1000, "t": 1546.396864}
{"r": 0.0, "l": 1000, "t": 1555.047883}
{"r": 0.0, "l": 1000, "t": 1563.330747}
{"r": 0.0, "l": 1000, "t": 1572.096889}
{"r": 0.0, "l": 1000, "t": 1580.702424}
{"r": 0.0, "l": 1000, "t": 1589.14948}
{"r": 0.0, "l": 1000, "t": 1597.539238}
{"r": 0.0, "l": 1000, "t": 1606.333613}
{"r": 0.0, "l": 1000, "t": 1614.964832}
{"r": 0.0, "l": 1000, "t": 1623.532793}
{"r": 0.0, "l": 1000, "t": 1632.506493}
{"r": 0.0, "l": 1000, "t": 1644.25515}
{"r": 0.0, "l": 1000, "t": 1660.954151}
{"r": 0.0, "l": 1000, "t": 1677.635207}
{"r": 0.0, "l": 1000, "t": 1693.994389}
{"r": 0.0, "l": 1000, "t": 1710.930026}
{"r": 0.0, "l": 1000, "t": 1727.003061}
{"r": 0.0, "l": 1000, "t": 1744.07862}
{"r": 0.0, "l": 1000, "t": 1761.427099}
{"r": 0.0, "l": 1000, "t": 1778.169085}
{"r": 0.0, "l": 1000, "t": 1794.128407}
{"r": 0.0, "l": 1000, "t": 1810.620214}
{"r": 0.0, "l": 1000, "t": 1826.317536}
{"r": 0.0, "l": 1000, "t": 1842.105163}
{"r": 0.0, "l": 1000, "t": 1858.618811}
{"r": 0.0,