{"t_start": 1515792112.8524349, "gym_version": "0.9.2", "env_id": "GridWorldNoFrameskip-v4"}
{"r": 0.0, "l": 1000, "t": 12.977258}
{"r": 0.0, "l": 1000, "t": 21.923186}
{"r": 0.0, "l": 1000, "t": 30.520854}
{"r": 0.0, "l": 1000, "t": 39.612482}
{"r": 0.0, "l": 1000, "t": 48.171349}
{"r": 0.0, "l": 1000, "t": 56.924894}
{"r": 0.0, "l": 1000, "t": 65.25657}
{"r": 0.0, "l": 1000, "t": 74.373363}
{"r": 0.0, "l": 1000, "t": 82.847633}
{"r": 0.0, "l": 1000, "t": 91.325992}
{"r": 0.0, "l": 1000, "t": 100.147486}
{"r": 0.0, "l": 1000, "t": 109.226902}
{"r": 0.0, "l": 1000, "t": 118.018777}
{"r": 0.0, "l": 1000, "t": 126.789796}
{"r": 0.0, "l": 1000, "t": 135.407327}
{"r": 0.0, "l": 1000, "t": 144.286281}
{"r": 0.0, "l": 1000, "t": 152.875558}
{"r": 0.0, "l": 1000, "t": 161.591198}
{"r": 0.0, "l": 1000, "t": 170.112673}
{"r": 0.0, "l": 1000, "t": 178.794329}
{"r": 0.0, "l": 1000, "t": 187.850002}
{"r": 0.0, "l": 1000, "t": 196.484441}
{"r": 0.0, "l": 1000, "t": 205.018972}
{"r": 0.0, "l": 1000, "t": 213.715478}
{"r": 0.0, "l": 1000, "t": 222.508234}
{"r": 0.0, "l": 1000, "t": 231.008854}
{"r": 0.0, "l": 1000, "t": 239.771404}
{"r": 0.0, "l": 1000, "t": 248.266315}
{"r": 0.0, "l": 1000, "t": 257.004385}
{"r": 0.0, "l": 1000, "t": 265.556414}
{"r": 0.0, "l": 1000, "t": 274.315422}
{"r": 0.0, "l": 1000, "t": 283.201436}
{"r": 0.0, "l": 1000, "t": 291.738188}
{"r": 0.0, "l": 1000, "t": 300.815047}
{"r": 0.0, "l": 1000, "t": 309.72524}
{"r": 0.0, "l": 1000, "t": 318.242622}
{"r": 0.0, "l": 1000, "t": 326.853063}
{"r": 0.0, "l": 1000, "t": 335.735025}
{"r": 0.0, "l": 1000, "t": 344.455057}
{"r": 0.0, "l": 1000, "t": 353.16295}
{"r": 0.0, "l": 1000, "t": 361.551618}
{"r": 0.0, "l": 1000, "t": 370.986213}
{"r": 0.0, "l": 1000, "t": 379.746634}
{"r": 0.0, "l": 1000, "t": 388.688582}
{"r": 0.0, "l": 1000, "t": 397.624953}
{"r": 0.0, "l": 1000, "t": 406.135334}
{"r": 0.0, "l": 1000, "t": 414.722462}
{"r": 0.0, "l": 1000, "t": 423.802611}
{"r": 0.0, "l": 1000, "t": 432.504869}
{"r": 0.0, "l": 1000, "t": 440.90586}
{"r": 0.0, "l": 1000, "t": 449.973385}
{"r": 0.0, "l": 1000, "t": 459.010401}
{"r": 0.0, "l": 1000, "t": 467.359904}
{"r": 0.0, "l": 1000, "t": 476.393914}
{"r": 0.0, "l": 1000, "t": 485.443624}
{"r": 0.0, "l": 1000, "t": 494.00217}
{"r": 0.0, "l": 1000, "t": 503.143}
{"r": 0.0, "l": 1000, "t": 512.148588}
{"r": 0.0, "l": 1000, "t": 520.675756}
{"r": 0.0, "l": 1000, "t": 528.979556}
{"r": 0.0, "l": 1000, "t": 538.008683}
{"r": 0.0, "l": 1000, "t": 546.76112}
{"r": 0.0, "l": 1000, "t": 555.061768}
{"r": 0.0, "l": 1000, "t": 563.564576}
{"r": 0.0, "l": 1000, "t": 572.574823}
{"r": 0.0, "l": 1000, "t": 581.38643}
{"r": 0.0, "l": 1000, "t": 590.264274}
{"r": 0.0, "l": 1000, "t": 599.362149}
{"r": 0.0, "l": 1000, "t": 607.943156}
{"r": 0.0, "l": 1000, "t": 617.112585}
{"r": 0.0, "l": 1000, "t": 625.828234}
{"r": 0.0, "l": 1000, "t": 634.329251}
{"r": 0.0, "l": 1000, "t": 643.080052}
{"r": 0.0, "l": 1000, "t": 651.700568}
{"r": 0.0, "l": 1000, "t": 660.420023}
{"r": 0.0, "l": 1000, "t": 668.907362}
{"r": 0.0, "l": 1000, "t": 677.844626}
{"r": 0.0, "l": 1000, "t": 686.494195}
{"r": 0.0, "l": 1000, "t": 695.150665}
{"r": 0.0, "l": 1000, "t": 704.219036}
{"r": 0.0, "l": 1000, "t": 713.082155}
{"r": 0.0, "l": 1000, "t": 721.839916}
{"r": 0.0, "l": 1000, "t": 730.758547}
{"r": 0.0, "l": 1000, "t": 739.885954}
{"r": 0.0, "l": 1000, "t": 748.359473}
{"r": 0.0, "l": 1000, "t": 757.5501}
{"r": 0.0, "l": 1000, "t": 766.570905}
{"r": 0.0, "l": 1000, "t": 775.218978}
{"r": 0.0, "l": 1000, "t": 784.019949}
{"r": 0.0, "l": 1000, "t": 792.940571}
{"r": 0.0, "l": 1000, "t": 801.645188}
{"r": 0.0, "l": 1000, "t": 810.746471}
{"r": 0.0, "l": 1000, "t": 819.288479}
{"r": 0.0, "l": 1000, "t": 828.08398}
{"r": 0.0, "l": 1000, "t": 837.007406}
{"r": 0.0, "l": 1000, "t": 845.537383}
{"r": 0.0, "l": 1000, "t": 854.432095}
{"r": 0.0, "l": 1000, "t": 863.171338}
{"r": 0.0, "l": 1000, "t": 872.076483}
{"r": 0.0, "l": 1000, "t": 880.592402}
{"r": 0.0, "l": 1000, "t": 889.646914}
{"r": 0.0, "l": 1000, "t": 898.301823}
{"r": 0.0, "l": 1000, "t": 906.929925}
{"r": 0.0, "l": 1000, "t": 916.192548}
{"r": 0.0, "l": 1000, "t": 924.932622}
{"r": 0.0, "l": 1000, "t": 933.226553}
{"r": 0.0, "l": 1000, "t": 941.747537}
{"r": 0.0, "l": 1000, "t": 950.361523}
{"r": 0.0, "l": 1000, "t": 958.887279}
{"r": 0.0, "l": 1000, "t": 967.376278}
{"r": 0.0, "l": 1000, "t": 975.56507}
{"r": 0.0, "l": 1000, "t": 984.143242}
{"r": 0.0, "l": 1000, "t": 992.657356}
{"r": 0.0, "l": 1000, "t": 1000.962155}
{"r": 0.0, "l": 1000, "t": 1009.372402}
{"r": 0.0, "l": 1000, "t": 1017.65673}
{"r": 0.0, "l": 1000, "t": 1026.168013}
{"r": 0.0, "l": 1000, "t": 1034.516505}
{"r": 0.0, "l": 1000, "t": 1043.050548}
{"r": 0.0, "l": 1000, "t": 1051.390895}
{"r": 0.0, "l": 1000, "t": 1059.558043}
{"r": 0.0, "l": 1000, "t": 1068.558805}
{"r": 0.0, "l": 1000, "t": 1077.176102}
{"r": 0.0, "l": 1000, "t": 1085.495522}
{"r": 0.0, "l": 1000, "t": 1093.944044}
{"r": 0.0, "l": 1000, "t": 1102.665813}
{"r": 0.0, "l": 1000, "t": 1111.097727}
{"r": 0.0, "l": 1000, "t": 1119.479799}
{"r": 0.0, "l": 1000, "t": 1127.735976}
{"r": 0.0, "l": 1000, "t": 1136.59798}
{"r": 0.0, "l": 1000, "t": 1145.049756}
{"r": 0.0, "l": 1000, "t": 1153.487898}
{"r": 0.0, "l": 1000, "t": 1161.859715}
{"r": 0.0, "l": 1000, "t": 1170.747074}
{"r": 0.0, "l": 1000, "t": 1179.221977}
{"r": 0.0, "l": 1000, "t": 1187.877383}
{"r": 0.0, "l": 1000, "t": 1196.424347}
{"r": 0.0, "l": 1000, "t": 1204.899446}
{"r": 0.0, "l": 1000, "t": 1213.451077}
{"r": 0.0, "l": 1000, "t": 1221.848693}
{"r": 0.0, "l": 1000, "t": 1230.401706}
{"r": 0.0, "l": 1000, "t": 1239.283037}
{"r": 0.0, "l": 1000, "t": 1247.635611}
{"r": 0.0, "l": 1000, "t": 1255.871999}
{"r": 0.0, "l": 1000, "t": 1264.194357}
{"r": 0.0, "l": 1000, "t": 1273.254034}
{"r": 0.0, "l": 1000, "t": 1281.795189}
{"r": 0.0, "l": 1000, "t": 1290.632318}
{"r": 0.0, "l": 1000, "t": 1300.396238}
{"r": 0.0, "l": 1000, "t": 1310.161556}
{"r": 0.0, "l": 1000, "t": 1319.189232}
{"r": 0.0, "l": 1000, "t": 1328.318508}
{"r": 0.0, "l": 1000, "t": 1337.3952}
{"r": 0.0, "l": 1000, "t": 1345.613658}
{"r": 0.0, "l": 1000, "t": 1354.438851}
{"r": 0.0, "l": 1000, "t": 1362.787585}
{"r": 0.0, "l": 1000, "t": 1371.419749}
{"r": 0.0, "l": 1000, "t": 1379.775881}
{"r": 0.0, "l": 1000, "t": 1388.605229}
{"r": 0.0, "l": 1000, "t": 1397.337296}
{"r": 0.0, "l": 1000, "t": 1405.841043}
{"r": 0.0, "l": 1000, "t": 1414.484095}
{"r": 0.0, "l": 1000, "t": 1423.333489}
{"r": 0.0, "l": 1000, "t": 1431.919456}
{"r": 0.0, "l": 1000, "t": 1440.255593}
{"r": 0.0, "l": 1000, "t": 1449.462592}
{"r": 0.0, "l": 1000, "t": 1458.200604}
{"r": 0.0, "l": 1000, "t": 1467.137109}
{"r": 0.0, "l": 1000, "t": 1475.979861}
{"r": 0.0, "l": 1000, "t": 1484.325926}
{"r": 0.0, "l": 1000, "t": 1493.219165}
{"r": 0.0, "l": 1000, "t": 1501.755509}
{"r": 0.0, "l": 1000, "t": 1510.235978}
{"r": 0.0, "l": 1000, "t": 1518.684037}
{"r": 0.0, "l": 1000, "t": 1527.979925}
{"r": 0.0, "l": 1000, "t": 1537.004061}
{"r": 0.0, "l": 1000, "t": 1545.300733}
{"r": 0.0, "l": 1000, "t": 1554.302404}
{"r": 0.0, "l": 1000, "t": 1562.883364}
{"r": 0.0, "l": 1000, "t": 1571.24781}
{"r": 0.0, "l": 1000, "t": 1579.983982}
{"r": 0.0, "l": 1000, "t": 1588.703929}
{"r": 0.0, "l": 1000, "t": 1597.27713}
{"r": 0.0, "l": 1000, "t": 1605.844427}
{"r": 0.0, "l": 1000, "t": 1614.518656}
{"r": 0.0, "l": 1000, "t": 1623.227739}
{"r": 0.0, "l": 1000, "t": 1631.849621}
{"r": 0.0, "l": 1000, "t": 1643.598517}
{"r": 0.0, "l": 1000, "t": 1660.262345}
{"r": 0.0, "l": 1000, "t": 1676.937784}
{"r": 0.0, "l": 1000, "t": 1693.193181}
{"r": 0.0, "l": 1000, "t": 1709.55042}
{"r": 0.0, "l": 1000, "t": 1726.044095}
{"r": 0.0, "l": 1000, "t": 1742.970385}
{"r": 0.0, "l": 1000, "t": 1759.448954}
{"r": 0.0, "l": 1000, "t": 1775.815241}
{"r": 0.0, "l": 1000, "t": 1792.456472}
{"r": 0.0, "l": 1000, "t": 1808.129686}
{"r": 0.0, "l": 1000, "t": 1823.546161}
{"r": 0.0, "l": 1000, "t": 1839.69799}
{"r": 0.0, "l": 1000, "t": 1855.876535}
{"r": 0.0,