{"t_start": 1515792112.8533971, "gym_version": "0.9.2", "env_id": "GridWorldNoFrameskip-v4"}
{"r": 0.0, "l": 1000, "t": 12.996704}
{"r": 0.0, "l": 1000, "t": 21.936041}
{"r": 0.0, "l": 1000, "t": 30.532193}
{"r": 0.0, "l": 1000, "t": 39.641016}
{"r": 0.0, "l": 1000, "t": 48.194665}
{"r": 0.0, "l": 1000, "t": 56.699341}
{"r": 0.0, "l": 1000, "t": 65.209963}
{"r": 0.0, "l": 1000, "t": 74.080827}
{"r": 0.0, "l": 1000, "t": 82.648209}
{"r": 0.0, "l": 1000, "t": 91.185906}
{"r": 0.0, "l": 1000, "t": 99.767879}
{"r": 0.0, "l": 1000, "t": 108.846626}
{"r": 0.0, "l": 1000, "t": 117.57517}
{"r": 0.0, "l": 1000, "t": 126.466618}
{"r": 0.0, "l": 1000, "t": 134.986732}
{"r": 0.0, "l": 1000, "t": 143.54646}
{"r": 0.0, "l": 1000, "t": 152.409301}
{"r": 0.0, "l": 1000, "t": 161.187903}
{"r": 0.0, "l": 1000, "t": 169.932271}
{"r": 0.0, "l": 1000, "t": 178.240839}
{"r": 0.0, "l": 1000, "t": 187.563687}
{"r": 0.0, "l": 1000, "t": 196.251532}
{"r": 0.0, "l": 1000, "t": 205.161229}
{"r": 0.0, "l": 1000, "t": 213.561281}
{"r": 0.0, "l": 1000, "t": 222.53589}
{"r": 0.0, "l": 1000, "t": 231.483429}
{"r": 0.0, "l": 1000, "t": 240.102377}
{"r": 0.0, "l": 1000, "t": 248.85428}
{"r": 0.0, "l": 1000, "t": 257.64936}
{"r": 0.0, "l": 1000, "t": 266.277438}
{"r": 0.0, "l": 1000, "t": 274.930297}
{"r": 0.0, "l": 1000, "t": 283.50353}
{"r": 0.0, "l": 1000, "t": 292.747052}
{"r": 0.0, "l": 1000, "t": 301.387198}
{"r": 0.0, "l": 1000, "t": 309.970595}
{"r": 0.0, "l": 1000, "t": 318.488953}
{"r": 0.0, "l": 1000, "t": 327.683364}
{"r": 0.0, "l": 1000, "t": 336.128233}
{"r": 0.0, "l": 1000, "t": 345.004752}
{"r": 0.0, "l": 1000, "t": 353.518175}
{"r": 0.0, "l": 1000, "t": 362.618796}
{"r": 0.0, "l": 1000, "t": 371.645047}
{"r": 0.0, "l": 1000, "t": 380.81709}
{"r": 0.0, "l": 1000, "t": 389.717502}
{"r": 0.0, "l": 1000, "t": 398.30129}
{"r": 0.0, "l": 1000, "t": 407.284729}
{"r": 0.0, "l": 1000, "t": 415.986731}
{"r": 0.0, "l": 1000, "t": 424.42948}
{"r": 0.0, "l": 1000, "t": 432.875686}
{"r": 0.0, "l": 1000, "t": 441.828035}
{"r": 0.0, "l": 1000, "t": 450.93627}
{"r": 0.0, "l": 1000, "t": 459.454931}
{"r": 0.0, "l": 1000, "t": 468.425666}
{"r": 0.0, "l": 1000, "t": 477.051155}
{"r": 0.0, "l": 1000, "t": 485.804449}
{"r": 0.0, "l": 1000, "t": 494.720647}
{"r": 0.0, "l": 1000, "t": 503.527996}
{"r": 0.0, "l": 1000, "t": 512.459276}
{"r": 0.0, "l": 1000, "t": 520.9439}
{"r": 0.0, "l": 1000, "t": 529.94457}
{"r": 0.0, "l": 1000, "t": 538.34694}
{"r": 0.0, "l": 1000, "t": 547.046324}
{"r": 0.0, "l": 1000, "t": 555.606179}
{"r": 0.0, "l": 1000, "t": 564.495744}
{"r": 0.0, "l": 1000, "t": 573.177089}
{"r": 0.0, "l": 1000, "t": 581.548777}
{"r": 0.0, "l": 1000, "t": 590.770859}
{"r": 0.0, "l": 1000, "t": 599.646532}
{"r": 0.0, "l": 1000, "t": 608.129139}
{"r": 0.0, "l": 1000, "t": 617.348152}
{"r": 0.0, "l": 1000, "t": 626.235662}
{"r": 0.0, "l": 1000, "t": 634.688568}
{"r": 0.0, "l": 1000, "t": 643.77564}
{"r": 0.0, "l": 1000, "t": 652.677939}
{"r": 0.0, "l": 1000, "t": 661.280633}
{"r": 0.0, "l": 1000, "t": 670.210891}
{"r": 0.0, "l": 1000, "t": 679.048861}
{"r": 0.0, "l": 1000, "t": 687.613693}
{"r": 0.0, "l": 1000, "t": 696.828715}
{"r": 0.0, "l": 1000, "t": 705.471277}
{"r": 0.0, "l": 1000, "t": 714.009922}
{"r": 0.0, "l": 1000, "t": 723.045786}
{"r": 0.0, "l": 1000, "t": 732.004487}
{"r": 0.0, "l": 1000, "t": 740.558537}
{"r": 0.0, "l": 1000, "t": 749.619879}
{"r": 0.0, "l": 1000, "t": 758.587544}
{"r": 0.0, "l": 1000, "t": 767.433363}
{"r": 0.0, "l": 1000, "t": 776.298477}
{"r": 0.0, "l": 1000, "t": 784.974502}
{"r": 0.0, "l": 1000, "t": 793.583021}
{"r": 0.0, "l": 1000, "t": 802.679876}
{"r": 0.0, "l": 1000, "t": 811.506543}
{"r": 0.0, "l": 1000, "t": 820.421096}
{"r": 0.0, "l": 1000, "t": 829.500634}
{"r": 0.0, "l": 1000, "t": 837.941644}
{"r": 0.0, "l": 1000, "t": 847.001158}
{"r": 0.0, "l": 1000, "t": 855.544471}
{"r": 0.0, "l": 1000, "t": 864.337826}
{"r": 0.0, "l": 1000, "t": 873.326246}
{"r": 0.0, "l": 1000, "t": 882.076123}
{"r": 0.0, "l": 1000, "t": 890.579311}
{"r": 0.0, "l": 1000, "t": 898.930521}
{"r": 0.0, "l": 1000, "t": 908.06999}
{"r": 0.0, "l": 1000, "t": 917.097471}
{"r": 0.0, "l": 1000, "t": 925.346425}
{"r": 0.0, "l": 1000, "t": 933.40078}
{"r": 0.0, "l": 1000, "t": 942.253999}
{"r": 0.0, "l": 1000, "t": 950.967337}
{"r": 0.0, "l": 1000, "t": 959.338475}
{"r": 0.0, "l": 1000, "t": 967.582906}
{"r": 0.0, "l": 1000, "t": 976.194247}
{"r": 0.0, "l": 1000, "t": 984.511429}
{"r": 0.0, "l": 1000, "t": 993.035616}
{"r": 0.0, "l": 1000, "t": 1001.41678}
{"r": 0.0, "l": 1000, "t": 1009.731324}
{"r": 0.0, "l": 1000, "t": 1018.428048}
{"r": 0.0, "l": 1000, "t": 1026.662267}
{"r": 0.0, "l": 1000, "t": 1035.004949}
{"r": 0.0, "l": 1000, "t": 1043.500251}
{"r": 0.0, "l": 1000, "t": 1052.085377}
{"r": 0.0, "l": 1000, "t": 1060.77444}
{"r": 0.0, "l": 1000, "t": 1069.311734}
{"r": 0.0, "l": 1000, "t": 1077.769621}
{"r": 0.0, "l": 1000, "t": 1086.516441}
{"r": 0.0, "l": 1000, "t": 1095.104368}
{"r": 0.0, "l": 1000, "t": 1103.446499}
{"r": 0.0, "l": 1000, "t": 1111.769998}
{"r": 0.0, "l": 1000, "t": 1120.491454}
{"r": 0.0, "l": 1000, "t": 1129.183759}
{"r": 0.0, "l": 1000, "t": 1137.635352}
{"r": 0.0, "l": 1000, "t": 1146.056978}
{"r": 0.0, "l": 1000, "t": 1154.801129}
{"r": 0.0, "l": 1000, "t": 1163.445643}
{"r": 0.0, "l": 1000, "t": 1172.053875}
{"r": 0.0, "l": 1000, "t": 1180.282331}
{"r": 0.0, "l": 1000, "t": 1189.016001}
{"r": 0.0, "l": 1000, "t": 1197.592395}
{"r": 0.0, "l": 1000, "t": 1206.034777}
{"r": 0.0, "l": 1000, "t": 1214.586292}
{"r": 0.0, "l": 1000, "t": 1223.148894}
{"r": 0.0, "l": 1000, "t": 1231.78764}
{"r": 0.0, "l": 1000, "t": 1240.205651}
{"r": 0.0, "l": 1000, "t": 1248.599968}
{"r": 0.0, "l": 1000, "t": 1257.158299}
{"r": 0.0, "l": 1000, "t": 1266.016222}
{"r": 0.0, "l": 1000, "t": 1274.298411}
{"r": 0.0, "l": 1000, "t": 1283.104084}
{"r": 0.0, "l": 1000, "t": 1292.117887}
{"r": 0.0, "l": 1000, "t": 1301.607722}
{"r": 0.0, "l": 1000, "t": 1311.455868}
{"r": 0.0, "l": 1000, "t": 1320.405243}
{"r": 0.0, "l": 1000, "t": 1329.412811}
{"r": 0.0, "l": 1000, "t": 1338.649944}
{"r": 0.0, "l": 1000, "t": 1347.339662}
{"r": 0.0, "l": 1000, "t": 1355.808887}
{"r": 0.0, "l": 1000, "t": 1364.130533}
{"r": 0.0, "l": 1000, "t": 1373.258789}
{"r": 0.0, "l": 1000, "t": 1381.820605}
{"r": 0.0, "l": 1000, "t": 1390.292106}
{"r": 0.0, "l": 1000, "t": 1399.32242}
{"r": 0.0, "l": 1000, "t": 1407.936888}
{"r": 0.0, "l": 1000, "t": 1416.304729}
{"r": 0.0, "l": 1000, "t": 1425.234754}
{"r": 0.0, "l": 1000, "t": 1434.018795}
{"r": 0.0, "l": 1000, "t": 1442.556962}
{"r": 0.0, "l": 1000, "t": 1451.411977}
{"r": 0.0, "l": 1000, "t": 1460.315427}
{"r": 0.0, "l": 1000, "t": 1468.655831}
{"r": 0.0, "l": 1000, "t": 1477.550826}
{"r": 0.0, "l": 1000, "t": 1486.08758}
{"r": 0.0, "l": 1000, "t": 1494.550352}
{"r": 0.0, "l": 1000, "t": 1502.771174}
{"r": 0.0, "l": 1000, "t": 1511.656836}
{"r": 0.0, "l": 1000, "t": 1520.289406}
{"r": 0.0, "l": 1000, "t": 1529.2435}
{"r": 0.0, "l": 1000, "t": 1538.361477}
{"r": 0.0, "l": 1000, "t": 1546.9274}
{"r": 0.0, "l": 1000, "t": 1555.331877}
{"r": 0.0, "l": 1000, "t": 1564.041365}
{"r": 0.0, "l": 1000, "t": 1572.805196}
{"r": 0.0, "l": 1000, "t": 1581.208248}
{"r": 0.0, "l": 1000, "t": 1589.511279}
{"r": 0.0, "l": 1000, "t": 1598.49656}
{"r": 0.0, "l": 1000, "t": 1606.958919}
{"r": 0.0, "l": 1000, "t": 1615.51076}
{"r": 0.0, "l": 1000, "t": 1624.385558}
{"r": 0.0, "l": 1000, "t": 1632.998512}
{"r": 0.0, "l": 1000, "t": 1644.993567}
{"r": 0.0, "l": 1000, "t": 1661.867066}
{"r": 0.0, "l": 1000, "t": 1678.681517}
{"r": 0.0, "l": 1000, "t": 1694.942368}
{"r": 0.0, "l": 1000, "t": 1711.994328}
{"r": 0.0, "l": 1000, "t": 1728.414881}
{"r": 0.0, "l": 1000, "t": 1745.220373}
{"r": 0.0, "l": 1000, "t": 1762.189987}
{"r": 0.0, "l": 1000, "t": 1779.108322}
{"r": 0.0, "l": 1000, "t": 1794.584716}
{"r": 0.0, "l": 1000, "t": 1811.048177}
{"r": 0.0, "l": 1000, "t": 1826.328584}
{"r": 0.0, "l": 1000, "t": 1842.177642}
{"r": 0.0, "l": 1000, "t": 1858.662318}
{"r": 0.0,