{"t_start": 1515792112.8567436, "gym_version": "0.9.2", "env_id": "GridWorldNoFrameskip-v4"}
{"r": 0.0, "l": 1000, "t": 13.293312}
{"r": 0.0, "l": 1000, "t": 21.919147}
{"r": 0.0, "l": 1000, "t": 30.368293}
{"r": 0.0, "l": 1000, "t": 39.359003}
{"r": 0.0, "l": 1000, "t": 47.980399}
{"r": 0.0, "l": 1000, "t": 56.48677}
{"r": 0.0, "l": 1000, "t": 65.172191}
{"r": 0.0, "l": 1000, "t": 74.064482}
{"r": 0.0, "l": 1000, "t": 82.832439}
{"r": 0.0, "l": 1000, "t": 91.510961}
{"r": 0.0, "l": 1000, "t": 100.541451}
{"r": 0.0, "l": 1000, "t": 109.753306}
{"r": 0.0, "l": 1000, "t": 118.601775}
{"r": 0.0, "l": 1000, "t": 127.101452}
{"r": 0.0, "l": 1000, "t": 135.934121}
{"r": 0.0, "l": 1000, "t": 144.978112}
{"r": 0.0, "l": 1000, "t": 153.557664}
{"r": 0.0, "l": 1000, "t": 162.095679}
{"r": 0.0, "l": 1000, "t": 170.763454}
{"r": 0.0, "l": 1000, "t": 179.51768}
{"r": 0.0, "l": 1000, "t": 188.395261}
{"r": 0.0, "l": 1000, "t": 196.888823}
{"r": 0.0, "l": 1000, "t": 205.802618}
{"r": 0.0, "l": 1000, "t": 214.473715}
{"r": 0.0, "l": 1000, "t": 223.192959}
{"r": 0.0, "l": 1000, "t": 232.004291}
{"r": 0.0, "l": 1000, "t": 240.640426}
{"r": 0.0, "l": 1000, "t": 249.658561}
{"r": 0.0, "l": 1000, "t": 258.263776}
{"r": 0.0, "l": 1000, "t": 266.926295}
{"r": 0.0, "l": 1000, "t": 275.456947}
{"r": 0.0, "l": 1000, "t": 284.808548}
{"r": 0.0, "l": 1000, "t": 293.526282}
{"r": 0.0, "l": 1000, "t": 301.98819}
{"r": 0.0, "l": 1000, "t": 310.602033}
{"r": 0.0, "l": 1000, "t": 319.595438}
{"r": 0.0, "l": 1000, "t": 328.455637}
{"r": 0.0, "l": 1000, "t": 336.997114}
{"r": 0.0, "l": 1000, "t": 345.48637}
{"r": 0.0, "l": 1000, "t": 354.659465}
{"r": 0.0, "l": 1000, "t": 363.462689}
{"r": 0.0, "l": 1000, "t": 372.404318}
{"r": 0.0, "l": 1000, "t": 381.522357}
{"r": 0.0, "l": 1000, "t": 390.132901}
{"r": 0.0, "l": 1000, "t": 398.623819}
{"r": 0.0, "l": 1000, "t": 407.735878}
{"r": 0.0, "l": 1000, "t": 416.274651}
{"r": 0.0, "l": 1000, "t": 424.701153}
{"r": 0.0, "l": 1000, "t": 433.778536}
{"r": 0.0, "l": 1000, "t": 442.857205}
{"r": 0.0, "l": 1000, "t": 451.386452}
{"r": 0.0, "l": 1000, "t": 460.367894}
{"r": 0.0, "l": 1000, "t": 469.069909}
{"r": 0.0, "l": 1000, "t": 477.675525}
{"r": 0.0, "l": 1000, "t": 486.309842}
{"r": 0.0, "l": 1000, "t": 495.28391}
{"r": 0.0, "l": 1000, "t": 504.009032}
{"r": 0.0, "l": 1000, "t": 512.637406}
{"r": 0.0, "l": 1000, "t": 521.269799}
{"r": 0.0, "l": 1000, "t": 530.166379}
{"r": 0.0, "l": 1000, "t": 538.836325}
{"r": 0.0, "l": 1000, "t": 547.19302}
{"r": 0.0, "l": 1000, "t": 556.213016}
{"r": 0.0, "l": 1000, "t": 564.718314}
{"r": 0.0, "l": 1000, "t": 573.25191}
{"r": 0.0, "l": 1000, "t": 581.704781}
{"r": 0.0, "l": 1000, "t": 591.031724}
{"r": 0.0, "l": 1000, "t": 599.914423}
{"r": 0.0, "l": 1000, "t": 608.510404}
{"r": 0.0, "l": 1000, "t": 617.703071}
{"r": 0.0, "l": 1000, "t": 626.42418}
{"r": 0.0, "l": 1000, "t": 634.724272}
{"r": 0.0, "l": 1000, "t": 643.80358}
{"r": 0.0, "l": 1000, "t": 652.52627}
{"r": 0.0, "l": 1000, "t": 660.878578}
{"r": 0.0, "l": 1000, "t": 669.890043}
{"r": 0.0, "l": 1000, "t": 678.725466}
{"r": 0.0, "l": 1000, "t": 687.243712}
{"r": 0.0, "l": 1000, "t": 696.254512}
{"r": 0.0, "l": 1000, "t": 705.194169}
{"r": 0.0, "l": 1000, "t": 713.861282}
{"r": 0.0, "l": 1000, "t": 723.032283}
{"r": 0.0, "l": 1000, "t": 732.032917}
{"r": 0.0, "l": 1000, "t": 741.060678}
{"r": 0.0, "l": 1000, "t": 749.809937}
{"r": 0.0, "l": 1000, "t": 758.584306}
{"r": 0.0, "l": 1000, "t": 767.480124}
{"r": 0.0, "l": 1000, "t": 776.295164}
{"r": 0.0, "l": 1000, "t": 784.997197}
{"r": 0.0, "l": 1000, "t": 794.218866}
{"r": 0.0, "l": 1000, "t": 802.716223}
{"r": 0.0, "l": 1000, "t": 811.372324}
{"r": 0.0, "l": 1000, "t": 820.063464}
{"r": 0.0, "l": 1000, "t": 829.176831}
{"r": 0.0, "l": 1000, "t": 837.764233}
{"r": 0.0, "l": 1000, "t": 846.249471}
{"r": 0.0, "l": 1000, "t": 855.235955}
{"r": 0.0, "l": 1000, "t": 863.831177}
{"r": 0.0, "l": 1000, "t": 872.516978}
{"r": 0.0, "l": 1000, "t": 881.47767}
{"r": 0.0, "l": 1000, "t": 890.231683}
{"r": 0.0, "l": 1000, "t": 898.766594}
{"r": 0.0, "l": 1000, "t": 907.637283}
{"r": 0.0, "l": 1000, "t": 916.631192}
{"r": 0.0, "l": 1000, "t": 925.201488}
{"r": 0.0, "l": 1000, "t": 933.709733}
{"r": 0.0, "l": 1000, "t": 942.225148}
{"r": 0.0, "l": 1000, "t": 950.702841}
{"r": 0.0, "l": 1000, "t": 959.189528}
{"r": 0.0, "l": 1000, "t": 967.567058}
{"r": 0.0, "l": 1000, "t": 976.177241}
{"r": 0.0, "l": 1000, "t": 984.470474}
{"r": 0.0, "l": 1000, "t": 992.731807}
{"r": 0.0, "l": 1000, "t": 1001.211856}
{"r": 0.0, "l": 1000, "t": 1009.556478}
{"r": 0.0, "l": 1000, "t": 1017.831402}
{"r": 0.0, "l": 1000, "t": 1026.64182}
{"r": 0.0, "l": 1000, "t": 1035.009811}
{"r": 0.0, "l": 1000, "t": 1043.475265}
{"r": 0.0, "l": 1000, "t": 1051.643896}
{"r": 0.0, "l": 1000, "t": 1060.398451}
{"r": 0.0, "l": 1000, "t": 1069.062175}
{"r": 0.0, "l": 1000, "t": 1077.502454}
{"r": 0.0, "l": 1000, "t": 1085.66146}
{"r": 0.0, "l": 1000, "t": 1094.586669}
{"r": 0.0, "l": 1000, "t": 1102.929227}
{"r": 0.0, "l": 1000, "t": 1111.355021}
{"r": 0.0, "l": 1000, "t": 1119.614964}
{"r": 0.0, "l": 1000, "t": 1128.474649}
{"r": 0.0, "l": 1000, "t": 1136.886616}
{"r": 0.0, "l": 1000, "t": 1145.613039}
{"r": 0.0, "l": 1000, "t": 1154.02512}
{"r": 0.0, "l": 1000, "t": 1163.02435}
{"r": 0.0, "l": 1000, "t": 1171.70823}
{"r": 0.0, "l": 1000, "t": 1180.030973}
{"r": 0.0, "l": 1000, "t": 1188.510903}
{"r": 0.0, "l": 1000, "t": 1197.147927}
{"r": 0.0, "l": 1000, "t": 1205.525099}
{"r": 0.0, "l": 1000, "t": 1213.827443}
{"r": 0.0, "l": 1000, "t": 1222.360341}
{"r": 0.0, "l": 1000, "t": 1230.71136}
{"r": 0.0, "l": 1000, "t": 1239.278839}
{"r": 0.0, "l": 1000, "t": 1247.618559}
{"r": 0.0, "l": 1000, "t": 1255.882086}
{"r": 0.0, "l": 1000, "t": 1264.693816}
{"r": 0.0, "l": 1000, "t": 1273.604434}
{"r": 0.0, "l": 1000, "t": 1281.981095}
{"r": 0.0, "l": 1000, "t": 1290.664218}
{"r": 0.0, "l": 1000, "t": 1300.40328}
{"r": 0.0, "l": 1000, "t": 1309.989231}
{"r": 0.0, "l": 1000, "t": 1318.752231}
{"r": 0.0, "l": 1000, "t": 1328.037194}
{"r": 0.0, "l": 1000, "t": 1337.357534}
{"r": 0.0, "l": 1000, "t": 1345.777269}
{"r": 0.0, "l": 1000, "t": 1354.434551}
{"r": 0.0, "l": 1000, "t": 1363.117435}
{"r": 0.0, "l": 1000, "t": 1371.702716}
{"r": 0.0, "l": 1000, "t": 1380.570511}
{"r": 0.0, "l": 1000, "t": 1389.074559}
{"r": 0.0, "l": 1000, "t": 1397.809448}
{"r": 0.0, "l": 1000, "t": 1406.495254}
{"r": 0.0, "l": 1000, "t": 1414.947756}
{"r": 0.0, "l": 1000, "t": 1423.646093}
{"r": 0.0, "l": 1000, "t": 1432.085632}
{"r": 0.0, "l": 1000, "t": 1440.902877}
{"r": 0.0, "l": 1000, "t": 1449.458376}
{"r": 0.0, "l": 1000, "t": 1458.023657}
{"r": 0.0, "l": 1000, "t": 1467.11323}
{"r": 0.0, "l": 1000, "t": 1475.719028}
{"r": 0.0, "l": 1000, "t": 1484.135571}
{"r": 0.0, "l": 1000, "t": 1492.729926}
{"r": 0.0, "l": 1000, "t": 1501.415996}
{"r": 0.0, "l": 1000, "t": 1510.216256}
{"r": 0.0, "l": 1000, "t": 1518.496164}
{"r": 0.0, "l": 1000, "t": 1527.780946}
{"r": 0.0, "l": 1000, "t": 1536.809939}
{"r": 0.0, "l": 1000, "t": 1545.117229}
{"r": 0.0, "l": 1000, "t": 1553.985448}
{"r": 0.0, "l": 1000, "t": 1562.606675}
{"r": 0.0, "l": 1000, "t": 1571.092175}
{"r": 0.0, "l": 1000, "t": 1579.362353}
{"r": 0.0, "l": 1000, "t": 1588.095186}
{"r": 0.0, "l": 1000, "t": 1596.843714}
{"r": 0.0, "l": 1000, "t": 1605.26474}
{"r": 0.0, "l": 1000, "t": 1613.986739}
{"r": 0.0, "l": 1000, "t": 1622.753823}
{"r": 0.0, "l": 1000, "t": 1631.154135}
{"r": 0.0, "l": 1000, "t": 1642.097156}
{"r": 0.0, "l": 1000, "t": 1658.922662}
{"r": 0.0, "l": 1000, "t": 1676.160709}
{"r": 0.0, "l": 1000, "t": 1692.0605}
{"r": 0.0, "l": 1000, "t": 1709.129825}
{"r": 0.0, "l": 1000, "t": 1725.650397}
{"r": 0.0, "l": 1000, "t": 1742.866611}
{"r": 0.0, "l": 1000, "t": 1759.473251}
{"r": 0.0, "l": 1000, "t": 1776.4232}
{"r": 0.0, "l": 1000, "t": 1792.93991}
{"r": 0.0, "l": 1000, "t": 1808.607716}
{"r": 0.0, "l": 1000, "t": 1824.054232}
{"r": 0.0, "l": 1000, "t": 1840.120052}
{"r": 0.0, "l": 1000, "t": 1856.23348}
{"r": 0.0,