{"nupdates": 18100, "total_timesteps": 362000, "fps": 77, "policy_entropy": 1.2634197473526, "value_loss": 0.02952505089342594, "explained_variance": -0.007645845413208008}
{"nupdates": 18200, "total_timesteps": 364000, "fps": 77, "policy_entropy": 1.3634759187698364, "value_loss": 0.7261308431625366, "explained_variance": -0.03395795822143555}
{"nupdates": 18300, "total_timesteps": 366000, "fps": 77, "policy_entropy": 1.5452487468719482, "value_loss": 0.017611093819141388, "explained_variance": -616.9155883789062}
{"nupdates": 18400, "total_timesteps": 368000, "fps": 77, "policy_entropy": 1.6024261713027954, "value_loss": 0.0003468572103884071, "explained_variance": 0.04499375820159912}
{"nupdates": 18500, "total_timesteps": 370000, "fps": 76, "policy_entropy": 1.5934147834777832, "value_loss": 0.00026003996026702225, "explained_variance": -1.760847568511963}
{"nupdates": 18600, "total_timesteps": 372000, "fps": 76, "policy_entropy": 1.5779699087142944, "value_loss": 0.0008521382696926594, "explained_variance": -0.32329702377319336}
{"nupdates": 18700, "total_timesteps": 374000, "fps": 76, "policy_entropy": 1.5816013813018799, "value_loss": 0.00039642592309974134, "explained_variance": -3.293200969696045}
{"nupdates": 18800, "total_timesteps": 376000, "fps": 75, "policy_entropy": 1.6020848751068115, "value_loss": 1.736011472530663e-05, "explained_variance": -0.19559156894683838}
{"nupdates": 18900, "total_timesteps": 378000, "fps": 75, "policy_entropy": 1.5389982461929321, "value_loss": 5.88581788178999e-05, "explained_variance": -6.964348316192627}
{"nupdates": 19000, "total_timesteps": 380000, "fps": 75, "policy_entropy": 1.60629403591156, "value_loss": 1.914146196213551e-05, "explained_variance": -1.9971568584442139}
{"nupdates": 19100, "total_timesteps": 382000, "fps": 75, "policy_entropy": 1.5886987447738647, "value_loss": 1.9597342543420382e-05, "explained_variance": -2.466421365737915}
{"nupdates": 19200, "total_timesteps": 384000, "fps": 74, "policy_entropy": 1.6019515991210938, "value_loss": 0.00013979339564684778, "explained_variance": -2.774095296859741}
{"nupdates": 19300, "total_timesteps": 386000, "fps": 74, "policy_entropy": 1.5994163751602173, "value_loss": 0.000166858866577968, "explained_variance": -0.6766541004180908}
{"nupdates": 19400, "total_timesteps": 388000, "fps": 74, "policy_entropy": 1.6004832983016968, "value_loss": 0.00010424132779007778, "explained_variance": -2.3789923191070557}
{"nupdates": 19500, "total_timesteps": 390000, "fps": 74, "policy_entropy": 1.5977214574813843, "value_loss": 2.9710698072449304e-05, "explained_variance": -4.070181369781494}
{"nupdates": 19600, "total_timesteps": 392000, "fps": 73, "policy_entropy": 1.608953833580017, "value_loss": 8.21917928988114e-05, "explained_variance": -1.3102786540985107}
{"nupdates": 19700, "total_timesteps": 394000, "fps": 73, "policy_entropy": 1.6062545776367188, "value_loss": 2.214184496551752e-05, "explained_variance": -1.8780765533447266}
{"nupdates": 19800, "total_timesteps": 396000, "fps": 73, "policy_entropy": 1.600785493850708, "value_loss": 1.71325373230502e-05, "explained_variance": -1.8080785274505615}
{"nupdates": 19900, "total_timesteps": 398000, "fps": 73, "policy_entropy": 1.603691816329956, "value_loss": 1.2211717148602474e-05, "explained_variance": -4.547611713409424}
{"nupdates": 20000, "total_timesteps": 400000, "fps": 73, "policy_entropy": 1.59665846824646, "value_loss": 1.656554923101794e-05, "explained_variance": 0.2142297625541687}
{"nupdates": 20100, "total_timesteps": 402000, "fps": 72, "policy_entropy": 1.606022834777832, "value_loss": 3.8052425225032493e-05, "explained_variance": -1.1159350872039795}
{"nupdates": 20200, "total_timesteps": 404000, "fps": 72, "policy_entropy": 1.6053928136825562, "value_loss": 8.373844320885837e-05, "explained_variance": -0.12123227119445801}
{"nupdates": 20300, "total_timesteps": 406000, "fps": 72, "policy_entropy": 1.5901063680648804, "value_loss": 0.529165506362915, "explained_variance": -0.013133406639099121}
{"nupdates": 20400, "total_timesteps": 408000, "fps": 72, "policy_entropy": 1.6056686639785767, "value_loss": 0.0005430970340967178, "explained_variance": -0.0610271692276001}
{"nupdates": 20500, "total_timesteps": 410000, "fps": 72, "policy_entropy": 1.58659029006958, "value_loss": 7.32773551135324e-05, "explained_variance": -0.1213216781616211}
{"nupdates": 20600, "total_timesteps": 412000, "fps": 71, "policy_entropy": 1.5687310695648193, "value_loss": 9.97647589429107e-07, "explained_variance": 0.012032032012939453}
{"nupdates": 20700, "total_timesteps": 414000, "fps": 71, "policy_entropy": 1.5856986045837402, "value_loss": 6.695884167129407e-06, "explained_variance": -7.025859832763672}
{"nupdates": 20800, "total_timesteps": 416000, "fps": 71, "policy_entropy": 1.5871108770370483, "value_loss": 8.004384653759189e-06, "explained_variance": -2.564391851425171}
{"nupdates": 20900, "total_timesteps": 418000, "fps": 71, "policy_entropy": 1.5790164470672607, "value_loss": 9.174762453767471e-06, "explained_variance": -3.9723663330078125}
{"nupdates": 21000, "total_timesteps": 420000, "fps": 71, "policy_entropy": 1.5974016189575195, "value_loss": 7.78306548454566e-06, "explained_variance": -10.89979076385498}
{"nupdates": 21100, "total_timesteps": 422000, "fps": 70, "policy_entropy": 1.6009166240692139, "value_loss": 0.7954322099685669, "explained_variance": -4.0650367736816406e-05}
{"nupdates": 21200, "total_timesteps": 424000, "fps": 70, "policy_entropy": 1.6048152446746826, "value_loss": 0.004189200699329376, "explained_variance": -43.08259963989258}
{"nupdates": 21300, "total_timesteps": 426000, "fps": 70, "policy_entropy": 1.6084305047988892, "value_loss": 0.0008868271252140403, "explained_variance": 0.09474766254425049}
{"nupdates": 21400, "total_timesteps": 428000, "fps": 70, "policy_entropy": 1.6035983562469482, "value_loss": 2.4376233341172338e-05, "explained_variance": -0.8013958930969238}
{"nupdates": 21500, "total_timesteps": 430000, "fps": 70, "policy_entropy": 1.6035410165786743, "value_loss": 0.00028586178086698055, "explained_variance": 0.1535472869873047}
{"nupdates": 21600, "total_timesteps": 432000, "fps": 70, "policy_entropy": 1.6024665832519531, "value_loss": 7.982271199580282e-06, "explained_variance": -0.10726678371429443}
{"nupdates": 21700, "total_timesteps": 434000, "fps": 69, "policy_entropy": 1.5974245071411133, "value_loss": 2.3262449758476578e-05, "explained_variance": -0.606253981590271}
{"nupdates": 21800, "total_timesteps": 436000, "fps": 69, "policy_entropy": 1.5897777080535889, "value_loss": 4.969009751221165e-06, "explained_variance": -3.9239797592163086}
{"nupdates": 21900, "total_timesteps": 438000, "fps": 69, "policy_entropy": 1.6063778400421143, "value_loss": 0.0011144146556034684, "explained_variance": -6.9706573486328125}
{"nupdates": 22000, "total_timesteps": 440000, "fps": 69, "policy_entropy": 1.599853754043579, "value_loss": 0.00016734104428905994, "explained_variance": -0.14688563346862793}
{"nupdates": 22100, "total_timesteps": 442000, "fps": 69, "policy_entropy": 1.5674623250961304, "value_loss": 4.488035301619675e-06, "explained_variance": -0.12976455688476562}
{"nupdates": 22200, "total_timesteps": 444000, "fps": 69, "policy_entropy": 1.6077442169189453, "value_loss": 3.578154519345844e-06, "explained_variance": 0.22640067338943481}
{"nupdates": 22300, "total_timesteps": 446000, "fps": 68, "policy_entropy": 1.596186876296997, "value_loss": 5.00388921409467e-07, "explained_variance": -1.5372653007507324}
{"nupdates": 22400, "total_timesteps": 448000, "fps": 68, "policy_entropy": 1.6029083728790283, "value_loss": 8.937559869082179e-06, "explained_variance": 0.1593942642211914}
{"nupdates": 22500, "total_timesteps": 450000, "fps": 68, "policy_entropy": 1.5998445749282837, "value_loss": 5.802625651085691e-07, "explained_variance": -5.489956378936768}
{"nupdates": 22600, "total_timesteps": 452000, "fps": 68, "policy_entropy": 1.604834794998169,