{"t_start": 1519902412.577943, "gym_version": "0.9.3", "env_id": "PongNoFrameskip-v4"}
{"r": -21.0, "l": 3056, "t": 10.679606}
{"r": -21.0, "l": 3056, "t": 14.209296}
{"r": -21.0, "l": 3056, "t": 17.63479}
{"r": -21.0, "l": 3056, "t": 20.978228}
{"r": -21.0, "l": 3056, "t": 24.443336}
{"r": -20.0, "l": 3479, "t": 28.271876}
{"r": -21.0, "l": 3056, "t": 31.684655}
{"r": -21.0, "l": 3056, "t": 35.182049}
{"r": -21.0, "l": 3056, "t": 38.835359}
{"r": -21.0, "l": 3056, "t": 42.552602}
{"r": -19.0, "l": 4409, "t": 47.850864}
{"r": -21.0, "l": 3296, "t": 51.686002}
{"r": -21.0, "l": 3056, "t": 55.259006}
{"r": -21.0, "l": 3056, "t": 58.798864}
{"r": -21.0, "l": 3056, "t": 62.470666}
{"r": -20.0, "l": 3679, "t": 67.03522}
{"r": -21.0, "l": 3056, "t": 70.602357}
{"r": -21.0, "l": 3056, "t": 74.080764}
{"r": -21.0, "l": 3056, "t": 77.87132}
{"r": -20.0, "l": 3515, "t": 82.135611}
{"r": -21.0, "l": 3056, "t": 86.11161}
{"r": -21.0, "l": 3056, "t": 91.361534}
{"r": -21.0, "l": 3056, "t": 96.303542}
{"r": -21.0, "l": 3056, "t": 100.932943}
{"r": -21.0, "l": 3056, "t": 105.711746}
{"r": -21.0, "l": 3056, "t": 110.886669}
{"r": -21.0, "l": 3056, "t": 115.656625}
{"r": -20.0, "l": 3367, "t": 120.906722}
{"r": -21.0, "l": 3056, "t": 126.048072}
{"r": -21.0, "l": 3056, "t": 130.836728}
{"r": -21.0, "l": 3056, "t": 135.842763}
{"r": -21.0, "l": 3056, "t": 141.3852}
{"r": -21.0, "l": 3056, "t": 147.462782}
{"r": -21.0, "l": 3300, "t": 153.171578}
{"r": -19.0, "l": 3753, "t": 159.681943}
{"r": -21.0, "l": 3168, "t": 165.359304}
{"r": -21.0, "l": 3056, "t": 170.285281}
{"r": -21.0, "l": 3056, "t": 175.279}
{"r": -21.0, "l": 3056, "t": 179.937038}
{"r": -21.0, "l": 3056, "t": 184.956505}
{"r": -21.0, "l": 3056, "t": 189.736093}
{"r": -21.0, "l": 3056, "t": 194.610125}
{"r": -21.0, "l": 3056, "t": 199.490481}
{"r": -21.0, "l": 3056, "t": 204.400387}
{"r": -21.0, "l": 3056, "t": 209.069047}
