{"nupdates": 20000, "total_timesteps": 400000, "fps": 100, "policy_entropy": 1.2259197235107422, "value_loss": 0.0006742104887962341, "explained_variance": 0.1060602068901062}
{"nupdates": 20100, "total_timesteps": 402000, "fps": 99, "policy_entropy": 1.24993896484375, "value_loss": 1.8214112060377374e-05, "explained_variance": -0.7823227643966675}
{"nupdates": 20200, "total_timesteps": 404000, "fps": 99, "policy_entropy": 1.3677854537963867, "value_loss": 0.00013084102829452604, "explained_variance": -0.594056248664856}
{"nupdates": 20300, "total_timesteps": 406000, "fps": 98, "policy_entropy": 1.5995312929153442, "value_loss": 8.394624455831945e-05, "explained_variance": -4.849257469177246}
{"nupdates": 20400, "total_timesteps": 408000, "fps": 98, "policy_entropy": 1.5957063436508179, "value_loss": 0.29556116461753845, "explained_variance": -0.3789958953857422}
{"nupdates": 20500, "total_timesteps": 410000, "fps": 98, "policy_entropy": 1.5759291648864746, "value_loss": 0.03284222632646561, "explained_variance": -388.2481689453125}
{"nupdates": 20600, "total_timesteps": 412000, "fps": 97, "policy_entropy": 1.6042101383209229, "value_loss": 8.41238143038936e-05, "explained_variance": -0.29104065895080566}
{"nupdates": 20700, "total_timesteps": 414000, "fps": 97, "policy_entropy": 1.567887306213379, "value_loss": 2.2970671125221997e-05, "explained_variance": -0.20153284072875977}
{"nupdates": 20800, "total_timesteps": 416000, "fps": 96, "policy_entropy": 1.5072176456451416, "value_loss": 1.865104422904551e-05, "explained_variance": -0.894564151763916}
{"nupdates": 20900, "total_timesteps": 418000, "fps": 96, "policy_entropy": 1.36281156539917, "value_loss": 0.00011245233326917514, "explained_variance": 0.18811523914337158}
{"nupdates": 21000, "total_timesteps": 420000, "fps": 96, "policy_entropy": 1.5431544780731201, "value_loss": 0.00010083247616421431, "explained_variance": 0.02066904306411743}
{"nupdates": 21100, "total_timesteps": 422000, "fps": 95, "policy_entropy": 1.5515096187591553, "value_loss": 2.5617089704610407e-05, "explained_variance": -1.189711570739746}
{"nupdates": 21200, "total_timesteps": 424000, "fps": 95, "policy_entropy": 1.6004703044891357, "value_loss": 9.739417691889685e-06, "explained_variance": -1.730412483215332}
{"nupdates": 21300, "total_timesteps": 426000, "fps": 95, "policy_entropy": 1.5839927196502686, "value_loss": 8.052174234762788e-05, "explained_variance": 0.07016885280609131}
{"nupdates": 21400, "total_timesteps": 428000, "fps": 94, "policy_entropy": 1.5503294467926025, "value_loss": 9.194980520987883e-05, "explained_variance": -0.8509582281112671}
{"nupdates": 21500, "total_timesteps": 430000, "fps": 94, "policy_entropy": 1.589141607284546, "value_loss": 2.7945474357693456e-05, "explained_variance": -2.1188180446624756}
{"nupdates": 21600, "total_timesteps": 432000, "fps": 94, "policy_entropy": 1.6026537418365479, "value_loss": 4.322481981944293e-05, "explained_variance": -1.8355121612548828}
{"nupdates": 21700, "total_timesteps": 434000, "fps": 93, "policy_entropy": 1.5865037441253662, "value_loss": 3.290182212367654e-05, "explained_variance": -2.044746160507202}
{"nupdates": 21800, "total_timesteps": 436000, "fps": 93, "policy_entropy": 1.5968139171600342, "value_loss": 2.5929708499461412e-05, "explained_variance": -0.3607851266860962}
{"nupdates": 21900, "total_timesteps": 438000, "fps": 93, "policy_entropy": 1.5777544975280762, "value_loss": 2.8258973543415777e-06, "explained_variance": -1.634166955947876}
{"nupdates": 22000, "total_timesteps": 440000, "fps": 93, "policy_entropy": 1.6030563116073608, "value_loss": 4.501655348576605e-05, "explained_variance": -1.3848693370819092}
{"nupdates": 22100, "total_timesteps": 442000, "fps": 92, "policy_entropy": 1.6004149913787842, "value_loss": 9.001080798043404e-06, "explained_variance": -2.953646183013916}
{"nupdates": 22200, "total_timesteps": 444000, "fps": 92, "policy_entropy": 1.5982458591461182, "value_loss": 1.9550388969946653e-05, "explained_variance": -0.16324591636657715}
{"nupdates": 22300, "total_timesteps": 446000, "fps": 92, "policy_entropy": 1.6005222797393799, "value_loss": 0.0015881762374192476, "explained_variance": -11.121441841125488}
{"nupdates": 22400, "total_timesteps": 448000, "fps": 91, "policy_entropy": 1.6076996326446533, "value_loss": 0.0006019879365339875, "explained_variance": -0.1747593879699707}
{"nupdates": 22500, "total_timesteps": 450000, "fps": 91, "policy_entropy": 1.606074333190918, "value_loss": 0.00039779412327334285, "explained_variance": 0.014545261859893799}
{"nupdates": 22600, "total_timesteps": 452000, "fps": 91, "policy_entropy": 1.5694419145584106, "value_loss": 0.0001183896092697978, "explained_variance": -0.17162704467773438}
{"nupdates": 22700, "total_timesteps": 454000, "fps": 91, "policy_entropy": 1.5833661556243896, "value_loss": 1.0264293450745754e-05, "explained_variance": -2.427478790283203}
{"nupdates": 22800, "total_timesteps": 456000, "fps": 90, "policy_entropy": 1.5826961994171143, "value_loss": 7.4720637712744065e-06, "explained_variance": -0.27016305923461914}
{"nupdates": 22900, "total_timesteps": 458000, "fps": 90, "policy_entropy": 1.5718486309051514, "value_loss": 1.6870086483322666e-06, "explained_variance": -0.4780021905899048}
{"nupdates": 23000, "total_timesteps": 460000, "fps": 90, "policy_entropy": 1.5978609323501587, "value_loss": 4.217753939883551e-06, "explained_variance": -5.021178722381592}
{"nupdates": 23100, "total_timesteps": 462000, "fps": 90, "policy_entropy": 1.5920268297195435, "value_loss": 4.89128933622851e-06, "explained_variance": -0.39789247512817383}
{"nupdates": 23200, "total_timesteps": 464000, "fps": 89, "policy_entropy": 1.5970948934555054, "value_loss": 0.4714370369911194, "explained_variance": -0.0004030466079711914}
{"nupdates": 23300, "total_timesteps": 466000, "fps": 89, "policy_entropy": 1.5857731103897095, "value_loss": 0.00026208977214992046, "explained_variance": 0.010302245616912842}
{"nupdates": 23400, "total_timesteps": 468000, "fps": 89, "policy_entropy": 1.6044108867645264, "value_loss": 0.0001464237429900095, "explained_variance": -0.052648186683654785}
{"nupdates": 23500, "total_timesteps": 470000, "fps": 89, "policy_entropy": 1.603338599205017, "value_loss": 9.104715718422085e-05, "explained_variance": -0.010014772415161133}
{"nupdates": 23600, "total_timesteps": 472000, "fps": 88, "policy_entropy": 1.5717546939849854, "value_loss": 1.3486996977007948e-05, "explained_variance": -0.3284796476364136}
{"nupdates": 23700, "total_timesteps": 474000, "fps": 88, "policy_entropy": 1.5881669521331787, "value_loss": 1.0661382475518622e-05, "explained_variance": -1.4297618865966797}
{"nupdates": 23800, "total_timesteps": 476000, "fps": 88, "policy_entropy": 1.5864038467407227, "value_loss": 0.336460679769516, "explained_variance": -0.015763044357299805}
{"nupdates": 23900, "total_timesteps": 478000, "fps": 88, "policy_entropy": 1.6047277450561523, "value_loss": 0.00040965405059978366, "explained_variance": -0.19596052169799805}
{"nupdates": 24000, "total_timesteps": 480000, "fps": 87, "policy_entropy": 1.5705726146697998, "value_loss": 0.00010014643339673057, "explained_variance": 0.03307676315307617}
{"nupdates": 24100, "total_timesteps": 482000, "fps": 87, "policy_entropy": 1.5975440740585327, "value_loss": 0.17512351274490356, "explained_variance": 0.007305622100830078}
{"nupdates": 24200, "total_timesteps": 484000, "fps": 87, "policy_entropy": 1.6056900024414062, "value_loss": 0.00043519510654732585, "explained_variance": -1.561872959136963}
{"nupdates": 24300, "total_timesteps": 486000, "fps": 87, "policy_entropy": 1.6030327081680298, "value_loss": 0.000357099313987419, "explained_variance": -0.0475691556930542}
{"nupdates": 24400, "total_timesteps": 488000, "fps": 87, "policy_entropy": 1.6073331832885742, "value_loss": 0.00028522437787614763, "explained_variance": -0.006169795989990234}
{"nupdates": 24500, "total_timesteps": 490000, "fps": 86,