{"t_start": 1516621849.514116, "gym_version": "0.9.3", "env_id": "GridWorldNoFrameskip-v4"}
{"r": -39, "l": 1000, "t": 13.478331}
{"r": 3, "l": 1000, "t": 21.98146}
{"r": -4, "l": 1000, "t": 32.252174}
{"r": -48, "l": 1000, "t": 39.594199}
{"r": -44, "l": 1000, "t": 47.821115}
{"r": 32, "l": 1000, "t": 57.398553}
{"r": 34, "l": 1000, "t": 65.939908}
{"r": 2, "l": 1000, "t": 73.02264}
{"r": -41, "l": 1000, "t": 79.928302}
{"r": -25, "l": 1000, "t": 88.363914}
{"r": -23, "l": 1000, "t": 97.638629}
{"r": -71, "l": 1000, "t": 106.643409}
{"r": -43, "l": 1000, "t": 115.205204}
{"r": -5, "l": 1000, "t": 122.454942}
{"r": -2, "l": 1000, "t": 130.548537}
{"r": 19, "l": 1000, "t": 138.041907}
{"r": -14, "l": 1000, "t": 146.638477}
{"r": -28, "l": 1000, "t": 154.579505}
{"r": 54, "l": 1000, "t": 162.622394}
{"r": 25, "l": 1000, "t": 170.197147}
{"r": -60, "l": 1000, "t": 177.99851}
{"r": -25, "l": 1000, "t": 185.347452}
{"r": -49, "l": 1000, "t": 192.944067}
{"r": -42, "l": 1000, "t": 201.877375}
{"r": 29, "l": 1000, "t": 210.078687}
{"r": -97, "l": 1000, "t": 217.224888}
{"r": 7, "l": 1000, "t": 224.219351}
{"r": -14, "l": 1000, "t": 231.385742}
{"r": 3, "l": 1000, "t": 240.045703}
{"r": -18, "l": 1000, "t": 248.05864}
{"r": -60, "l": 1000, "t": 256.672446}
{"r": 43, "l": 1000, "t": 265.394661}
{"r": -14, "l": 1000, "t": 273.370111}
{"r": -24, "l": 1000, "t": 280.574334}
{"r": 0, "l": 1000, "t": 288.976828}
{"r": 16, "l": 1000, "t": 297.07203}
{"r": -12, "l": 1000, "t": 305.851484}
{"r": 42, "l": 1000, "t": 314.087295}
{"r": -37, "l": 1000, "t": 322.787695}
{"r": 85, "l": 1000, "t": 332.072326}
{"r": -30, "l": 1000, "t": 341.018604}
{"r": -75, "l": 1000, "t": 350.163825}
{"r": -32, "l": 1000, "t": 359.343541}
