{"t_start": 1516621849.521939, "gym_version": "0.9.3", "env_id": "GridWorldNoFrameskip-v4"}
{"r": -51, "l": 1000, "t": 13.983386}
{"r": -40, "l": 1000, "t": 22.759612}
{"r": -19, "l": 1000, "t": 32.855677}
{"r": -63, "l": 1000, "t": 40.229211}
{"r": -27, "l": 1000, "t": 48.379994}
{"r": 42, "l": 1000, "t": 58.150698}
{"r": 22, "l": 1000, "t": 66.280429}
{"r": -31, "l": 1000, "t": 73.484222}
{"r": -12, "l": 1000, "t": 80.552452}
{"r": -18, "l": 1000, "t": 89.153339}
{"r": -24, "l": 1000, "t": 98.911195}
{"r": -75, "l": 1000, "t": 107.466332}
{"r": -73, "l": 1000, "t": 116.009843}
{"r": 4, "l": 1000, "t": 123.335552}
{"r": 0, "l": 1000, "t": 131.252878}
{"r": -27, "l": 1000, "t": 138.684556}
{"r": 19, "l": 1000, "t": 147.30567}
{"r": -28, "l": 1000, "t": 155.30372}
{"r": 66, "l": 1000, "t": 163.082934}
{"r": 15, "l": 1000, "t": 170.589989}
{"r": 14, "l": 1000, "t": 178.467163}
{"r": 56, "l": 1000, "t": 185.832482}
{"r": -67, "l": 1000, "t": 193.535193}
{"r": -45, "l": 1000, "t": 202.308401}
{"r": 34, "l": 1000, "t": 210.472001}
{"r": -88, "l": 1000, "t": 217.47859}
{"r": -25, "l": 1000, "t": 224.485853}
{"r": -30, "l": 1000, "t": 231.639232}
{"r": 86, "l": 1000, "t": 240.268544}
{"r": 44, "l": 1000, "t": 247.771051}
{"r": -28, "l": 1000, "t": 256.644602}
{"r": 33, "l": 1000, "t": 265.096988}
{"r": -56, "l": 1000, "t": 272.882773}
{"r": -39, "l": 1000, "t": 280.224056}
{"r": 18, "l": 1000, "t": 288.683177}
{"r": -8, "l": 1000, "t": 296.498712}
{"r": 4, "l": 1000, "t": 305.416749}
{"r": 24, "l": 1000, "t": 313.598768}
{"r": -39, "l": 1000, "t": 322.458309}
{"r": 79, "l": 1000, "t": 331.601579}
{"r": 2, "l": 1000, "t": 340.383749}
{"r": -97, "l": 1000, "t": 348.898429}
{"r": 43, "l": 1000, "t": 358.755577}
