{"t_start": 1516621849.534803, "gym_version": "0.9.3", "env_id": "GridWorldNoFrameskip-v4"}
{"r": -28, "l": 1000, "t": 13.4575}
{"r": 1, "l": 1000, "t": 21.960896}
{"r": -11, "l": 1000, "t": 32.285681}
{"r": -43, "l": 1000, "t": 39.57328}
{"r": -52, "l": 1000, "t": 48.022892}
{"r": 9, "l": 1000, "t": 57.33964}
{"r": -14, "l": 1000, "t": 65.919043}
{"r": -12, "l": 1000, "t": 72.797296}
{"r": 15, "l": 1000, "t": 79.951825}
{"r": 0, "l": 1000, "t": 88.367065}
{"r": -30, "l": 1000, "t": 97.408998}
{"r": -79, "l": 1000, "t": 106.610699}
{"r": -23, "l": 1000, "t": 115.15894}
{"r": -29, "l": 1000, "t": 122.404383}
{"r": -7, "l": 1000, "t": 130.527885}
{"r": 15, "l": 1000, "t": 137.75826}
{"r": -9, "l": 1000, "t": 146.306757}
{"r": 5, "l": 1000, "t": 154.135132}
{"r": 22, "l": 1000, "t": 162.010483}
{"r": 17, "l": 1000, "t": 169.705092}
{"r": -48, "l": 1000, "t": 177.750021}
{"r": 40, "l": 1000, "t": 185.084667}
{"r": -29, "l": 1000, "t": 192.936057}
{"r": -77, "l": 1000, "t": 201.821191}
{"r": 37, "l": 1000, "t": 210.057823}
{"r": -78, "l": 1000, "t": 217.41568}
{"r": -28, "l": 1000, "t": 224.473327}
{"r": -43, "l": 1000, "t": 231.936286}
{"r": 32, "l": 1000, "t": 240.281941}
{"r": 35, "l": 1000, "t": 248.451773}
{"r": -64, "l": 1000, "t": 257.056981}
{"r": 83, "l": 1000, "t": 265.71252}
{"r": -50, "l": 1000, "t": 273.622643}
{"r": -18, "l": 1000, "t": 281.261702}
{"r": 60, "l": 1000, "t": 289.362863}
{"r": -51, "l": 1000, "t": 297.319571}
{"r": -54, "l": 1000, "t": 305.844376}
{"r": 34, "l": 1000, "t": 314.386741}
{"r": -36, "l": 1000, "t": 323.140766}
{"r": 84, "l": 1000, "t": 332.038031}
{"r": -53, "l": 1000, "t": 340.945818}
{"r": -95, "l": 1000, "t": 349.410713}
{"r": -32, "l": 1000, "t": 359.049739}
