{"t_start": 1516621849.532274, "gym_version": "0.9.3", "env_id": "GridWorldNoFrameskip-v4"}
{"r": -2, "l": 1000, "t": 13.956007}
{"r": 61, "l": 1000, "t": 22.410101}
{"r": 2, "l": 1000, "t": 32.269702}
{"r": -29, "l": 1000, "t": 39.915933}
{"r": -24, "l": 1000, "t": 48.314198}
{"r": 32, "l": 1000, "t": 57.849232}
{"r": -23, "l": 1000, "t": 66.24734}
{"r": -38, "l": 1000, "t": 73.240479}
{"r": -11, "l": 1000, "t": 79.954287}
{"r": -12, "l": 1000, "t": 88.664184}
{"r": -49, "l": 1000, "t": 97.998427}
{"r": -79, "l": 1000, "t": 106.970485}
{"r": -44, "l": 1000, "t": 115.485151}
{"r": 14, "l": 1000, "t": 122.775124}
{"r": 17, "l": 1000, "t": 130.856986}
{"r": 39, "l": 1000, "t": 138.285181}
{"r": 14, "l": 1000, "t": 146.928734}
{"r": -24, "l": 1000, "t": 154.620667}
{"r": 57, "l": 1000, "t": 162.315758}
{"r": 9, "l": 1000, "t": 169.933445}
{"r": -4, "l": 1000, "t": 177.968825}
{"r": -6, "l": 1000, "t": 185.548663}
{"r": -47, "l": 1000, "t": 193.257652}
{"r": -39, "l": 1000, "t": 202.263995}
{"r": 13, "l": 1000, "t": 210.095423}
{"r": -78, "l": 1000, "t": 217.442788}
{"r": -50, "l": 1000, "t": 224.437322}
{"r": -69, "l": 1000, "t": 231.643291}
{"r": 48, "l": 1000, "t": 240.29662}
{"r": -44, "l": 1000, "t": 248.100836}
{"r": -48, "l": 1000, "t": 256.682786}
{"r": 69, "l": 1000, "t": 265.362682}
{"r": -56, "l": 1000, "t": 273.090439}
{"r": -30, "l": 1000, "t": 280.498726}
{"r": 27, "l": 1000, "t": 288.910026}
{"r": -43, "l": 1000, "t": 296.774175}
{"r": -21, "l": 1000, "t": 305.793359}
{"r": 13, "l": 1000, "t": 314.072502}
{"r": -34, "l": 1000, "t": 323.202021}
{"r": 77, "l": 1000, "t": 332.020946}
{"r": 11, "l": 1000, "t": 340.969981}
{"r": -75, "l": 1000, "t": 349.807113}
{"r": -32, "l": 1000, "t": 359.34244}
