{"t_start": 1515797133.4378574, "gym_version": "0.9.2", "env_id": "GridWorldNoFrameskip-v4"}
{"r": 0.0, "l": 1000, "t": 12.54516}
{"r": 0.0, "l": 1000, "t": 21.758804}
{"r": 0.0, "l": 1000, "t": 30.31535}
{"r": 0.0, "l": 1000, "t": 38.890971}
{"r": 0.0, "l": 1000, "t": 47.214374}
{"r": 0.0, "l": 1000, "t": 55.636097}
{"r": 0.0, "l": 1000, "t": 64.310044}
{"r": 0.0, "l": 1000, "t": 72.934767}
{"r": 0.0, "l": 1000, "t": 81.67524}
{"r": 0.0, "l": 1000, "t": 90.07425}
{"r": 0.0, "l": 1000, "t": 98.564802}
{"r": 0.0, "l": 1000, "t": 107.462876}
{"r": 0.0, "l": 1000, "t": 115.858582}
{"r": 0.0, "l": 1000, "t": 125.064617}
{"r": 0.0, "l": 1000, "t": 133.680752}
{"r": 0.0, "l": 1000, "t": 142.434874}
{"r": 0.0, "l": 1000, "t": 150.709848}
{"r": 0.0, "l": 1000, "t": 159.29037}
{"r": 0.0, "l": 1000, "t": 167.789652}
{"r": 0.0, "l": 1000, "t": 176.155713}
{"r": 0.0, "l": 1000, "t": 184.680089}
{"r": 0.0, "l": 1000, "t": 193.029052}
{"r": 0.0, "l": 1000, "t": 201.779755}
{"r": 0.0, "l": 1000, "t": 210.284282}
{"r": 0.0, "l": 1000, "t": 218.458735}
{"r": 0.0, "l": 1000, "t": 227.606536}
{"r": 0.0, "l": 1000, "t": 236.085798}
{"r": 0.0, "l": 1000, "t": 244.932325}
{"r": 0.0, "l": 1000, "t": 253.645321}
{"r": 0.0, "l": 1000, "t": 262.452569}
{"r": 0.0, "l": 1000, "t": 271.161183}
{"r": 0.0, "l": 1000, "t": 279.605141}
{"r": 0.0, "l": 1000, "t": 288.220581}
{"r": 0.0, "l": 1000, "t": 296.893823}
{"r": 0.0, "l": 1000, "t": 305.514765}
{"r": 0.0, "l": 1000, "t": 314.07873}
{"r": 0.0, "l": 1000, "t": 322.731426}
{"r": 0.0, "l": 1000, "t": 331.383045}
{"r": 0.0, "l": 1000, "t": 339.967591}
{"r": 0.0, "l": 1000, "t": 348.185444}
{"r": 0.0, "l": 1000, "t": 356.045688}
{"r": 0.0, "l": 1000, "t": 363.968657}
{"r": 0.0, "l": 1000, "t": 372.045919}
{"r": 0.0, "l": 1000, "t": 379.75318}
{"r": 0.0, "l": 1000, "t": 387.790227}
{"r": 0.0, "l": 1000, "t": 395.485539}
{"r": 0.0, "l": 1000, "t": 403.353502}
{"r": 0.0, "l": 1000, "t": 411.152014}
{"r": 0.0, "l": 1000, "t": 419.123281}
{"r": 0.0, "l": 1000, "t": 426.904792}
{"r": 0.0, "l": 1000, "t": 435.138346}
{"r": 0.0, "l": 1000, "t": 442.631224}
{"r": 0.0, "l": 1000, "t": 450.683446}
{"r": 0.0, "l": 1000, "t": 458.29342}
{"r": 0.0, "l": 1000, "t": 466.564554}
{"r": 0.0, "l": 1000, "t": 474.33942}
{"r": 0.0, "l": 1000, "t": 482.212962}
{"r": 0.0, "l": 1000, "t": 490.313634}
{"r": 0.0, "l": 1000, "t": 497.787931}
{"r": 0.0, "l": 1000, "t": 506.023283}
{"r": 0.0, "l": 1000, "t": 513.539319}
{"r": 0.0, "l": 1000, "t": 521.953135}
{"r": 0.0, "l": 1000, "t": 529.495153}
{"r": 0.0, "l": 1000, "t": 537.453093}
{"r": 0.0, "l": 1000, "t": 545.639435}
{"r": 0.0, "l": 1000, "t": 553.032921}
{"r": 0.0, "l": 1000, "t": 560.90072}
{"r": 0.0, "l": 1000, "t": 569.086548}
{"r": 0.0, "l": 1000, "t": 578.033135}
{"r": 0.0, "l": 1000, "t": 586.396076}
{"r": 0.0, "l": 1000, "t": 595.37313}
{"r": 0.0, "l": 1000, "t": 603.695092}
{"r": 0.0, "l": 1000, "t": 612.070572}
{"r": 0.0, "l": 1000, "t": 619.709739}
{"r": 0.0, "l": 1000, "t": 627.662233}
{"r": 0.0, "l": 1000, "t": 635.844313}
{"r": 0.0, "l": 1000, "t": 643.472966}
{"r": 0.0, "l": 1000, "t": 651.738378}
{"r": 0.0, "l": 1000, "t": 659.811644}
{"r": 0.0, "l": 1000, "t": 668.718367}
{"r": 0.0, "l": 1000, "t": 677.452087}
{"r": 0.0, "l": 1000, "t": 686.111453}
{"r": 0.0, "l": 1000, "t": 694.808373}
{"r": 0.0, "l": 1000, "t": 703.198857}
{"r": 0.0, "l": 1000, "t": 712.506799}
{"r": 0.0, "l": 1000, "t": 720.885746}
{"r": 0.0, "l": 1000, "t": 729.703185}
{"r": 0.0, "l": 1000, "t": 738.567249}
{"r": 0.0, "l": 1000, "t": 746.879215}
{"r": 0.0, "l": 1000, "t": 755.162956}
{"r": 0.0, "l": 1000, "t": 762.990739}
{"r": 0.0, "l": 1000, "t": 770.90361}
{"r": 0.0, "l": 1000, "t": 778.809066}
{"r": 0.0, "l": 1000, "t": 786.58756}
{"r": 0.0, "l": 1000, "t": 794.961835}
{"r": 0.0, "l": 1000, "t": 802.998479}
{"r": 0.0, "l": 1000, "t": 810.757317}
{"r": 0.0, "l": 1000, "t": 819.089106}
{"r": 0.0, "l": 1000, "t": 826.584008}
{"r": 0.0, "l": 1000, "t": 834.655201}
{"r": 0.0, "l": 1000, "t": 842.400704}
{"r": 0.0, "l": 1000, "t": 850.225771}
{"r": 0.0, "l": 1000, "t": 857.828551}
{"r": 0.0, "l": 1000, "t": 865.91322}
{"r": 0.0, "l": 1000, "t": 873.235005}
{"r": 0.0, "l": 1000, "t": 881.545334}
{"r": 0.0, "l": 1000, "t": 889.285821}
{"r": 0.0, "l": 1000, "t": 897.098133}
{"r": 0.0, "l": 1000, "t": 905.102649}
{"r": 0.0, "l": 1000, "t": 912.83318}
{"r": 0.0, "l": 1000, "t": 921.035514}
{"r": 0.0, "l": 1000, "t": 928.913958}
{"r": 0.0, "l": 1000, "t": 936.778412}
{"r": 0.0, "l": 1000, "t": 944.726586}
{"r": 0.0, "l": 1000, "t": 952.484855}
{"r": 0.0, "l": 1000, "t": 960.76279}
{"r": 0.0, "l": 1000, "t": 968.306365}
{"r": 0.0, "l": 1000, "t": 976.366399}
{"r": 0.0, "l": 1000, "t": 984.359538}
{"r": 0.0, "l": 1000, "t": 992.6629}
{"r": 0.0, "l": 1000, "t": 1000.730145}
{"r": 0.0, "l": 1000, "t": 1009.539231}
{"r": 0.0, "l": 1000, "t": 1017.817254}
{"r": 0.0, "l": 1000, "t": 1025.382942}
{"r": 0.0, "l": 1000, "t": 1033.718718}
{"r": 0.0, "l": 1000, "t": 1041.543408}
{"r": 0.0, "l": 1000, "t": 1049.466542}
{"r": 0.0, "l": 1000, "t": 1057.719114}
{"r": 0.0, "l": 1000, "t": 1065.432015}
{"r": 0.0, "l": 1000, "t": 1073.478016}
{"r": 0.0, "l": 1000, "t": 1081.580755}
{"r": 0.0, "l": 1000, "t": 1089.19988}
{"r": 0.0, "l": 1000, "t": 1097.534712}
{"r": 0.0, "l": 1000, "t": 1105.231558}
{"r": 0.0, "l": 1000, "t": 1113.043444}
{"r": 0.0, "l": 1000, "t": 1121.262953}
{"r": 0.0, "l": 1000, "t": 1129.385621}
{"r": 0.0, "l": 1000, "t": 1137.11844}
{"r": 0.0, "l": 1000, "t": 1145.314011}
{"r": 0.0, "l": 1000, "t": 1153.217271}
{"r": 0.0, "l": 1000, "t": 1161.043208}
{"r": 0.0, "l": 1000, "t": 1169.176116}
{"r": 0.0, "l": 1000, "t": 1176.865845}
{"r": 0.0, "l": 1000, "t": 1184.879229}
{"r": 0.0, "l": 1000, "t": 1193.061283}
{"r": 0.0, "l": 1000, "t": 1200.860728}
{"r": 0.0, "l": 1000, "t": 1208.920329}
{"r": 0.0, "l": 1000, "t": 1216.978107}
{"r": 0.0, "l": 1000, "t": 1224.623239}
{"r": 0.0, "l": 1000, "t": 1233.035569}
{"r": 0.0, "l": 1000, "t": 1241.25508}
{"r": 0.0, "l": 1000, "t": 1249.180788}
{"r": 0.0, "l": 1000, "t": 1257.184644}
{"r": 0.0, "l": 1000, "t": 1265.514354}
{"r": 0.0, "l": 1000, "t": 1273.423895}
{"r": 0.0, "l": 1000, "t": 1281.310377}
{"r": 0.0, "l": 1000, "t": 1289.598004}
{"r": 0.0, "l": 1000, "t": 1297.470492}
{"r": 0.0, "l": 1000, "t": 1305.325477}
{"r": 0.0, "l": 1000, "t": 1313.628277}
{"r": 0.0, "l": 1000, "t": 1321.655393}
{"r": 0.0, "l": 1000, "t": 1329.758898}
{"r": 0.0, "l": 1000, "t": 1337.572736}
{"r": 0.0, "l": 1000, "t": 1345.664327}
{"r": 0.0, "l": 1000, "t": 1353.732645}
{"r": 0.0, "l": 1000, "t": 1361.53711}
{"r": 0.0, "l": 1000, "t": 1370.662902}
{"r": 0.0, "l": 1000, "t": 1379.76478}
{"r": 0.0, "l": 1000, "t": 1388.402066}
{"r": 0.0, "l": 1000, "t": 1397.103114}
{"r": 0.0, "l": 1000, "t": 1406.033417}
{"r": 0.0, "l": 1000, "t": 1414.925951}
{"r": 0.0, "l": 1000, "t": 1423.331091}
{"r": 0.0, "l": 1000, "t": 1436.101655}
{"r": 0.0, "l": 1000, "t": 1451.71169}
{"r": 0.0, "l": 1000, "t": 1467.162634}
{"r": 0.0, "l": 1000, "t": 1483.324809}
{"r": 0.0, "l": 1000, "t": 1499.77736}
{"r": 0.0, "l": 1000, "t": 1515.280324}
{"r": 0.0, "l": 1000, "t": 1530.934946}
{"r": 0.0, "l": 1000, "t": 1547.22295}
{"r": 0.0, "l": 1000, "t": 1562.432912}
{"r": 0.0, "l": 1000, "t": 1578.747838}
{"r": 0.0, "l": 1000, "t": 1594.918638}
{"r": 0.0, "l": 1000, "t": 1610.675562}
{"r": 0.0, "l": 1000, "t": 1626.627557}
{"r": 0.0, "l": 1000, "t": 1643.08111}
{"r": 0.0, "l": 1000, "t": 1659.172442}
{"r": 0.0, "l": 1000, "t": 1675.490648}
{"r": 0.0, "l": 1000, "t": 1691.582826}
{"r": 0.0, "l": 1000, "t": 1707.305954}
{"r": 0.0, "l": 1000, "t": 1722.949882}
{"r": 0.0, "l": 1000, "t": 1739.758224}
{"r": 0.0, "l": 1000, "t": 1756.157213}
{"r": 0.0, "l": 1000, "t": 1772.34051}
{"r": 0.0, "l": 1000, "t": 1788.429481}
{"r": 0.0, "l": 1000, "t": 1804.620399}
{"r": 0.0, "l": 1000, "t": 1821.441414}
{"r": 0.0, "l": 1000, "t": 1837.346705}
{"r": 0.0, "l": 1000, "t": 1853.240235}
{"r": 0.0, "l": 1000, "t": 1868.975443}
{"r": 0.0, "l": 1000,