{"t_start": 1515797133.4378574, "gym_version": "0.9.2", "env_id": "GridWorldNoFrameskip-v4"}
{"r": 0.0, "l": 1000, "t": 12.826886}
{"r": 0.0, "l": 1000, "t": 22.113441}
{"r": 0.0, "l": 1000, "t": 30.643313}
{"r": 0.0, "l": 1000, "t": 39.50816}
{"r": 0.0, "l": 1000, "t": 47.903332}
{"r": 0.0, "l": 1000, "t": 56.300718}
{"r": 0.0, "l": 1000, "t": 65.031365}
{"r": 0.0, "l": 1000, "t": 73.820655}
{"r": 0.0, "l": 1000, "t": 82.362407}
{"r": 0.0, "l": 1000, "t": 90.332318}
{"r": 0.0, "l": 1000, "t": 99.044612}
{"r": 0.0, "l": 1000, "t": 107.653174}
{"r": 0.0, "l": 1000, "t": 116.649127}
{"r": 0.0, "l": 1000, "t": 125.457917}
{"r": 0.0, "l": 1000, "t": 134.085845}
{"r": 0.0, "l": 1000, "t": 142.852617}
{"r": 0.0, "l": 1000, "t": 150.847052}
{"r": 0.0, "l": 1000, "t": 159.497289}
{"r": 0.0, "l": 1000, "t": 168.033798}
{"r": 0.0, "l": 1000, "t": 176.800709}
{"r": 0.0, "l": 1000, "t": 185.237473}
{"r": 0.0, "l": 1000, "t": 193.313044}
{"r": 0.0, "l": 1000, "t": 202.179013}
{"r": 0.0, "l": 1000, "t": 210.432618}
{"r": 0.0, "l": 1000, "t": 218.929019}
{"r": 0.0, "l": 1000, "t": 227.417673}
{"r": 0.0, "l": 1000, "t": 236.085845}
{"r": 0.0, "l": 1000, "t": 244.897757}
{"r": 0.0, "l": 1000, "t": 252.96154}
{"r": 0.0, "l": 1000, "t": 262.142154}
{"r": 0.0, "l": 1000, "t": 270.28849}
{"r": 0.0, "l": 1000, "t": 279.24486}
{"r": 0.0, "l": 1000, "t": 287.677525}
{"r": 0.0, "l": 1000, "t": 296.677945}
{"r": 0.0, "l": 1000, "t": 304.825886}
{"r": 0.0, "l": 1000, "t": 313.680786}
{"r": 0.0, "l": 1000, "t": 322.220956}
{"r": 0.0, "l": 1000, "t": 330.982946}
{"r": 0.0, "l": 1000, "t": 339.500956}
{"r": 0.0, "l": 1000, "t": 347.922909}
{"r": 0.0, "l": 1000, "t": 355.656619}
{"r": 0.0, "l": 1000, "t": 363.663954}
{"r": 0.0, "l": 1000, "t": 371.518623}
{"r": 0.0, "l": 1000, "t": 379.341792}
{"r": 0.0, "l": 1000, "t": 386.922926}
{"r": 0.0, "l": 1000, "t": 395.038909}
{"r": 0.0, "l": 1000, "t": 402.913329}
{"r": 0.0, "l": 1000, "t": 410.860891}
{"r": 0.0, "l": 1000, "t": 418.459131}
{"r": 0.0, "l": 1000, "t": 426.674395}
{"r": 0.0, "l": 1000, "t": 434.721461}
{"r": 0.0, "l": 1000, "t": 442.31168}
{"r": 0.0, "l": 1000, "t": 450.279178}
{"r": 0.0, "l": 1000, "t": 458.056082}
{"r": 0.0, "l": 1000, "t": 466.16856}
{"r": 0.0, "l": 1000, "t": 473.645627}
{"r": 0.0, "l": 1000, "t": 481.976372}
{"r": 0.0, "l": 1000, "t": 489.901485}
{"r": 0.0, "l": 1000, "t": 497.566406}
{"r": 0.0, "l": 1000, "t": 505.566054}
{"r": 0.0, "l": 1000, "t": 513.314028}
{"r": 0.0, "l": 1000, "t": 521.48904}
{"r": 0.0, "l": 1000, "t": 528.989928}
{"r": 0.0, "l": 1000, "t": 536.938347}
{"r": 0.0, "l": 1000, "t": 544.722672}
{"r": 0.0, "l": 1000, "t": 552.476701}
{"r": 0.0, "l": 1000, "t": 559.95768}
{"r": 0.0, "l": 1000, "t": 568.547537}
{"r": 0.0, "l": 1000, "t": 576.922015}
{"r": 0.0, "l": 1000, "t": 585.786652}
{"r": 0.0, "l": 1000, "t": 594.221033}
{"r": 0.0, "l": 1000, "t": 603.249121}
{"r": 0.0, "l": 1000, "t": 611.303524}
{"r": 0.0, "l": 1000, "t": 619.035796}
{"r": 0.0, "l": 1000, "t": 627.183077}
{"r": 0.0, "l": 1000, "t": 635.090759}
{"r": 0.0, "l": 1000, "t": 643.167669}
{"r": 0.0, "l": 1000, "t": 651.253971}
{"r": 0.0, "l": 1000, "t": 659.394276}
{"r": 0.0, "l": 1000, "t": 668.300356}
{"r": 0.0, "l": 1000, "t": 677.015239}
{"r": 0.0, "l": 1000, "t": 685.927875}
{"r": 0.0, "l": 1000, "t": 694.482404}
{"r": 0.0, "l": 1000, "t": 703.021485}
{"r": 0.0, "l": 1000, "t": 711.996435}
{"r": 0.0, "l": 1000, "t": 720.304567}
{"r": 0.0, "l": 1000, "t": 729.178962}
{"r": 0.0, "l": 1000, "t": 737.584531}
{"r": 0.0, "l": 1000, "t": 746.649122}
{"r": 0.0, "l": 1000, "t": 754.696552}
{"r": 0.0, "l": 1000, "t": 762.362608}
{"r": 0.0, "l": 1000, "t": 770.592357}
{"r": 0.0, "l": 1000, "t": 778.324647}
{"r": 0.0, "l": 1000, "t": 786.43578}
{"r": 0.0, "l": 1000, "t": 794.47653}
{"r": 0.0, "l": 1000, "t": 802.186142}
{"r": 0.0, "l": 1000, "t": 810.348346}
{"r": 0.0, "l": 1000, "t": 818.368943}
{"r": 0.0, "l": 1000, "t": 826.166488}
{"r": 0.0, "l": 1000, "t": 833.916366}
{"r": 0.0, "l": 1000, "t": 841.872072}
{"r": 0.0, "l": 1000, "t": 849.486215}
{"r": 0.0, "l": 1000, "t": 857.368848}
{"r": 0.0, "l": 1000, "t": 865.327399}
{"r": 0.0, "l": 1000, "t": 872.992796}
{"r": 0.0, "l": 1000, "t": 880.914839}
{"r": 0.0, "l": 1000, "t": 888.577281}
{"r": 0.0, "l": 1000, "t": 896.375717}
{"r": 0.0, "l": 1000, "t": 904.122746}
{"r": 0.0, "l": 1000, "t": 912.40721}
{"r": 0.0, "l": 1000, "t": 920.136781}
{"r": 0.0, "l": 1000, "t": 928.092365}
{"r": 0.0, "l": 1000, "t": 935.905358}
{"r": 0.0, "l": 1000, "t": 943.595338}
{"r": 0.0, "l": 1000, "t": 951.629117}
{"r": 0.0, "l": 1000, "t": 959.443627}
{"r": 0.0, "l": 1000, "t": 967.442183}
{"r": 0.0, "l": 1000, "t": 975.281728}
{"r": 0.0, "l": 1000, "t": 983.156012}
{"r": 0.0, "l": 1000, "t": 991.572328}
{"r": 0.0, "l": 1000, "t": 999.763683}
{"r": 0.0, "l": 1000, "t": 1008.123123}
{"r": 0.0, "l": 1000, "t": 1016.644507}
{"r": 0.0, "l": 1000, "t": 1024.526277}
{"r": 0.0, "l": 1000, "t": 1032.076617}
{"r": 0.0, "l": 1000, "t": 1040.267127}
{"r": 0.0, "l": 1000, "t": 1048.136586}
{"r": 0.0, "l": 1000, "t": 1056.108789}
{"r": 0.0, "l": 1000, "t": 1064.112206}
{"r": 0.0, "l": 1000, "t": 1071.844084}
{"r": 0.0, "l": 1000, "t": 1080.062881}
{"r": 0.0, "l": 1000, "t": 1087.925026}
{"r": 0.0, "l": 1000, "t": 1095.756684}
{"r": 0.0, "l": 1000, "t": 1103.987062}
{"r": 0.0, "l": 1000, "t": 1112.028003}
{"r": 0.0, "l": 1000, "t": 1119.765222}
{"r": 0.0, "l": 1000, "t": 1127.942177}
{"r": 0.0, "l": 1000, "t": 1136.128099}
{"r": 0.0, "l": 1000, "t": 1143.798382}
{"r": 0.0, "l": 1000, "t": 1152.105814}
{"r": 0.0, "l": 1000, "t": 1159.906207}
{"r": 0.0, "l": 1000, "t": 1167.803714}
{"r": 0.0, "l": 1000, "t": 1176.028313}
{"r": 0.0, "l": 1000, "t": 1183.998919}
{"r": 0.0, "l": 1000, "t": 1191.756739}
{"r": 0.0, "l": 1000, "t": 1199.991603}
{"r": 0.0, "l": 1000, "t": 1208.229462}
{"r": 0.0, "l": 1000, "t": 1216.155584}
{"r": 0.0, "l": 1000, "t": 1224.247969}
{"r": 0.0, "l": 1000, "t": 1232.470617}
{"r": 0.0, "l": 1000, "t": 1240.351874}
{"r": 0.0, "l": 1000, "t": 1248.379283}
{"r": 0.0, "l": 1000, "t": 1256.701893}
{"r": 0.0, "l": 1000, "t": 1264.618239}
{"r": 0.0, "l": 1000, "t": 1272.575211}
{"r": 0.0, "l": 1000, "t": 1281.027402}
{"r": 0.0, "l": 1000, "t": 1288.983688}
{"r": 0.0, "l": 1000, "t": 1296.589911}
{"r": 0.0, "l": 1000, "t": 1304.962938}
{"r": 0.0, "l": 1000, "t": 1312.99892}
{"r": 0.0, "l": 1000, "t": 1320.975003}
{"r": 0.0, "l": 1000, "t": 1329.00821}
{"r": 0.0, "l": 1000, "t": 1337.238283}
{"r": 0.0, "l": 1000, "t": 1345.013438}
{"r": 0.0, "l": 1000, "t": 1352.764219}
{"r": 0.0, "l": 1000, "t": 1361.054534}
{"r": 0.0, "l": 1000, "t": 1369.602182}
{"r": 0.0, "l": 1000, "t": 1378.268318}
{"r": 0.0, "l": 1000, "t": 1387.254783}
{"r": 0.0, "l": 1000, "t": 1396.184731}
{"r": 0.0, "l": 1000, "t": 1404.768589}
{"r": 0.0, "l": 1000, "t": 1413.682987}
{"r": 0.0, "l": 1000, "t": 1422.749744}
{"r": 0.0, "l": 1000, "t": 1434.079017}
{"r": 0.0, "l": 1000, "t": 1449.315421}
{"r": 0.0, "l": 1000, "t": 1465.207077}
{"r": 0.0, "l": 1000, "t": 1481.305901}
{"r": 0.0, "l": 1000, "t": 1497.180738}
{"r": 0.0, "l": 1000, "t": 1513.454311}
{"r": 0.0, "l": 1000, "t": 1528.804004}
{"r": 0.0, "l": 1000, "t": 1545.159737}
{"r": 0.0, "l": 1000, "t": 1560.433711}
{"r": 0.0, "l": 1000, "t": 1576.685618}
{"r": 0.0, "l": 1000, "t": 1592.299033}
{"r": 0.0, "l": 1000, "t": 1608.388083}
{"r": 0.0, "l": 1000, "t": 1623.8963}
{"r": 0.0, "l": 1000, "t": 1641.003046}
{"r": 0.0, "l": 1000, "t": 1656.884907}
{"r": 0.0, "l": 1000, "t": 1673.491901}
{"r": 0.0, "l": 1000, "t": 1689.184779}
{"r": 0.0, "l": 1000, "t": 1704.690253}
{"r": 0.0, "l": 1000, "t": 1720.081859}
{"r": 0.0, "l": 1000, "t": 1736.770579}
{"r": 0.0, "l": 1000, "t": 1753.119874}
{"r": 0.0, "l": 1000, "t": 1769.706656}
{"r": 0.0, "l": 1000, "t": 1786.122677}
{"r": 0.0, "l": 1000, "t": 1801.760651}
{"r": 0.0, "l": 1000, "t": 1818.755753}
{"r": 0.0, "l": 1000, "t": 1835.164511}
{"r": 0.0, "l": 1000, "t": 1851.245646}
{"r": 0.0, "l": 1000, "t": 1866.3509}
{"r": 0.0,