{"t_start": 1515797133.4353416, "gym_version": "0.9.2", "env_id": "GridWorldNoFrameskip-v4"}
{"r": 0.0, "l": 1000, "t": 12.815657}
{"r": 0.0, "l": 1000, "t": 21.779937}
{"r": 0.0, "l": 1000, "t": 30.31805}
{"r": 0.0, "l": 1000, "t": 38.985536}
{"r": 0.0, "l": 1000, "t": 47.489545}
{"r": 0.0, "l": 1000, "t": 55.859679}
{"r": 0.0, "l": 1000, "t": 64.596458}
{"r": 0.0, "l": 1000, "t": 73.098983}
{"r": 0.0, "l": 1000, "t": 81.838755}
{"r": 0.0, "l": 1000, "t": 90.09774}
{"r": 0.0, "l": 1000, "t": 98.593095}
{"r": 0.0, "l": 1000, "t": 107.465551}
{"r": 0.0, "l": 1000, "t": 115.837285}
{"r": 0.0, "l": 1000, "t": 124.79652}
{"r": 0.0, "l": 1000, "t": 133.245304}
{"r": 0.0, "l": 1000, "t": 141.98118}
{"r": 0.0, "l": 1000, "t": 150.397421}
{"r": 0.0, "l": 1000, "t": 158.374472}
{"r": 0.0, "l": 1000, "t": 167.240677}
{"r": 0.0, "l": 1000, "t": 175.589152}
{"r": 0.0, "l": 1000, "t": 184.393194}
{"r": 0.0, "l": 1000, "t": 192.784016}
{"r": 0.0, "l": 1000, "t": 201.355343}
{"r": 0.0, "l": 1000, "t": 209.707795}
{"r": 0.0, "l": 1000, "t": 218.028512}
{"r": 0.0, "l": 1000, "t": 227.095923}
{"r": 0.0, "l": 1000, "t": 235.444343}
{"r": 0.0, "l": 1000, "t": 244.356749}
{"r": 0.0, "l": 1000, "t": 252.806264}
{"r": 0.0, "l": 1000, "t": 261.605369}
{"r": 0.0, "l": 1000, "t": 270.018936}
{"r": 0.0, "l": 1000, "t": 278.871166}
{"r": 0.0, "l": 1000, "t": 287.479695}
{"r": 0.0, "l": 1000, "t": 296.298888}
{"r": 0.0, "l": 1000, "t": 304.655008}
{"r": 0.0, "l": 1000, "t": 313.288381}
{"r": 0.0, "l": 1000, "t": 321.633461}
{"r": 0.0, "l": 1000, "t": 330.347043}
{"r": 0.0, "l": 1000, "t": 339.011198}
{"r": 0.0, "l": 1000, "t": 347.299729}
{"r": 0.0, "l": 1000, "t": 354.971397}
{"r": 0.0, "l": 1000, "t": 363.241275}
{"r": 0.0, "l": 1000, "t": 370.866396}
{"r": 0.0, "l": 1000, "t": 378.901716}
{"r": 0.0, "l": 1000, "t": 386.687728}
{"r": 0.0, "l": 1000, "t": 394.627835}
{"r": 0.0, "l": 1000, "t": 402.418925}
{"r": 0.0, "l": 1000, "t": 410.617344}
{"r": 0.0, "l": 1000, "t": 418.000714}
{"r": 0.0, "l": 1000, "t": 426.160257}
{"r": 0.0, "l": 1000, "t": 433.685681}
{"r": 0.0, "l": 1000, "t": 441.625386}
{"r": 0.0, "l": 1000, "t": 449.230202}
{"r": 0.0, "l": 1000, "t": 457.112831}
{"r": 0.0, "l": 1000, "t": 464.813497}
{"r": 0.0, "l": 1000, "t": 473.056663}
{"r": 0.0, "l": 1000, "t": 480.897461}
{"r": 0.0, "l": 1000, "t": 488.830271}
{"r": 0.0, "l": 1000, "t": 496.572446}
{"r": 0.0, "l": 1000, "t": 504.324852}
{"r": 0.0, "l": 1000, "t": 512.196206}
{"r": 0.0, "l": 1000, "t": 520.122091}
{"r": 0.0, "l": 1000, "t": 528.127355}
{"r": 0.0, "l": 1000, "t": 535.600336}
{"r": 0.0, "l": 1000, "t": 543.83009}
{"r": 0.0, "l": 1000, "t": 551.570594}
{"r": 0.0, "l": 1000, "t": 559.35435}
{"r": 0.0, "l": 1000, "t": 566.937743}
{"r": 0.0, "l": 1000, "t": 575.956278}
{"r": 0.0, "l": 1000, "t": 584.163382}
{"r": 0.0, "l": 1000, "t": 593.327796}
{"r": 0.0, "l": 1000, "t": 602.079197}
{"r": 0.0, "l": 1000, "t": 610.236539}
{"r": 0.0, "l": 1000, "t": 618.236897}
{"r": 0.0, "l": 1000, "t": 625.842595}
{"r": 0.0, "l": 1000, "t": 634.23942}
{"r": 0.0, "l": 1000, "t": 642.100708}
{"r": 0.0, "l": 1000, "t": 649.981148}
{"r": 0.0, "l": 1000, "t": 658.58364}
{"r": 0.0, "l": 1000, "t": 667.043414}
{"r": 0.0, "l": 1000, "t": 676.050825}
{"r": 0.0, "l": 1000, "t": 684.779989}
{"r": 0.0, "l": 1000, "t": 693.244686}
{"r": 0.0, "l": 1000, "t": 701.825124}
{"r": 0.0, "l": 1000, "t": 710.576913}
{"r": 0.0, "l": 1000, "t": 719.665297}
{"r": 0.0, "l": 1000, "t": 728.226994}
{"r": 0.0, "l": 1000, "t": 737.055876}
{"r": 0.0, "l": 1000, "t": 745.787211}
{"r": 0.0, "l": 1000, "t": 753.566336}
{"r": 0.0, "l": 1000, "t": 761.656846}
{"r": 0.0, "l": 1000, "t": 769.437421}
{"r": 0.0, "l": 1000, "t": 777.470533}
{"r": 0.0, "l": 1000, "t": 785.467263}
{"r": 0.0, "l": 1000, "t": 793.258841}
{"r": 0.0, "l": 1000, "t": 801.688575}
{"r": 0.0, "l": 1000, "t": 809.426188}
{"r": 0.0, "l": 1000, "t": 817.461793}
{"r": 0.0, "l": 1000, "t": 825.52061}
{"r": 0.0, "l": 1000, "t": 833.166397}
{"r": 0.0, "l": 1000, "t": 841.490444}
{"r": 0.0, "l": 1000, "t": 848.781166}
{"r": 0.0, "l": 1000, "t": 856.975828}
{"r": 0.0, "l": 1000, "t": 864.354579}
{"r": 0.0, "l": 1000, "t": 872.459914}
{"r": 0.0, "l": 1000, "t": 879.861856}
{"r": 0.0, "l": 1000, "t": 888.028955}
{"r": 0.0, "l": 1000, "t": 895.583073}
{"r": 0.0, "l": 1000, "t": 903.762628}
{"r": 0.0, "l": 1000, "t": 911.638126}
{"r": 0.0, "l": 1000, "t": 919.362564}
{"r": 0.0, "l": 1000, "t": 927.531845}
{"r": 0.0, "l": 1000, "t": 935.005665}
{"r": 0.0, "l": 1000, "t": 943.335496}
{"r": 0.0, "l": 1000, "t": 950.852014}
{"r": 0.0, "l": 1000, "t": 958.960536}
{"r": 0.0, "l": 1000, "t": 966.787718}
{"r": 0.0, "l": 1000, "t": 974.480334}
{"r": 0.0, "l": 1000, "t": 982.84152}
{"r": 0.0, "l": 1000, "t": 990.882101}
{"r": 0.0, "l": 1000, "t": 998.777265}
{"r": 0.0, "l": 1000, "t": 1007.600826}
{"r": 0.0, "l": 1000, "t": 1016.130769}
{"r": 0.0, "l": 1000, "t": 1023.690613}
{"r": 0.0, "l": 1000, "t": 1031.631456}
{"r": 0.0, "l": 1000, "t": 1039.474455}
{"r": 0.0, "l": 1000, "t": 1047.19694}
{"r": 0.0, "l": 1000, "t": 1055.274395}
{"r": 0.0, "l": 1000, "t": 1062.849588}
{"r": 0.0, "l": 1000, "t": 1071.159019}
{"r": 0.0, "l": 1000, "t": 1079.101169}
{"r": 0.0, "l": 1000, "t": 1086.972367}
{"r": 0.0, "l": 1000, "t": 1095.104174}
{"r": 0.0, "l": 1000, "t": 1102.835156}
{"r": 0.0, "l": 1000, "t": 1110.811363}
{"r": 0.0, "l": 1000, "t": 1118.847719}
{"r": 0.0, "l": 1000, "t": 1126.540315}
{"r": 0.0, "l": 1000, "t": 1134.905671}
{"r": 0.0, "l": 1000, "t": 1142.721949}
{"r": 0.0, "l": 1000, "t": 1150.387663}
{"r": 0.0, "l": 1000, "t": 1158.518082}
{"r": 0.0, "l": 1000, "t": 1166.482049}
{"r": 0.0, "l": 1000, "t": 1174.244285}
{"r": 0.0, "l": 1000, "t": 1182.624137}
{"r": 0.0, "l": 1000, "t": 1190.745505}
{"r": 0.0, "l": 1000, "t": 1198.320993}
{"r": 0.0, "l": 1000, "t": 1206.629162}
{"r": 0.0, "l": 1000, "t": 1214.800586}
{"r": 0.0, "l": 1000, "t": 1222.327655}
{"r": 0.0, "l": 1000, "t": 1230.7321}
{"r": 0.0, "l": 1000, "t": 1238.861097}
{"r": 0.0, "l": 1000, "t": 1246.442032}
{"r": 0.0, "l": 1000, "t": 1254.777472}
{"r": 0.0, "l": 1000, "t": 1263.092127}
{"r": 0.0, "l": 1000, "t": 1270.980594}
{"r": 0.0, "l": 1000, "t": 1278.969749}
{"r": 0.0, "l": 1000, "t": 1287.448282}
{"r": 0.0, "l": 1000, "t": 1295.394085}
{"r": 0.0, "l": 1000, "t": 1303.117367}
{"r": 0.0, "l": 1000, "t": 1311.564852}
{"r": 0.0, "l": 1000, "t": 1319.800271}
{"r": 0.0, "l": 1000, "t": 1327.72829}
{"r": 0.0, "l": 1000, "t": 1335.630923}
{"r": 0.0, "l": 1000, "t": 1343.936467}
{"r": 0.0, "l": 1000, "t": 1352.045589}
{"r": 0.0, "l": 1000, "t": 1360.091567}
{"r": 0.0, "l": 1000, "t": 1368.515748}
{"r": 0.0, "l": 1000, "t": 1377.735332}
{"r": 0.0, "l": 1000, "t": 1386.720816}
{"r": 0.0, "l": 1000, "t": 1395.659128}
{"r": 0.0, "l": 1000, "t": 1404.221701}
{"r": 0.0, "l": 1000, "t": 1413.418263}
{"r": 0.0, "l": 1000, "t": 1422.274842}
{"r": 0.0, "l": 1000, "t": 1433.533572}
{"r": 0.0, "l": 1000, "t": 1448.773683}
{"r": 0.0, "l": 1000, "t": 1464.547737}
{"r": 0.0, "l": 1000, "t": 1480.731132}
{"r": 0.0, "l": 1000, "t": 1496.76227}
{"r": 0.0, "l": 1000, "t": 1512.511797}
{"r": 0.0, "l": 1000, "t": 1527.269034}
{"r": 0.0, "l": 1000, "t": 1544.084127}
{"r": 0.0, "l": 1000, "t": 1559.839345}
{"r": 0.0, "l": 1000, "t": 1576.595817}
{"r": 0.0, "l": 1000, "t": 1592.990173}
{"r": 0.0, "l": 1000, "t": 1609.133423}
{"r": 0.0, "l": 1000, "t": 1624.340179}
{"r": 0.0, "l": 1000, "t": 1641.040074}
{"r": 0.0, "l": 1000, "t": 1657.731093}
{"r": 0.0, "l": 1000, "t": 1673.533375}
{"r": 0.0, "l": 1000, "t": 1689.943365}
{"r": 0.0, "l": 1000, "t": 1705.804378}
{"r": 0.0, "l": 1000, "t": 1720.557185}
{"r": 0.0, "l": 1000, "t": 1737.291523}
{"r": 0.0, "l": 1000, "t": 1753.830606}
{"r": 0.0, "l": 1000, "t": 1770.512414}
{"r": 0.0, "l": 1000, "t": 1786.225923}
{"r": 0.0, "l": 1000, "t": 1801.763391}
{"r": 0.0, "l": 1000, "t": 1818.003183}
{"r": 0.0, "l": 1000, "t": 1834.370115}
{"r": 0.0, "l": 1000, "t": 1850.197509}
{"r": 0.0, "l": 1000, "t": 1865.788219}
{"r": 0.0,