{"t_start": 1515797133.4353287, "gym_version": "0.9.2", "env_id": "GridWorldNoFrameskip-v4"}
{"r": 0.0, "l": 1000, "t": 12.79569}
{"r": 0.0, "l": 1000, "t": 22.103233}
{"r": 0.0, "l": 1000, "t": 30.338175}
{"r": 0.0, "l": 1000, "t": 39.261014}
{"r": 0.0, "l": 1000, "t": 47.688186}
{"r": 0.0, "l": 1000, "t": 55.878865}
{"r": 0.0, "l": 1000, "t": 64.854467}
{"r": 0.0, "l": 1000, "t": 73.373556}
{"r": 0.0, "l": 1000, "t": 82.345961}
{"r": 0.0, "l": 1000, "t": 90.462578}
{"r": 0.0, "l": 1000, "t": 99.072636}
{"r": 0.0, "l": 1000, "t": 107.77969}
{"r": 0.0, "l": 1000, "t": 116.651747}
{"r": 0.0, "l": 1000, "t": 125.312351}
{"r": 0.0, "l": 1000, "t": 134.043367}
{"r": 0.0, "l": 1000, "t": 142.886869}
{"r": 0.0, "l": 1000, "t": 151.078476}
{"r": 0.0, "l": 1000, "t": 159.533113}
{"r": 0.0, "l": 1000, "t": 168.021612}
{"r": 0.0, "l": 1000, "t": 176.490727}
{"r": 0.0, "l": 1000, "t": 184.871175}
{"r": 0.0, "l": 1000, "t": 193.064916}
{"r": 0.0, "l": 1000, "t": 201.749826}
{"r": 0.0, "l": 1000, "t": 210.161874}
{"r": 0.0, "l": 1000, "t": 218.490441}
{"r": 0.0, "l": 1000, "t": 227.420445}
{"r": 0.0, "l": 1000, "t": 235.595564}
{"r": 0.0, "l": 1000, "t": 244.713383}
{"r": 0.0, "l": 1000, "t": 252.977523}
{"r": 0.0, "l": 1000, "t": 261.883813}
{"r": 0.0, "l": 1000, "t": 270.169898}
{"r": 0.0, "l": 1000, "t": 278.859927}
{"r": 0.0, "l": 1000, "t": 287.321648}
{"r": 0.0, "l": 1000, "t": 296.026716}
{"r": 0.0, "l": 1000, "t": 304.509219}
{"r": 0.0, "l": 1000, "t": 313.300513}
{"r": 0.0, "l": 1000, "t": 321.78209}
{"r": 0.0, "l": 1000, "t": 330.519575}
{"r": 0.0, "l": 1000, "t": 339.010915}
{"r": 0.0, "l": 1000, "t": 347.445978}
{"r": 0.0, "l": 1000, "t": 355.105129}
{"r": 0.0, "l": 1000, "t": 363.223076}
{"r": 0.0, "l": 1000, "t": 370.876886}
{"r": 0.0, "l": 1000, "t": 378.892522}
{"r": 0.0, "l": 1000, "t": 386.676163}
{"r": 0.0, "l": 1000, "t": 394.575106}
{"r": 0.0, "l": 1000, "t": 402.202714}
{"r": 0.0, "l": 1000, "t": 410.217557}
{"r": 0.0, "l": 1000, "t": 417.975213}
{"r": 0.0, "l": 1000, "t": 426.160395}
{"r": 0.0, "l": 1000, "t": 433.675643}
{"r": 0.0, "l": 1000, "t": 441.644167}
{"r": 0.0, "l": 1000, "t": 449.249706}
{"r": 0.0, "l": 1000, "t": 457.143438}
{"r": 0.0, "l": 1000, "t": 464.822552}
{"r": 0.0, "l": 1000, "t": 472.879976}
{"r": 0.0, "l": 1000, "t": 480.533314}
{"r": 0.0, "l": 1000, "t": 488.690225}
{"r": 0.0, "l": 1000, "t": 496.564189}
{"r": 0.0, "l": 1000, "t": 504.325068}
{"r": 0.0, "l": 1000, "t": 512.465622}
{"r": 0.0, "l": 1000, "t": 520.100946}
{"r": 0.0, "l": 1000, "t": 528.137254}
{"r": 0.0, "l": 1000, "t": 535.600387}
{"r": 0.0, "l": 1000, "t": 543.829515}
{"r": 0.0, "l": 1000, "t": 551.273423}
{"r": 0.0, "l": 1000, "t": 559.372977}
{"r": 0.0, "l": 1000, "t": 567.283359}
{"r": 0.0, "l": 1000, "t": 576.226249}
{"r": 0.0, "l": 1000, "t": 584.423225}
{"r": 0.0, "l": 1000, "t": 593.317944}
{"r": 0.0, "l": 1000, "t": 602.079231}
{"r": 0.0, "l": 1000, "t": 610.110697}
{"r": 0.0, "l": 1000, "t": 617.980433}
{"r": 0.0, "l": 1000, "t": 625.704022}
{"r": 0.0, "l": 1000, "t": 633.82481}
{"r": 0.0, "l": 1000, "t": 641.42611}
{"r": 0.0, "l": 1000, "t": 649.724308}
{"r": 0.0, "l": 1000, "t": 657.901845}
{"r": 0.0, "l": 1000, "t": 666.55578}
{"r": 0.0, "l": 1000, "t": 675.43889}
{"r": 0.0, "l": 1000, "t": 683.87303}
{"r": 0.0, "l": 1000, "t": 692.760173}
{"r": 0.0, "l": 1000, "t": 701.263438}
{"r": 0.0, "l": 1000, "t": 710.217038}
{"r": 0.0, "l": 1000, "t": 718.871096}
{"r": 0.0, "l": 1000, "t": 727.484408}
{"r": 0.0, "l": 1000, "t": 736.53314}
{"r": 0.0, "l": 1000, "t": 744.741005}
{"r": 0.0, "l": 1000, "t": 753.160605}
{"r": 0.0, "l": 1000, "t": 761.05035}
{"r": 0.0, "l": 1000, "t": 768.965513}
{"r": 0.0, "l": 1000, "t": 777.104344}
{"r": 0.0, "l": 1000, "t": 785.187819}
{"r": 0.0, "l": 1000, "t": 793.046679}
{"r": 0.0, "l": 1000, "t": 801.11927}
{"r": 0.0, "l": 1000, "t": 808.824554}
{"r": 0.0, "l": 1000, "t": 817.072739}
{"r": 0.0, "l": 1000, "t": 824.746254}
{"r": 0.0, "l": 1000, "t": 832.774323}
{"r": 0.0, "l": 1000, "t": 840.783968}
{"r": 0.0, "l": 1000, "t": 848.515134}
{"r": 0.0, "l": 1000, "t": 856.385571}
{"r": 0.0, "l": 1000, "t": 864.015416}
{"r": 0.0, "l": 1000, "t": 871.893983}
{"r": 0.0, "l": 1000, "t": 879.535242}
{"r": 0.0, "l": 1000, "t": 887.690391}
{"r": 0.0, "l": 1000, "t": 895.258003}
{"r": 0.0, "l": 1000, "t": 903.625947}
{"r": 0.0, "l": 1000, "t": 911.627698}
{"r": 0.0, "l": 1000, "t": 919.350434}
{"r": 0.0, "l": 1000, "t": 927.333461}
{"r": 0.0, "l": 1000, "t": 934.866179}
{"r": 0.0, "l": 1000, "t": 942.955616}
{"r": 0.0, "l": 1000, "t": 950.461441}
{"r": 0.0, "l": 1000, "t": 958.78656}
{"r": 0.0, "l": 1000, "t": 966.693216}
{"r": 0.0, "l": 1000, "t": 974.337258}
{"r": 0.0, "l": 1000, "t": 982.643602}
{"r": 0.0, "l": 1000, "t": 990.648618}
{"r": 0.0, "l": 1000, "t": 998.744288}
{"r": 0.0, "l": 1000, "t": 1007.435748}
{"r": 0.0, "l": 1000, "t": 1015.973935}
{"r": 0.0, "l": 1000, "t": 1023.423083}
{"r": 0.0, "l": 1000, "t": 1031.616355}
{"r": 0.0, "l": 1000, "t": 1039.491234}
{"r": 0.0, "l": 1000, "t": 1047.339628}
{"r": 0.0, "l": 1000, "t": 1055.50953}
{"r": 0.0, "l": 1000, "t": 1062.875415}
{"r": 0.0, "l": 1000, "t": 1071.291014}
{"r": 0.0, "l": 1000, "t": 1079.578323}
{"r": 0.0, "l": 1000, "t": 1087.17331}
{"r": 0.0, "l": 1000, "t": 1095.104225}
{"r": 0.0, "l": 1000, "t": 1103.125431}
{"r": 0.0, "l": 1000, "t": 1110.951075}
{"r": 0.0, "l": 1000, "t": 1119.188169}
{"r": 0.0, "l": 1000, "t": 1127.140257}
{"r": 0.0, "l": 1000, "t": 1135.075567}
{"r": 0.0, "l": 1000, "t": 1143.311126}
{"r": 0.0, "l": 1000, "t": 1151.239976}
{"r": 0.0, "l": 1000, "t": 1158.948347}
{"r": 0.0, "l": 1000, "t": 1167.25479}
{"r": 0.0, "l": 1000, "t": 1175.086367}
{"r": 0.0, "l": 1000, "t": 1182.990043}
{"r": 0.0, "l": 1000, "t": 1191.324825}
{"r": 0.0, "l": 1000, "t": 1199.217933}
{"r": 0.0, "l": 1000, "t": 1206.963973}
{"r": 0.0, "l": 1000, "t": 1215.193756}
{"r": 0.0, "l": 1000, "t": 1223.098839}
{"r": 0.0, "l": 1000, "t": 1231.082422}
{"r": 0.0, "l": 1000, "t": 1239.466727}
{"r": 0.0, "l": 1000, "t": 1247.384584}
{"r": 0.0, "l": 1000, "t": 1255.131766}
{"r": 0.0, "l": 1000, "t": 1263.436179}
{"r": 0.0, "l": 1000, "t": 1271.598665}
{"r": 0.0, "l": 1000, "t": 1279.753057}
{"r": 0.0, "l": 1000, "t": 1287.691828}
{"r": 0.0, "l": 1000, "t": 1295.749922}
{"r": 0.0, "l": 1000, "t": 1303.543141}
{"r": 0.0, "l": 1000, "t": 1311.722124}
{"r": 0.0, "l": 1000, "t": 1319.800562}
{"r": 0.0, "l": 1000, "t": 1327.979465}
{"r": 0.0, "l": 1000, "t": 1335.599761}
{"r": 0.0, "l": 1000, "t": 1343.789321}
{"r": 0.0, "l": 1000, "t": 1351.606947}
{"r": 0.0, "l": 1000, "t": 1359.398276}
{"r": 0.0, "l": 1000, "t": 1368.149663}
{"r": 0.0, "l": 1000, "t": 1377.294827}
{"r": 0.0, "l": 1000, "t": 1386.103374}
{"r": 0.0, "l": 1000, "t": 1394.730475}
{"r": 0.0, "l": 1000, "t": 1403.837981}
{"r": 0.0, "l": 1000, "t": 1412.806042}
{"r": 0.0, "l": 1000, "t": 1421.443535}
{"r": 0.0, "l": 1000, "t": 1432.233236}
{"r": 0.0, "l": 1000, "t": 1447.811937}
{"r": 0.0, "l": 1000, "t": 1463.815566}
{"r": 0.0, "l": 1000, "t": 1479.858507}
{"r": 0.0, "l": 1000, "t": 1495.993335}
{"r": 0.0, "l": 1000, "t": 1512.472069}
{"r": 0.0, "l": 1000, "t": 1527.298272}
{"r": 0.0, "l": 1000, "t": 1544.050153}
{"r": 0.0, "l": 1000, "t": 1559.341212}
{"r": 0.0, "l": 1000, "t": 1575.735149}
{"r": 0.0, "l": 1000, "t": 1591.905414}
{"r": 0.0, "l": 1000, "t": 1607.993055}
{"r": 0.0, "l": 1000, "t": 1623.615893}
{"r": 0.0, "l": 1000, "t": 1640.293314}
{"r": 0.0, "l": 1000, "t": 1656.283551}
{"r": 0.0, "l": 1000, "t": 1672.863426}
{"r": 0.0, "l": 1000, "t": 1688.655766}
{"r": 0.0, "l": 1000, "t": 1704.291348}
{"r": 0.0, "l": 1000, "t": 1719.494004}
{"r": 0.0, "l": 1000, "t": 1736.428523}
{"r": 0.0, "l": 1000, "t": 1752.216675}
{"r": 0.0, "l": 1000, "t": 1768.481447}
{"r": 0.0, "l": 1000, "t": 1784.944085}
{"r": 0.0, "l": 1000, "t": 1800.781903}
{"r": 0.0, "l": 1000, "t": 1817.089922}
{"r": 0.0, "l": 1000, "t": 1833.539134}
{"r": 0.0, "l": 1000, "t": 1849.815717}
{"r": 0.0, "l": 1000, "t": 1865.466531}
{"r": 0.0,