{"nupdates": 17400, "total_timesteps": 348000, "fps": 79, "policy_entropy": 1.2801978588104248, "value_loss": 0.0004727297055069357, "explained_variance": -0.14157366752624512}
{"nupdates": 17500, "total_timesteps": 350000, "fps": 79, "policy_entropy": 1.4293712377548218, "value_loss": 2.525813215470407e-05, "explained_variance": 0.15012484788894653}
{"nupdates": 17600, "total_timesteps": 352000, "fps": 79, "policy_entropy": 1.5679582357406616, "value_loss": 0.24248257279396057, "explained_variance": -0.3767578601837158}
{"nupdates": 17700, "total_timesteps": 354000, "fps": 78, "policy_entropy": 1.5963561534881592, "value_loss": 0.0001894952729344368, "explained_variance": 0.11294686794281006}
{"nupdates": 17800, "total_timesteps": 356000, "fps": 78, "policy_entropy": 1.588853120803833, "value_loss": 0.7015071511268616, "explained_variance": -0.05046427249908447}
{"nupdates": 17900, "total_timesteps": 358000, "fps": 78, "policy_entropy": 1.5869009494781494, "value_loss": 0.00011982310388702899, "explained_variance": -3.305762767791748}
{"nupdates": 18000, "total_timesteps": 360000, "fps": 77, "policy_entropy": 1.5852882862091064, "value_loss": 2.703052268770989e-05, "explained_variance": -2.1756207942962646}
{"nupdates": 18100, "total_timesteps": 362000, "fps": 77, "policy_entropy": 1.5287705659866333, "value_loss": 0.00016830761160235852, "explained_variance": -0.21972918510437012}
{"nupdates": 18200, "total_timesteps": 364000, "fps": 77, "policy_entropy": 1.514785885810852, "value_loss": 2.0693947590189055e-05, "explained_variance": -1.1673104763031006}
{"nupdates": 18300, "total_timesteps": 366000, "fps": 77, "policy_entropy": 1.544428825378418, "value_loss": 0.0001389699027640745, "explained_variance": -1.1264772415161133}
{"nupdates": 18400, "total_timesteps": 368000, "fps": 76, "policy_entropy": 1.5053213834762573, "value_loss": 0.00024588199448771775, "explained_variance": -0.7448259592056274}
{"nupdates": 18500, "total_timesteps": 370000, "fps": 76, "policy_entropy": 1.5695395469665527, "value_loss": 0.00015127923688851297, "explained_variance": -3.0396499633789062}
{"nupdates": 18600, "total_timesteps": 372000, "fps": 76, "policy_entropy": 1.5651856660842896, "value_loss": 6.854932144051418e-05, "explained_variance": -0.17393040657043457}
{"nupdates": 18700, "total_timesteps": 374000, "fps": 75, "policy_entropy": 1.5525981187820435, "value_loss": 0.00016499492630828172, "explained_variance": -1.2009520530700684}
{"nupdates": 18800, "total_timesteps": 376000, "fps": 75, "policy_entropy": 1.5996614694595337, "value_loss": 1.3152336578059476e-05, "explained_variance": 0.2070261836051941}
{"nupdates": 18900, "total_timesteps": 378000, "fps": 75, "policy_entropy": 1.5812667608261108, "value_loss": 1.0256912901240867e-06, "explained_variance": -0.5005007982254028}
{"nupdates": 19000, "total_timesteps": 380000, "fps": 75, "policy_entropy": 1.5829946994781494, "value_loss": 9.513513759884518e-06, "explained_variance": -0.9777939319610596}
{"nupdates": 19100, "total_timesteps": 382000, "fps": 74, "policy_entropy": 1.5908534526824951, "value_loss": 3.4675692859309493e-06, "explained_variance": 0.2149742841720581}
{"nupdates": 19200, "total_timesteps": 384000, "fps": 74, "policy_entropy": 1.585496187210083, "value_loss": 1.8122067558579147e-05, "explained_variance": -0.1513427495956421}
{"nupdates": 19300, "total_timesteps": 386000, "fps": 74, "policy_entropy": 1.5966339111328125, "value_loss": 2.9819197152392007e-05, "explained_variance": -1.6252048015594482}
{"nupdates": 19400, "total_timesteps": 388000, "fps": 74, "policy_entropy": 1.5936590433120728, "value_loss": 1.2222202713019215e-05, "explained_variance": -0.20557093620300293}
{"nupdates": 19500, "total_timesteps": 390000, "fps": 74, "policy_entropy": 1.596953272819519, "value_loss": 2.0171224605292082e-05, "explained_variance": -0.16416478157043457}
{"nupdates": 19600, "total_timesteps": 392000, "fps": 73, "policy_entropy": 1.6059949398040771, "value_loss": 0.00012486883497331291, "explained_variance": -0.7860760688781738}
{"nupdates": 19700, "total_timesteps": 394000, "fps": 73, "policy_entropy": 1.6008110046386719, "value_loss": 8.169522516254801e-06, "explained_variance": -7.573575973510742}
{"nupdates": 19800, "total_timesteps": 396000, "fps": 73, "policy_entropy": 1.6028159856796265, "value_loss": 6.3253928601625375e-06, "explained_variance": 0.18725550174713135}
{"nupdates": 19900, "total_timesteps": 398000, "fps": 73, "policy_entropy": 1.5986554622650146, "value_loss": 1.7331203707726672e-05, "explained_variance": -1.6894264221191406}
{"nupdates": 20000, "total_timesteps": 400000, "fps": 72, "policy_entropy": 1.6018683910369873, "value_loss": 1.324525442214508e-06, "explained_variance": 0.08689373731613159}
{"nupdates": 20100, "total_timesteps": 402000, "fps": 72, "policy_entropy": 1.604233741760254, "value_loss": 1.3362934623728506e-05, "explained_variance": 0.003930568695068359}
{"nupdates": 20200, "total_timesteps": 404000, "fps": 72, "policy_entropy": 1.5921971797943115, "value_loss": 7.384160653600702e-06, "explained_variance": -1.261608362197876}
{"nupdates": 20300, "total_timesteps": 406000, "fps": 72, "policy_entropy": 1.6048122644424438, "value_loss": 1.2660770153161138e-05, "explained_variance": -1.2533633708953857}
{"nupdates": 20400, "total_timesteps": 408000, "fps": 72, "policy_entropy": 1.6051629781723022, "value_loss": 7.415991603920702e-06, "explained_variance": -3.0205612182617188}
{"nupdates": 20500, "total_timesteps": 410000, "fps": 71, "policy_entropy": 1.606175422668457, "value_loss": 4.043466105940752e-06, "explained_variance": -4.179749488830566}
{"nupdates": 20600, "total_timesteps": 412000, "fps": 71, "policy_entropy": 1.6078150272369385, "value_loss": 0.2958187460899353, "explained_variance": -0.02850484848022461}
{"nupdates": 20700, "total_timesteps": 414000, "fps": 71, "policy_entropy": 1.6070191860198975, "value_loss": 0.001507028006017208, "explained_variance": -11.959575653076172}
{"nupdates": 20800, "total_timesteps": 416000, "fps": 71, "policy_entropy": 1.6068776845932007, "value_loss": 0.00020017343922518194, "explained_variance": -0.29651153087615967}
{"nupdates": 20900, "total_timesteps": 418000, "fps": 71, "policy_entropy": 1.608046293258667, "value_loss": 0.0021398200187832117, "explained_variance": -5.911387920379639}
{"nupdates": 21000, "total_timesteps": 420000, "fps": 71, "policy_entropy": 1.60173761844635, "value_loss": 0.0006288454751484096, "explained_variance": 0.009756028652191162}
{"nupdates": 21100, "total_timesteps": 422000, "fps": 70, "policy_entropy": 1.5957590341567993, "value_loss": 0.0002476294757798314, "explained_variance": -0.07214236259460449}
{"nupdates": 21200, "total_timesteps": 424000, "fps": 70, "policy_entropy": 1.5983898639678955, "value_loss": 0.0008670447277836502, "explained_variance": -0.05599498748779297}
{"nupdates": 21300, "total_timesteps": 426000, "fps": 70, "policy_entropy": 1.604034423828125, "value_loss": 0.17545251548290253, "explained_variance": -0.05530595779418945}
{"nupdates": 21400, "total_timesteps": 428000, "fps": 70, "policy_entropy": 1.6002435684204102, "value_loss": 0.0006622065557166934, "explained_variance": 0.03689694404602051}
{"nupdates": 21500, "total_timesteps": 430000, "fps": 70, "policy_entropy": 1.6043636798858643, "value_loss": 0.00047245537280105054, "explained_variance": -0.01371622085571289}
{"nupdates": 21600, "total_timesteps": 432000, "fps": 69, "policy_entropy": 1.6004993915557861, "value_loss": 8.71005468070507e-05, "explained_variance": -0.0515826940536499}
{"nupdates": 21700, "total_timesteps": 434000, "fps": 69, "policy_entropy": 1.5936455726623535, "value_loss": 2.219881207565777e-05, "explained_variance": -0.5761213302612305}
{"nupdates": 21800, "total_timesteps": 436000, "fps": 69, "policy_entropy": 1.5808558464050293, "value_loss": 3.9259517507161945e-05, "explained_variance": -0.4972580671310425}
{"nupdates": 21900, "total_timesteps": 438000, "fps": 69,