{"t_start": 1515767842.3911624, "gym_version": "0.9.2", "env_id": "GridWorldNoFrameskip-v4"}
{"r": 0.0, "l": 1000, "t": 17.229115}
{"r": 0.0, "l": 1000, "t": 36.807359}
{"r": 0.0, "l": 1000, "t": 57.553435}
{"r": 0.0, "l": 1000, "t": 77.409068}
{"r": 0.0, "l": 1000, "t": 98.251786}
{"r": 0.0, "l": 1000, "t": 118.081501}
{"r": 0.0, "l": 1000, "t": 138.221855}
{"r": 0.0, "l": 1000, "t": 158.757853}
{"r": 0.0, "l": 1000, "t": 178.886341}
{"r": 0.0, "l": 1000, "t": 199.649409}
{"r": 0.0, "l": 1000, "t": 220.316909}
{"r": 0.0, "l": 1000, "t": 240.422425}
{"r": 0.0, "l": 1000, "t": 261.303078}
{"r": 0.0, "l": 1000, "t": 281.971526}
{"r": 0.0, "l": 1000, "t": 302.090529}
{"r": 0.0, "l": 1000, "t": 321.70767}
{"r": 0.0, "l": 1000, "t": 342.496314}
{"r": 0.0, "l": 1000, "t": 362.47454}
{"r": 0.0, "l": 1000, "t": 382.9072}
{"r": 0.0, "l": 1000, "t": 403.280752}
{"r": 0.0, "l": 1000, "t": 424.00034}
{"r": 0.0, "l": 1000, "t": 444.957193}
{"r": 0.0, "l": 1000, "t": 465.810201}
{"r": 0.0, "l": 1000, "t": 485.675871}
{"r": 0.0, "l": 1000, "t": 506.272287}
{"r": 0.0, "l": 1000, "t": 527.578864}
{"r": 0.0, "l": 1000, "t": 546.739262}
{"r": 0.0, "l": 1000, "t": 567.158116}
{"r": 0.0, "l": 1000, "t": 588.101253}
{"r": 0.0, "l": 1000, "t": 608.652948}
{"r": 0.0, "l": 1000, "t": 629.558004}
{"r": 0.0, "l": 1000, "t": 649.886946}
{"r": 0.0, "l": 1000, "t": 670.475582}
{"r": 0.0, "l": 1000, "t": 691.279465}
{"r": 0.0, "l": 1000, "t": 711.468925}
{"r": 0.0, "l": 1000, "t": 731.504584}
{"r": 0.0, "l": 1000, "t": 751.750234}
{"r": 0.0, "l": 1000, "t": 772.770137}
{"r": 0.0, "l": 1000, "t": 793.926282}
{"r": 0.0, "l": 1000, "t": 814.240033}
{"r": 0.0, "l": 1000, "t": 835.348954}
{"r": 0.0, "l": 1000, "t": 855.786399}
{"r": 0.0, "l": 1000, "t": 877.669835}
{"r": 0.0, "l": 1000, "t": 898.298002}
{"r": 0.0, "l": 1000, "t": 919.933957}
{"r": 0.0, "l": 1000, "t": 939.730899}
{"r": 0.0, "l": 1000, "t": 959.905312}
{"r": 0.0, "l": 1000, "t": 980.528834}
{"r": 0.0, "l": 1000, "t": 1001.138644}
{"r": 0.0, "l": 1000, "t": 1021.249204}
{"r": 0.0, "l": 1000, "t": 1041.651019}
{"r": 0.0, "l": 1000, "t": 1061.857048}
{"r": 0.0, "l": 1000, "t": 1082.112843}
{"r": 0.0, "l": 1000, "t": 1102.575674}
{"r": 0.0, "l": 1000, "t": 1123.839461}
{"r": 0.0, "l": 1000, "t": 1144.183078}
{"r": 0.0, "l": 1000, "t": 1164.829792}
{"r": 0.0, "l": 1000, "t": 1184.998864}
{"r": 0.0, "l": 1000, "t": 1205.407005}
{"r": 0.0, "l": 1000, "t": 1225.299704}
{"r": 0.0, "l": 1000, "t": 1247.243256}
{"r": 0.0, "l": 1000, "t": 1266.929131}
{"r": 0.0, "l": 1000, "t": 1288.405038}
{"r": 0.0, "l": 1000, "t": 1309.610692}
{"r": 0.0, "l": 1000, "t": 1330.030957}
{"r": 0.0, "l": 1000, "t": 1350.869556}
{"r": 0.0, "l": 1000, "t": 1371.505022}
{"r": 0.0, "l": 1000, "t": 1391.754622}
{"r": 0.0, "l": 1000, "t": 1412.054946}
{"r": 0.0, "l": 1000, "t": 1432.71521}
{"r": 0.0, "l": 1000, "t": 1453.048195}
{"r": 0.0, "l": 1000, "t": 1473.145117}
{"r": 0.0, "l": 1000, "t": 1494.91879}
{"r": 0.0, "l": 1000, "t": 1515.00895}
{"r": 0.0, "l": 1000, "t": 1536.559703}
{"r": 0.0, "l": 1000, "t": 1557.077224}
{"r": 0.0, "l": 1000, "t": 1577.69727}
{"r": 0.0, "l": 1000, "t": 1597.790807}
{"r": 0.0, "l": 1000, "t": 1618.589563}
{"r": 0.0, "l": 1000, "t": 1639.78704}
{"r": 0.0, "l": 1000, "t": 1660.925634}
{"r": 0.0, "l": 1000, "t": 1681.119623}
{"r": 0.0, "l": 1000, "t": 1701.477254}
{"r": 0.0, "l": 1000, "t": 1722.37133}
{"r": 0.0, "l": 1000, "t": 1742.732509}
{"r": 0.0, "l": 1000, "t": 1764.023195}
{"r": 0.0, "l": 1000, "t": 1784.535349}
{"r": 0.0, "l": 1000, "t": 1805.50247}
{"r": 0.0, "l": 1000, "t": 1825.42938}
{"r": 0.0, "l": 1000, "t": 1846.84541}
{"r": 0.0, "l": 1000, "t": 1867.482742}
{"r": 0.0, "l": 1000, "t": 1888.457316}
{"r": 0.0, "l": 1000, "t": 1909.089603}
{"r": 0.0, "l": 1000, "t": 1930.874986}
{"r": 0.0, "l": 1000, "t": 1951.928407}
{"r": 0.0, "l": 1000, "t": 1972.408564}
{"r": 0.0, "l": 1000, "t": 1992.196644}
{"r": 0.0, "l": 1000, "t": 2012.421108}
{"r": 0.0, "l": 1000, "t": 2032.896327}
{"r": 0.0, "l": 1000, "t": 2053.514018}
{"r": 0.0, "l": 1000, "t": 2074.199108}
{"r": 0.0, "l": 1000, "t": 2094.941147}
{"r": 0.0, "l": 1000, "t": 2115.751076}
{"r": 0.0, "l": 1000, "t": 2137.440867}
{"r": 0.0, "l": 1000, "t": 2158.360296}
{"r": 0.0, "l": 1000, "t": 2178.824999}
{"r": 0.0, "l": 1000, "t": 2199.57977}
{"r": 0.0, "l": 1000, "t": 2221.174512}
{"r": 0.0, "l": 1000, "t": 2242.073595}
{"r": 0.0, "l": 1000, "t": 2263.195162}
{"r": 0.0, "l": 1000, "t": 2284.693866}
{"r": 0.0, "l": 1000, "t": 2305.429875}
{"r": 0.0, "l": 1000, "t": 2326.119965}
{"r": 0.0, "l": 1000, "t": 2347.086234}
{"r": 0.0, "l": 1000, "t": 2366.390816}
{"r": 0.0, "l": 1000, "t": 2388.142767}
{"r": 0.0, "l": 1000, "t": 2408.849251}
{"r": 0.0, "l": 1000, "t": 2429.818958}
{"r": 0.0, "l": 1000, "t": 2450.569185}
{"r": 0.0, "l": 1000, "t": 2471.479895}
{"r": 0.0, "l": 1000, "t": 2492.962712}
{"r": 0.0, "l": 1000, "t": 2513.300196}
{"r": 0.0, "l": 1000, "t": 2534.150502}
{"r": 0.0, "l": 1000, "t": 2555.029235}
{"r": 0.0, "l": 1000, "t": 2575.369314}
{"r": 0.0, "l": 1000, "t": 2595.745043}
{"r": 0.0, "l": 1000, "t": 2615.989225}
{"r": 0.0, "l": 1000, "t": 2636.880962}
{"r": 0.0, "l": 1000, "t": 2657.614959}
{"r": 0.0, "l": 1000, "t": 2678.960804}
{"r": 0.0, "l": 1000, "t": 2699.854248}
{"r": 0.0, "l": 1000, "t": 2720.595771}
