{"t_start": 1515767842.3911564, "gym_version": "0.9.2", "env_id": "GridWorldNoFrameskip-v4"}
{"r": 0.0, "l": 1000, "t": 16.459909}
{"r": 0.0, "l": 1000, "t": 35.938208}
{"r": 0.0, "l": 1000, "t": 55.958983}
{"r": 0.0, "l": 1000, "t": 76.243764}
{"r": 0.0, "l": 1000, "t": 96.712996}
{"r": 0.0, "l": 1000, "t": 116.965328}
{"r": 0.0, "l": 1000, "t": 136.71938}
{"r": 0.0, "l": 1000, "t": 157.35493}
{"r": 0.0, "l": 1000, "t": 177.562376}
{"r": 0.0, "l": 1000, "t": 197.699152}
{"r": 0.0, "l": 1000, "t": 218.524032}
{"r": 0.0, "l": 1000, "t": 238.707899}
{"r": 0.0, "l": 1000, "t": 259.361171}
{"r": 0.0, "l": 1000, "t": 280.049616}
{"r": 0.0, "l": 1000, "t": 300.656684}
{"r": 0.0, "l": 1000, "t": 320.795922}
{"r": 0.0, "l": 1000, "t": 341.053943}
{"r": 0.0, "l": 1000, "t": 361.047936}
{"r": 0.0, "l": 1000, "t": 381.388822}
{"r": 0.0, "l": 1000, "t": 401.716112}
{"r": 0.0, "l": 1000, "t": 423.259629}
{"r": 0.0, "l": 1000, "t": 444.273277}
{"r": 0.0, "l": 1000, "t": 465.005265}
{"r": 0.0, "l": 1000, "t": 485.54276}
{"r": 0.0, "l": 1000, "t": 505.577594}
{"r": 0.0, "l": 1000, "t": 527.492585}
{"r": 0.0, "l": 1000, "t": 546.676124}
{"r": 0.0, "l": 1000, "t": 566.748189}
{"r": 0.0, "l": 1000, "t": 587.155868}
{"r": 0.0, "l": 1000, "t": 607.969772}
{"r": 0.0, "l": 1000, "t": 628.626755}
{"r": 0.0, "l": 1000, "t": 648.985388}
{"r": 0.0, "l": 1000, "t": 669.553588}
{"r": 0.0, "l": 1000, "t": 691.12271}
{"r": 0.0, "l": 1000, "t": 710.666921}
{"r": 0.0, "l": 1000, "t": 731.076339}
{"r": 0.0, "l": 1000, "t": 751.759023}
{"r": 0.0, "l": 1000, "t": 772.779079}
{"r": 0.0, "l": 1000, "t": 793.95017}
{"r": 0.0, "l": 1000, "t": 814.663198}
{"r": 0.0, "l": 1000, "t": 835.238884}
{"r": 0.0, "l": 1000, "t": 854.85434}
{"r": 0.0, "l": 1000, "t": 876.026531}
{"r": 0.0, "l": 1000, "t": 896.676017}
{"r": 0.0, "l": 1000, "t": 918.16502}
{"r": 0.0, "l": 1000, "t": 938.790246}
{"r": 0.0, "l": 1000, "t": 958.582315}
{"r": 0.0, "l": 1000, "t": 979.718785}
{"r": 0.0, "l": 1000, "t": 999.903425}
{"r": 0.0, "l": 1000, "t": 1019.752444}
{"r": 0.0, "l": 1000, "t": 1040.789716}
{"r": 0.0, "l": 1000, "t": 1061.106264}
{"r": 0.0, "l": 1000, "t": 1081.444025}
{"r": 0.0, "l": 1000, "t": 1102.06697}
{"r": 0.0, "l": 1000, "t": 1122.842629}
{"r": 0.0, "l": 1000, "t": 1143.499145}
{"r": 0.0, "l": 1000, "t": 1164.08282}
{"r": 0.0, "l": 1000, "t": 1184.342209}
{"r": 0.0, "l": 1000, "t": 1204.706842}
{"r": 0.0, "l": 1000, "t": 1225.307504}
{"r": 0.0, "l": 1000, "t": 1247.276775}
{"r": 0.0, "l": 1000, "t": 1267.553619}
{"r": 0.0, "l": 1000, "t": 1289.289681}
{"r": 0.0, "l": 1000, "t": 1310.066502}
{"r": 0.0, "l": 1000, "t": 1331.183864}
{"r": 0.0, "l": 1000, "t": 1351.638063}
{"r": 0.0, "l": 1000, "t": 1371.565591}
{"r": 0.0, "l": 1000, "t": 1392.528261}
{"r": 0.0, "l": 1000, "t": 1412.828864}
{"r": 0.0, "l": 1000, "t": 1432.823161}
{"r": 0.0, "l": 1000, "t": 1453.140834}
{"r": 0.0, "l": 1000, "t": 1473.99354}
{"r": 0.0, "l": 1000, "t": 1494.952573}
{"r": 0.0, "l": 1000, "t": 1515.059798}
{"r": 0.0, "l": 1000, "t": 1536.054368}
{"r": 0.0, "l": 1000, "t": 1556.995502}
{"r": 0.0, "l": 1000, "t": 1577.171283}
{"r": 0.0, "l": 1000, "t": 1597.866725}
{"r": 0.0, "l": 1000, "t": 1618.551066}
{"r": 0.0, "l": 1000, "t": 1639.428415}
{"r": 0.0, "l": 1000, "t": 1660.539031}
{"r": 0.0, "l": 1000, "t": 1681.121415}
{"r": 0.0, "l": 1000, "t": 1701.437871}
{"r": 0.0, "l": 1000, "t": 1722.341628}
{"r": 0.0, "l": 1000, "t": 1742.781103}
{"r": 0.0, "l": 1000, "t": 1764.10803}
{"r": 0.0, "l": 1000, "t": 1784.066755}
{"r": 0.0, "l": 1000, "t": 1805.53213}
{"r": 0.0, "l": 1000, "t": 1825.421997}
{"r": 0.0, "l": 1000, "t": 1846.873256}
{"r": 0.0, "l": 1000, "t": 1867.509343}
{"r": 0.0, "l": 1000, "t": 1888.442789}
{"r": 0.0, "l": 1000, "t": 1909.124798}
{"r": 0.0, "l": 1000, "t": 1930.849355}
{"r": 0.0, "l": 1000, "t": 1951.985682}
{"r": 0.0, "l": 1000, "t": 1972.418018}
{"r": 0.0, "l": 1000, "t": 1992.22015}
{"r": 0.0, "l": 1000, "t": 2012.950771}
{"r": 0.0, "l": 1000, "t": 2032.860681}
{"r": 0.0, "l": 1000, "t": 2053.568798}
{"r": 0.0, "l": 1000, "t": 2074.234156}
{"r": 0.0, "l": 1000, "t": 2095.615561}
{"r": 0.0, "l": 1000, "t": 2116.977437}
{"r": 0.0, "l": 1000, "t": 2138.391212}
{"r": 0.0, "l": 1000, "t": 2158.630758}
{"r": 0.0, "l": 1000, "t": 2180.146029}
{"r": 0.0, "l": 1000, "t": 2200.530773}
{"r": 0.0, "l": 1000, "t": 2222.1157}
{"r": 0.0, "l": 1000, "t": 2242.389556}
{"r": 0.0, "l": 1000, "t": 2263.653209}
{"r": 0.0, "l": 1000, "t": 2284.717138}
{"r": 0.0, "l": 1000, "t": 2305.482339}
{"r": 0.0, "l": 1000, "t": 2325.997632}
{"r": 0.0, "l": 1000, "t": 2346.601087}
{"r": 0.0, "l": 1000, "t": 2366.972176}
{"r": 0.0, "l": 1000, "t": 2388.119504}
{"r": 0.0, "l": 1000, "t": 2408.226782}
{"r": 0.0, "l": 1000, "t": 2428.993761}
{"r": 0.0, "l": 1000, "t": 2449.087029}
{"r": 0.0, "l": 1000, "t": 2470.028209}
{"r": 0.0, "l": 1000, "t": 2491.36359}
{"r": 0.0, "l": 1000, "t": 2511.935127}
{"r": 0.0, "l": 1000, "t": 2532.109337}
{"r": 0.0, "l": 1000, "t": 2552.863858}
{"r": 0.0, "l": 1000, "t": 2573.574085}
{"r": 0.0, "l": 1000, "t": 2594.525213}
{"r": 0.0, "l": 1000, "t": 2614.874411}
{"r": 0.0, "l": 1000, "t": 2636.118068}
{"r": 0.0, "l": 1000, "t": 2656.727448}
{"r": 0.0, "l": 1000, "t": 2677.70696}
{"r": 0.0, "l": 1000, "t": 2697.947416}
{"r": 0.0, "l": 1000, "t": 2719.449861}
