{"t_start": 1515767842.3929853, "gym_version": "0.9.2", "env_id": "GridWorldNoFrameskip-v4"}
{"r": 0.0, "l": 1000, "t": 17.224533}
{"r": 0.0, "l": 1000, "t": 36.805733}
{"r": 0.0, "l": 1000, "t": 56.967516}
{"r": 0.0, "l": 1000, "t": 77.35726}
{"r": 0.0, "l": 1000, "t": 97.157531}
{"r": 0.0, "l": 1000, "t": 117.829209}
{"r": 0.0, "l": 1000, "t": 137.743496}
{"r": 0.0, "l": 1000, "t": 158.533028}
{"r": 0.0, "l": 1000, "t": 178.804977}
{"r": 0.0, "l": 1000, "t": 198.812362}
{"r": 0.0, "l": 1000, "t": 219.801203}
{"r": 0.0, "l": 1000, "t": 240.291991}
{"r": 0.0, "l": 1000, "t": 260.879047}
{"r": 0.0, "l": 1000, "t": 281.950493}
{"r": 0.0, "l": 1000, "t": 302.513333}
{"r": 0.0, "l": 1000, "t": 322.861249}
{"r": 0.0, "l": 1000, "t": 343.32867}
{"r": 0.0, "l": 1000, "t": 363.00242}
{"r": 0.0, "l": 1000, "t": 383.303216}
{"r": 0.0, "l": 1000, "t": 403.620321}
{"r": 0.0, "l": 1000, "t": 424.623935}
{"r": 0.0, "l": 1000, "t": 445.538594}
{"r": 0.0, "l": 1000, "t": 466.316117}
{"r": 0.0, "l": 1000, "t": 486.459964}
{"r": 0.0, "l": 1000, "t": 507.077118}
{"r": 0.0, "l": 1000, "t": 528.530209}
{"r": 0.0, "l": 1000, "t": 548.340957}
{"r": 0.0, "l": 1000, "t": 568.47526}
{"r": 0.0, "l": 1000, "t": 589.192626}
{"r": 0.0, "l": 1000, "t": 609.563024}
{"r": 0.0, "l": 1000, "t": 629.977206}
{"r": 0.0, "l": 1000, "t": 650.839527}
{"r": 0.0, "l": 1000, "t": 670.914066}
{"r": 0.0, "l": 1000, "t": 691.832724}
{"r": 0.0, "l": 1000, "t": 711.89886}
{"r": 0.0, "l": 1000, "t": 732.228096}
{"r": 0.0, "l": 1000, "t": 752.696061}
{"r": 0.0, "l": 1000, "t": 774.016431}
{"r": 0.0, "l": 1000, "t": 794.62431}
{"r": 0.0, "l": 1000, "t": 815.172386}
{"r": 0.0, "l": 1000, "t": 835.649582}
{"r": 0.0, "l": 1000, "t": 856.528107}
{"r": 0.0, "l": 1000, "t": 877.712709}
{"r": 0.0, "l": 1000, "t": 897.6248}
{"r": 0.0, "l": 1000, "t": 918.647465}
{"r": 0.0, "l": 1000, "t": 939.253191}
{"r": 0.0, "l": 1000, "t": 959.416947}
{"r": 0.0, "l": 1000, "t": 980.560373}
{"r": 0.0, "l": 1000, "t": 1001.199966}
{"r": 0.0, "l": 1000, "t": 1021.713616}
{"r": 0.0, "l": 1000, "t": 1042.195483}
{"r": 0.0, "l": 1000, "t": 1062.324174}
{"r": 0.0, "l": 1000, "t": 1083.084527}
{"r": 0.0, "l": 1000, "t": 1103.167451}
{"r": 0.0, "l": 1000, "t": 1124.43822}
{"r": 0.0, "l": 1000, "t": 1144.892261}
{"r": 0.0, "l": 1000, "t": 1165.697066}
{"r": 0.0, "l": 1000, "t": 1186.282235}
{"r": 0.0, "l": 1000, "t": 1206.589575}
{"r": 0.0, "l": 1000, "t": 1226.743241}
{"r": 0.0, "l": 1000, "t": 1248.953956}
{"r": 0.0, "l": 1000, "t": 1269.143694}
{"r": 0.0, "l": 1000, "t": 1290.929412}
{"r": 0.0, "l": 1000, "t": 1311.555942}
{"r": 0.0, "l": 1000, "t": 1333.081607}
{"r": 0.0, "l": 1000, "t": 1353.836167}
{"r": 0.0, "l": 1000, "t": 1373.581312}
{"r": 0.0, "l": 1000, "t": 1394.618762}
{"r": 0.0, "l": 1000, "t": 1414.910457}
{"r": 0.0, "l": 1000, "t": 1435.486358}
{"r": 0.0, "l": 1000, "t": 1455.947173}
{"r": 0.0, "l": 1000, "t": 1476.640891}
{"r": 0.0, "l": 1000, "t": 1498.303743}
{"r": 0.0, "l": 1000, "t": 1518.464025}
{"r": 0.0, "l": 1000, "t": 1539.684545}
{"r": 0.0, "l": 1000, "t": 1559.762647}
{"r": 0.0, "l": 1000, "t": 1579.684211}
{"r": 0.0, "l": 1000, "t": 1599.971016}
{"r": 0.0, "l": 1000, "t": 1620.601959}
{"r": 0.0, "l": 1000, "t": 1642.064677}
{"r": 0.0, "l": 1000, "t": 1662.845503}
{"r": 0.0, "l": 1000, "t": 1683.206801}
{"r": 0.0, "l": 1000, "t": 1703.791405}
{"r": 0.0, "l": 1000, "t": 1724.931683}
{"r": 0.0, "l": 1000, "t": 1745.068891}
{"r": 0.0, "l": 1000, "t": 1766.237651}
{"r": 0.0, "l": 1000, "t": 1786.785482}
{"r": 0.0, "l": 1000, "t": 1807.446115}
{"r": 0.0, "l": 1000, "t": 1827.481084}
{"r": 0.0, "l": 1000, "t": 1849.47554}
{"r": 0.0, "l": 1000, "t": 1870.274597}
{"r": 0.0, "l": 1000, "t": 1891.166462}
{"r": 0.0, "l": 1000, "t": 1911.595335}
{"r": 0.0, "l": 1000, "t": 1933.146085}
{"r": 0.0, "l": 1000, "t": 1953.703132}
{"r": 0.0, "l": 1000, "t": 1974.604601}
{"r": 0.0, "l": 1000, "t": 1995.009598}
{"r": 0.0, "l": 1000, "t": 2015.179393}
{"r": 0.0, "l": 1000, "t": 2035.543307}
{"r": 0.0, "l": 1000, "t": 2056.125871}
{"r": 0.0, "l": 1000, "t": 2076.488846}
{"r": 0.0, "l": 1000, "t": 2098.082414}
{"r": 0.0, "l": 1000, "t": 2119.427215}
{"r": 0.0, "l": 1000, "t": 2140.925852}
{"r": 0.0, "l": 1000, "t": 2161.482278}
{"r": 0.0, "l": 1000, "t": 2182.207175}
{"r": 0.0, "l": 1000, "t": 2203.029886}
{"r": 0.0, "l": 1000, "t": 2224.14953}
{"r": 0.0, "l": 1000, "t": 2245.1831}
{"r": 0.0, "l": 1000, "t": 2266.903284}
{"r": 0.0, "l": 1000, "t": 2287.369031}
{"r": 0.0, "l": 1000, "t": 2308.201077}
{"r": 0.0, "l": 1000, "t": 2328.746402}
{"r": 0.0, "l": 1000, "t": 2349.690431}
{"r": 0.0, "l": 1000, "t": 2369.947816}
{"r": 0.0, "l": 1000, "t": 2390.844213}
{"r": 0.0, "l": 1000, "t": 2411.604545}
{"r": 0.0, "l": 1000, "t": 2432.257233}
{"r": 0.0, "l": 1000, "t": 2452.175423}
{"r": 0.0, "l": 1000, "t": 2473.670941}
{"r": 0.0, "l": 1000, "t": 2494.946196}
{"r": 0.0, "l": 1000, "t": 2515.712848}
{"r": 0.0, "l": 1000, "t": 2537.058145}
{"r": 0.0, "l": 1000, "t": 2557.930474}
{"r": 0.0, "l": 1000, "t": 2578.149356}
{"r": 0.0, "l": 1000, "t": 2598.92713}
{"r": 0.0, "l": 1000, "t": 2619.138241}
{"r": 0.0, "l": 1000, "t": 2639.755616}
{"r": 0.0, "l": 1000, "t": 2661.055226}
{"r": 0.0, "l": 1000, "t": 2681.979681}
{"r": 0.0, "l": 1000, "t": 2702.536954}
{"r": 0.0, "l": 1000, "t": 2723.284245}
