{"t_start": 1515767842.394309, "gym_version": "0.9.2", "env_id": "GridWorldNoFrameskip-v4"}
{"r": 0.0, "l": 1000, "t": 17.185778}
{"r": 0.0, "l": 1000, "t": 36.422193}
{"r": 0.0, "l": 1000, "t": 55.955707}
{"r": 0.0, "l": 1000, "t": 76.597756}
{"r": 0.0, "l": 1000, "t": 97.020622}
{"r": 0.0, "l": 1000, "t": 116.996112}
{"r": 0.0, "l": 1000, "t": 137.212847}
{"r": 0.0, "l": 1000, "t": 158.006907}
{"r": 0.0, "l": 1000, "t": 178.447567}
{"r": 0.0, "l": 1000, "t": 199.116067}
{"r": 0.0, "l": 1000, "t": 220.25589}
{"r": 0.0, "l": 1000, "t": 240.373551}
{"r": 0.0, "l": 1000, "t": 261.262347}
{"r": 0.0, "l": 1000, "t": 282.306068}
{"r": 0.0, "l": 1000, "t": 302.390317}
{"r": 0.0, "l": 1000, "t": 322.308212}
{"r": 0.0, "l": 1000, "t": 343.257637}
{"r": 0.0, "l": 1000, "t": 362.976435}
{"r": 0.0, "l": 1000, "t": 382.904455}
{"r": 0.0, "l": 1000, "t": 403.254802}
{"r": 0.0, "l": 1000, "t": 424.534038}
{"r": 0.0, "l": 1000, "t": 445.587101}
{"r": 0.0, "l": 1000, "t": 466.340243}
{"r": 0.0, "l": 1000, "t": 486.394032}
{"r": 0.0, "l": 1000, "t": 507.02923}
{"r": 0.0, "l": 1000, "t": 528.454627}
{"r": 0.0, "l": 1000, "t": 548.263359}
{"r": 0.0, "l": 1000, "t": 567.996446}
{"r": 0.0, "l": 1000, "t": 588.746536}
{"r": 0.0, "l": 1000, "t": 609.649765}
{"r": 0.0, "l": 1000, "t": 630.014291}
{"r": 0.0, "l": 1000, "t": 650.565071}
{"r": 0.0, "l": 1000, "t": 671.268861}
{"r": 0.0, "l": 1000, "t": 692.279833}
{"r": 0.0, "l": 1000, "t": 712.538944}
{"r": 0.0, "l": 1000, "t": 732.791141}
{"r": 0.0, "l": 1000, "t": 753.160944}
{"r": 0.0, "l": 1000, "t": 774.876426}
{"r": 0.0, "l": 1000, "t": 794.769248}
{"r": 0.0, "l": 1000, "t": 815.187421}
{"r": 0.0, "l": 1000, "t": 835.648436}
{"r": 0.0, "l": 1000, "t": 855.756617}
{"r": 0.0, "l": 1000, "t": 876.892054}
{"r": 0.0, "l": 1000, "t": 897.545734}
{"r": 0.0, "l": 1000, "t": 919.202697}
{"r": 0.0, "l": 1000, "t": 939.66129}
{"r": 0.0, "l": 1000, "t": 959.415043}
{"r": 0.0, "l": 1000, "t": 980.495768}
{"r": 0.0, "l": 1000, "t": 1000.487719}
{"r": 0.0, "l": 1000, "t": 1020.594911}
{"r": 0.0, "l": 1000, "t": 1041.576194}
{"r": 0.0, "l": 1000, "t": 1062.281854}
{"r": 0.0, "l": 1000, "t": 1082.544553}
{"r": 0.0, "l": 1000, "t": 1103.115627}
{"r": 0.0, "l": 1000, "t": 1124.43666}
{"r": 0.0, "l": 1000, "t": 1144.887975}
{"r": 0.0, "l": 1000, "t": 1165.718892}
{"r": 0.0, "l": 1000, "t": 1185.694261}
{"r": 0.0, "l": 1000, "t": 1206.19312}
{"r": 0.0, "l": 1000, "t": 1226.201215}
{"r": 0.0, "l": 1000, "t": 1247.689761}
{"r": 0.0, "l": 1000, "t": 1267.550576}
{"r": 0.0, "l": 1000, "t": 1289.336116}
{"r": 0.0, "l": 1000, "t": 1310.008327}
{"r": 0.0, "l": 1000, "t": 1330.450992}
{"r": 0.0, "l": 1000, "t": 1350.934055}
{"r": 0.0, "l": 1000, "t": 1371.531334}
{"r": 0.0, "l": 1000, "t": 1391.717482}
{"r": 0.0, "l": 1000, "t": 1412.039232}
{"r": 0.0, "l": 1000, "t": 1432.283955}
{"r": 0.0, "l": 1000, "t": 1452.576594}
{"r": 0.0, "l": 1000, "t": 1473.876838}
{"r": 0.0, "l": 1000, "t": 1494.775715}
{"r": 0.0, "l": 1000, "t": 1515.821581}
{"r": 0.0, "l": 1000, "t": 1536.565825}
{"r": 0.0, "l": 1000, "t": 1557.073915}
{"r": 0.0, "l": 1000, "t": 1577.694098}
{"r": 0.0, "l": 1000, "t": 1597.82563}
{"r": 0.0, "l": 1000, "t": 1618.131231}
{"r": 0.0, "l": 1000, "t": 1638.922663}
{"r": 0.0, "l": 1000, "t": 1659.750809}
{"r": 0.0, "l": 1000, "t": 1680.321501}
{"r": 0.0, "l": 1000, "t": 1700.288027}
{"r": 0.0, "l": 1000, "t": 1721.369068}
{"r": 0.0, "l": 1000, "t": 1741.90208}
{"r": 0.0, "l": 1000, "t": 1762.985787}
{"r": 0.0, "l": 1000, "t": 1783.601133}
{"r": 0.0, "l": 1000, "t": 1804.298785}
{"r": 0.0, "l": 1000, "t": 1824.23976}
{"r": 0.0, "l": 1000, "t": 1846.018862}
{"r": 0.0, "l": 1000, "t": 1866.823607}
{"r": 0.0, "l": 1000, "t": 1887.5856}
{"r": 0.0, "l": 1000, "t": 1908.653866}
{"r": 0.0, "l": 1000, "t": 1929.616054}
{"r": 0.0, "l": 1000, "t": 1951.216392}
{"r": 0.0, "l": 1000, "t": 1971.253799}
{"r": 0.0, "l": 1000, "t": 1991.44895}
{"r": 0.0, "l": 1000, "t": 2011.622016}
{"r": 0.0, "l": 1000, "t": 2032.276765}
{"r": 0.0, "l": 1000, "t": 2052.766142}
{"r": 0.0, "l": 1000, "t": 2073.218497}
{"r": 0.0, "l": 1000, "t": 2094.181706}
{"r": 0.0, "l": 1000, "t": 2115.321804}
{"r": 0.0, "l": 1000, "t": 2136.959392}
{"r": 0.0, "l": 1000, "t": 2157.878009}
{"r": 0.0, "l": 1000, "t": 2178.757666}
{"r": 0.0, "l": 1000, "t": 2199.619395}
{"r": 0.0, "l": 1000, "t": 2221.562903}
{"r": 0.0, "l": 1000, "t": 2241.550777}
{"r": 0.0, "l": 1000, "t": 2262.519534}
{"r": 0.0, "l": 1000, "t": 2284.016237}
{"r": 0.0, "l": 1000, "t": 2304.772596}
{"r": 0.0, "l": 1000, "t": 2325.953584}
{"r": 0.0, "l": 1000, "t": 2346.084196}
{"r": 0.0, "l": 1000, "t": 2366.320562}
{"r": 0.0, "l": 1000, "t": 2387.750479}
{"r": 0.0, "l": 1000, "t": 2407.823889}
{"r": 0.0, "l": 1000, "t": 2429.045622}
{"r": 0.0, "l": 1000, "t": 2449.84332}
{"r": 0.0, "l": 1000, "t": 2470.564965}
{"r": 0.0, "l": 1000, "t": 2491.462747}
{"r": 0.0, "l": 1000, "t": 2511.963923}
{"r": 0.0, "l": 1000, "t": 2532.725784}
{"r": 0.0, "l": 1000, "t": 2553.764607}
{"r": 0.0, "l": 1000, "t": 2574.238475}
{"r": 0.0, "l": 1000, "t": 2594.483617}
{"r": 0.0, "l": 1000, "t": 2614.94515}
{"r": 0.0, "l": 1000, "t": 2635.545168}
{"r": 0.0, "l": 1000, "t": 2656.208976}
{"r": 0.0, "l": 1000, "t": 2676.982147}
{"r": 0.0, "l": 1000, "t": 2697.913926}
{"r": 0.0, "l": 1000, "t": 2719.35741}
