{"nupdates": 100, "total_timesteps": 2000, "fps": 62, "policy_entropy": 1.296682596206665, "value_loss": 0.12372313439846039, "explained_variance": -0.31817710399627686}
{"nupdates": 200, "total_timesteps": 4000, "fps": 54, "policy_entropy": 1.4055826663970947, "value_loss": 0.010741623118519783, "explained_variance": -94.52825164794922}
{"nupdates": 300, "total_timesteps": 6000, "fps": 52, "policy_entropy": 1.5858311653137207, "value_loss": 0.0002736684400588274, "explained_variance": -1.0804946422576904}
{"nupdates": 400, "total_timesteps": 8000, "fps": 51, "policy_entropy": 1.6010048389434814, "value_loss": 0.0001032234140438959, "explained_variance": -4.8000664710998535}
{"nupdates": 500, "total_timesteps": 10000, "fps": 50, "policy_entropy": 1.606061577796936, "value_loss": 4.2420644604135305e-05, "explained_variance": 0.20807605981826782}
{"nupdates": 600, "total_timesteps": 12000, "fps": 50, "policy_entropy": 1.5848103761672974, "value_loss": 0.00021444293088279665, "explained_variance": -2.74552321434021}
{"nupdates": 700, "total_timesteps": 14000, "fps": 50, "policy_entropy": 1.5758161544799805, "value_loss": 0.00011699394235620275, "explained_variance": -0.17924857139587402}
{"nupdates": 800, "total_timesteps": 16000, "fps": 49, "policy_entropy": 1.6028778553009033, "value_loss": 1.773604344634805e-05, "explained_variance": -0.3180474042892456}
{"nupdates": 900, "total_timesteps": 18000, "fps": 49, "policy_entropy": 1.5685476064682007, "value_loss": 6.779585964977741e-05, "explained_variance": -1.2136046886444092}
{"nupdates": 1000, "total_timesteps": 20000, "fps": 49, "policy_entropy": 1.602594017982483, "value_loss": 5.7324465160490945e-05, "explained_variance": -0.7192518711090088}
{"nupdates": 1100, "total_timesteps": 22000, "fps": 49, "policy_entropy": 1.5967386960983276, "value_loss": 5.2742827392648906e-05, "explained_variance": -0.18641352653503418}
{"nupdates": 1200, "total_timesteps": 24000, "fps": 49, "policy_entropy": 1.6072108745574951, "value_loss": 3.87561976822326e-06, "explained_variance": 0.07522284984588623}
{"nupdates": 1300, "total_timesteps": 26000, "fps": 49, "policy_entropy": 1.6051019430160522, "value_loss": 1.891420833999291e-05, "explained_variance": -0.11326110363006592}
{"nupdates": 1400, "total_timesteps": 28000, "fps": 49, "policy_entropy": 1.6011924743652344, "value_loss": 2.643673042257433e-06, "explained_variance": -3.332524299621582}
{"nupdates": 1500, "total_timesteps": 30000, "fps": 49, "policy_entropy": 1.605405569076538, "value_loss": 5.779541424999479e-06, "explained_variance": -9.516721725463867}
{"nupdates": 1600, "total_timesteps": 32000, "fps": 49, "policy_entropy": 1.6049827337265015, "value_loss": 3.676891719806008e-05, "explained_variance": -1.8140499591827393}
{"nupdates": 1700, "total_timesteps": 34000, "fps": 48, "policy_entropy": 1.6089394092559814, "value_loss": 1.4849430954200216e-05, "explained_variance": -0.02895534038543701}
{"nupdates": 1800, "total_timesteps": 36000, "fps": 48, "policy_entropy": 1.6089788675308228, "value_loss": 3.194244982296368e-06, "explained_variance": -0.9629361629486084}
{"nupdates": 1900, "total_timesteps": 38000, "fps": 48, "policy_entropy": 1.6091655492782593, "value_loss": 7.238335911097238e-06, "explained_variance": -1.0787708759307861}
{"nupdates": 2000, "total_timesteps": 40000, "fps": 48, "policy_entropy": 1.6092102527618408, "value_loss": 1.1020850934073678e-06, "explained_variance": -0.9446254968643188}
{"nupdates": 2100, "total_timesteps": 42000, "fps": 48, "policy_entropy": 1.6089980602264404, "value_loss": 2.390286226727767e-06, "explained_variance": -0.784163236618042}
{"nupdates": 2200, "total_timesteps": 44000, "fps": 48, "policy_entropy": 1.609413743019104, "value_loss": 7.147738415369531e-06, "explained_variance": -0.2776097059249878}
{"nupdates": 2300, "total_timesteps": 46000, "fps": 48, "policy_entropy": 1.6094024181365967, "value_loss": 5.514230906555895e-06, "explained_variance": 0.03844577074050903}
{"nupdates": 2400, "total_timesteps": 48000, "fps": 48, "policy_entropy": 1.6094112396240234, "value_loss": 4.272894329915289e-06, "explained_variance": -0.5143299102783203}
{"nupdates": 2500, "total_timesteps": 50000, "fps": 48, "policy_entropy": 1.6094166040420532, "value_loss": 2.098249296977883e-06, "explained_variance": 1.1920928955078125e-07}
{"nupdates": 2600, "total_timesteps": 52000, "fps": 48, "policy_entropy": 1.6094233989715576, "value_loss": 1.2377777238725685e-06, "explained_variance": -0.009042978286743164}
{"nupdates": 2700, "total_timesteps": 54000, "fps": 48, "policy_entropy": 1.609415054321289, "value_loss": 1.3108274288242683e-06, "explained_variance": 0.042628467082977295}
{"nupdates": 2800, "total_timesteps": 56000, "fps": 48, "policy_entropy": 1.6093997955322266, "value_loss": 1.6923311250138795e-06, "explained_variance": -0.14922833442687988}
{"nupdates": 2900, "total_timesteps": 58000, "fps": 48, "policy_entropy": 1.609415054321289, "value_loss": 1.1588912229854031e-06, "explained_variance": -0.019798994064331055}
{"nupdates": 3000, "total_timesteps": 60000, "fps": 48, "policy_entropy": 1.609408974647522, "value_loss": 1.526360620118794e-06, "explained_variance": 0.04066205024719238}
{"nupdates": 3100, "total_timesteps": 62000, "fps": 48, "policy_entropy": 1.6094064712524414, "value_loss": 1.0547429383223061e-06, "explained_variance": 0.0}
{"nupdates": 3200, "total_timesteps": 64000, "fps": 48, "policy_entropy": 1.6094169616699219, "value_loss": 1.5930120298435213e-06, "explained_variance": -1.3321669101715088}
{"nupdates": 3300, "total_timesteps": 66000, "fps": 48, "policy_entropy": 1.6094287633895874, "value_loss": 8.824310384625278e-07, "explained_variance": -0.12963545322418213}
{"nupdates": 3400, "total_timesteps": 68000, "fps": 48, "policy_entropy": 1.6094207763671875, "value_loss": 9.564744232193334e-07, "explained_variance": -0.09821438789367676}
{"nupdates": 3500, "total_timesteps": 70000, "fps": 48, "policy_entropy": 1.6094152927398682, "value_loss": 1.0515716439840617e-06, "explained_variance": -0.5612388849258423}
{"nupdates": 3600, "total_timesteps": 72000, "fps": 48, "policy_entropy": 1.6094024181365967, "value_loss": 1.1568066611289396e-06, "explained_variance": 0.038329243659973145}
{"nupdates": 3700, "total_timesteps": 74000, "fps": 48, "policy_entropy": 1.6076185703277588, "value_loss": 0.0010917311301454902, "explained_variance": 0.16091352701187134}
{"nupdates": 3800, "total_timesteps": 76000, "fps": 48, "policy_entropy": 1.6094038486480713, "value_loss": 1.2086293281754479e-06, "explained_variance": 0.0}
{"nupdates": 3900, "total_timesteps": 78000, "fps": 48, "policy_entropy": 1.6093971729278564, "value_loss": 1.043723614202463e-06, "explained_variance": -0.10334885120391846}
{"nupdates": 4000, "total_timesteps": 80000, "fps": 48, "policy_entropy": 1.6094051599502563, "value_loss": 9.43147483667417e-07, "explained_variance": -0.026540398597717285}
{"nupdates": 4100, "total_timesteps": 82000, "fps": 48, "policy_entropy": 1.6089633703231812, "value_loss": 0.0004826521035283804, "explained_variance": 0.08332318067550659}
{"nupdates": 4200, "total_timesteps": 84000, "fps": 48, "policy_entropy": 1.6094125509262085, "value_loss": 8.803437481219589e-07, "explained_variance": 0.0}
{"nupdates": 4300, "total_timesteps": 86000, "fps": 48, "policy_entropy": 1.6093982458114624, "value_loss": 8.936870585785073e-07, "explained_variance": 0.02586275339126587}
{"nupdates": 4400, "total_timesteps": 88000, "fps": 48, "policy_entropy": 1.6094207763671875, "value_loss": 1.0635351372911828e-06, "explained_variance": 0.0}
{"nupdates": 4500, "total_timesteps": 90000, "fps": 48, "policy_entropy": 1.6094086170196533, "value_loss": 1.010469986795215e-06, "explained_variance": -0.23252761363983154}
{"nupdates": 4600, "total_timesteps": 92000, "fps": 48, "policy_entropy": 1.609400987625122, "value_loss": 8.08411812158738e-07, "explained_variance": 1.1920928955078125e-07}
{"nupdates": 4700, "total_timesteps": 94000,