{"nupdates": 13900, "total_timesteps": 278000, "fps": 23, "policy_entropy": 1.2677726745605469, "value_loss": 0.15981855988502502, "explained_variance": -0.19225287437438965}
{"nupdates": 14000, "total_timesteps": 280000, "fps": 22, "policy_entropy": 1.359778881072998, "value_loss": 0.378980815410614, "explained_variance": -0.5015275478363037}
{"nupdates": 14100, "total_timesteps": 282000, "fps": 22, "policy_entropy": 1.5612571239471436, "value_loss": 7.377356723736739e-06, "explained_variance": 0.23707735538482666}
{"nupdates": 14200, "total_timesteps": 284000, "fps": 22, "policy_entropy": 1.5917097330093384, "value_loss": 1.0704479791456833e-05, "explained_variance": -0.21716761589050293}
{"nupdates": 14300, "total_timesteps": 286000, "fps": 22, "policy_entropy": 1.5962587594985962, "value_loss": 8.501710544805974e-05, "explained_variance": -2.2282891273498535}
{"nupdates": 14400, "total_timesteps": 288000, "fps": 22, "policy_entropy": 1.591878056526184, "value_loss": 0.5892044305801392, "explained_variance": -0.168707013130188}
{"nupdates": 14500, "total_timesteps": 290000, "fps": 22, "policy_entropy": 1.58819580078125, "value_loss": 0.0004274175444152206, "explained_variance": 0.029036343097686768}
{"nupdates": 14600, "total_timesteps": 292000, "fps": 22, "policy_entropy": 1.5267492532730103, "value_loss": 7.800642197253183e-05, "explained_variance": -0.16838526725769043}
{"nupdates": 14700, "total_timesteps": 294000, "fps": 22, "policy_entropy": 1.5658254623413086, "value_loss": 2.471506377332844e-05, "explained_variance": -0.9508569240570068}
{"nupdates": 14800, "total_timesteps": 296000, "fps": 22, "policy_entropy": 1.5926764011383057, "value_loss": 3.0169269393809373e-06, "explained_variance": 0.33192509412765503}
{"nupdates": 14900, "total_timesteps": 298000, "fps": 22, "policy_entropy": 1.5704731941223145, "value_loss": 8.228508522734046e-05, "explained_variance": -1.5873169898986816}
{"nupdates": 15000, "total_timesteps": 300000, "fps": 22, "policy_entropy": 1.5881112813949585, "value_loss": 1.1943621757382061e-05, "explained_variance": -0.2992006540298462}
{"nupdates": 15100, "total_timesteps": 302000, "fps": 22, "policy_entropy": 1.579817533493042, "value_loss": 2.6152225473197177e-05, "explained_variance": -0.592411994934082}
{"nupdates": 15200, "total_timesteps": 304000, "fps": 22, "policy_entropy": 1.5879175662994385, "value_loss": 9.051349479705095e-06, "explained_variance": -1.1183826923370361}
{"nupdates": 15300, "total_timesteps": 306000, "fps": 22, "policy_entropy": 1.5733563899993896, "value_loss": 2.5007616386574227e-06, "explained_variance": -7.065502166748047}
{"nupdates": 15400, "total_timesteps": 308000, "fps": 21, "policy_entropy": 1.6026554107666016, "value_loss": 4.2067527829203755e-05, "explained_variance": -0.8464221954345703}
{"nupdates": 15500, "total_timesteps": 310000, "fps": 21, "policy_entropy": 1.5955175161361694, "value_loss": 4.92819992814475e-07, "explained_variance": 0.17392820119857788}
{"nupdates": 15600, "total_timesteps": 312000, "fps": 21, "policy_entropy": 1.6039222478866577, "value_loss": 3.117218875559047e-05, "explained_variance": -6.58079719543457}
