{"gym_version": "0.9.3", "t_start": 1519637758.522776, "env_id": "EnduroNoFrameskip-v4"}
{"t": 26.926592, "r": 0.0, "l": 3000}
{"t": 50.434866, "r": 0.0, "l": 3000}
{"t": 74.272462, "r": 0.0, "l": 3000}
{"t": 97.696115, "r": 0.0, "l": 3000}
{"t": 120.55302, "r": 0.0, "l": 3000}
{"t": 143.727632, "r": 2.0, "l": 3000}
{"t": 168.093169, "r": 0.0, "l": 3000}
{"t": 191.293858, "r": 0.0, "l": 3000}
{"t": 214.640765, "r": 0.0, "l": 3000}
{"t": 238.3244, "r": 2.0, "l": 3000}
{"t": 261.475977, "r": 0.0, "l": 3000}
{"t": 284.863058, "r": 0.0, "l": 3000}
{"t": 308.760567, "r": 0.0, "l": 3000}
{"t": 332.259159, "r": 0.0, "l": 3000}
{"t": 355.618792, "r": 0.0, "l": 3000}
{"t": 379.318567, "r": 2.0, "l": 3000}
{"t": 403.425227, "r": 1.0, "l": 3000}
{"t": 426.559201, "r": 0.0, "l": 3000}
{"t": 450.424063, "r": 0.0, "l": 3000}
{"t": 474.263113, "r": 3.0, "l": 3000}
{"t": 497.84653, "r": 0.0, "l": 3000}
{"t": 521.442765, "r": 2.0, "l": 3000}
{"t": 545.625457, "r": 0.0, "l": 3000}
{"t": 569.186656, "r": 0.0, "l": 3000}
{"t": 593.121996, "r": 0.0, "l": 3000}
{"t": 616.469526, "r": 0.0, "l": 3000}
{"t": 640.180865, "r": 1.0, "l": 3000}
{"t": 664.339343, "r": 0.0, "l": 3000}
{"t": 687.807674, "r": 1.0, "l": 3000}
{"t": 712.173852, "r": 1.0, "l": 3000}
{"t": 736.805122, "r": 2.0, "l": 3000}
{"t": 760.533725, "r": 0.0, "l": 3000}
{"t": 784.318312, "r": 0.0, "l": 3000}
{"t": 809.48464, "r": 0.0, "l": 3000}
{"t": 833.520563, "r": 2.0, "l": 3000}
{"t": 858.068791, "r": 0.0, "l": 3000}
{"t": 882.706697, "r": 0.0, "l": 3000}
{"t": 906.482609, "r": 0.0, "l": 3000}
{"t": 931.027615, "r": 1.0, "l": 3000}
{"t": 954.936423, "r": 0.0, "l": 3000}
{"t": 978.738823, "r": 0.0, "l": 3000}
{"t": 1003.073582, "r": 0.0, "l": 3000}
{"t": 1027.442467, "r": 0.0, "l": 3000}
{"t": 1052.277664, "r": 0.0, "l": 3000}
{"t": 1076.573043, "r": 0.0, "l": 3000}
{"t": 1101.015468, "r": 0.0, "l": 3000}
{"t": 1125.983862, "r": 0.0, "l": 3000}
{"t": 1150.120669, "r": 0.0, "l": 3000}
{"t": 1174.8652, "r": 1.0, "l": 3000}
{"t": 1199.396383, "r": 0.0, "l": 3000}
{"t": 1223.648127, "r": 1.0, "l": 3000}
{"t": 1248.876325, "r": 0.0, "l": 3000}
{"t": 1273.637927, "r": 0.0, "l": 3000}
{"t": 1298.737451, "r": 1.0, "l": 3000}
{"t": 1323.104956, "r": 0.0, "l": 3000}
{"t": 1347.664428, "r": 0.0, "l": 3000}
{"t": 1372.969725, "r": 1.0, "l": 3000}
{"t": 1397.444585, "r": 0.0, "l": 3000}
{"t": 1422.75994, "r": 1.0, "l": 3000}
{"t": 1447.767317, "r": 4.0, "l": 3000}
{"t": 1472.853497, "r": 0.0, "l": 3000}
{"t": 1497.788129, "r": 0.0, "l": 3000}
{"t": 1522.413817, "r": 0.0, "l": 3000}
{"t": 1548.019289, "r": 0.0, "l": 3000}
{"t": 1572.525402, "r": 0.0, "l": 3000}
{"t": 1597.991805, "r": 0.0, "l": 3000}
{"t": 1805.590207, "r": 0.0, "l": 3000}
{"t": 1831.605963, "r": 0.0, "l": 3000}
{"t": 1857.355234, "r": 0.0, "l": 3000}
{"t": 4467.360196, "r": 0.0, "l": 3000}
