{"gym_version": "0.9.3", "t_start": 1519637758.6598532, "env_id": "EnduroNoFrameskip-v4"}
{"t": 26.651618, "r": 0.0, "l": 3000}
{"t": 49.990504, "r": 0.0, "l": 3000}
{"t": 73.859461, "r": 0.0, "l": 3000}
{"t": 97.549578, "r": 0.0, "l": 3000}
{"t": 120.704663, "r": 0.0, "l": 3000}
{"t": 143.943734, "r": 3.0, "l": 3000}
{"t": 168.214432, "r": 1.0, "l": 3000}
{"t": 191.511496, "r": 0.0, "l": 3000}
{"t": 214.503692, "r": 4.0, "l": 3000}
{"t": 238.18738, "r": 0.0, "l": 3000}
{"t": 261.657126, "r": 0.0, "l": 3000}
{"t": 285.126711, "r": 1.0, "l": 3000}
{"t": 309.171259, "r": 0.0, "l": 3000}
{"t": 332.707412, "r": 0.0, "l": 3000}
{"t": 356.067188, "r": 0.0, "l": 3000}
{"t": 379.835633, "r": 1.0, "l": 3000}
{"t": 403.816355, "r": 3.0, "l": 3000}
{"t": 426.99657, "r": 5.0, "l": 3000}
{"t": 450.857518, "r": 0.0, "l": 3000}
{"t": 474.69886, "r": 3.0, "l": 3000}
{"t": 498.122746, "r": 1.0, "l": 3000}
{"t": 521.824379, "r": 1.0, "l": 3000}
{"t": 546.098577, "r": 0.0, "l": 3000}
{"t": 569.70118, "r": 0.0, "l": 3000}
{"t": 593.476797, "r": 0.0, "l": 3000}
{"t": 617.036513, "r": 0.0, "l": 3000}
{"t": 641.062959, "r": 0.0, "l": 3000}
{"t": 665.05174, "r": 0.0, "l": 3000}
{"t": 688.407145, "r": 1.0, "l": 3000}
{"t": 712.758123, "r": 1.0, "l": 3000}
{"t": 737.419406, "r": 3.0, "l": 3000}
{"t": 760.895271, "r": 0.0, "l": 3000}
{"t": 785.298029, "r": 0.0, "l": 3000}
{"t": 810.270908, "r": 0.0, "l": 3000}
{"t": 834.186776, "r": 0.0, "l": 3000}
{"t": 858.794703, "r": 0.0, "l": 3000}
{"t": 883.672231, "r": 1.0, "l": 3000}
{"t": 907.254846, "r": 0.0, "l": 3000}
{"t": 931.987538, "r": 0.0, "l": 3000}
{"t": 955.850346, "r": 0.0, "l": 3000}
{"t": 979.712752, "r": 1.0, "l": 3000}
{"t": 1004.234131, "r": 1.0, "l": 3000}
{"t": 1028.133289, "r": 0.0, "l": 3000}
{"t": 1052.6959, "r": 0.0, "l": 3000}
{"t": 1077.052239, "r": 0.0, "l": 3000}
{"t": 1101.501446, "r": 0.0, "l": 3000}
{"t": 1126.740416, "r": 0.0, "l": 3000}
{"t": 1151.021595, "r": 0.0, "l": 3000}
{"t": 1175.609818, "r": 0.0, "l": 3000}
{"t": 1199.883674, "r": 0.0, "l": 3000}
{"t": 1224.39293, "r": 0.0, "l": 3000}
{"t": 1249.582888, "r": 0.0, "l": 3000}
{"t": 1274.562653, "r": 1.0, "l": 3000}
{"t": 1299.972349, "r": 0.0, "l": 3000}
{"t": 1324.07544, "r": 1.0, "l": 3000}
{"t": 1348.534141, "r": 0.0, "l": 3000}
{"t": 1373.394379, "r": 1.0, "l": 3000}
{"t": 1397.980521, "r": 1.0, "l": 3000}
{"t": 1423.298026, "r": 0.0, "l": 3000}
{"t": 1447.709416, "r": 0.0, "l": 3000}
{"t": 1473.091513, "r": 2.0, "l": 3000}
{"t": 1498.481838, "r": 0.0, "l": 3000}
{"t": 1523.051779, "r": 0.0, "l": 3000}
{"t": 1548.845933, "r": 0.0, "l": 3000}
{"t": 1573.126903, "r": 0.0, "l": 3000}
{"t": 1598.759693, "r": 0.0, "l": 3000}
{"t": 1806.512563, "r": 0.0, "l": 3000}
{"t": 1832.729827, "r": 0.0, "l": 3000}
{"t": 1858.32295, "r": 0.0, "l": 3000}
