{"gym_version": "0.9.3", "t_start": 1519637759.0346441, "env_id": "EnduroNoFrameskip-v4"}
{"t": 26.27817, "r": 0.0, "l": 3000}
{"t": 49.806811, "r": 0.0, "l": 3000}
{"t": 73.225799, "r": 0.0, "l": 3000}
{"t": 96.703507, "r": 0.0, "l": 3000}
{"t": 119.78854, "r": 0.0, "l": 3000}
{"t": 143.168478, "r": 0.0, "l": 3000}
{"t": 167.459851, "r": 0.0, "l": 3000}
{"t": 190.813059, "r": 0.0, "l": 3000}
{"t": 214.083315, "r": 2.0, "l": 3000}
{"t": 237.926294, "r": 1.0, "l": 3000}
{"t": 261.233414, "r": 0.0, "l": 3000}
{"t": 284.443377, "r": 0.0, "l": 3000}
{"t": 308.576651, "r": 0.0, "l": 3000}
{"t": 332.024493, "r": 0.0, "l": 3000}
{"t": 355.635869, "r": 0.0, "l": 3000}
{"t": 379.268038, "r": 0.0, "l": 3000}
{"t": 403.704377, "r": 0.0, "l": 3000}
{"t": 426.570299, "r": 0.0, "l": 3000}
{"t": 450.199677, "r": 0.0, "l": 3000}
{"t": 473.853141, "r": 0.0, "l": 3000}
{"t": 497.341813, "r": 6.0, "l": 3000}
{"t": 520.761523, "r": 3.0, "l": 3000}
{"t": 545.123699, "r": 0.0, "l": 3000}
{"t": 568.690259, "r": 0.0, "l": 3000}
{"t": 592.623103, "r": 0.0, "l": 3000}
{"t": 615.87546, "r": 0.0, "l": 3000}
{"t": 639.494121, "r": 0.0, "l": 3000}
{"t": 663.407768, "r": 0.0, "l": 3000}
{"t": 686.86924, "r": 0.0, "l": 3000}
{"t": 711.206068, "r": 0.0, "l": 3000}
{"t": 735.659641, "r": 0.0, "l": 3000}
{"t": 759.526632, "r": 1.0, "l": 3000}
{"t": 783.341099, "r": 1.0, "l": 3000}
{"t": 808.489379, "r": 0.0, "l": 3000}
{"t": 832.642755, "r": 1.0, "l": 3000}
{"t": 857.240909, "r": 0.0, "l": 3000}
{"t": 881.62275, "r": 0.0, "l": 3000}
{"t": 905.584235, "r": 0.0, "l": 3000}
{"t": 930.233127, "r": 0.0, "l": 3000}
{"t": 954.179273, "r": 0.0, "l": 3000}
{"t": 978.212119, "r": 0.0, "l": 3000}
{"t": 1002.827154, "r": 0.0, "l": 3000}
{"t": 1026.750449, "r": 0.0, "l": 3000}
{"t": 1051.526773, "r": 0.0, "l": 3000}
{"t": 1076.026637, "r": 0.0, "l": 3000}
{"t": 1100.189384, "r": 0.0, "l": 3000}
{"t": 1125.177748, "r": 0.0, "l": 3000}
{"t": 1149.265359, "r": 0.0, "l": 3000}
{"t": 1173.940994, "r": 0.0, "l": 3000}
{"t": 1198.565667, "r": 1.0, "l": 3000}
{"t": 1223.022032, "r": 0.0, "l": 3000}
{"t": 1248.035826, "r": 0.0, "l": 3000}
{"t": 1272.708696, "r": 0.0, "l": 3000}
{"t": 1297.925291, "r": 0.0, "l": 3000}
{"t": 1322.597392, "r": 0.0, "l": 3000}
{"t": 1346.834332, "r": 0.0, "l": 3000}
{"t": 1372.092605, "r": 0.0, "l": 3000}
{"t": 1396.579506, "r": 0.0, "l": 3000}
{"t": 1421.8063, "r": 1.0, "l": 3000}
{"t": 1446.580615, "r": 1.0, "l": 3000}
{"t": 1471.946326, "r": 0.0, "l": 3000}
{"t": 1496.760208, "r": 0.0, "l": 3000}
{"t": 1521.435524, "r": 0.0, "l": 3000}
{"t": 1547.035653, "r": 0.0, "l": 3000}
{"t": 1571.583292, "r": 0.0, "l": 3000}
{"t": 1597.17412, "r": 0.0, "l": 3000}
{"t": 1804.598218, "r": 0.0, "l": 3000}
{"t": 1830.421347, "r": 0.0, "l": 3000}
{"t": 1856.001993, "r": 0.0, "l": 3000}
{"t": 1881.179965, "r": 0.0, "l": 3000}
