{"gym_version": "0.9.3", "t_start": 1519637758.9871721, "env_id": "EnduroNoFrameskip-v4"}
{"t": 26.466515, "r": 0.0, "l": 3000}
{"t": 50.28158, "r": 0.0, "l": 3000}
{"t": 73.885423, "r": 0.0, "l": 3000}
{"t": 97.646133, "r": 0.0, "l": 3000}
{"t": 120.811694, "r": 0.0, "l": 3000}
{"t": 144.292176, "r": 0.0, "l": 3000}
{"t": 168.545566, "r": 0.0, "l": 3000}
{"t": 191.719324, "r": 0.0, "l": 3000}
{"t": 215.003652, "r": 0.0, "l": 3000}
{"t": 238.83024, "r": 0.0, "l": 3000}
{"t": 262.155587, "r": 0.0, "l": 3000}
{"t": 285.358676, "r": 0.0, "l": 3000}
{"t": 309.2164, "r": 3.0, "l": 3000}
{"t": 332.724161, "r": 1.0, "l": 3000}
{"t": 356.19734, "r": 0.0, "l": 3000}
{"t": 379.883669, "r": 1.0, "l": 3000}
{"t": 404.102279, "r": 0.0, "l": 3000}
{"t": 427.239287, "r": 2.0, "l": 3000}
{"t": 451.115912, "r": 0.0, "l": 3000}
{"t": 475.044635, "r": 1.0, "l": 3000}
{"t": 498.550651, "r": 6.0, "l": 3000}
{"t": 521.871124, "r": 0.0, "l": 3000}
{"t": 546.068941, "r": 1.0, "l": 3000}
{"t": 569.66356, "r": 0.0, "l": 3000}
{"t": 593.39969, "r": 0.0, "l": 3000}
{"t": 616.765334, "r": 0.0, "l": 3000}
{"t": 640.605195, "r": 0.0, "l": 3000}
{"t": 664.681312, "r": 0.0, "l": 3000}
{"t": 688.080257, "r": 0.0, "l": 3000}
{"t": 712.888144, "r": 0.0, "l": 3000}
{"t": 737.142936, "r": 6.0, "l": 3000}
{"t": 760.850976, "r": 1.0, "l": 3000}
{"t": 784.696036, "r": 0.0, "l": 3000}
{"t": 810.032776, "r": 0.0, "l": 3000}
{"t": 834.133858, "r": 1.0, "l": 3000}
{"t": 858.756143, "r": 0.0, "l": 3000}
{"t": 883.387968, "r": 0.0, "l": 3000}
{"t": 907.432584, "r": 0.0, "l": 3000}
{"t": 932.218534, "r": 1.0, "l": 3000}
{"t": 956.151507, "r": 0.0, "l": 3000}
{"t": 980.084415, "r": 1.0, "l": 3000}
{"t": 1005.068479, "r": 0.0, "l": 3000}
{"t": 1029.234866, "r": 0.0, "l": 3000}
{"t": 1054.30783, "r": 0.0, "l": 3000}
{"t": 1078.700787, "r": 1.0, "l": 3000}
{"t": 1103.093928, "r": 0.0, "l": 3000}
{"t": 1127.970544, "r": 0.0, "l": 3000}
{"t": 1152.350153, "r": 0.0, "l": 3000}
{"t": 1176.696781, "r": 0.0, "l": 3000}
{"t": 1201.489004, "r": 1.0, "l": 3000}
{"t": 1225.840945, "r": 0.0, "l": 3000}
{"t": 1251.058704, "r": 0.0, "l": 3000}
{"t": 1275.440351, "r": 1.0, "l": 3000}
{"t": 1300.674536, "r": 0.0, "l": 3000}
{"t": 1324.989829, "r": 0.0, "l": 3000}
{"t": 1349.721796, "r": 0.0, "l": 3000}
{"t": 1375.034393, "r": 0.0, "l": 3000}
{"t": 1399.497442, "r": 0.0, "l": 3000}
{"t": 1424.656894, "r": 0.0, "l": 3000}
{"t": 1449.177928, "r": 0.0, "l": 3000}
{"t": 1474.029914, "r": 1.0, "l": 3000}
{"t": 1499.135332, "r": 0.0, "l": 3000}
{"t": 1524.058165, "r": 0.0, "l": 3000}
{"t": 1549.89234, "r": 0.0, "l": 3000}
{"t": 1574.323296, "r": 0.0, "l": 3000}
{"t": 1600.068821, "r": 0.0, "l": 3000}
{"t": 1807.746998, "r": 0.0, "l": 3000}
{"t": 1833.1971, "r": 0.0, "l": 3000}
{"t": 1859.147409, "r": 0.0, "l": 3000}
