{"gym_version": "0.9.3", "t_start": 1519637758.7887816, "env_id": "EnduroNoFrameskip-v4"}
{"t": 26.562317, "r": 0.0, "l": 3000}
{"t": 49.865824, "r": 0.0, "l": 3000}
{"t": 73.365148, "r": 0.0, "l": 3000}
{"t": 96.885615, "r": 0.0, "l": 3000}
{"t": 119.99043, "r": 0.0, "l": 3000}
{"t": 143.459462, "r": 0.0, "l": 3000}
{"t": 167.770058, "r": 0.0, "l": 3000}
{"t": 190.860209, "r": 0.0, "l": 3000}
{"t": 214.117135, "r": 0.0, "l": 3000}
{"t": 238.020524, "r": 0.0, "l": 3000}
{"t": 261.594677, "r": 0.0, "l": 3000}
{"t": 285.089257, "r": 0.0, "l": 3000}
{"t": 308.996234, "r": 1.0, "l": 3000}
{"t": 332.228347, "r": 0.0, "l": 3000}
{"t": 355.721625, "r": 1.0, "l": 3000}
{"t": 379.400461, "r": 3.0, "l": 3000}
{"t": 403.600265, "r": 2.0, "l": 3000}
{"t": 426.774505, "r": 1.0, "l": 3000}
{"t": 450.483599, "r": 0.0, "l": 3000}
{"t": 474.57964, "r": 3.0, "l": 3000}
{"t": 498.109077, "r": 1.0, "l": 3000}
{"t": 521.661871, "r": 0.0, "l": 3000}
{"t": 546.013934, "r": 0.0, "l": 3000}
{"t": 569.580686, "r": 0.0, "l": 3000}
{"t": 593.548534, "r": 0.0, "l": 3000}
{"t": 616.870733, "r": 0.0, "l": 3000}
{"t": 640.508678, "r": 0.0, "l": 3000}
{"t": 664.406833, "r": 0.0, "l": 3000}
{"t": 687.823292, "r": 0.0, "l": 3000}
{"t": 711.958658, "r": 1.0, "l": 3000}
{"t": 736.917895, "r": 0.0, "l": 3000}
{"t": 760.344286, "r": 1.0, "l": 3000}
{"t": 784.364185, "r": 0.0, "l": 3000}
{"t": 809.512668, "r": 0.0, "l": 3000}
{"t": 833.306921, "r": 2.0, "l": 3000}
{"t": 858.037712, "r": 1.0, "l": 3000}
{"t": 882.368158, "r": 1.0, "l": 3000}
{"t": 906.219825, "r": 0.0, "l": 3000}
{"t": 931.145492, "r": 1.0, "l": 3000}
{"t": 955.004298, "r": 0.0, "l": 3000}
{"t": 978.891582, "r": 1.0, "l": 3000}
{"t": 1003.396751, "r": 1.0, "l": 3000}
{"t": 1027.273017, "r": 0.0, "l": 3000}
{"t": 1052.083473, "r": 2.0, "l": 3000}
{"t": 1076.699033, "r": 0.0, "l": 3000}
{"t": 1101.074531, "r": 1.0, "l": 3000}
{"t": 1126.066687, "r": 0.0, "l": 3000}
{"t": 1150.288681, "r": 0.0, "l": 3000}
{"t": 1175.076799, "r": 0.0, "l": 3000}
{"t": 1199.656869, "r": 0.0, "l": 3000}
{"t": 1223.946129, "r": 0.0, "l": 3000}
{"t": 1249.068219, "r": 0.0, "l": 3000}
{"t": 1273.820771, "r": 1.0, "l": 3000}
{"t": 1299.022385, "r": 0.0, "l": 3000}
{"t": 1323.517814, "r": 0.0, "l": 3000}
{"t": 1347.929026, "r": 0.0, "l": 3000}
{"t": 1373.221904, "r": 0.0, "l": 3000}
{"t": 1397.598737, "r": 0.0, "l": 3000}
{"t": 1422.905658, "r": 1.0, "l": 3000}
{"t": 1447.953449, "r": 2.0, "l": 3000}
{"t": 1473.348486, "r": 0.0, "l": 3000}
{"t": 1498.025863, "r": 0.0, "l": 3000}
{"t": 1522.46682, "r": 0.0, "l": 3000}
{"t": 1548.256731, "r": 0.0, "l": 3000}
{"t": 1572.940397, "r": 0.0, "l": 3000}
{"t": 1598.626515, "r": 0.0, "l": 3000}
{"t": 1806.298399, "r": 0.0, "l": 3000}
{"t": 1831.785432, "r": 0.0, "l": 3000}
{"t": 1857.553238, "r": 0.0, "l": 3000}
{"t": 4467.397213, "r": 0.0, "l": 3000}
