{"gym_version": "0.9.3", "t_start": 1519637759.0272965, "env_id": "EnduroNoFrameskip-v4"}
{"t": 26.375543, "r": 0.0, "l": 3000}
{"t": 49.807436, "r": 0.0, "l": 3000}
{"t": 73.534147, "r": 0.0, "l": 3000}
{"t": 96.908525, "r": 0.0, "l": 3000}
{"t": 120.129176, "r": 0.0, "l": 3000}
{"t": 143.834352, "r": 0.0, "l": 3000}
{"t": 167.914733, "r": 0.0, "l": 3000}
{"t": 190.861964, "r": 0.0, "l": 3000}
{"t": 214.14275, "r": 0.0, "l": 3000}
{"t": 237.88335, "r": 0.0, "l": 3000}
{"t": 261.206091, "r": 0.0, "l": 3000}
{"t": 284.808977, "r": 0.0, "l": 3000}
{"t": 308.833429, "r": 0.0, "l": 3000}
{"t": 332.346067, "r": 0.0, "l": 3000}
{"t": 355.754564, "r": 2.0, "l": 3000}
{"t": 379.553759, "r": 0.0, "l": 3000}
{"t": 403.998751, "r": 0.0, "l": 3000}
{"t": 426.990667, "r": 0.0, "l": 3000}
{"t": 450.731782, "r": 13.0, "l": 3000}
{"t": 474.740099, "r": 2.0, "l": 3000}
{"t": 498.276413, "r": 2.0, "l": 3000}
{"t": 521.728779, "r": 0.0, "l": 3000}
{"t": 546.123415, "r": 1.0, "l": 3000}
{"t": 569.629306, "r": 1.0, "l": 3000}
{"t": 593.409118, "r": 0.0, "l": 3000}
{"t": 617.170923, "r": 0.0, "l": 3000}
{"t": 640.654577, "r": 0.0, "l": 3000}
{"t": 664.646991, "r": 0.0, "l": 3000}
{"t": 688.303352, "r": 1.0, "l": 3000}
{"t": 712.440442, "r": 0.0, "l": 3000}
{"t": 736.769472, "r": 1.0, "l": 3000}
{"t": 760.806796, "r": 2.0, "l": 3000}
{"t": 784.566595, "r": 0.0, "l": 3000}
{"t": 809.673911, "r": 0.0, "l": 3000}
{"t": 833.473959, "r": 0.0, "l": 3000}
{"t": 858.103964, "r": 0.0, "l": 3000}
{"t": 882.633807, "r": 0.0, "l": 3000}
{"t": 906.561822, "r": 0.0, "l": 3000}
{"t": 931.238041, "r": 0.0, "l": 3000}
{"t": 955.09517, "r": 1.0, "l": 3000}
{"t": 979.305283, "r": 0.0, "l": 3000}
{"t": 1003.54848, "r": 0.0, "l": 3000}
{"t": 1027.725445, "r": 0.0, "l": 3000}
{"t": 1052.737212, "r": 0.0, "l": 3000}
{"t": 1077.063137, "r": 0.0, "l": 3000}
{"t": 1101.648381, "r": 0.0, "l": 3000}
{"t": 1126.499078, "r": 1.0, "l": 3000}
{"t": 1151.150084, "r": 0.0, "l": 3000}
{"t": 1175.631132, "r": 0.0, "l": 3000}
{"t": 1200.417687, "r": 0.0, "l": 3000}
{"t": 1225.061462, "r": 0.0, "l": 3000}
{"t": 1250.004795, "r": 0.0, "l": 3000}
{"t": 1274.669728, "r": 1.0, "l": 3000}
{"t": 1299.967203, "r": 0.0, "l": 3000}
{"t": 1324.303974, "r": 0.0, "l": 3000}
{"t": 1348.867996, "r": 0.0, "l": 3000}
{"t": 1373.807143, "r": 0.0, "l": 3000}
{"t": 1398.482801, "r": 1.0, "l": 3000}
{"t": 1423.775138, "r": 0.0, "l": 3000}
{"t": 1448.315096, "r": 3.0, "l": 3000}
{"t": 1473.525616, "r": 0.0, "l": 3000}
{"t": 1498.573336, "r": 0.0, "l": 3000}
{"t": 1522.771689, "r": 0.0, "l": 3000}
{"t": 1548.952483, "r": 0.0, "l": 3000}
{"t": 1573.290591, "r": 0.0, "l": 3000}
{"t": 1598.931744, "r": 0.0, "l": 3000}
{"t": 1806.149016, "r": 0.0, "l": 3000}
{"t": 1831.954719, "r": 0.0, "l": 3000}
{"t": 1857.884356, "r": 1.0, "l": 3000}
