{"gym_version": "0.9.3", "t_start": 1519637758.9741302, "env_id": "EnduroNoFrameskip-v4"}
{"t": 26.371323, "r": 0.0, "l": 3000}
{"t": 49.648279, "r": 0.0, "l": 3000}
{"t": 73.512739, "r": 0.0, "l": 3000}
{"t": 96.910247, "r": 0.0, "l": 3000}
{"t": 119.805181, "r": 0.0, "l": 3000}
{"t": 143.185545, "r": 1.0, "l": 3000}
{"t": 167.646898, "r": 0.0, "l": 3000}
{"t": 190.915323, "r": 0.0, "l": 3000}
{"t": 214.143523, "r": 1.0, "l": 3000}
{"t": 237.832609, "r": 5.0, "l": 3000}
{"t": 261.069604, "r": 6.0, "l": 3000}
{"t": 284.739952, "r": 0.0, "l": 3000}
{"t": 308.57031, "r": 0.0, "l": 3000}
{"t": 332.134074, "r": 0.0, "l": 3000}
{"t": 355.758005, "r": 6.0, "l": 3000}
{"t": 379.531692, "r": 1.0, "l": 3000}
{"t": 403.468166, "r": 1.0, "l": 3000}
{"t": 426.634866, "r": 10.0, "l": 3000}
{"t": 450.468525, "r": 0.0, "l": 3000}
{"t": 474.197756, "r": 7.0, "l": 3000}
{"t": 497.810785, "r": 3.0, "l": 3000}
{"t": 521.230833, "r": 0.0, "l": 3000}
{"t": 545.223174, "r": 0.0, "l": 3000}
{"t": 568.832663, "r": 0.0, "l": 3000}
{"t": 593.072359, "r": 0.0, "l": 3000}
{"t": 616.485927, "r": 0.0, "l": 3000}
{"t": 640.108598, "r": 0.0, "l": 3000}
{"t": 664.135599, "r": 0.0, "l": 3000}
{"t": 687.711858, "r": 0.0, "l": 3000}
{"t": 712.075922, "r": 0.0, "l": 3000}
{"t": 736.411405, "r": 1.0, "l": 3000}
{"t": 760.163468, "r": 0.0, "l": 3000}
{"t": 783.912195, "r": 1.0, "l": 3000}
{"t": 809.00259, "r": 0.0, "l": 3000}
{"t": 833.068658, "r": 1.0, "l": 3000}
{"t": 857.848395, "r": 0.0, "l": 3000}
{"t": 882.007723, "r": 0.0, "l": 3000}
{"t": 906.086327, "r": 2.0, "l": 3000}
{"t": 930.667016, "r": 0.0, "l": 3000}
{"t": 955.067063, "r": 0.0, "l": 3000}
{"t": 978.973791, "r": 0.0, "l": 3000}
{"t": 1003.309819, "r": 1.0, "l": 3000}
{"t": 1027.439718, "r": 1.0, "l": 3000}
{"t": 1052.326655, "r": 1.0, "l": 3000}
{"t": 1076.804089, "r": 0.0, "l": 3000}
{"t": 1101.188489, "r": 0.0, "l": 3000}
{"t": 1126.431107, "r": 1.0, "l": 3000}
{"t": 1150.673987, "r": 0.0, "l": 3000}
{"t": 1175.623898, "r": 0.0, "l": 3000}
{"t": 1200.084482, "r": 2.0, "l": 3000}
{"t": 1224.417891, "r": 0.0, "l": 3000}
{"t": 1249.273507, "r": 0.0, "l": 3000}
{"t": 1273.90409, "r": 0.0, "l": 3000}
{"t": 1299.131879, "r": 0.0, "l": 3000}
{"t": 1323.70303, "r": 1.0, "l": 3000}
{"t": 1347.84712, "r": 1.0, "l": 3000}
{"t": 1373.033772, "r": 1.0, "l": 3000}
{"t": 1397.716562, "r": 1.0, "l": 3000}
{"t": 1423.077054, "r": 1.0, "l": 3000}
{"t": 1447.823776, "r": 0.0, "l": 3000}
{"t": 1472.78355, "r": 0.0, "l": 3000}
{"t": 1497.741844, "r": 0.0, "l": 3000}
{"t": 1522.285144, "r": 0.0, "l": 3000}
{"t": 1547.610522, "r": 0.0, "l": 3000}
{"t": 1572.125795, "r": 0.0, "l": 3000}
{"t": 1597.974553, "r": 0.0, "l": 3000}
{"t": 1805.179241, "r": 0.0, "l": 3000}
{"t": 1830.876485, "r": 0.0, "l": 3000}
{"t": 1856.489295, "r": 0.0, "l": 3000}
{"t": 1881.690965, "r": 0.0, "l": 3000}
