{"gym_version": "0.9.3", "t_start": 1519637759.0211115, "env_id": "EnduroNoFrameskip-v4"}
{"t": 26.43316, "r": 0.0, "l": 3000}
{"t": 49.874505, "r": 0.0, "l": 3000}
{"t": 73.28194, "r": 0.0, "l": 3000}
{"t": 96.921685, "r": 0.0, "l": 3000}
{"t": 120.135288, "r": 0.0, "l": 3000}
{"t": 143.504423, "r": 0.0, "l": 3000}
{"t": 167.98514, "r": 2.0, "l": 3000}
{"t": 191.236575, "r": 0.0, "l": 3000}
{"t": 214.536631, "r": 0.0, "l": 3000}
{"t": 238.552547, "r": 0.0, "l": 3000}
{"t": 261.844091, "r": 0.0, "l": 3000}
{"t": 285.324647, "r": 0.0, "l": 3000}
{"t": 309.566545, "r": 1.0, "l": 3000}
{"t": 333.00427, "r": 0.0, "l": 3000}
{"t": 356.76252, "r": 0.0, "l": 3000}
{"t": 380.494018, "r": 6.0, "l": 3000}
{"t": 404.706867, "r": 0.0, "l": 3000}
{"t": 427.817832, "r": 0.0, "l": 3000}
{"t": 451.4503, "r": 5.0, "l": 3000}
{"t": 475.404525, "r": 0.0, "l": 3000}
{"t": 498.971182, "r": 0.0, "l": 3000}
{"t": 522.549924, "r": 0.0, "l": 3000}
{"t": 546.572587, "r": 0.0, "l": 3000}
{"t": 570.213945, "r": 0.0, "l": 3000}
{"t": 594.365624, "r": 0.0, "l": 3000}
{"t": 618.01897, "r": 0.0, "l": 3000}
{"t": 641.757975, "r": 0.0, "l": 3000}
{"t": 665.899738, "r": 0.0, "l": 3000}
{"t": 689.090046, "r": 0.0, "l": 3000}
{"t": 713.517289, "r": 2.0, "l": 3000}
{"t": 737.804663, "r": 1.0, "l": 3000}
{"t": 761.673007, "r": 0.0, "l": 3000}
{"t": 785.793595, "r": 0.0, "l": 3000}
{"t": 810.509068, "r": 0.0, "l": 3000}
{"t": 834.600873, "r": 1.0, "l": 3000}
{"t": 859.189816, "r": 0.0, "l": 3000}
{"t": 884.128345, "r": 1.0, "l": 3000}
{"t": 907.978545, "r": 0.0, "l": 3000}
{"t": 932.611163, "r": 2.0, "l": 3000}
{"t": 956.689066, "r": 0.0, "l": 3000}
{"t": 980.507025, "r": 0.0, "l": 3000}
{"t": 1004.572082, "r": 0.0, "l": 3000}
{"t": 1028.682169, "r": 0.0, "l": 3000}
{"t": 1053.536675, "r": 0.0, "l": 3000}
{"t": 1078.149223, "r": 0.0, "l": 3000}
{"t": 1102.575488, "r": 0.0, "l": 3000}
{"t": 1127.986368, "r": 1.0, "l": 3000}
{"t": 1152.000379, "r": 0.0, "l": 3000}
{"t": 1176.923493, "r": 0.0, "l": 3000}
{"t": 1201.492598, "r": 0.0, "l": 3000}
{"t": 1225.814065, "r": 0.0, "l": 3000}
{"t": 1251.309818, "r": 0.0, "l": 3000}
{"t": 1275.76443, "r": 0.0, "l": 3000}
{"t": 1300.749406, "r": 1.0, "l": 3000}
{"t": 1325.219867, "r": 0.0, "l": 3000}
{"t": 1349.355181, "r": 0.0, "l": 3000}
{"t": 1374.585928, "r": 1.0, "l": 3000}
{"t": 1398.94971, "r": 1.0, "l": 3000}
{"t": 1424.569395, "r": 0.0, "l": 3000}
{"t": 1449.136336, "r": 0.0, "l": 3000}
{"t": 1474.334285, "r": 0.0, "l": 3000}
{"t": 1499.608723, "r": 1.0, "l": 3000}
{"t": 1524.035645, "r": 0.0, "l": 3000}
{"t": 1549.732841, "r": 0.0, "l": 3000}
{"t": 1573.92482, "r": 0.0, "l": 3000}
{"t": 1599.57586, "r": 0.0, "l": 3000}
{"t": 1807.235535, "r": 0.0, "l": 3000}
{"t": 1832.772432, "r": 0.0, "l": 3000}
{"t": 1859.063875, "r": 0.0, "l": 3000}
