{"gym_version": "0.9.3", "t_start": 1519637758.5864542, "env_id": "EnduroNoFrameskip-v4"}
{"t": 27.400121, "r": 0.0, "l": 3000}
{"t": 50.67348, "r": 0.0, "l": 3000}
{"t": 74.214021, "r": 0.0, "l": 3000}
{"t": 97.982308, "r": 0.0, "l": 3000}
{"t": 121.120099, "r": 0.0, "l": 3000}
{"t": 144.586358, "r": 0.0, "l": 3000}
{"t": 168.897617, "r": 0.0, "l": 3000}
{"t": 192.106699, "r": 0.0, "l": 3000}
{"t": 215.225768, "r": 0.0, "l": 3000}
{"t": 239.266388, "r": 1.0, "l": 3000}
{"t": 262.625506, "r": 0.0, "l": 3000}
{"t": 286.152906, "r": 1.0, "l": 3000}
{"t": 310.360639, "r": 0.0, "l": 3000}
{"t": 333.981752, "r": 0.0, "l": 3000}
{"t": 357.242931, "r": 0.0, "l": 3000}
{"t": 380.857435, "r": 2.0, "l": 3000}
{"t": 404.885068, "r": 0.0, "l": 3000}
{"t": 427.754362, "r": 0.0, "l": 3000}
{"t": 451.463577, "r": 0.0, "l": 3000}
{"t": 475.383296, "r": 0.0, "l": 3000}
{"t": 498.755175, "r": 0.0, "l": 3000}
{"t": 522.531947, "r": 0.0, "l": 3000}
{"t": 546.55502, "r": 1.0, "l": 3000}
{"t": 570.11083, "r": 0.0, "l": 3000}
{"t": 594.149309, "r": 0.0, "l": 3000}
{"t": 617.228893, "r": 0.0, "l": 3000}
{"t": 641.093916, "r": 0.0, "l": 3000}
{"t": 665.193736, "r": 0.0, "l": 3000}
{"t": 688.794086, "r": 0.0, "l": 3000}
{"t": 712.926708, "r": 1.0, "l": 3000}
{"t": 737.456406, "r": 0.0, "l": 3000}
{"t": 761.285741, "r": 0.0, "l": 3000}
{"t": 785.439341, "r": 0.0, "l": 3000}
{"t": 810.343227, "r": 0.0, "l": 3000}
{"t": 834.529123, "r": 0.0, "l": 3000}
{"t": 859.198905, "r": 1.0, "l": 3000}
{"t": 883.378678, "r": 0.0, "l": 3000}
{"t": 907.283587, "r": 0.0, "l": 3000}
{"t": 932.113751, "r": 0.0, "l": 3000}
{"t": 956.273033, "r": 0.0, "l": 3000}
{"t": 980.114605, "r": 3.0, "l": 3000}
{"t": 1004.606261, "r": 2.0, "l": 3000}
{"t": 1028.655596, "r": 0.0, "l": 3000}
{"t": 1053.53876, "r": 1.0, "l": 3000}
{"t": 1077.886729, "r": 0.0, "l": 3000}
{"t": 1102.298577, "r": 0.0, "l": 3000}
{"t": 1126.929573, "r": 1.0, "l": 3000}
{"t": 1151.135662, "r": 0.0, "l": 3000}
{"t": 1175.938445, "r": 0.0, "l": 3000}
{"t": 1200.375858, "r": 0.0, "l": 3000}
{"t": 1224.904129, "r": 0.0, "l": 3000}
{"t": 1250.14606, "r": 0.0, "l": 3000}
{"t": 1274.627382, "r": 0.0, "l": 3000}
{"t": 1299.604352, "r": 0.0, "l": 3000}
{"t": 1324.436759, "r": 0.0, "l": 3000}
{"t": 1348.92488, "r": 0.0, "l": 3000}
{"t": 1374.141383, "r": 0.0, "l": 3000}
{"t": 1398.601469, "r": 0.0, "l": 3000}
{"t": 1423.977111, "r": 0.0, "l": 3000}
{"t": 1448.692547, "r": 0.0, "l": 3000}
{"t": 1473.949517, "r": 1.0, "l": 3000}
{"t": 1498.663084, "r": 0.0, "l": 3000}
{"t": 1523.163492, "r": 0.0, "l": 3000}
{"t": 1548.828844, "r": 0.0, "l": 3000}
{"t": 1573.262421, "r": 0.0, "l": 3000}
{"t": 1598.773447, "r": 0.0, "l": 3000}
{"t": 1806.167291, "r": 0.0, "l": 3000}
{"t": 1831.930945, "r": 0.0, "l": 3000}
{"t": 1857.790772, "r": 1.0, "l": 3000}
{"t": 4467.691623, "r": 0.0, "l": 3000}
