{"gym_version": "0.9.3", "t_start": 1519637758.5656002, "env_id": "EnduroNoFrameskip-v4"}
{"t": 26.941806, "r": 0.0, "l": 3000}
{"t": 50.321354, "r": 0.0, "l": 3000}
{"t": 73.956643, "r": 0.0, "l": 3000}
{"t": 97.720362, "r": 0.0, "l": 3000}
{"t": 120.878937, "r": 0.0, "l": 3000}
{"t": 144.39032, "r": 0.0, "l": 3000}
{"t": 168.775708, "r": 1.0, "l": 3000}
{"t": 192.175286, "r": 1.0, "l": 3000}
{"t": 215.208814, "r": 1.0, "l": 3000}
{"t": 239.241141, "r": 0.0, "l": 3000}
{"t": 262.34507, "r": 2.0, "l": 3000}
{"t": 285.851418, "r": 1.0, "l": 3000}
{"t": 309.862267, "r": 0.0, "l": 3000}
{"t": 333.390164, "r": 0.0, "l": 3000}
{"t": 356.9091, "r": 0.0, "l": 3000}
{"t": 380.549161, "r": 0.0, "l": 3000}
{"t": 404.513637, "r": 0.0, "l": 3000}
{"t": 427.780538, "r": 0.0, "l": 3000}
{"t": 451.847728, "r": 0.0, "l": 3000}
{"t": 475.91204, "r": 0.0, "l": 3000}
{"t": 499.12047, "r": 4.0, "l": 3000}
{"t": 522.949641, "r": 0.0, "l": 3000}
{"t": 547.012465, "r": 1.0, "l": 3000}
{"t": 570.865483, "r": 0.0, "l": 3000}
{"t": 594.591932, "r": 0.0, "l": 3000}
{"t": 618.109164, "r": 0.0, "l": 3000}
{"t": 641.870634, "r": 0.0, "l": 3000}
{"t": 666.037855, "r": 0.0, "l": 3000}
{"t": 689.883583, "r": 0.0, "l": 3000}
{"t": 714.361405, "r": 0.0, "l": 3000}
{"t": 738.832908, "r": 0.0, "l": 3000}
{"t": 762.403262, "r": 0.0, "l": 3000}
{"t": 786.649785, "r": 1.0, "l": 3000}
{"t": 811.616858, "r": 0.0, "l": 3000}
{"t": 835.441767, "r": 2.0, "l": 3000}
{"t": 860.085364, "r": 0.0, "l": 3000}
{"t": 884.928369, "r": 0.0, "l": 3000}
{"t": 908.809914, "r": 0.0, "l": 3000}
{"t": 933.713969, "r": 0.0, "l": 3000}
{"t": 957.635836, "r": 0.0, "l": 3000}
{"t": 981.300064, "r": 0.0, "l": 3000}
{"t": 1005.825909, "r": 0.0, "l": 3000}
{"t": 1030.088846, "r": 0.0, "l": 3000}
{"t": 1055.03757, "r": 0.0, "l": 3000}
{"t": 1079.540981, "r": 0.0, "l": 3000}
{"t": 1103.625589, "r": 1.0, "l": 3000}
{"t": 1128.914858, "r": 0.0, "l": 3000}
{"t": 1153.134413, "r": 0.0, "l": 3000}
{"t": 1177.695323, "r": 0.0, "l": 3000}
{"t": 1202.605979, "r": 0.0, "l": 3000}
{"t": 1227.002386, "r": 0.0, "l": 3000}
{"t": 1252.161995, "r": 0.0, "l": 3000}
{"t": 1276.551887, "r": 0.0, "l": 3000}
{"t": 1302.044999, "r": 1.0, "l": 3000}
{"t": 1326.46584, "r": 1.0, "l": 3000}
{"t": 1351.136414, "r": 0.0, "l": 3000}
{"t": 1376.647417, "r": 0.0, "l": 3000}
{"t": 1400.869313, "r": 0.0, "l": 3000}
{"t": 1426.299373, "r": 1.0, "l": 3000}
{"t": 1450.783304, "r": 3.0, "l": 3000}
{"t": 1475.956807, "r": 2.0, "l": 3000}
{"t": 1501.345225, "r": 0.0, "l": 3000}
{"t": 1525.978906, "r": 0.0, "l": 3000}
{"t": 1551.59916, "r": 1.0, "l": 3000}
{"t": 1576.294792, "r": 0.0, "l": 3000}
{"t": 1601.921705, "r": 0.0, "l": 3000}
{"t": 1809.448483, "r": 0.0, "l": 3000}
{"t": 1835.208777, "r": 0.0, "l": 3000}
{"t": 1860.902465, "r": 0.0, "l": 3000}
