{"gym_version": "0.9.3", "t_start": 1519637758.701988, "env_id": "EnduroNoFrameskip-v4"}
{"t": 26.602676, "r": 0.0, "l": 3000}
{"t": 50.18545, "r": 0.0, "l": 3000}
{"t": 73.8164, "r": 0.0, "l": 3000}
{"t": 97.618521, "r": 0.0, "l": 3000}
{"t": 120.702922, "r": 0.0, "l": 3000}
{"t": 143.8629, "r": 0.0, "l": 3000}
{"t": 168.243181, "r": 0.0, "l": 3000}
{"t": 191.143506, "r": 0.0, "l": 3000}
{"t": 214.415192, "r": 0.0, "l": 3000}
{"t": 238.579116, "r": 0.0, "l": 3000}
{"t": 261.909034, "r": 0.0, "l": 3000}
{"t": 285.047129, "r": 4.0, "l": 3000}
{"t": 309.066549, "r": 0.0, "l": 3000}
{"t": 332.713684, "r": 0.0, "l": 3000}
{"t": 356.109095, "r": 1.0, "l": 3000}
{"t": 379.838363, "r": 0.0, "l": 3000}
{"t": 404.088085, "r": 0.0, "l": 3000}
{"t": 427.512096, "r": 0.0, "l": 3000}
{"t": 451.098068, "r": 1.0, "l": 3000}
{"t": 475.028383, "r": 0.0, "l": 3000}
{"t": 498.232425, "r": 3.0, "l": 3000}
{"t": 522.092358, "r": 0.0, "l": 3000}
{"t": 546.748228, "r": 1.0, "l": 3000}
{"t": 569.995862, "r": 0.0, "l": 3000}
{"t": 594.079944, "r": 0.0, "l": 3000}
{"t": 617.483323, "r": 0.0, "l": 3000}
{"t": 641.028927, "r": 0.0, "l": 3000}
{"t": 665.395281, "r": 0.0, "l": 3000}
{"t": 688.720228, "r": 0.0, "l": 3000}
{"t": 713.214582, "r": 3.0, "l": 3000}
{"t": 737.763149, "r": 0.0, "l": 3000}
{"t": 761.563889, "r": 0.0, "l": 3000}
{"t": 785.593627, "r": 2.0, "l": 3000}
{"t": 810.270965, "r": 0.0, "l": 3000}
{"t": 834.37751, "r": 0.0, "l": 3000}
{"t": 858.752322, "r": 0.0, "l": 3000}
{"t": 883.255271, "r": 0.0, "l": 3000}
{"t": 907.220403, "r": 0.0, "l": 3000}
{"t": 931.940019, "r": 1.0, "l": 3000}
{"t": 956.156493, "r": 0.0, "l": 3000}
{"t": 980.082544, "r": 0.0, "l": 3000}
{"t": 1004.791214, "r": 0.0, "l": 3000}
{"t": 1028.749762, "r": 0.0, "l": 3000}
{"t": 1053.768273, "r": 0.0, "l": 3000}
{"t": 1078.093735, "r": 0.0, "l": 3000}
{"t": 1102.561786, "r": 0.0, "l": 3000}
{"t": 1127.596057, "r": 1.0, "l": 3000}
{"t": 1151.913211, "r": 0.0, "l": 3000}
{"t": 1176.544835, "r": 0.0, "l": 3000}
{"t": 1201.153802, "r": 1.0, "l": 3000}
{"t": 1225.480499, "r": 1.0, "l": 3000}
{"t": 1250.761841, "r": 0.0, "l": 3000}
{"t": 1275.382524, "r": 0.0, "l": 3000}
{"t": 1300.598315, "r": 0.0, "l": 3000}
{"t": 1324.714984, "r": 0.0, "l": 3000}
{"t": 1349.234482, "r": 0.0, "l": 3000}
{"t": 1374.463115, "r": 0.0, "l": 3000}
{"t": 1399.222598, "r": 0.0, "l": 3000}
{"t": 1424.567648, "r": 0.0, "l": 3000}
{"t": 1449.052067, "r": 2.0, "l": 3000}
{"t": 1474.652154, "r": 1.0, "l": 3000}
{"t": 1499.367312, "r": 0.0, "l": 3000}
{"t": 1523.871067, "r": 0.0, "l": 3000}
{"t": 1549.356791, "r": 0.0, "l": 3000}
{"t": 1573.655827, "r": 0.0, "l": 3000}
{"t": 1599.810811, "r": 0.0, "l": 3000}
{"t": 1807.496749, "r": 0.0, "l": 3000}
{"t": 1833.430244, "r": 0.0, "l": 3000}
{"t": 1859.060387, "r": 0.0, "l": 3000}
