{"gym_version": "0.9.3", "t_start": 1519637759.036688, "env_id": "EnduroNoFrameskip-v4"}
{"t": 26.304272, "r": 0.0, "l": 3000}
{"t": 49.795013, "r": 0.0, "l": 3000}
{"t": 73.177118, "r": 0.0, "l": 3000}
{"t": 96.939263, "r": 0.0, "l": 3000}
{"t": 120.331094, "r": 0.0, "l": 3000}
{"t": 143.815447, "r": 1.0, "l": 3000}
{"t": 167.961482, "r": 0.0, "l": 3000}
{"t": 191.481303, "r": 0.0, "l": 3000}
{"t": 214.738183, "r": 0.0, "l": 3000}
{"t": 238.49056, "r": 0.0, "l": 3000}
{"t": 261.908638, "r": 6.0, "l": 3000}
{"t": 285.377003, "r": 0.0, "l": 3000}
{"t": 309.631205, "r": 3.0, "l": 3000}
{"t": 333.185107, "r": 2.0, "l": 3000}
{"t": 356.397583, "r": 0.0, "l": 3000}
{"t": 380.022139, "r": 2.0, "l": 3000}
{"t": 404.381633, "r": 0.0, "l": 3000}
{"t": 427.309201, "r": 0.0, "l": 3000}
{"t": 451.022006, "r": 0.0, "l": 3000}
{"t": 475.042828, "r": 1.0, "l": 3000}
{"t": 498.649035, "r": 0.0, "l": 3000}
{"t": 522.185605, "r": 2.0, "l": 3000}
{"t": 546.860213, "r": 0.0, "l": 3000}
{"t": 570.43765, "r": 0.0, "l": 3000}
{"t": 594.314429, "r": 0.0, "l": 3000}
{"t": 617.577734, "r": 0.0, "l": 3000}
{"t": 641.283895, "r": 0.0, "l": 3000}
{"t": 665.493836, "r": 0.0, "l": 3000}
{"t": 689.347347, "r": 0.0, "l": 3000}
{"t": 713.848172, "r": 2.0, "l": 3000}
{"t": 738.408245, "r": 0.0, "l": 3000}
{"t": 762.223561, "r": 1.0, "l": 3000}
{"t": 786.504014, "r": 1.0, "l": 3000}
{"t": 811.347682, "r": 2.0, "l": 3000}
{"t": 835.259911, "r": 0.0, "l": 3000}
{"t": 859.667292, "r": 0.0, "l": 3000}
{"t": 884.505195, "r": 1.0, "l": 3000}
{"t": 908.554153, "r": 0.0, "l": 3000}
{"t": 933.01792, "r": 1.0, "l": 3000}
{"t": 957.218803, "r": 0.0, "l": 3000}
{"t": 981.102266, "r": 1.0, "l": 3000}
{"t": 1005.620296, "r": 1.0, "l": 3000}
{"t": 1029.62198, "r": 0.0, "l": 3000}
{"t": 1054.763621, "r": 1.0, "l": 3000}
{"t": 1079.168517, "r": 0.0, "l": 3000}
{"t": 1103.488813, "r": 1.0, "l": 3000}
{"t": 1128.485231, "r": 0.0, "l": 3000}
{"t": 1152.897041, "r": 1.0, "l": 3000}
{"t": 1177.264165, "r": 0.0, "l": 3000}
{"t": 1202.077391, "r": 0.0, "l": 3000}
{"t": 1226.484529, "r": 0.0, "l": 3000}
{"t": 1251.785209, "r": 0.0, "l": 3000}
{"t": 1276.458831, "r": 0.0, "l": 3000}
{"t": 1301.531271, "r": 0.0, "l": 3000}
{"t": 1325.993759, "r": 0.0, "l": 3000}
{"t": 1350.303992, "r": 1.0, "l": 3000}
{"t": 1375.768212, "r": 0.0, "l": 3000}
{"t": 1399.963064, "r": 0.0, "l": 3000}
{"t": 1425.428875, "r": 0.0, "l": 3000}
{"t": 1450.313271, "r": 0.0, "l": 3000}
{"t": 1475.443566, "r": 2.0, "l": 3000}
{"t": 1500.490534, "r": 0.0, "l": 3000}
{"t": 1525.188918, "r": 0.0, "l": 3000}
{"t": 1551.032844, "r": 0.0, "l": 3000}
{"t": 1575.509168, "r": 0.0, "l": 3000}
{"t": 1601.114609, "r": 1.0, "l": 3000}
{"t": 1808.889175, "r": 0.0, "l": 3000}
{"t": 1834.40822, "r": 0.0, "l": 3000}
{"t": 1860.468192, "r": 0.0, "l": 3000}
