{"gym_version": "0.9.3", "t_start": 1519637758.8326187, "env_id": "EnduroNoFrameskip-v4"}
{"t": 27.197321, "r": 0.0, "l": 3000}
{"t": 50.522712, "r": 0.0, "l": 3000}
{"t": 74.271187, "r": 0.0, "l": 3000}
{"t": 97.841284, "r": 0.0, "l": 3000}
{"t": 120.877747, "r": 0.0, "l": 3000}
{"t": 144.413046, "r": 0.0, "l": 3000}
{"t": 168.936357, "r": 0.0, "l": 3000}
{"t": 191.976189, "r": 0.0, "l": 3000}
{"t": 215.157595, "r": 2.0, "l": 3000}
{"t": 239.070375, "r": 8.0, "l": 3000}
{"t": 262.347718, "r": 3.0, "l": 3000}
{"t": 285.865874, "r": 0.0, "l": 3000}
{"t": 309.555594, "r": 0.0, "l": 3000}
{"t": 333.085971, "r": 2.0, "l": 3000}
{"t": 356.568707, "r": 2.0, "l": 3000}
{"t": 380.225676, "r": 0.0, "l": 3000}
{"t": 404.31646, "r": 0.0, "l": 3000}
{"t": 427.452617, "r": 0.0, "l": 3000}
{"t": 451.268171, "r": 0.0, "l": 3000}
{"t": 475.286693, "r": 0.0, "l": 3000}
{"t": 498.705207, "r": 0.0, "l": 3000}
{"t": 522.307586, "r": 0.0, "l": 3000}
{"t": 546.266599, "r": 0.0, "l": 3000}
{"t": 569.91326, "r": 0.0, "l": 3000}
{"t": 594.050159, "r": 0.0, "l": 3000}
{"t": 617.405592, "r": 0.0, "l": 3000}
{"t": 641.308024, "r": 0.0, "l": 3000}
{"t": 665.330716, "r": 0.0, "l": 3000}
{"t": 689.169893, "r": 0.0, "l": 3000}
{"t": 713.407434, "r": 1.0, "l": 3000}
{"t": 737.944348, "r": 0.0, "l": 3000}
{"t": 761.469449, "r": 0.0, "l": 3000}
{"t": 785.841123, "r": 0.0, "l": 3000}
{"t": 811.040346, "r": 0.0, "l": 3000}
{"t": 835.132377, "r": 1.0, "l": 3000}
{"t": 859.411469, "r": 0.0, "l": 3000}
{"t": 884.093819, "r": 1.0, "l": 3000}
{"t": 907.924203, "r": 0.0, "l": 3000}
{"t": 932.334093, "r": 0.0, "l": 3000}
{"t": 956.783348, "r": 2.0, "l": 3000}
{"t": 980.245595, "r": 1.0, "l": 3000}
{"t": 1004.721791, "r": 1.0, "l": 3000}
{"t": 1028.90487, "r": 0.0, "l": 3000}
{"t": 1053.66955, "r": 0.0, "l": 3000}
{"t": 1077.913157, "r": 0.0, "l": 3000}
{"t": 1102.045877, "r": 1.0, "l": 3000}
{"t": 1127.150485, "r": 0.0, "l": 3000}
{"t": 1151.341593, "r": 0.0, "l": 3000}
{"t": 1176.185293, "r": 1.0, "l": 3000}
{"t": 1200.645055, "r": 0.0, "l": 3000}
{"t": 1224.955873, "r": 0.0, "l": 3000}
{"t": 1250.237562, "r": 0.0, "l": 3000}
{"t": 1274.797173, "r": 0.0, "l": 3000}
{"t": 1299.882743, "r": 0.0, "l": 3000}
{"t": 1324.538689, "r": 0.0, "l": 3000}
{"t": 1348.99762, "r": 0.0, "l": 3000}
{"t": 1374.340158, "r": 0.0, "l": 3000}
{"t": 1398.69079, "r": 1.0, "l": 3000}
{"t": 1424.012333, "r": 0.0, "l": 3000}
{"t": 1448.884889, "r": 0.0, "l": 3000}
{"t": 1474.120657, "r": 1.0, "l": 3000}
{"t": 1499.193779, "r": 0.0, "l": 3000}
{"t": 1523.690656, "r": 0.0, "l": 3000}
{"t": 1549.616213, "r": 1.0, "l": 3000}
{"t": 1573.533233, "r": 0.0, "l": 3000}
{"t": 1599.25665, "r": 0.0, "l": 3000}
{"t": 1806.949924, "r": 0.0, "l": 3000}
{"t": 1832.864558, "r": 0.0, "l": 3000}
{"t": 1858.584991, "r": 0.0, "l": 3000}
