{"gym_version": "0.9.3", "t_start": 1519637759.0805025, "env_id": "EnduroNoFrameskip-v4"}
{"t": 26.382078, "r": 0.0, "l": 3000}
{"t": 49.578368, "r": 0.0, "l": 3000}
{"t": 73.173357, "r": 0.0, "l": 3000}
{"t": 96.813375, "r": 0.0, "l": 3000}
{"t": 119.929802, "r": 0.0, "l": 3000}
{"t": 143.440251, "r": 0.0, "l": 3000}
{"t": 167.860854, "r": 0.0, "l": 3000}
{"t": 191.132124, "r": 0.0, "l": 3000}
{"t": 214.046137, "r": 0.0, "l": 3000}
{"t": 237.875333, "r": 2.0, "l": 3000}
{"t": 261.201634, "r": 4.0, "l": 3000}
{"t": 284.397804, "r": 0.0, "l": 3000}
{"t": 308.692619, "r": 0.0, "l": 3000}
{"t": 331.948806, "r": 0.0, "l": 3000}
{"t": 355.585461, "r": 0.0, "l": 3000}
{"t": 379.166817, "r": 0.0, "l": 3000}
{"t": 403.150579, "r": 0.0, "l": 3000}
{"t": 426.522652, "r": 0.0, "l": 3000}
{"t": 450.407788, "r": 0.0, "l": 3000}
{"t": 474.325228, "r": 4.0, "l": 3000}
{"t": 497.753917, "r": 0.0, "l": 3000}
{"t": 521.457299, "r": 2.0, "l": 3000}
{"t": 545.604518, "r": 0.0, "l": 3000}
{"t": 569.205986, "r": 0.0, "l": 3000}
{"t": 593.269007, "r": 0.0, "l": 3000}
{"t": 616.622329, "r": 0.0, "l": 3000}
{"t": 640.262541, "r": 0.0, "l": 3000}
{"t": 664.114125, "r": 0.0, "l": 3000}
{"t": 687.575828, "r": 1.0, "l": 3000}
{"t": 712.041157, "r": 1.0, "l": 3000}
{"t": 736.308538, "r": 0.0, "l": 3000}
{"t": 760.402617, "r": 2.0, "l": 3000}
{"t": 784.124264, "r": 0.0, "l": 3000}
{"t": 809.329835, "r": 0.0, "l": 3000}
{"t": 833.4646, "r": 1.0, "l": 3000}
{"t": 858.318984, "r": 0.0, "l": 3000}
{"t": 882.823042, "r": 0.0, "l": 3000}
{"t": 906.799738, "r": 0.0, "l": 3000}
{"t": 931.273512, "r": 1.0, "l": 3000}
{"t": 955.378811, "r": 0.0, "l": 3000}
{"t": 978.945598, "r": 1.0, "l": 3000}
{"t": 1003.52794, "r": 0.0, "l": 3000}
{"t": 1027.627743, "r": 0.0, "l": 3000}
{"t": 1052.595552, "r": 0.0, "l": 3000}
{"t": 1077.01444, "r": 0.0, "l": 3000}
{"t": 1101.121982, "r": 1.0, "l": 3000}
{"t": 1125.878101, "r": 0.0, "l": 3000}
{"t": 1150.265557, "r": 0.0, "l": 3000}
{"t": 1174.856715, "r": 0.0, "l": 3000}
{"t": 1199.411484, "r": 0.0, "l": 3000}
{"t": 1223.910575, "r": 0.0, "l": 3000}
{"t": 1249.086876, "r": 0.0, "l": 3000}
{"t": 1273.788735, "r": 1.0, "l": 3000}
{"t": 1299.067271, "r": 0.0, "l": 3000}
{"t": 1323.229773, "r": 0.0, "l": 3000}
{"t": 1347.671263, "r": 0.0, "l": 3000}
{"t": 1372.981894, "r": 0.0, "l": 3000}
{"t": 1397.680894, "r": 1.0, "l": 3000}
{"t": 1423.008791, "r": 0.0, "l": 3000}
{"t": 1447.758399, "r": 0.0, "l": 3000}
{"t": 1473.104427, "r": 1.0, "l": 3000}
{"t": 1498.569472, "r": 1.0, "l": 3000}
{"t": 1523.12993, "r": 0.0, "l": 3000}
{"t": 1548.396281, "r": 0.0, "l": 3000}
{"t": 1573.197348, "r": 0.0, "l": 3000}
{"t": 1598.949946, "r": 0.0, "l": 3000}
{"t": 1806.602114, "r": 0.0, "l": 3000}
{"t": 1831.856292, "r": 0.0, "l": 3000}
{"t": 1857.317044, "r": 0.0, "l": 3000}
{"t": 4467.167125, "r": 0.0, "l": 3000}
