{"gym_version": "0.9.3", "t_start": 1519637759.0382886, "env_id": "EnduroNoFrameskip-v4"}
{"t": 26.307669, "r": 0.0, "l": 3000}
{"t": 49.798077, "r": 0.0, "l": 3000}
{"t": 73.530789, "r": 0.0, "l": 3000}
{"t": 97.53591, "r": 0.0, "l": 3000}
{"t": 120.715067, "r": 0.0, "l": 3000}
{"t": 144.195956, "r": 0.0, "l": 3000}
{"t": 168.731248, "r": 0.0, "l": 3000}
{"t": 192.002847, "r": 0.0, "l": 3000}
{"t": 215.30289, "r": 0.0, "l": 3000}
{"t": 239.179918, "r": 0.0, "l": 3000}
{"t": 262.47631, "r": 0.0, "l": 3000}
{"t": 285.755612, "r": 0.0, "l": 3000}
{"t": 309.592093, "r": 0.0, "l": 3000}
{"t": 333.262645, "r": 1.0, "l": 3000}
{"t": 356.671777, "r": 0.0, "l": 3000}
{"t": 380.141609, "r": 0.0, "l": 3000}
{"t": 404.732255, "r": 0.0, "l": 3000}
{"t": 427.89839, "r": 0.0, "l": 3000}
{"t": 451.48309, "r": 0.0, "l": 3000}
{"t": 475.436471, "r": 2.0, "l": 3000}
{"t": 498.604629, "r": 0.0, "l": 3000}
{"t": 521.814297, "r": 2.0, "l": 3000}
{"t": 546.457468, "r": 0.0, "l": 3000}
{"t": 570.125518, "r": 0.0, "l": 3000}
{"t": 593.81793, "r": 0.0, "l": 3000}
{"t": 617.535408, "r": 0.0, "l": 3000}
{"t": 641.441112, "r": 0.0, "l": 3000}
{"t": 665.48952, "r": 0.0, "l": 3000}
{"t": 689.00853, "r": 0.0, "l": 3000}
{"t": 713.493874, "r": 0.0, "l": 3000}
{"t": 738.105068, "r": 1.0, "l": 3000}
{"t": 761.864561, "r": 1.0, "l": 3000}
{"t": 785.707329, "r": 1.0, "l": 3000}
{"t": 810.495324, "r": 0.0, "l": 3000}
{"t": 834.586827, "r": 0.0, "l": 3000}
{"t": 858.812212, "r": 1.0, "l": 3000}
{"t": 883.408437, "r": 0.0, "l": 3000}
{"t": 907.419643, "r": 0.0, "l": 3000}
{"t": 932.180767, "r": 2.0, "l": 3000}
{"t": 956.222398, "r": 1.0, "l": 3000}
{"t": 980.035457, "r": 0.0, "l": 3000}
{"t": 1004.607018, "r": 1.0, "l": 3000}
{"t": 1029.144589, "r": 0.0, "l": 3000}
{"t": 1053.947145, "r": 0.0, "l": 3000}
{"t": 1078.251772, "r": 0.0, "l": 3000}
{"t": 1102.553489, "r": 1.0, "l": 3000}
{"t": 1127.664707, "r": 0.0, "l": 3000}
{"t": 1151.918029, "r": 1.0, "l": 3000}
{"t": 1176.588873, "r": 1.0, "l": 3000}
{"t": 1201.482112, "r": 0.0, "l": 3000}
{"t": 1226.154376, "r": 0.0, "l": 3000}
{"t": 1251.342055, "r": 0.0, "l": 3000}
{"t": 1276.092095, "r": 0.0, "l": 3000}
{"t": 1301.237893, "r": 0.0, "l": 3000}
{"t": 1325.664907, "r": 1.0, "l": 3000}
{"t": 1349.927305, "r": 0.0, "l": 3000}
{"t": 1375.503123, "r": 0.0, "l": 3000}
{"t": 1399.912538, "r": 1.0, "l": 3000}
{"t": 1425.37211, "r": 0.0, "l": 3000}
{"t": 1450.035846, "r": 0.0, "l": 3000}
{"t": 1474.951305, "r": 1.0, "l": 3000}
{"t": 1500.392981, "r": 0.0, "l": 3000}
{"t": 1524.721589, "r": 0.0, "l": 3000}
{"t": 1550.678355, "r": 0.0, "l": 3000}
{"t": 1575.129239, "r": 0.0, "l": 3000}
{"t": 1600.730952, "r": 0.0, "l": 3000}
{"t": 1808.535445, "r": 0.0, "l": 3000}
{"t": 1833.894991, "r": 0.0, "l": 3000}
{"t": 1860.040313, "r": 0.0, "l": 3000}
