{"gym_version": "0.9.3", "t_start": 1519637759.1261263, "env_id": "EnduroNoFrameskip-v4"}
{"t": 26.280643, "r": 0.0, "l": 3000}
{"t": 50.13368, "r": 0.0, "l": 3000}
{"t": 73.68513, "r": 0.0, "l": 3000}
{"t": 97.542843, "r": 0.0, "l": 3000}
{"t": 120.675101, "r": 0.0, "l": 3000}
{"t": 144.371073, "r": 1.0, "l": 3000}
{"t": 168.712722, "r": 0.0, "l": 3000}
{"t": 192.007165, "r": 0.0, "l": 3000}
{"t": 214.980705, "r": 0.0, "l": 3000}
{"t": 238.684064, "r": 0.0, "l": 3000}
{"t": 262.09094, "r": 0.0, "l": 3000}
{"t": 285.617638, "r": 5.0, "l": 3000}
{"t": 309.597072, "r": 4.0, "l": 3000}
{"t": 333.215442, "r": 0.0, "l": 3000}
{"t": 356.690302, "r": 0.0, "l": 3000}
{"t": 380.400605, "r": 0.0, "l": 3000}
{"t": 404.72215, "r": 0.0, "l": 3000}
{"t": 428.007084, "r": 0.0, "l": 3000}
{"t": 451.607717, "r": 3.0, "l": 3000}
{"t": 475.636127, "r": 0.0, "l": 3000}
{"t": 499.125018, "r": 0.0, "l": 3000}
{"t": 522.792935, "r": 0.0, "l": 3000}
{"t": 547.108033, "r": 0.0, "l": 3000}
{"t": 570.624056, "r": 0.0, "l": 3000}
{"t": 594.301676, "r": 0.0, "l": 3000}
{"t": 617.815032, "r": 0.0, "l": 3000}
{"t": 641.257299, "r": 0.0, "l": 3000}
{"t": 665.091838, "r": 0.0, "l": 3000}
{"t": 688.631642, "r": 0.0, "l": 3000}
{"t": 713.11535, "r": 0.0, "l": 3000}
{"t": 737.418381, "r": 1.0, "l": 3000}
{"t": 761.188695, "r": 0.0, "l": 3000}
{"t": 785.274117, "r": 0.0, "l": 3000}
{"t": 810.30955, "r": 0.0, "l": 3000}
{"t": 834.088063, "r": 1.0, "l": 3000}
{"t": 858.718392, "r": 0.0, "l": 3000}
{"t": 883.176815, "r": 0.0, "l": 3000}
{"t": 906.839606, "r": 0.0, "l": 3000}
{"t": 931.573401, "r": 0.0, "l": 3000}
{"t": 956.043633, "r": 1.0, "l": 3000}
{"t": 979.958631, "r": 2.0, "l": 3000}
{"t": 1004.472739, "r": 0.0, "l": 3000}
{"t": 1028.713656, "r": 0.0, "l": 3000}
{"t": 1053.861814, "r": 0.0, "l": 3000}
{"t": 1078.108994, "r": 0.0, "l": 3000}
{"t": 1102.371494, "r": 1.0, "l": 3000}
{"t": 1127.224826, "r": 1.0, "l": 3000}
{"t": 1151.432452, "r": 0.0, "l": 3000}
{"t": 1176.2053, "r": 0.0, "l": 3000}
{"t": 1201.107469, "r": 0.0, "l": 3000}
{"t": 1225.383173, "r": 0.0, "l": 3000}
{"t": 1250.63752, "r": 1.0, "l": 3000}
{"t": 1275.245905, "r": 0.0, "l": 3000}
{"t": 1300.608412, "r": 0.0, "l": 3000}
{"t": 1325.213601, "r": 0.0, "l": 3000}
{"t": 1349.842184, "r": 0.0, "l": 3000}
{"t": 1374.978238, "r": 0.0, "l": 3000}
{"t": 1399.458972, "r": 0.0, "l": 3000}
{"t": 1424.947595, "r": 0.0, "l": 3000}
{"t": 1449.610971, "r": 0.0, "l": 3000}
{"t": 1474.82383, "r": 1.0, "l": 3000}
{"t": 1499.99317, "r": 0.0, "l": 3000}
{"t": 1524.583285, "r": 0.0, "l": 3000}
{"t": 1550.267882, "r": 0.0, "l": 3000}
{"t": 1574.555545, "r": 0.0, "l": 3000}
{"t": 1600.319311, "r": 0.0, "l": 3000}
{"t": 1808.138533, "r": 0.0, "l": 3000}
{"t": 1833.670942, "r": 0.0, "l": 3000}
{"t": 1859.448242, "r": 1.0, "l": 3000}
