{"fps": 64.55551271662199, "value_loss": 0.008523484691977501, "nupdates": 1, "total_timesteps": 80, "policy_entropy": 2.178882122039795, "explained_variance": -1.8848872184753418}
{"fps": 537.7358693797456, "value_loss": 0.012470285408198833, "nupdates": 100, "total_timesteps": 8000, "policy_entropy": 2.1777427196502686, "explained_variance": 0.05593043565750122}
{"fps": 488.2305703715053, "value_loss": 0.008122463710606098, "nupdates": 200, "total_timesteps": 16000, "policy_entropy": 2.179492473602295, "explained_variance": 0.09249669313430786}
{"fps": 517.9082044299397, "value_loss": 0.023428531363606453, "nupdates": 300, "total_timesteps": 24000, "policy_entropy": 2.1832845211029053, "explained_variance": 0.029326975345611572}
{"fps": 509.35895176206344, "value_loss": 0.01591174490749836, "nupdates": 400, "total_timesteps": 32000, "policy_entropy": 2.177158832550049, "explained_variance": 0.164811909198761}
{"fps": 507.9795391370533, "value_loss": 0.004897915758192539, "nupdates": 500, "total_timesteps": 40000, "policy_entropy": 2.1768765449523926, "explained_variance": -0.0016973018646240234}
{"fps": 492.95592186932873, "value_loss": 0.020916910842061043, "nupdates": 600, "total_timesteps": 48000, "policy_entropy": 2.16552472114563, "explained_variance": -0.07398450374603271}
{"fps": 537.3367270593409, "value_loss": 0.01608927920460701, "nupdates": 700, "total_timesteps": 56000, "policy_entropy": 2.1515705585479736, "explained_variance": 0.09093677997589111}
{"fps": 488.8818047219599, "value_loss": 0.01151696965098381, "nupdates": 800, "total_timesteps": 64000, "policy_entropy": 2.1012821197509766, "explained_variance": 0.07894819974899292}
{"fps": 511.15703858552234, "value_loss": 0.013178154826164246, "nupdates": 900, "total_timesteps": 72000, "policy_entropy": 1.9076141119003296, "explained_variance": 0.48588383197784424}
{"fps": 501.89565856122243, "value_loss": 0.014560404233634472, "nupdates": 1000, "total_timesteps": 80000, "policy_entropy": 1.7671573162078857, "explained_variance": 0.804335281252861}
{"fps": 505.3165075774965, "value_loss": 0.007166093681007624, "nupdates": 1100, "total_timesteps": 88000, "policy_entropy": 1.7437095642089844, "explained_variance": 0.3391872048377991}
{"fps": 493.00892547124545, "value_loss": 0.008841590955853462, "nupdates": 1200, "total_timesteps": 96000, "policy_entropy": 2.112969160079956, "explained_variance": 0.5356338918209076}
{"fps": 529.361566680556, "value_loss": 0.02371714636683464, "nupdates": 1300, "total_timesteps": 104000, "policy_entropy": 1.0095585584640503, "explained_variance": 0.25956183671951294}
{"fps": 493.4041896584584, "value_loss": 0.011812563985586166, "nupdates": 1400, "total_timesteps": 112000, "policy_entropy": 1.4790347814559937, "explained_variance": 0.9214626774191856}
{"fps": 498.51106020218333, "value_loss": 0.009423824027180672, "nupdates": 1500, "total_timesteps": 120000, "policy_entropy": 1.187840223312378, "explained_variance": 0.10915631055831909}
{"fps": 533.5965416443092, "value_loss": 0.04498802497982979, "nupdates": 1600, "total_timesteps": 128000, "policy_entropy": 0.9073910713195801, "explained_variance": 0.9798448719084263}
{"fps": 488.7884411194064, "value_loss": 0.03770323842763901, "nupdates": 1700, "total_timesteps": 136000, "policy_entropy": 0.6166984438896179, "explained_variance": 0.9413064680993557}
{"fps": 509.9194421540359, "value_loss": 0.009877930395305157, "nupdates": 1800, "total_timesteps": 144000, "policy_entropy": 0.8882414698600769, "explained_variance": -0.3385723829269409}
{"fps": 512.7913932356971, "value_loss": 0.0557737872004509, "nupdates": 1900, "total_timesteps": 152000, "policy_entropy": 1.370956301689148, "explained_variance": 0.9066910743713379}
{"fps": 496.8953400305484, "value_loss": 0.04705753177404404, "nupdates": 2000, "total_timesteps": 160000, "policy_entropy": 0.7455596327781677, "explained_variance": 0.9618614390492439}
{"fps": 495.2418927507669, "value_loss": 0.04092900827527046, "nupdates": 2100, "total_timesteps": 168000, "policy_entropy": 1.683941125869751, "explained_variance": 0.8110603988170624}
{"fps": 541.2408647625311, "value_loss": 0.054277677088975906, "nupdates": 2200, "total_timesteps": 176000, "policy_entropy": 1.407572627067566, "explained_variance": 0.9094854071736336}
{"fps": 477.01753043154673, "value_loss": 0.030225742608308792, "nupdates": 2300, "total_timesteps": 184000, "policy_entropy": 1.37641179561615, "explained_variance": 0.9645492061972618}
{"fps": 504.8553751058439, "value_loss": 0.014660331420600414, "nupdates": 2400, "total_timesteps": 192000, "policy_entropy": 1.7311227321624756, "explained_variance": 0.9474611654877663}
{"fps": 509.6932522792659, "value_loss": 0.05433867126703262, "nupdates": 2500, "total_timesteps": 200000, "policy_entropy": 1.395347237586975, "explained_variance": 0.9228556454181671}
{"fps": 492.52409020064647, "value_loss": 0.21454434096813202, "nupdates": 2600, "total_timesteps": 208000, "policy_entropy": 1.4401522874832153, "explained_variance": 0.8800665736198425}
{"fps": 498.6714353669862, "value_loss": 0.1482228934764862, "nupdates": 2700, "total_timesteps": 216000, "policy_entropy": 1.4152114391326904, "explained_variance": 0.8867510855197906}
{"fps": 513.0916036394079, "value_loss": 0.045256830751895905, "nupdates": 2800, "total_timesteps": 224000, "policy_entropy": 0.9736844897270203, "explained_variance": 0.9581928811967373}
{"fps": 501.55576097775116, "value_loss": 0.03223749250173569, "nupdates": 2900, "total_timesteps": 232000, "policy_entropy": 1.33061945438385, "explained_variance": 0.9826409313827753}
{"fps": 484.0488594826733, "value_loss": 0.019572410732507706, "nupdates": 3000, "total_timesteps": 240000, "policy_entropy": 1.2691460847854614, "explained_variance": 0.8815014138817787}
{"fps": 538.402671908802, "value_loss": 0.01903396099805832, "nupdates": 3100, "total_timesteps": 248000, "policy_entropy": 1.602482795715332, "explained_variance": 0.9669550843536854}
{"fps": 485.28841805851323, "value_loss": 0.010253287851810455, "nupdates": 3200, "total_timesteps": 256000, "policy_entropy": 1.8353822231292725, "explained_variance": 0.7529819160699844}
{"fps": 497.32268975101147, "value_loss": 0.0037453346885740757, "nupdates": 3300, "total_timesteps": 264000, "policy_entropy": 1.9040018320083618, "explained_variance": 0.9169274270534515}
{"fps": 515.5741840452911, "value_loss": 0.007117890752851963, "nupdates": 3400, "total_timesteps": 272000, "policy_entropy": 1.992984414100647, "explained_variance": 0.9674456864595413}
{"fps": 499.4723113347049, "value_loss": 0.005897522903978825, "nupdates": 3500, "total_timesteps": 280000, "policy_entropy": 1.8555227518081665, "explained_variance": 0.9277095049619675}
{"fps": 484.4325390680414, "value_loss": 0.006105140782892704, "nupdates": 3600, "total_timesteps": 288000, "policy_entropy": 1.5507689714431763, "explained_variance": 0.5361708104610443}
{"fps": 510.9990466215218, "value_loss": 0.010476079769432545, "nupdates": 3700, "total_timesteps": 296000, "policy_entropy": 1.798617959022522, "explained_variance": 0.937901359051466}
{"fps": 511.59198166355, "value_loss": 0.006324863992631435, "nupdates": 3800, "total_timesteps": 304000, "policy_entropy": 1.7027904987335205, "explained_variance": 0.6465593874454498}
{"fps": 481.6251684765702, "value_loss": 0.0020022301468998194, "nupdates": 3900, "total_timesteps": 312000, "policy_entropy": 1.8414033651351929, "explained_variance": 0.7655487209558487}
{"fps": 542.1272827188401, "value_loss": 0.003934693057090044, "nupdates": 4000, "total_timesteps": 320000, "policy_entropy": 1.7317869663238525, "explained_variance": 0.861382395029068}
{"fps": 480.63062326220546, "value_loss": 0.005202763713896275, "nupdates": 4100, "total_timesteps": 328000, "policy_entropy": 1.851035714149475, "explained_variance": 0.8124281316995621}
{"fps": 502.5825436340549, "value_loss": 0.0030069148633629084, "nupdates": 4200, "total_timesteps": 336000,