{"t_start": 1515768250.6249874, "gym_version": "0.9.2", "env_id": "GridWorldNoFrameskip-v4"}
{"r": 0.0, "l": 1000, "t": 23.809927}
{"r": 0.0, "l": 1000, "t": 49.97025}
{"r": 0.0, "l": 1000, "t": 77.338051}
{"r": 0.0, "l": 1000, "t": 104.914146}
{"r": 0.0, "l": 1000, "t": 132.826421}
{"r": 0.0, "l": 1000, "t": 161.419823}
{"r": 0.0, "l": 1000, "t": 187.455121}
{"r": 0.0, "l": 1000, "t": 214.488197}
{"r": 0.0, "l": 1000, "t": 241.789134}
{"r": 0.0, "l": 1000, "t": 269.44069}
{"r": 0.0, "l": 1000, "t": 295.664155}
{"r": 0.0, "l": 1000, "t": 323.957618}
{"r": 0.0, "l": 1000, "t": 349.540365}
{"r": 0.0, "l": 1000, "t": 376.903344}
{"r": 0.0, "l": 1000, "t": 404.797961}
{"r": 0.0, "l": 1000, "t": 430.759034}
{"r": 0.0, "l": 1000, "t": 458.964367}
{"r": 0.0, "l": 1000, "t": 487.600527}
{"r": 0.0, "l": 1000, "t": 514.032845}
{"r": 0.0, "l": 1000, "t": 539.687623}
{"r": 0.0, "l": 1000, "t": 566.347677}
{"r": 0.0, "l": 1000, "t": 594.452009}
{"r": 0.0, "l": 1000, "t": 621.984513}
{"r": 0.0, "l": 1000, "t": 649.907761}
{"r": 0.0, "l": 1000, "t": 678.009481}
{"r": 0.0, "l": 1000, "t": 705.909219}
{"r": 0.0, "l": 1000, "t": 731.519167}
{"r": 0.0, "l": 1000, "t": 758.374111}
{"r": 0.0, "l": 1000, "t": 786.481583}
{"r": 0.0, "l": 1000, "t": 813.98953}
{"r": 0.0, "l": 1000, "t": 842.060396}
{"r": 0.0, "l": 1000, "t": 870.025348}
{"r": 0.0, "l": 1000, "t": 897.366383}
{"r": 0.0, "l": 1000, "t": 925.775753}
{"r": 0.0, "l": 1000, "t": 954.343333}
{"r": 0.0, "l": 1000, "t": 981.049571}
{"r": 0.0, "l": 1000, "t": 1008.752311}
{"r": 0.0, "l": 1000, "t": 1037.231547}
{"r": 0.0, "l": 1000, "t": 1065.4391}
{"r": 0.0, "l": 1000, "t": 1093.269394}
{"r": 0.0, "l": 1000, "t": 1120.957049}
{"r": 0.0, "l": 1000, "t": 1148.130198}
{"r": 0.0, "l": 1000, "t": 1176.437494}
{"r": 0.0, "l": 1000, "t": 1204.734221}
{"r": 0.0, "l": 1000, "t": 1231.944537}
{"r": 0.0, "l": 1000, "t": 1260.977327}
{"r": 0.0, "l": 1000, "t": 1289.18864}
{"r": 0.0, "l": 1000, "t": 1316.419995}
{"r": 0.0, "l": 1000, "t": 1344.738165}
{"r": 0.0, "l": 1000, "t": 1372.11189}
{"r": 0.0, "l": 1000, "t": 1398.774874}
{"r": 0.0, "l": 1000, "t": 1426.127166}
{"r": 0.0, "l": 1000, "t": 1453.931758}
{"r": 0.0, "l": 1000, "t": 1480.926094}
{"r": 0.0, "l": 1000, "t": 1509.311438}
{"r": 0.0, "l": 1000, "t": 1536.404469}
{"r": 0.0, "l": 1000, "t": 1563.976214}
{"r": 0.0, "l": 1000, "t": 1592.290896}
{"r": 0.0, "l": 1000, "t": 1620.070967}
{"r": 0.0, "l": 1000, "t": 1648.536037}
{"r": 0.0, "l": 1000, "t": 1676.738379}
{"r": 0.0, "l": 1000, "t": 1704.95894}
{"r": 0.0, "l": 1000, "t": 1733.150989}
{"r": 0.0, "l": 1000, "t": 1761.463578}
{"r": 0.0, "l": 1000, "t": 1790.019166}
{"r": 0.0, "l": 1000, "t": 1818.392939}
{"r": 0.0, "l": 1000, "t": 1846.687503}
{"r": 0.0, "l": 1000, "t": 1874.43336}
{"r": 0.0, "l": 1000, "t": 1902.284236}
{"r": 0.0, "l": 1000, "t": 1930.501615}
{"r": 0.0, "l": 1000, "t": 1957.447765}
{"r": 0.0, "l": 1000, "t": 1986.070866}
{"r": 0.0, "l": 1000, "t": 2013.849068}
{"r": 0.0, "l": 1000, "t": 2042.776804}
{"r": 0.0, "l": 1000, "t": 2070.936584}
{"r": 0.0, "l": 1000, "t": 2098.158967}
{"r": 0.0, "l": 1000, "t": 2126.170048}
{"r": 0.0, "l": 1000, "t": 2154.269774}
{"r": 0.0, "l": 1000, "t": 2179.261934}
{"r": 0.0, "l": 1000, "t": 2200.355151}
{"r": 0.0, "l": 1000, "t": 2221.354997}
{"r": 0.0, "l": 1000, "t": 2241.965024}
{"r": 0.0, "l": 1000, "t": 2264.143403}
{"r": 0.0, "l": 1000, "t": 2285.936432}
{"r": 0.0, "l": 1000, "t": 2306.435243}
