{"t_start": 1515768250.6241379, "gym_version": "0.9.2", "env_id": "GridWorldNoFrameskip-v4"}
{"r": 0.0, "l": 1000, "t": 24.16246}
{"r": 0.0, "l": 1000, "t": 50.678437}
{"r": 0.0, "l": 1000, "t": 77.35223}
{"r": 0.0, "l": 1000, "t": 105.703376}
{"r": 0.0, "l": 1000, "t": 133.005743}
{"r": 0.0, "l": 1000, "t": 161.957651}
{"r": 0.0, "l": 1000, "t": 187.456164}
{"r": 0.0, "l": 1000, "t": 214.361408}
{"r": 0.0, "l": 1000, "t": 240.803557}
{"r": 0.0, "l": 1000, "t": 269.441616}
{"r": 0.0, "l": 1000, "t": 295.664594}
{"r": 0.0, "l": 1000, "t": 323.275109}
{"r": 0.0, "l": 1000, "t": 349.39316}
{"r": 0.0, "l": 1000, "t": 376.88887}
{"r": 0.0, "l": 1000, "t": 404.657609}
{"r": 0.0, "l": 1000, "t": 430.710872}
{"r": 0.0, "l": 1000, "t": 459.039855}
{"r": 0.0, "l": 1000, "t": 487.601643}
{"r": 0.0, "l": 1000, "t": 513.988036}
{"r": 0.0, "l": 1000, "t": 538.951132}
{"r": 0.0, "l": 1000, "t": 564.469946}
{"r": 0.0, "l": 1000, "t": 593.126552}
{"r": 0.0, "l": 1000, "t": 620.964616}
{"r": 0.0, "l": 1000, "t": 648.900713}
{"r": 0.0, "l": 1000, "t": 675.629237}
{"r": 0.0, "l": 1000, "t": 704.300802}
{"r": 0.0, "l": 1000, "t": 730.411533}
{"r": 0.0, "l": 1000, "t": 755.867527}
{"r": 0.0, "l": 1000, "t": 784.848172}
{"r": 0.0, "l": 1000, "t": 812.871352}
{"r": 0.0, "l": 1000, "t": 840.044134}
{"r": 0.0, "l": 1000, "t": 868.857582}
{"r": 0.0, "l": 1000, "t": 896.462857}
{"r": 0.0, "l": 1000, "t": 923.770124}
{"r": 0.0, "l": 1000, "t": 952.20948}
{"r": 0.0, "l": 1000, "t": 979.249212}
{"r": 0.0, "l": 1000, "t": 1006.497419}
{"r": 0.0, "l": 1000, "t": 1035.516366}
{"r": 0.0, "l": 1000, "t": 1063.624278}
{"r": 0.0, "l": 1000, "t": 1090.035249}
{"r": 0.0, "l": 1000, "t": 1117.634863}
{"r": 0.0, "l": 1000, "t": 1145.309795}
{"r": 0.0, "l": 1000, "t": 1173.761964}
{"r": 0.0, "l": 1000, "t": 1201.836557}
{"r": 0.0, "l": 1000, "t": 1229.917313}
{"r": 0.0, "l": 1000, "t": 1258.567053}
{"r": 0.0, "l": 1000, "t": 1287.09866}
{"r": 0.0, "l": 1000, "t": 1314.687212}
{"r": 0.0, "l": 1000, "t": 1342.934112}
{"r": 0.0, "l": 1000, "t": 1370.126631}
{"r": 0.0, "l": 1000, "t": 1397.72338}
{"r": 0.0, "l": 1000, "t": 1424.917928}
{"r": 0.0, "l": 1000, "t": 1451.908259}
{"r": 0.0, "l": 1000, "t": 1479.981538}
{"r": 0.0, "l": 1000, "t": 1506.91085}
{"r": 0.0, "l": 1000, "t": 1534.868037}
{"r": 0.0, "l": 1000, "t": 1562.512757}
{"r": 0.0, "l": 1000, "t": 1590.541167}
{"r": 0.0, "l": 1000, "t": 1618.463552}
{"r": 0.0, "l": 1000, "t": 1647.034365}
{"r": 0.0, "l": 1000, "t": 1675.839337}
{"r": 0.0, "l": 1000, "t": 1704.446901}
{"r": 0.0, "l": 1000, "t": 1732.759294}
{"r": 0.0, "l": 1000, "t": 1760.20237}
{"r": 0.0, "l": 1000, "t": 1787.843446}
{"r": 0.0, "l": 1000, "t": 1816.024062}
{"r": 0.0, "l": 1000, "t": 1845.123494}
{"r": 0.0, "l": 1000, "t": 1873.712013}
{"r": 0.0, "l": 1000, "t": 1902.224473}
{"r": 0.0, "l": 1000, "t": 1929.950914}
{"r": 0.0, "l": 1000, "t": 1956.923035}
{"r": 0.0, "l": 1000, "t": 1985.995566}
{"r": 0.0, "l": 1000, "t": 2013.919636}
{"r": 0.0, "l": 1000, "t": 2042.915965}
{"r": 0.0, "l": 1000, "t": 2071.901704}
{"r": 0.0, "l": 1000, "t": 2099.538924}
{"r": 0.0, "l": 1000, "t": 2127.676446}
{"r": 0.0, "l": 1000, "t": 2155.290171}
{"r": 0.0, "l": 1000, "t": 2179.911906}
{"r": 0.0, "l": 1000, "t": 2201.001284}
{"r": 0.0, "l": 1000, "t": 2221.988379}
{"r": 0.0, "l": 1000, "t": 2243.275111}
{"r": 0.0, "l": 1000, "t": 2265.112605}
{"r": 0.0, "l": 1000, "t": 2286.508284}
{"r": 0.0, "l": 1000, "t": 2307.479322}
