{"t_start": 1515768250.6249907, "gym_version": "0.9.2", "env_id": "GridWorldNoFrameskip-v4"}
{"r": 0.0, "l": 1000, "t": 24.274398}
{"r": 0.0, "l": 1000, "t": 51.679281}
{"r": 0.0, "l": 1000, "t": 77.884706}
{"r": 0.0, "l": 1000, "t": 105.702573}
{"r": 0.0, "l": 1000, "t": 132.914644}
{"r": 0.0, "l": 1000, "t": 161.322138}
{"r": 0.0, "l": 1000, "t": 187.015243}
{"r": 0.0, "l": 1000, "t": 212.693115}
{"r": 0.0, "l": 1000, "t": 240.09922}
{"r": 0.0, "l": 1000, "t": 268.264949}
{"r": 0.0, "l": 1000, "t": 295.537603}
{"r": 0.0, "l": 1000, "t": 323.244144}
{"r": 0.0, "l": 1000, "t": 349.465939}
{"r": 0.0, "l": 1000, "t": 376.907051}
{"r": 0.0, "l": 1000, "t": 404.806311}
{"r": 0.0, "l": 1000, "t": 431.51907}
{"r": 0.0, "l": 1000, "t": 459.850889}
{"r": 0.0, "l": 1000, "t": 487.898334}
{"r": 0.0, "l": 1000, "t": 513.97341}
{"r": 0.0, "l": 1000, "t": 539.008154}
{"r": 0.0, "l": 1000, "t": 565.836369}
{"r": 0.0, "l": 1000, "t": 594.188713}
{"r": 0.0, "l": 1000, "t": 622.472423}
{"r": 0.0, "l": 1000, "t": 649.919931}
{"r": 0.0, "l": 1000, "t": 677.379801}
{"r": 0.0, "l": 1000, "t": 705.894967}
{"r": 0.0, "l": 1000, "t": 731.493117}
{"r": 0.0, "l": 1000, "t": 757.463382}
{"r": 0.0, "l": 1000, "t": 785.920749}
{"r": 0.0, "l": 1000, "t": 813.192006}
{"r": 0.0, "l": 1000, "t": 841.326533}
{"r": 0.0, "l": 1000, "t": 869.446326}
{"r": 0.0, "l": 1000, "t": 896.979628}
{"r": 0.0, "l": 1000, "t": 924.676035}
{"r": 0.0, "l": 1000, "t": 953.815515}
{"r": 0.0, "l": 1000, "t": 979.568488}
{"r": 0.0, "l": 1000, "t": 1007.624447}
{"r": 0.0, "l": 1000, "t": 1036.363932}
{"r": 0.0, "l": 1000, "t": 1065.315069}
{"r": 0.0, "l": 1000, "t": 1092.404703}
{"r": 0.0, "l": 1000, "t": 1119.270584}
{"r": 0.0, "l": 1000, "t": 1147.635752}
{"r": 0.0, "l": 1000, "t": 1175.850589}
{"r": 0.0, "l": 1000, "t": 1204.653094}
{"r": 0.0, "l": 1000, "t": 1232.570809}
{"r": 0.0, "l": 1000, "t": 1261.060482}
{"r": 0.0, "l": 1000, "t": 1289.772406}
{"r": 0.0, "l": 1000, "t": 1316.562531}
{"r": 0.0, "l": 1000, "t": 1344.673123}
{"r": 0.0, "l": 1000, "t": 1372.861109}
{"r": 0.0, "l": 1000, "t": 1399.867147}
{"r": 0.0, "l": 1000, "t": 1427.784975}
{"r": 0.0, "l": 1000, "t": 1454.992606}
{"r": 0.0, "l": 1000, "t": 1482.709339}
{"r": 0.0, "l": 1000, "t": 1511.005155}
{"r": 0.0, "l": 1000, "t": 1538.238112}
{"r": 0.0, "l": 1000, "t": 1566.226038}
{"r": 0.0, "l": 1000, "t": 1594.04051}
{"r": 0.0, "l": 1000, "t": 1622.441667}
{"r": 0.0, "l": 1000, "t": 1649.797381}
{"r": 0.0, "l": 1000, "t": 1679.432292}
{"r": 0.0, "l": 1000, "t": 1707.622123}
{"r": 0.0, "l": 1000, "t": 1735.080487}
{"r": 0.0, "l": 1000, "t": 1764.282526}
{"r": 0.0, "l": 1000, "t": 1791.588229}
{"r": 0.0, "l": 1000, "t": 1819.841925}
{"r": 0.0, "l": 1000, "t": 1848.75425}
{"r": 0.0, "l": 1000, "t": 1876.725615}
{"r": 0.0, "l": 1000, "t": 1905.56749}
{"r": 0.0, "l": 1000, "t": 1933.264512}
{"r": 0.0, "l": 1000, "t": 1960.965488}
{"r": 0.0, "l": 1000, "t": 1989.568832}
{"r": 0.0, "l": 1000, "t": 2017.109486}
{"r": 0.0, "l": 1000, "t": 2045.309675}
{"r": 0.0, "l": 1000, "t": 2073.309366}
{"r": 0.0, "l": 1000, "t": 2101.27784}
{"r": 0.0, "l": 1000, "t": 2129.749049}
{"r": 0.0, "l": 1000, "t": 2157.856438}
{"r": 0.0, "l": 1000, "t": 2181.653975}
{"r": 0.0, "l": 1000, "t": 2203.21474}
{"r": 0.0, "l": 1000, "t": 2223.383105}
{"r": 0.0, "l": 1000, "t": 2244.656559}
{"r": 0.0, "l": 1000, "t": 2266.294858}
{"r": 0.0, "l": 1000, "t": 2287.767068}
{"r": 0.0, "l": 1000, "t": 2308.242532}
