{"t_start": 1515768250.6347249, "gym_version": "0.9.2", "env_id": "GridWorldNoFrameskip-v4"}
{"r": 0.0, "l": 1000, "t": 23.78614}
{"r": 0.0, "l": 1000, "t": 49.920166}
{"r": 0.0, "l": 1000, "t": 76.742261}
{"r": 0.0, "l": 1000, "t": 104.905261}
{"r": 0.0, "l": 1000, "t": 132.605556}
{"r": 0.0, "l": 1000, "t": 160.54089}
{"r": 0.0, "l": 1000, "t": 187.044364}
{"r": 0.0, "l": 1000, "t": 212.683311}
{"r": 0.0, "l": 1000, "t": 240.05961}
{"r": 0.0, "l": 1000, "t": 267.661875}
{"r": 0.0, "l": 1000, "t": 295.109934}
{"r": 0.0, "l": 1000, "t": 322.491735}
{"r": 0.0, "l": 1000, "t": 348.481091}
{"r": 0.0, "l": 1000, "t": 373.935721}
{"r": 0.0, "l": 1000, "t": 402.180634}
{"r": 0.0, "l": 1000, "t": 429.130963}
{"r": 0.0, "l": 1000, "t": 457.321164}
{"r": 0.0, "l": 1000, "t": 485.656804}
{"r": 0.0, "l": 1000, "t": 513.054431}
{"r": 0.0, "l": 1000, "t": 537.389892}
{"r": 0.0, "l": 1000, "t": 563.766012}
{"r": 0.0, "l": 1000, "t": 592.309165}
{"r": 0.0, "l": 1000, "t": 619.737473}
{"r": 0.0, "l": 1000, "t": 647.108747}
{"r": 0.0, "l": 1000, "t": 674.865797}
{"r": 0.0, "l": 1000, "t": 703.786068}
{"r": 0.0, "l": 1000, "t": 729.951387}
{"r": 0.0, "l": 1000, "t": 755.796781}
{"r": 0.0, "l": 1000, "t": 783.667497}
{"r": 0.0, "l": 1000, "t": 811.129389}
{"r": 0.0, "l": 1000, "t": 838.52461}
{"r": 0.0, "l": 1000, "t": 867.231387}
{"r": 0.0, "l": 1000, "t": 894.696972}
{"r": 0.0, "l": 1000, "t": 922.64031}
{"r": 0.0, "l": 1000, "t": 950.937253}
{"r": 0.0, "l": 1000, "t": 978.441396}
{"r": 0.0, "l": 1000, "t": 1005.778891}
{"r": 0.0, "l": 1000, "t": 1033.797417}
{"r": 0.0, "l": 1000, "t": 1062.103528}
{"r": 0.0, "l": 1000, "t": 1089.987655}
{"r": 0.0, "l": 1000, "t": 1117.467683}
{"r": 0.0, "l": 1000, "t": 1144.712782}
{"r": 0.0, "l": 1000, "t": 1173.271452}
{"r": 0.0, "l": 1000, "t": 1202.878874}
{"r": 0.0, "l": 1000, "t": 1230.045105}
{"r": 0.0, "l": 1000, "t": 1259.409531}
{"r": 0.0, "l": 1000, "t": 1287.099237}
{"r": 0.0, "l": 1000, "t": 1314.738722}
{"r": 0.0, "l": 1000, "t": 1343.547301}
{"r": 0.0, "l": 1000, "t": 1370.594687}
{"r": 0.0, "l": 1000, "t": 1397.221341}
{"r": 0.0, "l": 1000, "t": 1423.563575}
{"r": 0.0, "l": 1000, "t": 1451.059418}
{"r": 0.0, "l": 1000, "t": 1478.816717}
{"r": 0.0, "l": 1000, "t": 1506.878445}
{"r": 0.0, "l": 1000, "t": 1534.901361}
{"r": 0.0, "l": 1000, "t": 1562.502123}
{"r": 0.0, "l": 1000, "t": 1590.509717}
{"r": 0.0, "l": 1000, "t": 1618.663411}
{"r": 0.0, "l": 1000, "t": 1647.155771}
{"r": 0.0, "l": 1000, "t": 1675.942423}
{"r": 0.0, "l": 1000, "t": 1704.512321}
{"r": 0.0, "l": 1000, "t": 1732.787399}
{"r": 0.0, "l": 1000, "t": 1760.679299}
{"r": 0.0, "l": 1000, "t": 1789.419238}
{"r": 0.0, "l": 1000, "t": 1818.326062}
{"r": 0.0, "l": 1000, "t": 1845.978358}
{"r": 0.0, "l": 1000, "t": 1873.721559}
{"r": 0.0, "l": 1000, "t": 1902.214659}
{"r": 0.0, "l": 1000, "t": 1929.957232}
{"r": 0.0, "l": 1000, "t": 1957.34027}
{"r": 0.0, "l": 1000, "t": 1986.028498}
{"r": 0.0, "l": 1000, "t": 2013.804207}
{"r": 0.0, "l": 1000, "t": 2042.816221}
{"r": 0.0, "l": 1000, "t": 2071.026891}
{"r": 0.0, "l": 1000, "t": 2098.151452}
{"r": 0.0, "l": 1000, "t": 2126.76263}
{"r": 0.0, "l": 1000, "t": 2154.260132}
{"r": 0.0, "l": 1000, "t": 2179.312403}
{"r": 0.0, "l": 1000, "t": 2200.356856}
{"r": 0.0, "l": 1000, "t": 2221.425439}
{"r": 0.0, "l": 1000, "t": 2241.897418}
{"r": 0.0, "l": 1000, "t": 2263.540027}
{"r": 0.0, "l": 1000, "t": 2285.551876}
{"r": 0.0, "l": 1000, "t": 2306.111442}
