{"nupdates": 100, "total_timesteps": 2000, "fps": 44, "policy_entropy": 1.2958362102508545, "value_loss": 0.09606833755970001, "explained_variance": -0.09396326541900635}
{"nupdates": 200, "total_timesteps": 4000, "fps": 39, "policy_entropy": 1.407585859298706, "value_loss": 0.0005320158088579774, "explained_variance": -0.2294396162033081}
{"nupdates": 300, "total_timesteps": 6000, "fps": 38, "policy_entropy": 1.5870306491851807, "value_loss": 0.00022573857859242707, "explained_variance": -0.33455681800842285}
{"nupdates": 400, "total_timesteps": 8000, "fps": 38, "policy_entropy": 1.606013536453247, "value_loss": 0.00012810059706680477, "explained_variance": -0.9098457098007202}
{"nupdates": 500, "total_timesteps": 10000, "fps": 37, "policy_entropy": 1.6079847812652588, "value_loss": 7.579791417811066e-05, "explained_variance": 0.10968136787414551}
{"nupdates": 600, "total_timesteps": 12000, "fps": 37, "policy_entropy": 1.5874178409576416, "value_loss": 0.00022765420726500452, "explained_variance": -0.12604022026062012}
{"nupdates": 700, "total_timesteps": 14000, "fps": 37, "policy_entropy": 1.587853193283081, "value_loss": 0.00021274862228892744, "explained_variance": -1.0685479640960693}
{"nupdates": 800, "total_timesteps": 16000, "fps": 37, "policy_entropy": 1.584652304649353, "value_loss": 5.3072952141519636e-05, "explained_variance": -2.5228655338287354}
{"nupdates": 900, "total_timesteps": 18000, "fps": 36, "policy_entropy": 1.5895029306411743, "value_loss": 8.686977525940165e-05, "explained_variance": 0.13258761167526245}
{"nupdates": 1000, "total_timesteps": 20000, "fps": 37, "policy_entropy": 1.5938698053359985, "value_loss": 2.0278694137232378e-05, "explained_variance": -0.6846858263015747}
{"nupdates": 1100, "total_timesteps": 22000, "fps": 36, "policy_entropy": 1.5737628936767578, "value_loss": 1.5046622138470411e-05, "explained_variance": -2.9493184089660645}
{"nupdates": 1200, "total_timesteps": 24000, "fps": 36, "policy_entropy": 1.5246223211288452, "value_loss": 1.4690798707306385e-05, "explained_variance": -1.6618232727050781}
{"nupdates": 1300, "total_timesteps": 26000, "fps": 36, "policy_entropy": 1.6065013408660889, "value_loss": 5.9237481764284894e-05, "explained_variance": 0.06924766302108765}
{"nupdates": 1400, "total_timesteps": 28000, "fps": 36, "policy_entropy": 1.6000277996063232, "value_loss": 1.2291117855056655e-05, "explained_variance": -2.2936713695526123}
{"nupdates": 1500, "total_timesteps": 30000, "fps": 36, "policy_entropy": 1.60687255859375, "value_loss": 3.5827506508212537e-05, "explained_variance": -0.30951225757598877}
{"nupdates": 1600, "total_timesteps": 32000, "fps": 36, "policy_entropy": 1.603656530380249, "value_loss": 0.00010678430408006534, "explained_variance": -0.9129111766815186}
{"nupdates": 1700, "total_timesteps": 34000, "fps": 36, "policy_entropy": 1.6032851934432983, "value_loss": 6.47891647531651e-05, "explained_variance": -0.7489883899688721}
{"nupdates": 1800, "total_timesteps": 36000, "fps": 36, "policy_entropy": 1.6001880168914795, "value_loss": 4.265504230716033e-06, "explained_variance": -1.3806238174438477}
{"nupdates": 1900, "total_timesteps": 38000, "fps": 36, "policy_entropy": 1.525374412536621, "value_loss": 1.0695252058212645e-05, "explained_variance": -0.6630971431732178}
{"nupdates": 2000, "total_timesteps": 40000, "fps": 36, "policy_entropy": 1.5999637842178345, "value_loss": 3.4481578040868044e-05, "explained_variance": -0.02425861358642578}
{"nupdates": 2100, "total_timesteps": 42000, "fps": 36, "policy_entropy": 1.585817575454712, "value_loss": 4.430069566296879e-06, "explained_variance": 0.19200873374938965}
{"nupdates": 2200, "total_timesteps": 44000, "fps": 36, "policy_entropy": 1.5846675634384155, "value_loss": 7.794148473294626e-07, "explained_variance": -1.1904098987579346}
{"nupdates": 2300, "total_timesteps": 46000, "fps": 36, "policy_entropy": 1.6006685495376587, "value_loss": 5.829334895679494e-06, "explained_variance": -3.87548828125}
{"nupdates": 2400, "total_timesteps": 48000, "fps": 36, "policy_entropy": 1.5978738069534302, "value_loss": 2.9803400138916913e-06, "explained_variance": -4.804516792297363}
{"nupdates": 2500, "total_timesteps": 50000, "fps": 36, "policy_entropy": 1.5957698822021484, "value_loss": 1.4832387478236342e-06, "explained_variance": -1.9597358703613281}
{"nupdates": 2600, "total_timesteps": 52000, "fps": 36, "policy_entropy": 1.6079524755477905, "value_loss": 2.2285777959041297e-05, "explained_variance": -4.636545181274414}
{"nupdates": 2700, "total_timesteps": 54000, "fps": 36, "policy_entropy": 1.5800453424453735, "value_loss": 3.867774466925766e-06, "explained_variance": 0.11490499973297119}
{"nupdates": 2800, "total_timesteps": 56000, "fps": 36, "policy_entropy": 1.607169508934021, "value_loss": 2.7195969778404105e-06, "explained_variance": 0.4524438977241516}
{"nupdates": 2900, "total_timesteps": 58000, "fps": 36, "policy_entropy": 1.59518563747406, "value_loss": 6.341028324641229e-07, "explained_variance": -1.5878005027770996}
{"nupdates": 3000, "total_timesteps": 60000, "fps": 36, "policy_entropy": 1.6028954982757568, "value_loss": 2.373399638599949e-06, "explained_variance": -9.156221389770508}
{"nupdates": 3100, "total_timesteps": 62000, "fps": 35, "policy_entropy": 1.608782172203064, "value_loss": 0.00044116750359535217, "explained_variance": 0.007388591766357422}
{"nupdates": 3200, "total_timesteps": 64000, "fps": 35, "policy_entropy": 1.6034810543060303, "value_loss": 2.1529815796839102e-07, "explained_variance": -2.8529369831085205}
{"nupdates": 3300, "total_timesteps": 66000, "fps": 35, "policy_entropy": 1.6060054302215576, "value_loss": 3.3642747894191416e-06, "explained_variance": 0.43496173620224}
{"nupdates": 3400, "total_timesteps": 68000, "fps": 35, "policy_entropy": 1.6039645671844482, "value_loss": 3.577982715796679e-05, "explained_variance": -0.2201441526412964}
{"nupdates": 3500, "total_timesteps": 70000, "fps": 35, "policy_entropy": 1.5956928730010986, "value_loss": 0.20446710288524628, "explained_variance": -0.0017273426055908203}
{"nupdates": 3600, "total_timesteps": 72000, "fps": 35, "policy_entropy": 1.5863585472106934, "value_loss": 6.583722279174253e-05, "explained_variance": -2.3883886337280273}
{"nupdates": 3700, "total_timesteps": 74000, "fps": 35, "policy_entropy": 1.6005417108535767, "value_loss": 8.038018131628633e-05, "explained_variance": -0.4389688968658447}
{"nupdates": 3800, "total_timesteps": 76000, "fps": 35, "policy_entropy": 1.6045711040496826, "value_loss": 0.00026217050617560744, "explained_variance": -0.07030439376831055}
{"nupdates": 3900, "total_timesteps": 78000, "fps": 35, "policy_entropy": 1.6056740283966064, "value_loss": 0.04608529061079025, "explained_variance": 0.010198473930358887}
{"nupdates": 4000, "total_timesteps": 80000, "fps": 36, "policy_entropy": 1.6055313348770142, "value_loss": 0.000226219417527318, "explained_variance": -0.07620382308959961}
{"nupdates": 4100, "total_timesteps": 82000, "fps": 36, "policy_entropy": 1.6034386157989502, "value_loss": 0.0002572780358605087, "explained_variance": -0.23141276836395264}
{"nupdates": 4200, "total_timesteps": 84000, "fps": 36, "policy_entropy": 1.5966061353683472, "value_loss": 0.00017981277778744698, "explained_variance": -0.004630446434020996}
