{"t_start": 1515772071.8959098, "gym_version": "0.9.2", "env_id": "GridWorldNoFrameskip-v4"}
{"r": 0.0, "l": 1000, "t": 12.66011}
{"r": 0.0, "l": 1000, "t": 21.394118}
{"r": 0.0, "l": 1000, "t": 30.226569}
{"r": 0.0, "l": 1000, "t": 38.516178}
{"r": 0.0, "l": 1000, "t": 47.79746}
{"r": 0.0, "l": 1000, "t": 56.369452}
{"r": 0.0, "l": 1000, "t": 65.441871}
{"r": 0.0, "l": 1000, "t": 73.984224}
{"r": 0.0, "l": 1000, "t": 83.054669}
{"r": 0.0, "l": 1000, "t": 91.714788}
{"r": 0.0, "l": 1000, "t": 100.305312}
{"r": 0.0, "l": 1000, "t": 108.122152}
{"r": 0.0, "l": 1000, "t": 116.55385}
{"r": 0.0, "l": 1000, "t": 124.541655}
{"r": 0.0, "l": 1000, "t": 132.938425}
{"r": 0.0, "l": 1000, "t": 140.82002}
{"r": 0.0, "l": 1000, "t": 149.993375}
{"r": 0.0, "l": 1000, "t": 158.380216}
{"r": 0.0, "l": 1000, "t": 167.681145}
{"r": 0.0, "l": 1000, "t": 176.372655}
{"r": 0.0, "l": 1000, "t": 185.423163}
{"r": 0.0, "l": 1000, "t": 194.5201}
{"r": 0.0, "l": 1000, "t": 203.342446}
{"r": 0.0, "l": 1000, "t": 212.635135}
{"r": 0.0, "l": 1000, "t": 221.699448}
{"r": 0.0, "l": 1000, "t": 230.404916}
{"r": 0.0, "l": 1000, "t": 239.429563}
{"r": 0.0, "l": 1000, "t": 248.629778}
{"r": 0.0, "l": 1000, "t": 257.289895}
{"r": 0.0, "l": 1000, "t": 266.616809}
{"r": 0.0, "l": 1000, "t": 275.681014}
{"r": 0.0, "l": 1000, "t": 284.802952}
{"r": 0.0, "l": 1000, "t": 293.809427}
{"r": 0.0, "l": 1000, "t": 302.918687}
{"r": 0.0, "l": 1000, "t": 311.843788}
{"r": 0.0, "l": 1000, "t": 319.879006}
{"r": 0.0, "l": 1000, "t": 328.363885}
{"r": 0.0, "l": 1000, "t": 336.729824}
{"r": 0.0, "l": 1000, "t": 344.517565}
{"r": 0.0, "l": 1000, "t": 352.937566}
{"r": 0.0, "l": 1000, "t": 361.337715}
{"r": 0.0, "l": 1000, "t": 369.630991}
{"r": 0.0, "l": 1000, "t": 377.638184}
{"r": 0.0, "l": 1000, "t": 386.149469}
{"r": 0.0, "l": 1000, "t": 394.312367}
{"r": 0.0, "l": 1000, "t": 402.27279}
{"r": 0.0, "l": 1000, "t": 410.840559}
{"r": 0.0, "l": 1000, "t": 419.24367}
{"r": 0.0, "l": 1000, "t": 427.233647}
{"r": 0.0, "l": 1000, "t": 435.079391}
{"r": 0.0, "l": 1000, "t": 443.528247}
{"r": 0.0, "l": 1000, "t": 451.792812}
{"r": 0.0, "l": 1000, "t": 460.175761}
{"r": 0.0, "l": 1000, "t": 468.212057}
{"r": 0.0, "l": 1000, "t": 476.768407}
{"r": 0.0, "l": 1000, "t": 485.110011}
{"r": 0.0, "l": 1000, "t": 493.346392}
{"r": 0.0, "l": 1000, "t": 501.353808}
{"r": 0.0, "l": 1000, "t": 509.675171}
{"r": 0.0, "l": 1000, "t": 518.017048}
{"r": 0.0, "l": 1000, "t": 526.375035}
{"r": 0.0, "l": 1000, "t": 534.423903}
{"r": 0.0, "l": 1000, "t": 542.986882}
{"r": 0.0, "l": 1000, "t": 551.36047}
{"r": 0.0, "l": 1000, "t": 559.074864}
{"r": 0.0, "l": 1000, "t": 567.661298}
{"r": 0.0, "l": 1000, "t": 575.881987}
{"r": 0.0, "l": 1000, "t": 583.856937}
{"r": 0.0, "l": 1000, "t": 592.009242}
{"r": 0.0, "l": 1000, "t": 600.516594}
{"r": 0.0, "l": 1000, "t": 608.851402}
{"r": 0.0, "l": 1000, "t": 616.972018}
{"r": 0.0, "l": 1000, "t": 625.167265}
{"r": 0.0, "l": 1000, "t": 633.37305}
{"r": 0.0, "l": 1000, "t": 641.155231}
{"r": 0.0, "l": 1000, "t": 649.617586}
{"r": 0.0, "l": 1000, "t": 658.199116}
{"r": 0.0, "l": 1000, "t": 666.2685}
{"r": 0.0, "l": 1000, "t": 674.318822}
{"r": 0.0, "l": 1000, "t": 682.856171}
{"r": 0.0, "l": 1000, "t": 691.098048}
{"r": 0.0, "l": 1000, "t": 698.855528}
{"r": 0.0, "l": 1000, "t": 707.283292}
{"r": 0.0, "l": 1000, "t": 715.841337}
{"r": 0.0, "l": 1000, "t": 723.86291}
{"r": 0.0, "l": 1000, "t": 731.869059}
{"r": 0.0, "l": 1000, "t": 740.300209}
{"r": 0.0, "l": 1000, "t": 748.350065}
{"r": 0.0, "l": 1000, "t": 756.264308}
{"r": 0.0, "l": 1000, "t": 764.613955}
{"r": 0.0, "l": 1000, "t": 772.71942}
{"r": 0.0, "l": 1000, "t": 780.73357}
{"r": 0.0, "l": 1000, "t": 789.269419}
{"r": 0.0, "l": 1000, "t": 797.341557}
{"r": 0.0, "l": 1000, "t": 805.754389}
{"r": 0.0, "l": 1000, "t": 814.239889}
{"r": 0.0, "l": 1000, "t": 822.828899}
{"r": 0.0, "l": 1000, "t": 831.135895}
{"r": 0.0, "l": 1000, "t": 839.585205}
{"r": 0.0, "l": 1000, "t": 847.369088}
{"r": 0.0, "l": 1000, "t": 855.927889}
{"r": 0.0, "l": 1000, "t": 864.34474}
{"r": 0.0, "l": 1000, "t": 872.513465}
{"r": 0.0, "l": 1000, "t": 880.439248}
{"r": 0.0, "l": 1000, "t": 888.933641}
{"r": 0.0, "l": 1000, "t": 897.186324}
{"r": 0.0, "l": 1000, "t": 905.35219}
{"r": 0.0, "l": 1000, "t": 913.565272}
{"r": 0.0, "l": 1000, "t": 922.255773}
{"r": 0.0, "l": 1000, "t": 930.722905}
{"r": 0.0, "l": 1000, "t": 938.908085}
{"r": 0.0, "l": 1000, "t": 947.366865}
{"r": 0.0, "l": 1000, "t": 955.607629}
{"r": 0.0, "l": 1000, "t": 964.194126}
{"r": 0.0, "l": 1000, "t": 972.483284}
{"r": 0.0, "l": 1000, "t": 981.09407}
{"r": 0.0, "l": 1000, "t": 989.618787}
{"r": 0.0, "l": 1000, "t": 998.089669}
{"r": 0.0, "l": 1000, "t": 1006.425916}
{"r": 0.0, "l": 1000, "t": 1014.849805}
{"r": 0.0, "l": 1000, "t": 1023.025645}
{"r": 0.0, "l": 1000, "t": 1031.42509}
{"r": 0.0, "l": 1000, "t": 1039.524457}
{"r": 0.0, "l": 1000, "t": 1047.957406}
{"r": 0.0, "l": 1000, "t": 1056.555821}
{"r": 0.0, "l": 1000, "t": 1064.866058}
{"r": 0.0, "l": 1000, "t": 1072.992923}
{"r": 0.0, "l": 1000, "t": 1081.083859}
{"r": 0.0, "l": 1000, "t": 1089.706289}
{"r": 0.0, "l": 1000, "t": 1097.854537}
{"r": 0.0, "l": 1000, "t": 1106.374529}
{"r": 0.0, "l": 1000, "t": 1114.6995}
{"r": 0.0, "l": 1000, "t": 1123.059456}
{"r": 0.0, "l": 1000, "t": 1131.480618}
{"r": 0.0, "l": 1000, "t": 1139.843176}
{"r": 0.0, "l": 1000, "t": 1148.067352}
{"r": 0.0, "l": 1000, "t": 1156.41018}
{"r": 0.0, "l": 1000, "t": 1164.548657}
{"r": 0.0, "l": 1000, "t": 1172.65533}
{"r": 0.0, "l": 1000, "t": 1181.06221}
{"r": 0.0, "l": 1000, "t": 1189.196833}
{"r": 0.0, "l": 1000, "t": 1197.776867}
{"r": 0.0, "l": 1000, "t": 1205.780912}
{"r": 0.0, "l": 1000, "t": 1214.112699}
{"r": 0.0, "l": 1000, "t": 1222.277731}
{"r": 0.0, "l": 1000, "t": 1230.817962}
{"r": 0.0, "l": 1000, "t": 1239.09693}
{"r": 0.0, "l": 1000, "t": 1247.484355}
{"r": 0.0, "l": 1000, "t": 1255.739215}
{"r": 0.0, "l": 1000, "t": 1264.016286}
{"r": 0.0, "l": 1000, "t": 1272.654137}
{"r": 0.0, "l": 1000, "t": 1281.155301}
{"r": 0.0, "l": 1000, "t": 1289.394659}
{"r": 0.0, "l": 1000, "t": 1297.660505}
{"r": 0.0, "l": 1000, "t": 1305.979853}
{"r": 0.0, "l": 1000, "t": 1314.586386}
{"r": 0.0, "l": 1000, "t": 1322.715254}
{"r": 0.0, "l": 1000, "t": 1331.236518}
{"r": 0.0, "l": 1000, "t": 1339.336845}
{"r": 0.0, "l": 1000, "t": 1347.882975}
{"r": 0.0, "l": 1000, "t": 1356.408895}
{"r": 0.0, "l": 1000, "t": 1364.728688}
{"r": 0.0, "l": 1000, "t": 1373.112277}
{"r": 0.0, "l": 1000, "t": 1381.187176}
{"r": 0.0, "l": 1000, "t": 1389.71409}
{"r": 0.0, "l": 1000, "t": 1398.365552}
{"r": 0.0, "l": 1000, "t": 1412.031407}
{"r": 0.0, "l": 1000, "t": 1427.770201}
{"r": 0.0, "l": 1000, "t": 1443.096146}
{"r": 0.0, "l": 1000, "t": 1459.660936}
{"r": 0.0, "l": 1000, "t": 1474.718303}
{"r": 0.0, "l": 1000, "t": 1489.964834}
{"r": 0.0, "l": 1000, "t": 1507.034108}
{"r": 0.0, "l": 1000, "t": 1523.460952}
{"r": 0.0, "l": 1000, "t": 1539.761596}
{"r": 0.0, "l": 1000, "t": 1555.923645}
{"r": 0.0, "l": 1000, "t": 1572.654227}
{"r": 0.0, "l": 1000, "t": 1589.133834}
{"r": 0.0, "l": 1000, "t": 1605.309778}
{"r": 0.0, "l": 1000, "t": 1622.329876}
{"r": 0.0, "l": 1000, "t": 1639.276893}
{"r": 0.0, "l": 1000, "t": 1655.655526}
{"r": 0.0, "l": 1000, "t": 1672.127266}
{"r": 0.0, "l": 1000, "t": 1687.313977}
{"r": 0.0, "l": 1000, "t": 1704.225874}
{"r": 0.0, "l": 1000, "t": 1719.626482}
{"r": 0.0, "l": 1000, "t": 1736.269938}
{"r": 0.0, "l": 1000, "t": 1752.621089}
{"r": 0.0, "l": 1000, "t": 1768.400846}
{"r": 0.0, "l": 1000, "t": 1783.98856}
{"r": 0.0, "l": 1000, "t": 1800.911789}
{"r": 0.0, "l": 1000, "t": 1817.635034}
{"r": 0.0, "l": 1000, "t": 1833.39459}
{"r": 0.0, "l": 1000, "t": 1850.472475}
{"r": 0.0, "l": 1000, "t": 1866.271993}
{"r": 0.0, "l": 1000, "t": 1882.116292}
{"r": 0.0, "l": 1000, "t": 1898.45926}
{"r": 0.0, "l": 1000, "t": 1915.201373}
{"r": 0.0, "l": 1000, "t": 1931.453291}
{"r": 0.0, "l": 1000, "t": 1947.968963}
{"r": 0.0, "l": 1000, "t": 1964.261886}
{"r": 0.0, "l": 1000,