{"t_start": 1515772071.8957508, "gym_version": "0.9.2", "env_id": "GridWorldNoFrameskip-v4"}
{"r": 0.0, "l": 1000, "t": 12.674405}
{"r": 0.0, "l": 1000, "t": 21.402099}
{"r": 0.0, "l": 1000, "t": 30.226591}
{"r": 0.0, "l": 1000, "t": 38.734929}
{"r": 0.0, "l": 1000, "t": 48.017129}
{"r": 0.0, "l": 1000, "t": 56.513846}
{"r": 0.0, "l": 1000, "t": 65.385172}
{"r": 0.0, "l": 1000, "t": 73.9449}
{"r": 0.0, "l": 1000, "t": 82.800901}
{"r": 0.0, "l": 1000, "t": 91.448163}
{"r": 0.0, "l": 1000, "t": 99.884218}
{"r": 0.0, "l": 1000, "t": 107.946304}
{"r": 0.0, "l": 1000, "t": 116.180241}
{"r": 0.0, "l": 1000, "t": 124.215805}
{"r": 0.0, "l": 1000, "t": 132.685662}
{"r": 0.0, "l": 1000, "t": 140.786438}
{"r": 0.0, "l": 1000, "t": 150.159229}
{"r": 0.0, "l": 1000, "t": 159.058012}
{"r": 0.0, "l": 1000, "t": 167.989424}
{"r": 0.0, "l": 1000, "t": 177.075402}
{"r": 0.0, "l": 1000, "t": 185.72424}
{"r": 0.0, "l": 1000, "t": 195.020029}
{"r": 0.0, "l": 1000, "t": 204.092263}
{"r": 0.0, "l": 1000, "t": 212.843111}
{"r": 0.0, "l": 1000, "t": 222.172883}
{"r": 0.0, "l": 1000, "t": 231.092171}
{"r": 0.0, "l": 1000, "t": 239.986275}
{"r": 0.0, "l": 1000, "t": 249.303508}
{"r": 0.0, "l": 1000, "t": 257.984427}
{"r": 0.0, "l": 1000, "t": 266.970806}
{"r": 0.0, "l": 1000, "t": 276.101965}
{"r": 0.0, "l": 1000, "t": 285.066129}
{"r": 0.0, "l": 1000, "t": 293.79618}
{"r": 0.0, "l": 1000, "t": 302.907833}
{"r": 0.0, "l": 1000, "t": 311.85325}
{"r": 0.0, "l": 1000, "t": 319.899431}
{"r": 0.0, "l": 1000, "t": 328.365417}
{"r": 0.0, "l": 1000, "t": 336.590315}
{"r": 0.0, "l": 1000, "t": 344.538496}
{"r": 0.0, "l": 1000, "t": 353.118997}
{"r": 0.0, "l": 1000, "t": 361.175119}
{"r": 0.0, "l": 1000, "t": 369.137559}
{"r": 0.0, "l": 1000, "t": 377.62746}
{"r": 0.0, "l": 1000, "t": 386.129258}
{"r": 0.0, "l": 1000, "t": 394.305577}
{"r": 0.0, "l": 1000, "t": 402.135451}
{"r": 0.0, "l": 1000, "t": 410.689465}
{"r": 0.0, "l": 1000, "t": 419.213678}
{"r": 0.0, "l": 1000, "t": 427.417902}
{"r": 0.0, "l": 1000, "t": 435.292864}
{"r": 0.0, "l": 1000, "t": 443.795637}
{"r": 0.0, "l": 1000, "t": 452.31811}
{"r": 0.0, "l": 1000, "t": 460.647299}
{"r": 0.0, "l": 1000, "t": 468.969586}
{"r": 0.0, "l": 1000, "t": 476.955443}
{"r": 0.0, "l": 1000, "t": 485.434815}
{"r": 0.0, "l": 1000, "t": 493.956973}
{"r": 0.0, "l": 1000, "t": 502.209025}
{"r": 0.0, "l": 1000, "t": 510.093428}
{"r": 0.0, "l": 1000, "t": 518.513673}
{"r": 0.0, "l": 1000, "t": 526.749777}
{"r": 0.0, "l": 1000, "t": 535.078763}
{"r": 0.0, "l": 1000, "t": 543.141614}
{"r": 0.0, "l": 1000, "t": 551.401311}
{"r": 0.0, "l": 1000, "t": 559.633121}
{"r": 0.0, "l": 1000, "t": 567.673659}
{"r": 0.0, "l": 1000, "t": 576.246938}
{"r": 0.0, "l": 1000, "t": 584.407783}
{"r": 0.0, "l": 1000, "t": 592.62049}
{"r": 0.0, "l": 1000, "t": 600.907423}
{"r": 0.0, "l": 1000, "t": 609.40643}
{"r": 0.0, "l": 1000, "t": 617.620221}
{"r": 0.0, "l": 1000, "t": 625.544213}
{"r": 0.0, "l": 1000, "t": 633.735317}
{"r": 0.0, "l": 1000, "t": 641.70861}
{"r": 0.0, "l": 1000, "t": 649.762928}
{"r": 0.0, "l": 1000, "t": 658.428212}
{"r": 0.0, "l": 1000, "t": 666.742894}
{"r": 0.0, "l": 1000, "t": 674.910153}
{"r": 0.0, "l": 1000, "t": 682.990438}
{"r": 0.0, "l": 1000, "t": 691.377738}
{"r": 0.0, "l": 1000, "t": 699.679438}
{"r": 0.0, "l": 1000, "t": 707.56099}
{"r": 0.0, "l": 1000, "t": 716.045298}
{"r": 0.0, "l": 1000, "t": 724.039741}
{"r": 0.0, "l": 1000, "t": 731.995437}
{"r": 0.0, "l": 1000, "t": 740.477166}
{"r": 0.0, "l": 1000, "t": 748.611238}
{"r": 0.0, "l": 1000, "t": 756.413814}
{"r": 0.0, "l": 1000, "t": 764.851686}
{"r": 0.0, "l": 1000, "t": 772.95074}
{"r": 0.0, "l": 1000, "t": 780.93673}
{"r": 0.0, "l": 1000, "t": 789.248977}
{"r": 0.0, "l": 1000, "t": 797.303624}
{"r": 0.0, "l": 1000, "t": 805.32963}
{"r": 0.0, "l": 1000, "t": 813.931233}
{"r": 0.0, "l": 1000, "t": 822.198479}
{"r": 0.0, "l": 1000, "t": 830.50205}
{"r": 0.0, "l": 1000, "t": 838.41423}
{"r": 0.0, "l": 1000, "t": 846.769306}
{"r": 0.0, "l": 1000, "t": 855.036839}
{"r": 0.0, "l": 1000, "t": 862.827954}
{"r": 0.0, "l": 1000, "t": 871.437172}
{"r": 0.0, "l": 1000, "t": 879.814979}
{"r": 0.0, "l": 1000, "t": 888.08639}
{"r": 0.0, "l": 1000, "t": 896.047527}
{"r": 0.0, "l": 1000, "t": 904.52314}
{"r": 0.0, "l": 1000, "t": 913.120054}
{"r": 0.0, "l": 1000, "t": 921.773792}
{"r": 0.0, "l": 1000, "t": 930.267591}
{"r": 0.0, "l": 1000, "t": 938.333485}
{"r": 0.0, "l": 1000, "t": 946.823444}
{"r": 0.0, "l": 1000, "t": 955.433966}
{"r": 0.0, "l": 1000, "t": 963.495379}
{"r": 0.0, "l": 1000, "t": 971.418792}
{"r": 0.0, "l": 1000, "t": 979.96926}
{"r": 0.0, "l": 1000, "t": 988.606076}
{"r": 0.0, "l": 1000, "t": 997.078486}
{"r": 0.0, "l": 1000, "t": 1005.606288}
{"r": 0.0, "l": 1000, "t": 1013.696953}
{"r": 0.0, "l": 1000, "t": 1021.776478}
{"r": 0.0, "l": 1000, "t": 1030.358116}
{"r": 0.0, "l": 1000, "t": 1038.803232}
{"r": 0.0, "l": 1000, "t": 1047.222075}
{"r": 0.0, "l": 1000, "t": 1054.954033}
{"r": 0.0, "l": 1000, "t": 1063.516394}
{"r": 0.0, "l": 1000, "t": 1072.1084}
{"r": 0.0, "l": 1000, "t": 1080.244209}
{"r": 0.0, "l": 1000, "t": 1088.562801}
{"r": 0.0, "l": 1000, "t": 1096.78647}
{"r": 0.0, "l": 1000, "t": 1105.368964}
{"r": 0.0, "l": 1000, "t": 1113.891344}
{"r": 0.0, "l": 1000, "t": 1122.173006}
{"r": 0.0, "l": 1000, "t": 1130.238754}
{"r": 0.0, "l": 1000, "t": 1138.514633}
{"r": 0.0, "l": 1000, "t": 1146.905366}
{"r": 0.0, "l": 1000, "t": 1155.38466}
{"r": 0.0, "l": 1000, "t": 1163.141534}
{"r": 0.0, "l": 1000, "t": 1171.625829}
{"r": 0.0, "l": 1000, "t": 1180.144756}
{"r": 0.0, "l": 1000, "t": 1188.328774}
{"r": 0.0, "l": 1000, "t": 1196.771931}
{"r": 0.0, "l": 1000, "t": 1204.635789}
{"r": 0.0, "l": 1000, "t": 1213.234718}
{"r": 0.0, "l": 1000, "t": 1221.588149}
{"r": 0.0, "l": 1000, "t": 1229.967489}
{"r": 0.0, "l": 1000, "t": 1238.295326}
{"r": 0.0, "l": 1000, "t": 1246.609799}
{"r": 0.0, "l": 1000, "t": 1255.083731}
{"r": 0.0, "l": 1000, "t": 1263.636177}
{"r": 0.0, "l": 1000, "t": 1272.012059}
{"r": 0.0, "l": 1000, "t": 1280.602659}
{"r": 0.0, "l": 1000, "t": 1288.557981}
{"r": 0.0, "l": 1000, "t": 1296.989638}
{"r": 0.0, "l": 1000, "t": 1305.185386}
{"r": 0.0, "l": 1000, "t": 1313.673693}
{"r": 0.0, "l": 1000, "t": 1321.585868}
{"r": 0.0, "l": 1000, "t": 1330.094432}
{"r": 0.0, "l": 1000, "t": 1338.691744}
{"r": 0.0, "l": 1000, "t": 1346.956884}
{"r": 0.0, "l": 1000, "t": 1355.292043}
{"r": 0.0, "l": 1000, "t": 1363.692428}
{"r": 0.0, "l": 1000, "t": 1372.190418}
{"r": 0.0, "l": 1000, "t": 1380.73705}
{"r": 0.0, "l": 1000, "t": 1389.077229}
{"r": 0.0, "l": 1000, "t": 1397.484752}
{"r": 0.0, "l": 1000, "t": 1410.244062}
{"r": 0.0, "l": 1000, "t": 1425.588848}
{"r": 0.0, "l": 1000, "t": 1441.490497}
{"r": 0.0, "l": 1000, "t": 1457.90403}
{"r": 0.0, "l": 1000, "t": 1473.281938}
{"r": 0.0, "l": 1000, "t": 1489.095495}
{"r": 0.0, "l": 1000, "t": 1506.343009}
{"r": 0.0, "l": 1000, "t": 1522.800319}
{"r": 0.0, "l": 1000, "t": 1538.267796}
{"r": 0.0, "l": 1000, "t": 1554.442665}
{"r": 0.0, "l": 1000, "t": 1571.337363}
{"r": 0.0, "l": 1000, "t": 1587.761285}
{"r": 0.0, "l": 1000, "t": 1604.42817}
{"r": 0.0, "l": 1000, "t": 1621.193654}
{"r": 0.0, "l": 1000, "t": 1638.310193}
{"r": 0.0, "l": 1000, "t": 1654.560636}
{"r": 0.0, "l": 1000, "t": 1670.104664}
{"r": 0.0, "l": 1000, "t": 1685.920516}
{"r": 0.0, "l": 1000, "t": 1702.374132}
{"r": 0.0, "l": 1000, "t": 1718.147678}
{"r": 0.0, "l": 1000, "t": 1734.98219}
{"r": 0.0, "l": 1000, "t": 1751.290155}
{"r": 0.0, "l": 1000, "t": 1767.187781}
{"r": 0.0, "l": 1000, "t": 1782.828776}
{"r": 0.0, "l": 1000, "t": 1799.336672}
{"r": 0.0, "l": 1000, "t": 1816.185431}
{"r": 0.0, "l": 1000, "t": 1831.66671}
{"r": 0.0, "l": 1000, "t": 1848.559602}
{"r": 0.0, "l": 1000, "t": 1864.733411}
{"r": 0.0, "l": 1000, "t": 1880.069927}
{"r": 0.0, "l": 1000, "t": 1897.270232}
{"r": 0.0, "l": 1000, "t": 1913.388262}
{"r": 0.0, "l": 1000, "t": 1929.918264}
{"r": 0.0, "l": 1000, "t": 1946.441819}
{"r": 0.0, "l": 1000, "t": 1963.192398}
{"r": 0.0, "l": 1000,