{"t_start": 1515772071.8959007, "gym_version": "0.9.2", "env_id": "GridWorldNoFrameskip-v4"}
{"r": 0.0, "l": 1000, "t": 12.905253}
{"r": 0.0, "l": 1000, "t": 21.659951}
{"r": 0.0, "l": 1000, "t": 30.594278}
{"r": 0.0, "l": 1000, "t": 39.331729}
{"r": 0.0, "l": 1000, "t": 48.235619}
{"r": 0.0, "l": 1000, "t": 57.111902}
{"r": 0.0, "l": 1000, "t": 65.752233}
{"r": 0.0, "l": 1000, "t": 74.339509}
{"r": 0.0, "l": 1000, "t": 83.458823}
{"r": 0.0, "l": 1000, "t": 92.525552}
{"r": 0.0, "l": 1000, "t": 100.679906}
{"r": 0.0, "l": 1000, "t": 108.914102}
{"r": 0.0, "l": 1000, "t": 116.938455}
{"r": 0.0, "l": 1000, "t": 125.342981}
{"r": 0.0, "l": 1000, "t": 133.389885}
{"r": 0.0, "l": 1000, "t": 141.829875}
{"r": 0.0, "l": 1000, "t": 150.662351}
{"r": 0.0, "l": 1000, "t": 159.572999}
{"r": 0.0, "l": 1000, "t": 168.263434}
{"r": 0.0, "l": 1000, "t": 177.346298}
{"r": 0.0, "l": 1000, "t": 185.916897}
{"r": 0.0, "l": 1000, "t": 195.22885}
{"r": 0.0, "l": 1000, "t": 203.811374}
{"r": 0.0, "l": 1000, "t": 212.665204}
{"r": 0.0, "l": 1000, "t": 221.699532}
{"r": 0.0, "l": 1000, "t": 230.436642}
{"r": 0.0, "l": 1000, "t": 239.809791}
{"r": 0.0, "l": 1000, "t": 248.796195}
{"r": 0.0, "l": 1000, "t": 257.550731}
{"r": 0.0, "l": 1000, "t": 266.821283}
{"r": 0.0, "l": 1000, "t": 275.668878}
{"r": 0.0, "l": 1000, "t": 284.31593}
{"r": 0.0, "l": 1000, "t": 293.50085}
{"r": 0.0, "l": 1000, "t": 302.285721}
{"r": 0.0, "l": 1000, "t": 311.08401}
{"r": 0.0, "l": 1000, "t": 319.455833}
{"r": 0.0, "l": 1000, "t": 327.762562}
{"r": 0.0, "l": 1000, "t": 336.065106}
{"r": 0.0, "l": 1000, "t": 344.278192}
{"r": 0.0, "l": 1000, "t": 352.689124}
{"r": 0.0, "l": 1000, "t": 360.868668}
{"r": 0.0, "l": 1000, "t": 368.876652}
{"r": 0.0, "l": 1000, "t": 377.386372}
{"r": 0.0, "l": 1000, "t": 385.833119}
{"r": 0.0, "l": 1000, "t": 394.006614}
{"r": 0.0, "l": 1000, "t": 401.993676}
{"r": 0.0, "l": 1000, "t": 410.569458}
{"r": 0.0, "l": 1000, "t": 418.98299}
{"r": 0.0, "l": 1000, "t": 427.186627}
{"r": 0.0, "l": 1000, "t": 434.947977}
{"r": 0.0, "l": 1000, "t": 443.375098}
{"r": 0.0, "l": 1000, "t": 451.793006}
{"r": 0.0, "l": 1000, "t": 459.79997}
{"r": 0.0, "l": 1000, "t": 467.994143}
{"r": 0.0, "l": 1000, "t": 476.479726}
{"r": 0.0, "l": 1000, "t": 484.635249}
{"r": 0.0, "l": 1000, "t": 492.700216}
{"r": 0.0, "l": 1000, "t": 501.23084}
{"r": 0.0, "l": 1000, "t": 509.599169}
{"r": 0.0, "l": 1000, "t": 517.826288}
{"r": 0.0, "l": 1000, "t": 526.251902}
{"r": 0.0, "l": 1000, "t": 534.412524}
{"r": 0.0, "l": 1000, "t": 542.754921}
{"r": 0.0, "l": 1000, "t": 550.851989}
{"r": 0.0, "l": 1000, "t": 558.932832}
{"r": 0.0, "l": 1000, "t": 567.50643}
{"r": 0.0, "l": 1000, "t": 575.599047}
{"r": 0.0, "l": 1000, "t": 583.901269}
{"r": 0.0, "l": 1000, "t": 592.173989}
{"r": 0.0, "l": 1000, "t": 600.678481}
{"r": 0.0, "l": 1000, "t": 609.154026}
{"r": 0.0, "l": 1000, "t": 617.427529}
{"r": 0.0, "l": 1000, "t": 625.387051}
{"r": 0.0, "l": 1000, "t": 633.673861}
{"r": 0.0, "l": 1000, "t": 641.678305}
{"r": 0.0, "l": 1000, "t": 649.898786}
{"r": 0.0, "l": 1000, "t": 658.236533}
{"r": 0.0, "l": 1000, "t": 666.278341}
{"r": 0.0, "l": 1000, "t": 674.541876}
{"r": 0.0, "l": 1000, "t": 682.99062}
{"r": 0.0, "l": 1000, "t": 691.35831}
{"r": 0.0, "l": 1000, "t": 699.678931}
{"r": 0.0, "l": 1000, "t": 707.538607}
{"r": 0.0, "l": 1000, "t": 716.045167}
{"r": 0.0, "l": 1000, "t": 724.057636}
{"r": 0.0, "l": 1000, "t": 732.014079}
{"r": 0.0, "l": 1000, "t": 740.486561}
{"r": 0.0, "l": 1000, "t": 748.611069}
{"r": 0.0, "l": 1000, "t": 756.425599}
{"r": 0.0, "l": 1000, "t": 764.88011}
{"r": 0.0, "l": 1000, "t": 773.230531}
{"r": 0.0, "l": 1000, "t": 780.972001}
{"r": 0.0, "l": 1000, "t": 789.439823}
{"r": 0.0, "l": 1000, "t": 797.614513}
{"r": 0.0, "l": 1000, "t": 805.72438}
{"r": 0.0, "l": 1000, "t": 814.079974}
{"r": 0.0, "l": 1000, "t": 822.64431}
{"r": 0.0, "l": 1000, "t": 831.107921}
{"r": 0.0, "l": 1000, "t": 839.201829}
{"r": 0.0, "l": 1000, "t": 847.147297}
{"r": 0.0, "l": 1000, "t": 855.58704}
{"r": 0.0, "l": 1000, "t": 863.663048}
{"r": 0.0, "l": 1000, "t": 871.892114}
{"r": 0.0, "l": 1000, "t": 880.060837}
{"r": 0.0, "l": 1000, "t": 888.432874}
{"r": 0.0, "l": 1000, "t": 896.602152}
{"r": 0.0, "l": 1000, "t": 904.820062}
{"r": 0.0, "l": 1000, "t": 913.343812}
{"r": 0.0, "l": 1000, "t": 921.770425}
{"r": 0.0, "l": 1000, "t": 929.997071}
{"r": 0.0, "l": 1000, "t": 937.998329}
{"r": 0.0, "l": 1000, "t": 946.56342}
{"r": 0.0, "l": 1000, "t": 955.201059}
{"r": 0.0, "l": 1000, "t": 963.580915}
{"r": 0.0, "l": 1000, "t": 971.925491}
{"r": 0.0, "l": 1000, "t": 980.24932}
{"r": 0.0, "l": 1000, "t": 988.779697}
{"r": 0.0, "l": 1000, "t": 997.406207}
{"r": 0.0, "l": 1000, "t": 1005.936585}
{"r": 0.0, "l": 1000, "t": 1014.048148}
{"r": 0.0, "l": 1000, "t": 1021.934121}
{"r": 0.0, "l": 1000, "t": 1030.588547}
{"r": 0.0, "l": 1000, "t": 1039.014657}
{"r": 0.0, "l": 1000, "t": 1047.036697}
{"r": 0.0, "l": 1000, "t": 1055.433676}
{"r": 0.0, "l": 1000, "t": 1063.649846}
{"r": 0.0, "l": 1000, "t": 1072.073517}
{"r": 0.0, "l": 1000, "t": 1080.234829}
{"r": 0.0, "l": 1000, "t": 1088.785337}
{"r": 0.0, "l": 1000, "t": 1096.642942}
{"r": 0.0, "l": 1000, "t": 1105.234045}
{"r": 0.0, "l": 1000, "t": 1113.710995}
{"r": 0.0, "l": 1000, "t": 1121.847262}
{"r": 0.0, "l": 1000, "t": 1129.840426}
{"r": 0.0, "l": 1000, "t": 1138.502657}
{"r": 0.0, "l": 1000, "t": 1146.908627}
{"r": 0.0, "l": 1000, "t": 1155.149803}
{"r": 0.0, "l": 1000, "t": 1163.106973}
{"r": 0.0, "l": 1000, "t": 1171.615991}
{"r": 0.0, "l": 1000, "t": 1180.299116}
{"r": 0.0, "l": 1000, "t": 1188.686942}
{"r": 0.0, "l": 1000, "t": 1197.068027}
{"r": 0.0, "l": 1000, "t": 1205.245308}
{"r": 0.0, "l": 1000, "t": 1213.475439}
{"r": 0.0, "l": 1000, "t": 1221.879916}
{"r": 0.0, "l": 1000, "t": 1230.386203}
{"r": 0.0, "l": 1000, "t": 1238.614584}
{"r": 0.0, "l": 1000, "t": 1246.627799}
{"r": 0.0, "l": 1000, "t": 1255.225611}
{"r": 0.0, "l": 1000, "t": 1263.827873}
{"r": 0.0, "l": 1000, "t": 1272.288985}
{"r": 0.0, "l": 1000, "t": 1280.38259}
{"r": 0.0, "l": 1000, "t": 1288.401287}
{"r": 0.0, "l": 1000, "t": 1296.853342}
{"r": 0.0, "l": 1000, "t": 1305.195376}
{"r": 0.0, "l": 1000, "t": 1313.431571}
{"r": 0.0, "l": 1000, "t": 1321.613597}
{"r": 0.0, "l": 1000, "t": 1330.094227}
{"r": 0.0, "l": 1000, "t": 1338.710635}
{"r": 0.0, "l": 1000, "t": 1347.327027}
{"r": 0.0, "l": 1000, "t": 1355.238902}
{"r": 0.0, "l": 1000, "t": 1363.475962}
{"r": 0.0, "l": 1000, "t": 1372.015157}
{"r": 0.0, "l": 1000, "t": 1380.424836}
{"r": 0.0, "l": 1000, "t": 1388.769847}
{"r": 0.0, "l": 1000, "t": 1397.169887}
{"r": 0.0, "l": 1000, "t": 1409.909313}
{"r": 0.0, "l": 1000, "t": 1425.248401}
{"r": 0.0, "l": 1000, "t": 1440.728799}
{"r": 0.0, "l": 1000, "t": 1457.42528}
{"r": 0.0, "l": 1000, "t": 1472.388187}
{"r": 0.0, "l": 1000, "t": 1488.505494}
{"r": 0.0, "l": 1000, "t": 1505.134251}
{"r": 0.0, "l": 1000, "t": 1521.717021}
{"r": 0.0, "l": 1000, "t": 1537.87224}
{"r": 0.0, "l": 1000, "t": 1554.390883}
{"r": 0.0, "l": 1000, "t": 1571.341399}
{"r": 0.0, "l": 1000, "t": 1588.041351}
{"r": 0.0, "l": 1000, "t": 1604.428059}
{"r": 0.0, "l": 1000, "t": 1621.163702}
{"r": 0.0, "l": 1000, "t": 1637.582026}
{"r": 0.0, "l": 1000, "t": 1653.59103}
{"r": 0.0, "l": 1000, "t": 1670.037389}
{"r": 0.0, "l": 1000, "t": 1685.337265}
{"r": 0.0, "l": 1000, "t": 1701.504586}
{"r": 0.0, "l": 1000, "t": 1717.180218}
{"r": 0.0, "l": 1000, "t": 1734.16253}
{"r": 0.0, "l": 1000, "t": 1750.565973}
{"r": 0.0, "l": 1000, "t": 1765.96731}
{"r": 0.0, "l": 1000, "t": 1781.922033}
{"r": 0.0, "l": 1000, "t": 1798.600467}
{"r": 0.0, "l": 1000, "t": 1815.429969}
{"r": 0.0, "l": 1000, "t": 1831.64132}
{"r": 0.0, "l": 1000, "t": 1848.547485}
{"r": 0.0, "l": 1000, "t": 1864.262472}
{"r": 0.0, "l": 1000, "t": 1880.069834}
{"r": 0.0, "l": 1000, "t": 1896.543465}
{"r": 0.0, "l": 1000, "t": 1912.58444}
{"r": 0.0, "l": 1000, "t": 1929.408165}
{"r": 0.0, "l": 1000, "t": 1945.707032}
{"r": 0.0, "l": 1000, "t": 1962.38189}
{"r": 0.0,