{"t_start": 1515772071.899277, "gym_version": "0.9.2", "env_id": "GridWorldNoFrameskip-v4"}
{"r": 0.0, "l": 1000, "t": 12.942507}
{"r": 0.0, "l": 1000, "t": 21.988912}
{"r": 0.0, "l": 1000, "t": 30.612139}
{"r": 0.0, "l": 1000, "t": 39.605282}
{"r": 0.0, "l": 1000, "t": 48.254684}
{"r": 0.0, "l": 1000, "t": 57.073658}
{"r": 0.0, "l": 1000, "t": 65.762757}
{"r": 0.0, "l": 1000, "t": 74.338562}
{"r": 0.0, "l": 1000, "t": 83.442633}
{"r": 0.0, "l": 1000, "t": 91.862134}
{"r": 0.0, "l": 1000, "t": 100.48011}
{"r": 0.0, "l": 1000, "t": 108.589321}
{"r": 0.0, "l": 1000, "t": 116.803037}
{"r": 0.0, "l": 1000, "t": 125.157385}
{"r": 0.0, "l": 1000, "t": 133.207381}
{"r": 0.0, "l": 1000, "t": 141.524102}
{"r": 0.0, "l": 1000, "t": 150.420113}
{"r": 0.0, "l": 1000, "t": 159.088794}
{"r": 0.0, "l": 1000, "t": 167.986261}
{"r": 0.0, "l": 1000, "t": 176.846555}
{"r": 0.0, "l": 1000, "t": 185.442954}
{"r": 0.0, "l": 1000, "t": 194.309978}
{"r": 0.0, "l": 1000, "t": 203.116985}
{"r": 0.0, "l": 1000, "t": 212.298442}
{"r": 0.0, "l": 1000, "t": 221.414756}
{"r": 0.0, "l": 1000, "t": 230.081339}
{"r": 0.0, "l": 1000, "t": 239.139214}
{"r": 0.0, "l": 1000, "t": 248.266988}
{"r": 0.0, "l": 1000, "t": 257.141719}
{"r": 0.0, "l": 1000, "t": 266.370527}
{"r": 0.0, "l": 1000, "t": 275.139149}
{"r": 0.0, "l": 1000, "t": 284.061368}
{"r": 0.0, "l": 1000, "t": 292.967978}
{"r": 0.0, "l": 1000, "t": 301.658691}
{"r": 0.0, "l": 1000, "t": 310.798863}
{"r": 0.0, "l": 1000, "t": 319.049196}
{"r": 0.0, "l": 1000, "t": 327.166752}
{"r": 0.0, "l": 1000, "t": 335.506156}
{"r": 0.0, "l": 1000, "t": 343.890463}
{"r": 0.0, "l": 1000, "t": 352.081645}
{"r": 0.0, "l": 1000, "t": 360.121354}
{"r": 0.0, "l": 1000, "t": 368.714422}
{"r": 0.0, "l": 1000, "t": 377.027109}
{"r": 0.0, "l": 1000, "t": 385.36426}
{"r": 0.0, "l": 1000, "t": 393.252108}
{"r": 0.0, "l": 1000, "t": 401.671832}
{"r": 0.0, "l": 1000, "t": 409.970721}
{"r": 0.0, "l": 1000, "t": 418.380836}
{"r": 0.0, "l": 1000, "t": 426.356872}
{"r": 0.0, "l": 1000, "t": 434.672949}
{"r": 0.0, "l": 1000, "t": 442.797238}
{"r": 0.0, "l": 1000, "t": 451.23726}
{"r": 0.0, "l": 1000, "t": 459.248113}
{"r": 0.0, "l": 1000, "t": 467.743616}
{"r": 0.0, "l": 1000, "t": 475.93054}
{"r": 0.0, "l": 1000, "t": 484.245008}
{"r": 0.0, "l": 1000, "t": 492.364417}
{"r": 0.0, "l": 1000, "t": 500.841584}
{"r": 0.0, "l": 1000, "t": 509.058425}
{"r": 0.0, "l": 1000, "t": 517.061416}
{"r": 0.0, "l": 1000, "t": 525.611894}
{"r": 0.0, "l": 1000, "t": 534.01122}
{"r": 0.0, "l": 1000, "t": 542.181982}
{"r": 0.0, "l": 1000, "t": 550.155212}
{"r": 0.0, "l": 1000, "t": 558.592554}
{"r": 0.0, "l": 1000, "t": 566.854468}
{"r": 0.0, "l": 1000, "t": 574.868703}
{"r": 0.0, "l": 1000, "t": 583.123543}
{"r": 0.0, "l": 1000, "t": 591.368879}
{"r": 0.0, "l": 1000, "t": 599.508502}
{"r": 0.0, "l": 1000, "t": 607.770186}
{"r": 0.0, "l": 1000, "t": 616.282791}
{"r": 0.0, "l": 1000, "t": 624.485267}
{"r": 0.0, "l": 1000, "t": 632.406675}
{"r": 0.0, "l": 1000, "t": 640.861659}
{"r": 0.0, "l": 1000, "t": 649.151359}
{"r": 0.0, "l": 1000, "t": 657.615193}
{"r": 0.0, "l": 1000, "t": 665.34831}
{"r": 0.0, "l": 1000, "t": 673.84385}
{"r": 0.0, "l": 1000, "t": 682.22887}
{"r": 0.0, "l": 1000, "t": 690.306944}
{"r": 0.0, "l": 1000, "t": 698.510152}
{"r": 0.0, "l": 1000, "t": 706.83296}
{"r": 0.0, "l": 1000, "t": 715.122975}
{"r": 0.0, "l": 1000, "t": 722.946595}
{"r": 0.0, "l": 1000, "t": 731.491386}
{"r": 0.0, "l": 1000, "t": 739.624115}
{"r": 0.0, "l": 1000, "t": 747.506559}
{"r": 0.0, "l": 1000, "t": 755.795259}
{"r": 0.0, "l": 1000, "t": 764.034445}
{"r": 0.0, "l": 1000, "t": 771.976438}
{"r": 0.0, "l": 1000, "t": 780.398081}
{"r": 0.0, "l": 1000, "t": 788.50679}
{"r": 0.0, "l": 1000, "t": 796.546935}
{"r": 0.0, "l": 1000, "t": 805.156337}
{"r": 0.0, "l": 1000, "t": 813.714779}
{"r": 0.0, "l": 1000, "t": 821.944976}
{"r": 0.0, "l": 1000, "t": 830.028599}
{"r": 0.0, "l": 1000, "t": 838.410807}
{"r": 0.0, "l": 1000, "t": 846.776995}
{"r": 0.0, "l": 1000, "t": 855.056343}
{"r": 0.0, "l": 1000, "t": 863.068848}
{"r": 0.0, "l": 1000, "t": 871.645879}
{"r": 0.0, "l": 1000, "t": 880.032088}
{"r": 0.0, "l": 1000, "t": 888.131904}
{"r": 0.0, "l": 1000, "t": 896.568765}
{"r": 0.0, "l": 1000, "t": 904.65038}
{"r": 0.0, "l": 1000, "t": 913.100877}
{"r": 0.0, "l": 1000, "t": 921.439044}
{"r": 0.0, "l": 1000, "t": 929.993616}
{"r": 0.0, "l": 1000, "t": 938.144697}
{"r": 0.0, "l": 1000, "t": 946.560349}
{"r": 0.0, "l": 1000, "t": 955.160253}
{"r": 0.0, "l": 1000, "t": 963.525414}
{"r": 0.0, "l": 1000, "t": 971.937726}
{"r": 0.0, "l": 1000, "t": 980.270875}
{"r": 0.0, "l": 1000, "t": 988.922058}
{"r": 0.0, "l": 1000, "t": 997.535057}
{"r": 0.0, "l": 1000, "t": 1006.165007}
{"r": 0.0, "l": 1000, "t": 1014.471123}
{"r": 0.0, "l": 1000, "t": 1022.742177}
{"r": 0.0, "l": 1000, "t": 1031.229959}
{"r": 0.0, "l": 1000, "t": 1039.374168}
{"r": 0.0, "l": 1000, "t": 1047.932533}
{"r": 0.0, "l": 1000, "t": 1056.328666}
{"r": 0.0, "l": 1000, "t": 1064.63232}
{"r": 0.0, "l": 1000, "t": 1072.938716}
{"r": 0.0, "l": 1000, "t": 1081.213974}
{"r": 0.0, "l": 1000, "t": 1089.723871}
{"r": 0.0, "l": 1000, "t": 1098.136242}
{"r": 0.0, "l": 1000, "t": 1106.608746}
{"r": 0.0, "l": 1000, "t": 1114.741057}
{"r": 0.0, "l": 1000, "t": 1122.922543}
{"r": 0.0, "l": 1000, "t": 1131.47768}
{"r": 0.0, "l": 1000, "t": 1139.806876}
{"r": 0.0, "l": 1000, "t": 1148.045344}
{"r": 0.0, "l": 1000, "t": 1156.266965}
{"r": 0.0, "l": 1000, "t": 1164.770949}
{"r": 0.0, "l": 1000, "t": 1173.005084}
{"r": 0.0, "l": 1000, "t": 1181.448868}
{"r": 0.0, "l": 1000, "t": 1189.758746}
{"r": 0.0, "l": 1000, "t": 1198.146174}
{"r": 0.0, "l": 1000, "t": 1206.515641}
{"r": 0.0, "l": 1000, "t": 1214.922656}
{"r": 0.0, "l": 1000, "t": 1223.1984}
{"r": 0.0, "l": 1000, "t": 1231.270332}
{"r": 0.0, "l": 1000, "t": 1239.720296}
{"r": 0.0, "l": 1000, "t": 1248.280408}
{"r": 0.0, "l": 1000, "t": 1256.793712}
{"r": 0.0, "l": 1000, "t": 1265.014794}
{"r": 0.0, "l": 1000, "t": 1273.448497}
{"r": 0.0, "l": 1000, "t": 1281.639965}
{"r": 0.0, "l": 1000, "t": 1290.248592}
{"r": 0.0, "l": 1000, "t": 1298.492479}
{"r": 0.0, "l": 1000, "t": 1306.712482}
{"r": 0.0, "l": 1000, "t": 1314.86834}
{"r": 0.0, "l": 1000, "t": 1323.226715}
{"r": 0.0, "l": 1000, "t": 1331.833062}
{"r": 0.0, "l": 1000, "t": 1340.087516}
{"r": 0.0, "l": 1000, "t": 1348.066152}
{"r": 0.0, "l": 1000, "t": 1356.584678}
{"r": 0.0, "l": 1000, "t": 1365.057539}
{"r": 0.0, "l": 1000, "t": 1373.522664}
{"r": 0.0, "l": 1000, "t": 1381.983771}
{"r": 0.0, "l": 1000, "t": 1390.261527}
{"r": 0.0, "l": 1000, "t": 1398.631645}
{"r": 0.0, "l": 1000, "t": 1412.921558}
{"r": 0.0, "l": 1000, "t": 1428.240534}
{"r": 0.0, "l": 1000, "t": 1443.696436}
{"r": 0.0, "l": 1000, "t": 1460.11061}
{"r": 0.0, "l": 1000, "t": 1475.253683}
{"r": 0.0, "l": 1000, "t": 1491.031236}
{"r": 0.0, "l": 1000, "t": 1508.042449}
{"r": 0.0, "l": 1000, "t": 1524.486355}
{"r": 0.0, "l": 1000, "t": 1540.756824}
{"r": 0.0, "l": 1000, "t": 1557.121834}
{"r": 0.0, "l": 1000, "t": 1573.601959}
{"r": 0.0, "l": 1000, "t": 1590.524584}
{"r": 0.0, "l": 1000, "t": 1607.170477}
{"r": 0.0, "l": 1000, "t": 1624.055663}
{"r": 0.0, "l": 1000, "t": 1640.738905}
{"r": 0.0, "l": 1000, "t": 1656.850774}
{"r": 0.0, "l": 1000, "t": 1672.880729}
{"r": 0.0, "l": 1000, "t": 1688.12563}
{"r": 0.0, "l": 1000, "t": 1704.571945}
{"r": 0.0, "l": 1000, "t": 1720.207363}
{"r": 0.0, "l": 1000, "t": 1736.697769}
{"r": 0.0, "l": 1000, "t": 1753.358598}
{"r": 0.0, "l": 1000, "t": 1769.078778}
{"r": 0.0, "l": 1000, "t": 1785.258338}
{"r": 0.0, "l": 1000, "t": 1801.726911}
{"r": 0.0, "l": 1000, "t": 1818.324979}
{"r": 0.0, "l": 1000, "t": 1834.238791}
{"r": 0.0, "l": 1000, "t": 1851.098572}
{"r": 0.0, "l": 1000, "t": 1866.605546}
{"r": 0.0, "l": 1000, "t": 1882.136098}
{"r": 0.0, "l": 1000, "t": 1898.467908}
{"r": 0.0, "l": 1000, "t": 1915.252974}
{"r": 0.0, "l": 1000, "t": 1931.427009}
{"r": 0.0, "l": 1000, "t": 1948.573719}
{"r": 0.0, "l": 1000, "t": 1964.220634}
{"r": 0.0,