{"nupdates": 17300, "total_timesteps": 346000, "fps": 77, "policy_entropy": 1.1978809833526611, "value_loss": 0.678817629814148, "explained_variance": -0.21231722831726074}
{"nupdates": 17400, "total_timesteps": 348000, "fps": 77, "policy_entropy": 1.2560253143310547, "value_loss": 7.633110726601444e-06, "explained_variance": -20.90484619140625}
{"nupdates": 17500, "total_timesteps": 350000, "fps": 77, "policy_entropy": 1.4194011688232422, "value_loss": 3.8257796404650435e-05, "explained_variance": -5.466838836669922}
{"nupdates": 17600, "total_timesteps": 352000, "fps": 76, "policy_entropy": 1.606044054031372, "value_loss": 1.2600834369659424, "explained_variance": 0.009442806243896484}
{"nupdates": 17700, "total_timesteps": 354000, "fps": 76, "policy_entropy": 1.5975127220153809, "value_loss": 0.00013384936028160155, "explained_variance": -1.7519986629486084}
{"nupdates": 17800, "total_timesteps": 356000, "fps": 76, "policy_entropy": 1.5827075242996216, "value_loss": 0.00022027369413990527, "explained_variance": -0.21654510498046875}
{"nupdates": 17900, "total_timesteps": 358000, "fps": 76, "policy_entropy": 1.5723952054977417, "value_loss": 3.8440492062363774e-05, "explained_variance": -1.0446319580078125}
{"nupdates": 18000, "total_timesteps": 360000, "fps": 75, "policy_entropy": 1.575060248374939, "value_loss": 0.0003149037656839937, "explained_variance": -4.638700008392334}
{"nupdates": 18100, "total_timesteps": 362000, "fps": 75, "policy_entropy": 1.5826483964920044, "value_loss": 0.0015733258333057165, "explained_variance": -0.19834864139556885}
{"nupdates": 18200, "total_timesteps": 364000, "fps": 75, "policy_entropy": 1.386958360671997, "value_loss": 9.874720126390457e-05, "explained_variance": -0.1277705430984497}
{"nupdates": 18300, "total_timesteps": 366000, "fps": 74, "policy_entropy": 1.4750463962554932, "value_loss": 7.198598177637905e-05, "explained_variance": -0.25173628330230713}
{"nupdates": 18400, "total_timesteps": 368000, "fps": 74, "policy_entropy": 1.5244941711425781, "value_loss": 0.0002466465812176466, "explained_variance": -1.3585216999053955}
{"nupdates": 18500, "total_timesteps": 370000, "fps": 74, "policy_entropy": 1.4044758081436157, "value_loss": 6.534832209581509e-05, "explained_variance": 0.20558446645736694}
{"nupdates": 18600, "total_timesteps": 372000, "fps": 74, "policy_entropy": 1.5747126340866089, "value_loss": 6.721291720168665e-05, "explained_variance": -0.03542983531951904}
{"nupdates": 18700, "total_timesteps": 374000, "fps": 73, "policy_entropy": 1.6078224182128906, "value_loss": 0.0001608335878700018, "explained_variance": -0.37038516998291016}
{"nupdates": 18800, "total_timesteps": 376000, "fps": 73, "policy_entropy": 1.5917999744415283, "value_loss": 1.3087887964502443e-05, "explained_variance": -1.1355667114257812}
{"nupdates": 18900, "total_timesteps": 378000, "fps": 73, "policy_entropy": 1.6066938638687134, "value_loss": 5.211484676692635e-06, "explained_variance": -0.9814093112945557}
{"nupdates": 19000, "total_timesteps": 380000, "fps": 73, "policy_entropy": 1.5989315509796143, "value_loss": 2.826701347657945e-05, "explained_variance": -0.5875232219696045}
{"nupdates": 19100, "total_timesteps": 382000, "fps": 73, "policy_entropy": 1.5620439052581787, "value_loss": 3.7888843507971615e-05, "explained_variance": -5.545154094696045}
{"nupdates": 19200, "total_timesteps": 384000, "fps": 72, "policy_entropy": 1.5982692241668701, "value_loss": 3.10987452394329e-05, "explained_variance": -1.2037410736083984}
{"nupdates": 19300, "total_timesteps": 386000, "fps": 72, "policy_entropy": 1.58771550655365, "value_loss": 0.0001611378393135965, "explained_variance": -0.5074994564056396}
{"nupdates": 19400, "total_timesteps": 388000, "fps": 72, "policy_entropy": 1.606330156326294, "value_loss": 5.698414952348685e-06, "explained_variance": -0.38289642333984375}
{"nupdates": 19500, "total_timesteps": 390000, "fps": 72, "policy_entropy": 1.595491886138916, "value_loss": 9.376739399158396e-06, "explained_variance": 0.26357823610305786}
{"nupdates": 19600, "total_timesteps": 392000, "fps": 71, "policy_entropy": 1.5987693071365356, "value_loss": 1.9314426026539877e-05, "explained_variance": -0.01388561725616455}
{"nupdates": 19700, "total_timesteps": 394000, "fps": 71, "policy_entropy": 1.6008154153823853, "value_loss": 1.2992047231819015e-05, "explained_variance": -2.408411979675293}
{"nupdates": 19800, "total_timesteps": 396000, "fps": 71, "policy_entropy": 1.6090986728668213, "value_loss": 1.8000995623879135e-05, "explained_variance": -1.997190237045288}
{"nupdates": 19900, "total_timesteps": 398000, "fps": 71, "policy_entropy": 1.5958774089813232, "value_loss": 6.0431061683630105e-06, "explained_variance": -2.358703136444092}
{"nupdates": 20000, "total_timesteps": 400000, "fps": 70, "policy_entropy": 1.5772087574005127, "value_loss": 6.853016202512663e-06, "explained_variance": -0.23328781127929688}
{"nupdates": 20100, "total_timesteps": 402000, "fps": 70, "policy_entropy": 1.6008819341659546, "value_loss": 1.7227750504389405e-05, "explained_variance": -1.1969664096832275}
{"nupdates": 20200, "total_timesteps": 404000, "fps": 70, "policy_entropy": 1.6054065227508545, "value_loss": 5.799433893116657e-06, "explained_variance": -1.3058407306671143}
{"nupdates": 20300, "total_timesteps": 406000, "fps": 70, "policy_entropy": 1.5939624309539795, "value_loss": 3.838572482095515e-08, "explained_variance": -4.1788506507873535}
{"nupdates": 20400, "total_timesteps": 408000, "fps": 69, "policy_entropy": 1.605849266052246, "value_loss": 7.533720918218023e-07, "explained_variance": -0.4081190824508667}
{"nupdates": 20500, "total_timesteps": 410000, "fps": 69, "policy_entropy": 1.6053378582000732, "value_loss": 0.8706432580947876, "explained_variance": -0.017398357391357422}
{"nupdates": 20600, "total_timesteps": 412000, "fps": 69, "policy_entropy": 1.6060905456542969, "value_loss": 0.0007363517070189118, "explained_variance": -0.6088970899581909}
{"nupdates": 20700, "total_timesteps": 414000, "fps": 69, "policy_entropy": 1.5817333459854126, "value_loss": 4.07224888476776e-06, "explained_variance": -6.87073278427124}
{"nupdates": 20800, "total_timesteps": 416000, "fps": 69, "policy_entropy": 1.577079176902771, "value_loss": 8.770260137680452e-06, "explained_variance": -0.9416766166687012}
{"nupdates": 20900, "total_timesteps": 418000, "fps": 69, "policy_entropy": 1.5839399099349976, "value_loss": 4.680090569308959e-05, "explained_variance": -0.2878535985946655}
{"nupdates": 21000, "total_timesteps": 420000, "fps": 68, "policy_entropy": 1.5894206762313843, "value_loss": 3.0161249014781788e-05, "explained_variance": -0.6315224170684814}
{"nupdates": 21100, "total_timesteps": 422000, "fps": 68, "policy_entropy": 1.6017757654190063, "value_loss": 2.692437419682392e-06, "explained_variance": 0.24458938837051392}
{"nupdates": 21200, "total_timesteps": 424000, "fps": 68, "policy_entropy": 1.6045879125595093, "value_loss": 4.963004357705358e-06, "explained_variance": -2.369541883468628}
{"nupdates": 21300, "total_timesteps": 426000, "fps": 68, "policy_entropy": 1.5902191400527954, "value_loss": 9.663937817094848e-06, "explained_variance": -9.463565826416016}
{"nupdates": 21400, "total_timesteps": 428000, "fps": 68, "policy_entropy": 1.5965665578842163, "value_loss": 0.45102229714393616, "explained_variance": -0.03558635711669922}
{"nupdates": 21500, "total_timesteps": 430000, "fps": 68, "policy_entropy": 1.608014702796936, "value_loss": 0.000552843208424747, "explained_variance": -1.7969346046447754}
{"nupdates": 21600, "total_timesteps": 432000, "fps": 67, "policy_entropy": 1.606987714767456, "value_loss": 0.0015723813557997346, "explained_variance": -0.05237376689910889}
{"nupdates": 21700, "total_timesteps": 434000, "fps": 67, "policy_entropy": 1.5848655700683594, "value_loss": 0.0003709860611706972, "explained_variance": -0.005868792533874512}
{"nupdates": 21800, "total_timesteps": 436000, "fps": 67,