{"t_start": 1516620941.900924, "gym_version": "0.9.3", "env_id": "GridWorldNoFrameskip-v4"}
{"r": -82, "l": 1000, "t": 6.364487}
{"r": 28, "l": 1000, "t": 10.811305}
{"r": 33, "l": 1000, "t": 15.21491}
{"r": -127, "l": 1000, "t": 20.110022}
{"r": -43, "l": 1000, "t": 25.098388}
{"r": -29, "l": 1000, "t": 29.781291}
{"r": -65, "l": 1000, "t": 34.866933}
{"r": -22, "l": 1000, "t": 39.224932}
{"r": 8, "l": 1000, "t": 43.471691}
{"r": -13, "l": 1000, "t": 47.717774}
{"r": 21, "l": 1000, "t": 51.714103}
{"r": -7, "l": 1000, "t": 55.679714}
{"r": -68, "l": 1000, "t": 59.686439}
{"r": -42, "l": 1000, "t": 63.662349}
{"r": 3, "l": 1000, "t": 68.120769}
{"r": -15, "l": 1000, "t": 72.896218}
{"r": 10, "l": 1000, "t": 77.349214}
{"r": 11, "l": 1000, "t": 82.172063}
{"r": 108, "l": 1000, "t": 87.142206}
{"r": 35, "l": 1000, "t": 91.910408}
{"r": 5, "l": 1000, "t": 96.725248}
{"r": -5, "l": 1000, "t": 101.436799}
{"r": -39, "l": 1000, "t": 105.734899}
{"r": -14, "l": 1000, "t": 110.379872}
{"r": 99, "l": 1000, "t": 114.852719}
{"r": 6, "l": 1000, "t": 118.875474}
{"r": 66, "l": 1000, "t": 122.971143}
{"r": 52, "l": 1000, "t": 127.126932}
{"r": 51, "l": 1000, "t": 131.263906}
{"r": 6, "l": 1000, "t": 135.506998}
{"r": -99, "l": 1000, "t": 139.81719}
{"r": 29, "l": 1000, "t": 143.924916}
{"r": -119, "l": 1000, "t": 148.268367}
{"r": 44, "l": 1000, "t": 152.53892}
{"r": -43, "l": 1000, "t": 157.141422}
{"r": -28, "l": 1000, "t": 161.38204}
{"r": -76, "l": 1000, "t": 165.707416}
{"r": -28, "l": 1000, "t": 170.065287}
{"r": -108, "l": 1000, "t": 174.915191}
{"r": 70, "l": 1000, "t": 179.123282}
{"r": -70, "l": 1000, "t": 183.463522}
{"r": -80, "l": 1000, "t": 187.601306}
{"r": 82, "l": 1000, "t": 191.774762}
{"r": -16, "l": 1000, "t": 195.746585}
{"r": -40, "l": 1000, "t": 199.804676}
{"r": -10, "l": 1000, "t": 204.265132}
{"r": 24, "l": 1000, "t": 208.860804}
{"r": 30, "l": 1000, "t": 213.190713}
{"r": -34, "l": 1000, "t": 217.345867}
{"r": -34, "l": 1000, "t": 221.699813}
{"r": -38, "l": 1000, "t": 226.083866}
{"r": -55, "l": 1000, "t": 230.172284}
{"r": -34, "l": 1000, "t": 234.183959}
{"r": -47, "l": 1000, "t": 238.499783}
{"r": -64, "l": 1000, "t": 242.723584}
{"r": 121, "l": 1000, "t": 247.508522}
{"r": -44, "l": 1000, "t": 251.526188}
{"r": 42, "l": 1000, "t": 255.988316}
{"r": -2, "l": 1000, "t": 260.304938}
{"r": 56, "l": 1000, "t": 265.368922}
{"r": -42, "l": 1000, "t": 270.448637}
{"r": 128, "l": 1000, "t": 274.763673}
{"r": 65, "l": 1000, "t": 279.939782}
{"r": 31, "l": 1000, "t": 285.180908}
{"r": -58, "l": 1000, "t": 289.900686}
{"r": -24, "l": 1000, "t": 294.371247}
{"r": 84, "l": 1000, "t": 298.956551}
{"r": -5, "l": 1000, "t": 303.693439}
{"r": -58, "l": 1000, "t": 308.19583}
{"r": 13, "l": 1000, "t": 312.76712}
{"r": 19, "l": 1000, "t": 318.00719}
{"r": -33, "l": 1000, "t": 322.44995}
{"r": 23, "l": 1000, "t": 327.216562}
{"r": -34, "l": 1000, "t": 333.237276}
{"r": -21, "l": 1000, "t": 338.430142}
{"r": -38, "l": 1000, "t": 343.231691}
{"r": -27, "l": 1000, "t": 347.76498}
{"r": 104, "l": 1000, "t": 352.626787}
{"r": -134, "l": 1000, "t": 357.939344}
{"r": -2, "l": 1000, "t": 363.257591}
{"r": 18, "l": 1000, "t": 367.741465}
{"r": -2, "l": 1000, "t": 372.265324}
{"r": -56, "l": 1000, "t": 379.961296}
{"r": -87, "l": 1000, "t": 385.614123}
{"r": -9, "l": 1000, "t": 391.0493}
{"r": 5, "l": 1000, "t": 395.964551}
{"r": 11, "l": 1000, "t": 400.47647}
