{"t_start": 1516620941.907917, "gym_version": "0.9.3", "env_id": "GridWorldNoFrameskip-v4"}
{"r": -6, "l": 1000, "t": 6.349557}
{"r": 23, "l": 1000, "t": 10.829894}
{"r": 9, "l": 1000, "t": 15.332044}
{"r": -42, "l": 1000, "t": 20.093799}
{"r": -9, "l": 1000, "t": 24.9543}
{"r": 11, "l": 1000, "t": 29.602331}
{"r": 15, "l": 1000, "t": 34.589458}
{"r": -72, "l": 1000, "t": 39.010795}
{"r": 68, "l": 1000, "t": 43.103439}
{"r": -25, "l": 1000, "t": 47.474469}
{"r": 13, "l": 1000, "t": 51.575316}
{"r": -34, "l": 1000, "t": 55.553782}
{"r": -62, "l": 1000, "t": 59.403195}
{"r": -1, "l": 1000, "t": 63.407926}
{"r": 2, "l": 1000, "t": 67.868114}
{"r": 16, "l": 1000, "t": 72.731746}
{"r": 42, "l": 1000, "t": 77.211444}
{"r": -21, "l": 1000, "t": 82.03592}
{"r": 85, "l": 1000, "t": 87.11008}
{"r": 18, "l": 1000, "t": 91.905844}
{"r": 56, "l": 1000, "t": 96.838705}
{"r": -8, "l": 1000, "t": 101.439431}
{"r": -2, "l": 1000, "t": 105.825407}
{"r": -64, "l": 1000, "t": 110.389071}
{"r": 108, "l": 1000, "t": 114.854974}
{"r": -7, "l": 1000, "t": 118.978587}
{"r": 85, "l": 1000, "t": 122.95525}
{"r": 33, "l": 1000, "t": 126.971348}
{"r": -12, "l": 1000, "t": 131.098777}
{"r": 33, "l": 1000, "t": 135.252374}
{"r": -79, "l": 1000, "t": 139.54672}
{"r": 11, "l": 1000, "t": 143.606351}
{"r": -103, "l": 1000, "t": 148.024679}
{"r": 30, "l": 1000, "t": 152.253942}
{"r": 19, "l": 1000, "t": 156.708889}
{"r": -36, "l": 1000, "t": 161.039239}
{"r": -76, "l": 1000, "t": 165.42755}
{"r": -40, "l": 1000, "t": 170.043188}
{"r": -92, "l": 1000, "t": 174.733502}
{"r": 34, "l": 1000, "t": 178.978841}
{"r": -7, "l": 1000, "t": 183.244452}
{"r": -87, "l": 1000, "t": 187.474594}
{"r": 74, "l": 1000, "t": 191.758457}
{"r": -8, "l": 1000, "t": 195.718693}
{"r": 58, "l": 1000, "t": 199.805732}
{"r": -25, "l": 1000, "t": 204.247466}
{"r": 42, "l": 1000, "t": 208.646802}
{"r": 52, "l": 1000, "t": 213.06327}
{"r": -42, "l": 1000, "t": 217.153453}
{"r": -21, "l": 1000, "t": 221.570213}
{"r": -23, "l": 1000, "t": 225.881671}
{"r": -49, "l": 1000, "t": 229.945384}
{"r": -23, "l": 1000, "t": 234.029608}
{"r": -47, "l": 1000, "t": 238.18844}
{"r": -48, "l": 1000, "t": 242.353795}
{"r": 51, "l": 1000, "t": 247.096932}
{"r": -22, "l": 1000, "t": 251.264466}
{"r": 33, "l": 1000, "t": 255.709533}
{"r": -46, "l": 1000, "t": 260.154268}
{"r": -8, "l": 1000, "t": 265.325541}
{"r": -24, "l": 1000, "t": 270.139277}
{"r": 70, "l": 1000, "t": 274.475552}
{"r": 16, "l": 1000, "t": 279.635259}
{"r": 38, "l": 1000, "t": 284.843257}
{"r": -25, "l": 1000, "t": 289.59281}
{"r": -27, "l": 1000, "t": 294.043879}
{"r": 63, "l": 1000, "t": 298.676284}
{"r": 21, "l": 1000, "t": 303.517881}
{"r": 55, "l": 1000, "t": 307.885032}
{"r": -15, "l": 1000, "t": 312.439542}
{"r": 5, "l": 1000, "t": 317.746782}
{"r": -36, "l": 1000, "t": 322.079335}
{"r": 13, "l": 1000, "t": 326.815513}
{"r": 11, "l": 1000, "t": 332.653897}
{"r": -6, "l": 1000, "t": 338.000282}
{"r": 61, "l": 1000, "t": 342.936228}
{"r": 0, "l": 1000, "t": 347.569983}
{"r": 71, "l": 1000, "t": 352.400145}
{"r": -61, "l": 1000, "t": 357.924252}
{"r": 1, "l": 1000, "t": 363.016061}
{"r": 24, "l": 1000, "t": 367.617431}
{"r": 25, "l": 1000, "t": 372.249873}
{"r": 16, "l": 1000, "t": 379.932764}
{"r": -70, "l": 1000, "t": 385.353149}
{"r": -61, "l": 1000, "t": 391.04214}
{"r": -11, "l": 1000, "t": 395.781025}
{"r": -9, "l": 1000, "t": 400.478901}
