{"t_start": 1516620941.9125838, "gym_version": "0.9.3", "env_id": "GridWorldNoFrameskip-v4"}
{"r": -41, "l": 1000, "t": 6.344979}
{"r": 13, "l": 1000, "t": 10.827361}
{"r": 24, "l": 1000, "t": 15.335835}
{"r": -48, "l": 1000, "t": 20.105746}
{"r": -122, "l": 1000, "t": 25.077282}
{"r": 4, "l": 1000, "t": 29.607928}
{"r": -23, "l": 1000, "t": 34.717358}
{"r": -29, "l": 1000, "t": 38.907024}
{"r": 31, "l": 1000, "t": 43.226883}
{"r": -5, "l": 1000, "t": 47.477664}
{"r": 46, "l": 1000, "t": 51.454188}
{"r": -20, "l": 1000, "t": 55.427095}
{"r": -42, "l": 1000, "t": 59.407188}
{"r": 39, "l": 1000, "t": 63.394725}
{"r": 31, "l": 1000, "t": 67.808248}
{"r": -2, "l": 1000, "t": 72.608593}
{"r": 72, "l": 1000, "t": 76.979968}
{"r": -34, "l": 1000, "t": 81.694235}
{"r": 103, "l": 1000, "t": 86.683888}
{"r": 32, "l": 1000, "t": 91.472777}
{"r": -45, "l": 1000, "t": 96.355445}
{"r": -20, "l": 1000, "t": 101.069601}
{"r": -9, "l": 1000, "t": 105.455295}
{"r": -96, "l": 1000, "t": 110.033457}
{"r": -6, "l": 1000, "t": 114.455229}
{"r": -52, "l": 1000, "t": 118.54856}
{"r": 11, "l": 1000, "t": 122.564351}
{"r": -8, "l": 1000, "t": 126.742802}
{"r": -5, "l": 1000, "t": 130.72902}
{"r": -7, "l": 1000, "t": 134.884136}
{"r": -120, "l": 1000, "t": 139.247467}
{"r": 67, "l": 1000, "t": 143.405104}
{"r": -119, "l": 1000, "t": 147.742142}
{"r": -24, "l": 1000, "t": 152.022045}
{"r": 13, "l": 1000, "t": 156.370755}
{"r": -40, "l": 1000, "t": 160.734721}
{"r": -78, "l": 1000, "t": 165.113295}
{"r": 51, "l": 1000, "t": 169.63395}
{"r": -83, "l": 1000, "t": 174.328482}
{"r": 40, "l": 1000, "t": 178.630021}
{"r": -33, "l": 1000, "t": 182.898408}
{"r": -60, "l": 1000, "t": 187.13819}
{"r": 24, "l": 1000, "t": 191.417713}
{"r": -12, "l": 1000, "t": 195.452435}
{"r": 58, "l": 1000, "t": 199.490484}
{"r": -57, "l": 1000, "t": 204.032845}
{"r": -50, "l": 1000, "t": 208.508875}
{"r": -22, "l": 1000, "t": 212.83579}
{"r": -54, "l": 1000, "t": 217.004997}
{"r": 0, "l": 1000, "t": 221.4384}
{"r": -45, "l": 1000, "t": 225.737014}
{"r": 33, "l": 1000, "t": 229.814043}
{"r": -24, "l": 1000, "t": 233.904457}
{"r": -47, "l": 1000, "t": 238.192146}
{"r": -52, "l": 1000, "t": 242.497018}
{"r": 109, "l": 1000, "t": 247.284317}
{"r": -17, "l": 1000, "t": 251.373357}
{"r": 39, "l": 1000, "t": 255.820753}
{"r": 11, "l": 1000, "t": 260.270836}
{"r": 19, "l": 1000, "t": 265.323154}
{"r": -31, "l": 1000, "t": 270.247314}
{"r": 10, "l": 1000, "t": 274.470739}
{"r": 63, "l": 1000, "t": 279.784789}
{"r": 47, "l": 1000, "t": 285.03567}
{"r": 30, "l": 1000, "t": 289.741028}
{"r": 66, "l": 1000, "t": 294.239688}
{"r": 58, "l": 1000, "t": 298.831486}
{"r": 31, "l": 1000, "t": 303.671527}
{"r": -39, "l": 1000, "t": 308.008885}
{"r": 9, "l": 1000, "t": 312.629229}
{"r": 28, "l": 1000, "t": 317.7579}
{"r": -46, "l": 1000, "t": 322.241658}
{"r": 29, "l": 1000, "t": 327.063865}
{"r": -14, "l": 1000, "t": 332.991712}
{"r": -5, "l": 1000, "t": 338.259501}
{"r": 5, "l": 1000, "t": 343.2051}
{"r": -4, "l": 1000, "t": 347.753149}
{"r": 20, "l": 1000, "t": 352.741992}
{"r": -84, "l": 1000, "t": 358.071716}
{"r": 31, "l": 1000, "t": 363.011343}
{"r": 25, "l": 1000, "t": 367.729823}
{"r": 31, "l": 1000, "t": 372.410557}
{"r": 17, "l": 1000, "t": 379.911299}
{"r": -5, "l": 1000, "t": 385.369634}
{"r": -8, "l": 1000, "t": 391.009265}
{"r": -1, "l": 1000, "t": 395.759987}
{"r": -31, "l": 1000, "t": 400.450812}
