{"t_start": 1516620941.9246771, "gym_version": "0.9.3", "env_id": "GridWorldNoFrameskip-v4"}
{"r": -16, "l": 1000, "t": 6.340657}
{"r": -23, "l": 1000, "t": 10.680065}
{"r": -15, "l": 1000, "t": 15.164349}
{"r": -75, "l": 1000, "t": 19.893536}
{"r": -34, "l": 1000, "t": 24.846652}
{"r": 44, "l": 1000, "t": 29.5627}
{"r": 6, "l": 1000, "t": 34.447881}
{"r": -75, "l": 1000, "t": 38.769588}
{"r": 65, "l": 1000, "t": 43.07177}
{"r": -17, "l": 1000, "t": 47.335358}
{"r": -30, "l": 1000, "t": 51.419914}
{"r": -74, "l": 1000, "t": 55.393408}
{"r": -47, "l": 1000, "t": 59.386619}
{"r": -8, "l": 1000, "t": 63.382673}
{"r": 18, "l": 1000, "t": 67.818691}
{"r": -40, "l": 1000, "t": 72.687081}
{"r": 17, "l": 1000, "t": 77.085487}
{"r": 14, "l": 1000, "t": 81.898375}
{"r": 72, "l": 1000, "t": 86.975672}
{"r": 50, "l": 1000, "t": 91.7434}
{"r": 29, "l": 1000, "t": 96.554245}
{"r": 3, "l": 1000, "t": 101.185572}
{"r": -7, "l": 1000, "t": 105.561234}
{"r": -90, "l": 1000, "t": 110.154555}
{"r": 49, "l": 1000, "t": 114.702282}
{"r": -43, "l": 1000, "t": 118.728641}
{"r": 33, "l": 1000, "t": 122.766629}
{"r": 38, "l": 1000, "t": 126.94677}
{"r": 16, "l": 1000, "t": 131.067073}
{"r": 4, "l": 1000, "t": 135.235948}
{"r": -87, "l": 1000, "t": 139.64448}
{"r": 20, "l": 1000, "t": 143.694473}
{"r": -83, "l": 1000, "t": 148.008115}
{"r": 40, "l": 1000, "t": 152.355317}
{"r": -16, "l": 1000, "t": 156.839226}
{"r": -36, "l": 1000, "t": 161.130982}
{"r": -78, "l": 1000, "t": 165.428979}
{"r": 20, "l": 1000, "t": 169.915424}
{"r": -59, "l": 1000, "t": 174.596051}
{"r": 92, "l": 1000, "t": 178.842343}
{"r": -80, "l": 1000, "t": 183.104789}
{"r": -79, "l": 1000, "t": 187.252934}
{"r": 122, "l": 1000, "t": 191.530168}
{"r": -10, "l": 1000, "t": 195.580863}
{"r": 30, "l": 1000, "t": 199.582606}
{"r": -55, "l": 1000, "t": 203.877089}
{"r": 40, "l": 1000, "t": 208.369007}
{"r": 11, "l": 1000, "t": 212.672583}
{"r": -34, "l": 1000, "t": 216.767706}
{"r": 3, "l": 1000, "t": 221.12359}
{"r": 6, "l": 1000, "t": 225.460134}
{"r": -35, "l": 1000, "t": 229.546775}
{"r": -15, "l": 1000, "t": 233.615864}
{"r": -29, "l": 1000, "t": 237.868535}
{"r": -48, "l": 1000, "t": 242.08698}
{"r": 62, "l": 1000, "t": 246.867912}
{"r": -100, "l": 1000, "t": 251.028503}
{"r": 12, "l": 1000, "t": 255.346398}
{"r": 2, "l": 1000, "t": 259.745438}
{"r": 5, "l": 1000, "t": 264.851247}
{"r": -33, "l": 1000, "t": 269.826498}
{"r": 35, "l": 1000, "t": 274.129022}
{"r": -26, "l": 1000, "t": 279.346312}
{"r": 8, "l": 1000, "t": 284.615535}
{"r": 33, "l": 1000, "t": 289.239181}
{"r": 70, "l": 1000, "t": 293.805159}
{"r": 56, "l": 1000, "t": 298.422767}
{"r": 53, "l": 1000, "t": 303.26119}
{"r": -34, "l": 1000, "t": 307.657947}
{"r": -3, "l": 1000, "t": 312.169558}
{"r": 59, "l": 1000, "t": 317.503399}
{"r": -62, "l": 1000, "t": 321.876404}
{"r": -26, "l": 1000, "t": 326.6849}
{"r": 64, "l": 1000, "t": 332.275263}
{"r": 8, "l": 1000, "t": 337.948521}
{"r": 64, "l": 1000, "t": 342.787017}
{"r": 27, "l": 1000, "t": 347.308982}
{"r": 52, "l": 1000, "t": 352.115673}
{"r": -83, "l": 1000, "t": 357.550077}
{"r": -21, "l": 1000, "t": 362.72983}
{"r": 10, "l": 1000, "t": 367.270878}
{"r": 2, "l": 1000, "t": 371.878246}
{"r": -27, "l": 1000, "t": 379.210381}
{"r": -19, "l": 1000, "t": 385.009161}
{"r": -9, "l": 1000, "t": 390.707943}
{"r": -19, "l": 1000, "t": 395.409943}
{"r": -29, "l": 1000, "t": 400.006227}
