{"t_start": 1519898353.511769, "env_id": "MovingDotNoFrameskip-v0", "gym_version": "0.9.3"}
{"r": -20, "l": 1000, "t": 20.841069}
{"r": 24, "l": 1000, "t": 22.065033}
{"r": 46, "l": 1000, "t": 23.301135}
{"r": -50, "l": 1000, "t": 24.543761}
{"r": -38, "l": 1000, "t": 25.771004}
{"r": -7, "l": 1000, "t": 27.001212}
{"r": -12, "l": 1000, "t": 28.194214}
{"r": 16, "l": 1000, "t": 29.447061}
{"r": -63, "l": 1000, "t": 30.687053}
{"r": -27, "l": 1000, "t": 31.946115}
{"r": 11, "l": 1000, "t": 33.183929}
{"r": 41, "l": 1000, "t": 34.417563}
{"r": 28, "l": 1000, "t": 35.637547}
{"r": -18, "l": 1000, "t": 36.872366}
{"r": 52, "l": 1000, "t": 38.110031}
{"r": -14, "l": 1000, "t": 39.326838}
{"r": 60, "l": 1000, "t": 40.561018}
{"r": -13, "l": 1000, "t": 41.792806}
{"r": -47, "l": 1000, "t": 43.006496}
{"r": -32, "l": 1000, "t": 44.225277}
{"r": -4, "l": 1000, "t": 45.452292}
{"r": 45, "l": 1000, "t": 46.682294}
{"r": -25, "l": 1000, "t": 47.925644}
{"r": -29, "l": 1000, "t": 49.167392}
{"r": 34, "l": 1000, "t": 50.486078}
{"r": 28, "l": 1000, "t": 51.701747}
{"r": -20, "l": 1000, "t": 52.949265}
{"r": 82, "l": 1000, "t": 54.187083}
{"r": 4, "l": 1000, "t": 55.442055}
{"r": 32, "l": 1000, "t": 56.667138}
{"r": 9, "l": 1000, "t": 57.910271}
{"r": -13, "l": 1000, "t": 59.148071}
{"r": -38, "l": 1000, "t": 60.386753}
{"r": 3, "l": 1000, "t": 61.625495}
{"r": 5, "l": 1000, "t": 62.870037}
{"r": 43, "l": 1000, "t": 64.10814}
{"r": -32, "l": 1000, "t": 65.355645}
{"r": 25, "l": 1000, "t": 66.567166}
{"r": 8, "l": 1000, "t": 67.812656}
{"r": 1, "l": 1000, "t": 69.041318}
{"r": -18, "l": 1000, "t": 70.26876}
{"r": -8, "l": 1000, "t": 71.537914}
{"r": -36, "l": 1000, "t": 72.766138}
{"r": -15, "l": 1000, "t": 74.017818}
{"r": -19, "l": 1000, "t": 75.287505}
{"r": -62, "l": 1000, "t": 76.525971}
{"r": 53, "l": 1000, "t": 77.788542}
{"r": 49, "l": 1000, "t": 79.044623}
{"r": 34, "l": 1000, "t": 80.287767}
{"r": 1, "l": 1000, "t": 81.551065}
{"r": -17, "l": 1000, "t": 82.813979}
{"r": 5, "l": 1000, "t": 84.063113}
{"r": 0, "l": 1000, "t": 85.307112}
{"r": 19, "l": 1000, "t": 86.56193}
{"r": 45, "l": 1000, "t": 87.811925}
{"r": -37, "l": 1000, "t": 89.067679}
{"r": -14, "l": 1000, "t": 90.30091}
{"r": 15, "l": 1000, "t": 91.541008}
{"r": -83, "l": 1000, "t": 92.769094}
{"r": -14, "l": 1000, "t": 93.994082}
{"r": 14, "l": 1000, "t": 95.225699}
{"r": -9, "l": 1000, "t": 96.469134}
{"r": 10, "l": 1000, "t": 97.735571}
{"r": -7, "l": 1000, "t": 99.001489}
{"r": 24, "l": 1000, "t": 100.242712}
{"r": 44, "l": 1000, "t": 101.4852}
{"r": 5, "l": 1000, "t": 102.736598}
{"r": -19, "l": 1000, "t": 103.979521}
{"r": 32, "l": 1000, "t": 105.237426}
{"r": 22, "l": 1000, "t": 106.478312}
{"r": 23, "l": 1000, "t": 107.73906}
{"r": 96, "l": 1000, "t": 108.984782}
{"r": -24, "l": 1000, "t": 110.251253}
{"r": 44, "l": 1000, "t": 111.492702}
{"r": -58, "l": 1000, "t": 112.72613}
{"r": 3, "l": 1000, "t": 113.990658}
{"r": -14, "l": 1000, "t": 115.246164}
{"r": -15, "l": 1000, "t": 116.506834}
{"r": -30, "l": 1000, "t": 117.748512}
{"r": 32, "l": 1000, "t": 119.019958}
{"r": 23, "l": 1000, "t": 120.261719}
{"r": -62, "l": 1000, "t": 121.530878}
{"r": 33, "l": 1000, "t": 122.858251}
{"r": -24, "l": 1000, "t": 124.111555}
{"r": 14, "l": 1000, "t": 125.360128}
{"r": 51, "l": 1000, "t": 126.619526}
{"r": -72, "l": 1000, "t": 127.886014}
{"r": -13, "l": 1000, "t": 129.144116}
{"r": -64, "l": 1000, "t": 130.388227}
{"r": -2, "l": 1000, "t": 131.632273}
{"r": -39, "l": 1000, "t": 132.885363}
{"r": -38, "l": 1000, "t": 134.16915}
{"r": 16, "l": 1000, "t": 135.422034}
{"r": -6, "l": 1000, "t": 136.687617}
{"r": -36, "l": 1000, "t": 137.947405}
{"r": -4, "l": 1000, "t": 139.209394}
{"r": 4, "l": 1000, "t": 140.466612}
{"r": 79, "l": 1000, "t": 141.714154}
{"r": 14, "l": 1000, "t": 142.957474}
{"r": -13, "l": 1000, "t": 144.184186}
{"r": 28, "l": 1000, "t": 145.455414}
{"r": -39, "l": 1000, "t": 146.73972}
