{"nupdates": 12500, "total_timesteps": 250000, "fps": 23, "policy_entropy": 1.250671148300171, "value_loss": 1.860264819697477e-05, "explained_variance": -4.662615776062012}
{"nupdates": 12600, "total_timesteps": 252000, "fps": 23, "policy_entropy": 1.3334213495254517, "value_loss": 3.361243216204457e-05, "explained_variance": -3.753201484680176}
{"nupdates": 12700, "total_timesteps": 254000, "fps": 23, "policy_entropy": 1.5192382335662842, "value_loss": 8.098063517536502e-06, "explained_variance": -0.5899286270141602}
{"nupdates": 12800, "total_timesteps": 256000, "fps": 23, "policy_entropy": 1.6068980693817139, "value_loss": 1.5994091882021166e-05, "explained_variance": -1.6260929107666016}
{"nupdates": 12900, "total_timesteps": 258000, "fps": 22, "policy_entropy": 1.6088323593139648, "value_loss": 2.5140903744613752e-05, "explained_variance": 0.296947181224823}
{"nupdates": 13000, "total_timesteps": 260000, "fps": 22, "policy_entropy": 1.605175256729126, "value_loss": 4.668054680223577e-05, "explained_variance": -0.6553434133529663}
{"nupdates": 13100, "total_timesteps": 262000, "fps": 22, "policy_entropy": 1.594807744026184, "value_loss": 3.2330903195543215e-05, "explained_variance": -0.42925775051116943}
{"nupdates": 13200, "total_timesteps": 264000, "fps": 22, "policy_entropy": 1.5939476490020752, "value_loss": 3.527231820044108e-05, "explained_variance": -3.2114434242248535}
{"nupdates": 13300, "total_timesteps": 266000, "fps": 22, "policy_entropy": 1.5268484354019165, "value_loss": 0.00037451140815392137, "explained_variance": 0.07219153642654419}
{"nupdates": 13400, "total_timesteps": 268000, "fps": 22, "policy_entropy": 1.471186876296997, "value_loss": 0.0009925088379532099, "explained_variance": 0.121365487575531}
{"nupdates": 13500, "total_timesteps": 270000, "fps": 22, "policy_entropy": 1.5871537923812866, "value_loss": 0.0001356234570266679, "explained_variance": -2.163454532623291}
{"nupdates": 13600, "total_timesteps": 272000, "fps": 22, "policy_entropy": 1.6023759841918945, "value_loss": 7.919094059616327e-05, "explained_variance": -0.693732738494873}
{"nupdates": 13700, "total_timesteps": 274000, "fps": 22, "policy_entropy": 1.596186876296997, "value_loss": 0.00035587488673627377, "explained_variance": -4.403095722198486}
{"nupdates": 13800, "total_timesteps": 276000, "fps": 22, "policy_entropy": 1.605403184890747, "value_loss": 0.0006267355638556182, "explained_variance": -221.29489135742188}
{"nupdates": 13900, "total_timesteps": 278000, "fps": 22, "policy_entropy": 1.6088664531707764, "value_loss": 2.7009416498913197e-06, "explained_variance": -2.5921266078948975}
{"nupdates": 14000, "total_timesteps": 280000, "fps": 21, "policy_entropy": 1.6080520153045654, "value_loss": 0.0005724728107452393, "explained_variance": -0.12252926826477051}
{"nupdates": 14100, "total_timesteps": 282000, "fps": 21, "policy_entropy": 1.605974555015564, "value_loss": 7.394851127173752e-05, "explained_variance": -0.1955101490020752}
{"nupdates": 14200, "total_timesteps": 284000, "fps": 21, "policy_entropy": 1.6092898845672607, "value_loss": 9.56219764702837e-07, "explained_variance": -0.3304276466369629}
{"nupdates": 14300, "total_timesteps": 286000, "fps": 21, "policy_entropy": 1.6091034412384033, "value_loss": 3.5257994568382856e-06, "explained_variance": 0.28929102420806885}
{"nupdates": 14400, "total_timesteps": 288000, "fps": 21, "policy_entropy": 1.6093324422836304, "value_loss": 1.1822228316304972e-06, "explained_variance": 0.47947412729263306}
{"nupdates": 14500, "total_timesteps": 290000, "fps": 21, "policy_entropy": 1.6093982458114624, "value_loss": 5.064513970864937e-06, "explained_variance": 0.116263747215271}
{"nupdates": 14600, "total_timesteps": 292000, "fps": 21, "policy_entropy": 1.6079881191253662, "value_loss": 7.220848056022078e-05, "explained_variance": 0.08950692415237427}
{"nupdates": 14700, "total_timesteps": 294000, "fps": 21, "policy_entropy": 1.6086032390594482, "value_loss": 4.2537621993687935e-06, "explained_variance": -27.732078552246094}
{"nupdates": 14800, "total_timesteps": 296000, "fps": 21, "policy_entropy": 1.609271764755249, "value_loss": 3.0355543003679486e-06, "explained_variance": -0.36986231803894043}
{"nupdates": 14900, "total_timesteps": 298000, "fps": 21, "policy_entropy": 1.6093502044677734, "value_loss": 4.495283576488873e-07, "explained_variance": -1.783057689666748}
{"nupdates": 15000, "total_timesteps": 300000, "fps": 21, "policy_entropy": 1.6094239950180054, "value_loss": 5.034842615714297e-06, "explained_variance": -2.772235870361328}
{"nupdates": 15100, "total_timesteps": 302000, "fps": 21, "policy_entropy": 1.6093528270721436, "value_loss": 2.9829584491380956e-06, "explained_variance": -0.033220767974853516}
{"nupdates": 15200, "total_timesteps": 304000, "fps": 21, "policy_entropy": 1.609291672706604, "value_loss": 6.357212896546116e-06, "explained_variance": 0.2517281770706177}
