{"t_start": 1517316796.9998388, "gym_version": "0.9.2", "env_id": "GridWorldNoFrameskip-v4"}
{"r": -61, "l": 1000, "t": 313.758785}
{"r": -26, "l": 1000, "t": 655.002499}
{"r": 34, "l": 1000, "t": 987.670489}
{"r": -49, "l": 1000, "t": 1326.667518}
{"r": -92, "l": 1000, "t": 1667.257144}
{"r": -42, "l": 1000, "t": 1986.367794}
{"r": -75, "l": 1000, "t": 2320.56715}
{"r": -145, "l": 1000, "t": 2653.461616}
{"r": 0, "l": 1000, "t": 2993.230958}
{"r": -42, "l": 1000, "t": 3340.086507}
{"r": -15, "l": 1000, "t": 3669.056783}
{"r": -104, "l": 1000, "t": 4005.284004}
{"r": -151, "l": 1000, "t": 4339.279541}
{"r": -73, "l": 1000, "t": 4675.052745}
{"r": -25, "l": 1000, "t": 5015.017374}
{"r": -22, "l": 1000, "t": 5352.396181}
{"r": 39, "l": 1000, "t": 5683.366207}
{"r": -60, "l": 1000, "t": 6016.236222}
{"r": 28, "l": 1000, "t": 6361.336733}
{"r": -49, "l": 1000, "t": 6696.895739}
{"r": -65, "l": 1000, "t": 7028.737741}
{"r": 30, "l": 1000, "t": 7362.424297}
{"r": -92, "l": 1000, "t": 7695.755444}
{"r": -94, "l": 1000, "t": 8025.876291}
{"r": -24, "l": 1000, "t": 8351.298946}
{"r": -132, "l": 1000, "t": 8682.077037}
{"r": -50, "l": 1000, "t": 9008.166481}
{"r": -17, "l": 1000, "t": 9349.206706}
{"r": 31, "l": 1000, "t": 9683.002409}
{"r": -21, "l": 1000, "t": 10011.767852}
{"r": -128, "l": 1000, "t": 10348.663453}
{"r": -37, "l": 1000, "t": 10678.696797}
{"r": -67, "l": 1000, "t": 11025.04699}
{"r": -80, "l": 1000, "t": 11366.716481}
{"r": -85, "l": 1000, "t": 11691.687543}
{"r": -63, "l": 1000, "t": 12017.600489}
{"r": -38, "l": 1000, "t": 12339.370265}
{"r": 5, "l": 1000, "t": 12655.497427}
{"r": -114, "l": 1000, "t": 12991.737185}
{"r": -30, "l": 1000, "t": 13321.179667}
{"r": -33, "l": 1000, "t": 13666.577158}
{"r": -125, "l": 1000, "t": 13997.57037}
{"r": -23, "l": 1000, "t": 14332.491619}
{"r": -19, "l": 1000, "t": 14681.094135}
{"r": -98, "l": 1000, "t": 15013.514024}
{"r": -41, "l": 1000, "t": 15348.39656}
{"r": -41, "l": 1000, "t": 15681.493503}
{"r": -57, "l": 1000, "t": 16014.2729}
{"r": 10, "l": 1000, "t": 16358.663064}
{"r": -71, "l": 1000, "t": 16698.286503}
{"r": -35, "l": 1000, "t": 17033.967321}
{"r": -56, "l": 1000, "t": 17352.546853}
{"r": -34, "l": 1000, "t": 17677.526634}
{"r": -18, "l": 1000, "t": 17998.146638}
{"r": -91, "l": 1000, "t": 18313.764835}
{"r": 41, "l": 1000, "t": 18604.536803}
{"r": -98, "l": 1000, "t": 18853.946271}
{"r": -39, "l": 1000, "t": 19111.04617}
{"r": 24, "l": 1000, "t": 19368.536407}
{"r": -46, "l": 1000, "t": 19624.987486}
{"r": -44, "l": 1000, "t": 19882.587033}
{"r": -36, "l": 1000, "t": 20138.597142}
{"r": -47, "l": 1000, "t": 20399.844993}
{"r": -5, "l": 1000, "t": 20656.57659}
{"r": -74, "l": 1000, "t": 20908.987484}
{"r": -35, "l": 1000, "t": 21165.602463}
{"r": -27, "l": 1000, "t": 21425.573401}
{"r": -19, "l": 1000, "t": 21680.026815}
{"r": -31, "l": 1000, "t": 21931.577998}
{"r": -46, "l": 1000, "t": 22204.796617}
{"r": -17, "l": 1000, "t": 22520.347032}
{"r": -8, "l": 1000, "t": 22826.93722}
{"r": 31, "l": 1000, "t": 23140.890231}
{"r": 12, "l": 1000, "t": 23456.688361}
{"r": -118, "l": 1000, "t": 23764.39903}
{"r": -95, "l": 1000, "t": 24080.097454}
{"r": -91, "l": 1000, "t": 24391.497274}
{"r": 83, "l": 1000, "t": 24704.086605}
{"r": -106, "l": 1000, "t": 25013.715655}
{"r": -81, "l": 1000, "t": 25331.536868}
{"r": -104, "l": 1000, "t": 25647.781525}
{"r": -12, "l": 1000, "t": 25967.306999}
{"r": -48, "l": 1000, "t": 26289.856739}
{"r": -77, "l": 1000, "t": 26596.054574}
{"r": -26, "l": 1000, "t": 26912.857291}
{"r": -8, "l": 1000, "t": 27230.477454}
{"r": -24, "l": 1000, "t": 27560.836343}
{"r": -129, "l": 1000, "t": 27890.831807}
{"r": -50, "l": 1000, "t": 28177.566783}
{"r": -44, "l": 1000, "t": 28432.096572}
{"r": -28, "l": 1000, "t": 28692.097774}
{"r": -46, "l": 1000, "t": 28944.132859}
{"r": -57, "l": 1000, "t": 29207.937014}
{"r": -1, "l": 1000, "t": 29462.406353}
{"r": -89, "l": 1000, "t": 29717.816502}
{"r": -59, "l": 1000, "t": 29967.40713}
{"r": -21, "l": 1000, "t": 30222.12646}
{"r": 50, "l": 1000, "t": 30494.956863}
{"r": -65, "l": 1000, "t": 30742.20656}
{"r": -66, "l": 1000, "t": 31002.076598}
{"r": -7, "l": 1000, "t": 31266.28681}
{"r": -42, "l": 1000, "t": 31527.396864}
{"r": -39, "l": 1000, "t": 31770.566443}
{"r": -60, "l": 1000, "t": 32021.406742}
{"r": -117, "l": 1000, "t": 32273.473433}
{"r": -94, "l": 1000, "t": 32532.138607}
{"r": -8, "l": 1000, "t": 32782.762852}
{"r": 26, "l": 1000, "t": 33043.895805}
{"r": -15, "l": 1000, "t": 33305.115031}
{"r": -7, "l": 1000, "t": 33574.176813}
{"r": -86, "l": 1000, "t": 33830.567332}
{"r": -45, "l": 1000, "t": 34094.265393}
{"r": -51, "l": 1000, "t": 34354.805318}
{"r": -30, "l": 1000, "t": 34606.895242}
{"r": -72, "l": 1000, "t": 34850.742788}
{"r": -17, "l": 1000, "t": 35112.746993}
{"r": -33, "l": 1000, "t": 35362.417757}
{"r": -56, "l": 1000, "t": 35619.907278}
{"r": -5, "l": 1000, "t": 35877.656339}
{"r": -15, "l": 1000, "t": 36122.846975}
{"r": -73, "l": 1000, "t": 36378.487101}
{"r": -22, "l": 1000, "t": 36630.688143}
{"r": 41, "l": 1000, "t": 36874.953242}
{"r": 61, "l": 1000, "t": 37132.275663}
{"r": -8, "l": 1000, "t": 37386.736597}
{"r": -125, "l": 1000, "t": 37636.556213}
{"r": -74, "l": 1000, "t": 37897.382747}
{"r": -73, "l": 1000, "t": 38146.306509}
{"r": -26, "l": 1000, "t": 38397.269474}
{"r": -6, "l": 1000, "t": 38655.876388}
{"r": -2, "l": 1000, "t": 38918.586804}
{"r": 23, "l": 1000, "t": 39170.666722}
{"r": -34, "l": 1000, "t": 39414.437189}
{"r": -93, "l": 1000, "t": 39675.616584}
{"r": -36, "l": 1000, "t": 39934.846865}
{"r": -13, "l": 1000, "t": 40190.92756}
{"r": -11, "l": 1000, "t": 40442.216713}
{"r": -82, "l": 1000, "t": 40693.604689}
{"r": 4, "l": 1000, "t": 40945.310173}
{"r": -18, "l": 1000, "t": 41194.296774}
{"r": -9, "l": 1000, "t": 41449.366972}
{"r": 2, "l": 1000, "t": 41703.194768}
{"r": 45, "l": 1000, "t": 41962.932522}
{"r": 55, "l": 1000, "t": 42220.416589}
{"r": -42, "l": 1000, "t": 42475.440196}
{"r": -150, "l": 1000, "t": 42724.827457}
{"r": 30, "l": 1000, "t": 42974.916998}
{"r": -15, "l": 1000, "t": 43229.815162}
{"r": -92, "l": 1000, "t": 43480.808586}
{"r": -100, "l": 1000, "t": 43732.902198}
{"r": -25, "l": 1000, "t": 43976.976981}
{"r": -24, "l": 1000, "t": 44235.678719}
{"r": -22, "l": 1000, "t": 44478.666048}
{"r": -11, "l": 1000, "t": 44740.317654}
{"r": -52, "l": 1000, "t": 44993.886401}
{"r": -50, "l": 1000, "t": 45245.266659}
{"r": 12, "l": 1000, "t": 45499.907951}
{"r": -64, "l": 1000, "t": 45769.243327}
{"r": 28, "l": 1000, "t": 46044.188221}
{"r": -26, "l": 1000, "t": 46303.125791}
{"r": -17, "l": 1000, "t": 46571.756831}
{"r": -111, "l": 1000, "t": 46838.087571}
{"r": -56, "l": 1000, "t": 47107.754814}
{"r": -50, "l": 1000, "t": 47375.676147}
{"r": -107, "l": 1000, "t": 47650.817027}
{"r": -81, "l": 1000, "t": 47918.837466}
{"r": -45, "l": 1000, "t": 48180.616748}
{"r": -9, "l": 1000, "t": 48453.877012}
{"r": 8, "l": 1000, "t": 48720.780952}
{"r": -73, "l": 1000, "t": 48995.787624}
{"r": -42, "l": 1000, "t": 49280.676979}
{"r": -66, "l": 1000, "t": 49545.368336}
{"r": 42, "l": 1000, "t": 49800.033852}
{"r": 2, "l": 1000, "t": 50065.487688}
{"r": -39, "l": 1000, "t": 50322.756397}
{"r": -47, "l": 1000, "t": 50574.11667}
{"r": -83, "l": 1000, "t": 50811.677104}
{"r": -112, "l": 1000, "t": 51070.336763}
{"r": 7, "l": 1000, "t": 51335.337468}
{"r": -23, "l": 1000, "t": 51589.926334}
{"r": 52, "l": 1000, "t": 51854.686384}
{"r": -100, "l": 1000, "t": 52115.326758}
{"r": -22, "l": 1000, "t": 52373.170517}
{"r": -56, "l": 1000, "t": 52634.776775}
{"r": -71, "l": 1000, "t": 52895.647096}
{"r": -77, "l": 1000, "t": 53147.2068}
{"r": 18, "l": 1000, "t": 53397.803215}
{"r": -16, "l": 1000, "t": 53659.980911}
{"r": -63, "l": 1000, "t": 53911.756917}
{"r": 17, "l": 1000, "t": 54180.136554}
{"r": -77, "l": 1000, "t": 54439.240995}
{"r": -30, "l": 1000, "t": 54699.617455}
{"r": -129, "l": 1000, "t": 54962.076965}
{"r": -43, "l": 1000, "t": 55217.558568}
{"r": -66, "l": 1000,