{"t_start": 1517316796.9998388, "gym_version": "0.9.2", "env_id": "GridWorldNoFrameskip-v4"}
{"r": -52, "l": 1000, "t": 305.684139}
{"r": 36, "l": 1000, "t": 648.408023}
{"r": 47, "l": 1000, "t": 980.763654}
{"r": -135, "l": 1000, "t": 1318.416342}
{"r": -99, "l": 1000, "t": 1652.407042}
{"r": -70, "l": 1000, "t": 1986.281113}
{"r": -109, "l": 1000, "t": 2320.476763}
{"r": -96, "l": 1000, "t": 2653.384031}
{"r": -48, "l": 1000, "t": 2993.166365}
{"r": 15, "l": 1000, "t": 3333.471092}
{"r": -41, "l": 1000, "t": 3662.687886}
{"r": -96, "l": 1000, "t": 4005.286723}
{"r": -172, "l": 1000, "t": 4339.261008}
{"r": -63, "l": 1000, "t": 4683.346949}
{"r": -60, "l": 1000, "t": 5009.110556}
{"r": 9, "l": 1000, "t": 5344.540544}
{"r": -22, "l": 1000, "t": 5683.281481}
{"r": 23, "l": 1000, "t": 6003.541253}
{"r": -34, "l": 1000, "t": 6346.992452}
{"r": -6, "l": 1000, "t": 6682.475922}
{"r": -61, "l": 1000, "t": 7016.861505}
{"r": 36, "l": 1000, "t": 7342.470441}
{"r": -72, "l": 1000, "t": 7675.976347}
{"r": -119, "l": 1000, "t": 8007.126062}
{"r": 28, "l": 1000, "t": 8326.016803}
{"r": -152, "l": 1000, "t": 8661.371136}
{"r": -37, "l": 1000, "t": 8987.657334}
{"r": -116, "l": 1000, "t": 9326.746956}
{"r": 26, "l": 1000, "t": 9650.780696}
{"r": -37, "l": 1000, "t": 9984.131195}
{"r": -77, "l": 1000, "t": 10318.806712}
{"r": 58, "l": 1000, "t": 10653.066546}
{"r": -126, "l": 1000, "t": 10992.951617}
{"r": -56, "l": 1000, "t": 11326.807468}
{"r": -45, "l": 1000, "t": 11654.076798}
{"r": -48, "l": 1000, "t": 11972.747358}
{"r": -70, "l": 1000, "t": 12295.692596}
{"r": 11, "l": 1000, "t": 12613.426398}
{"r": -121, "l": 1000, "t": 12942.646293}
{"r": -16, "l": 1000, "t": 13276.766876}
{"r": -81, "l": 1000, "t": 13623.04263}
{"r": -135, "l": 1000, "t": 13956.616495}
{"r": -28, "l": 1000, "t": 14284.65682}
{"r": -22, "l": 1000, "t": 14625.866807}
{"r": -27, "l": 1000, "t": 14965.041692}
{"r": -21, "l": 1000, "t": 15289.817068}
{"r": -25, "l": 1000, "t": 15628.558563}
{"r": -45, "l": 1000, "t": 15960.116725}
{"r": -46, "l": 1000, "t": 16301.265444}
{"r": -29, "l": 1000, "t": 16640.821317}
{"r": -30, "l": 1000, "t": 16978.265977}
{"r": -117, "l": 1000, "t": 17303.926666}
{"r": -58, "l": 1000, "t": 17628.162201}
{"r": -31, "l": 1000, "t": 17947.136843}
{"r": -104, "l": 1000, "t": 18256.050154}
{"r": 63, "l": 1000, "t": 18557.176954}
{"r": -48, "l": 1000, "t": 18815.788149}
{"r": -47, "l": 1000, "t": 19075.913776}
{"r": -39, "l": 1000, "t": 19328.675755}
{"r": -58, "l": 1000, "t": 19580.357003}
{"r": -49, "l": 1000, "t": 19835.196759}
{"r": -43, "l": 1000, "t": 20087.706998}
{"r": -98, "l": 1000, "t": 20356.801269}
{"r": 26, "l": 1000, "t": 20609.896456}
{"r": -83, "l": 1000, "t": 20861.246855}
{"r": -34, "l": 1000, "t": 21117.706738}
{"r": -54, "l": 1000, "t": 21370.661604}
{"r": 55, "l": 1000, "t": 21621.527632}
{"r": -21, "l": 1000, "t": 21877.365172}
{"r": -44, "l": 1000, "t": 22132.066788}
{"r": 3, "l": 1000, "t": 22451.097238}
{"r": -25, "l": 1000, "t": 22760.117049}
{"r": -24, "l": 1000, "t": 23077.717345}
{"r": -10, "l": 1000, "t": 23391.542459}
{"r": -56, "l": 1000, "t": 23705.638345}
{"r": -15, "l": 1000, "t": 24023.756214}
{"r": -5, "l": 1000, "t": 24340.064651}
{"r": 64, "l": 1000, "t": 24660.626665}
{"r": -154, "l": 1000, "t": 24974.992318}
{"r": -61, "l": 1000, "t": 25285.992708}
{"r": -52, "l": 1000, "t": 25605.046753}
{"r": -21, "l": 1000, "t": 25918.16683}
{"r": -64, "l": 1000, "t": 26237.567238}
{"r": -51, "l": 1000, "t": 26550.187358}
{"r": -69, "l": 1000, "t": 26875.056093}
{"r": -2, "l": 1000, "t": 27194.376599}
{"r": -64, "l": 1000, "t": 27515.626997}
{"r": -91, "l": 1000, "t": 27848.312469}
{"r": -82, "l": 1000, "t": 28145.987158}
{"r": 24, "l": 1000, "t": 28399.84727}
{"r": -12, "l": 1000, "t": 28661.406192}
{"r": 16, "l": 1000, "t": 28911.926647}
{"r": -63, "l": 1000, "t": 29164.754383}
{"r": -15, "l": 1000, "t": 29420.497021}
{"r": -111, "l": 1000, "t": 29670.98972}
{"r": -99, "l": 1000, "t": 29919.397828}
{"r": -78, "l": 1000, "t": 30181.678917}
{"r": -8, "l": 1000, "t": 30446.895855}
{"r": -36, "l": 1000, "t": 30698.976815}
{"r": -65, "l": 1000, "t": 30954.468205}
{"r": -55, "l": 1000, "t": 31224.531582}
{"r": -58, "l": 1000, "t": 31481.463984}
{"r": -14, "l": 1000, "t": 31732.476641}
{"r": -137, "l": 1000, "t": 31980.521056}
{"r": -71, "l": 1000, "t": 32233.737279}
{"r": -109, "l": 1000, "t": 32489.086399}
{"r": -4, "l": 1000, "t": 32740.456975}
{"r": 15, "l": 1000, "t": 33005.610094}
{"r": -37, "l": 1000, "t": 33272.212239}
{"r": 9, "l": 1000, "t": 33534.260924}
{"r": -102, "l": 1000, "t": 33796.867085}
{"r": 28, "l": 1000, "t": 34063.076395}
{"r": -44, "l": 1000, "t": 34313.056663}
{"r": 49, "l": 1000, "t": 34570.362545}
{"r": -67, "l": 1000, "t": 34827.056596}
{"r": -17, "l": 1000, "t": 35080.886969}
{"r": -3, "l": 1000, "t": 35330.877535}
{"r": -20, "l": 1000, "t": 35588.215081}
{"r": 21, "l": 1000, "t": 35835.404647}
{"r": -11, "l": 1000, "t": 36091.358528}
{"r": -92, "l": 1000, "t": 36343.013021}
{"r": -5, "l": 1000, "t": 36596.810785}
{"r": 3, "l": 1000, "t": 36848.36971}
{"r": -20, "l": 1000, "t": 37093.606919}
{"r": 44, "l": 1000, "t": 37353.335469}
{"r": -62, "l": 1000, "t": 37600.095124}
{"r": -29, "l": 1000, "t": 37853.183198}
{"r": -9, "l": 1000, "t": 38112.237278}
{"r": -8, "l": 1000, "t": 38359.856867}
{"r": 17, "l": 1000, "t": 38619.319816}
{"r": 31, "l": 1000, "t": 38881.636404}
{"r": -34, "l": 1000, "t": 39128.336913}
{"r": -58, "l": 1000, "t": 39373.90678}
{"r": -72, "l": 1000, "t": 39626.559288}
{"r": -40, "l": 1000, "t": 39886.993878}
{"r": -30, "l": 1000, "t": 40139.766601}
{"r": 4, "l": 1000, "t": 40398.416979}
{"r": -71, "l": 1000, "t": 40642.454236}
{"r": -66, "l": 1000, "t": 40894.372228}
{"r": -45, "l": 1000, "t": 41145.126751}
{"r": -25, "l": 1000, "t": 41399.38638}
{"r": 14, "l": 1000, "t": 41647.741724}
{"r": 35, "l": 1000, "t": 41904.310503}
{"r": 66, "l": 1000, "t": 42161.772957}
{"r": -63, "l": 1000, "t": 42417.676774}
{"r": -89, "l": 1000, "t": 42676.014752}
{"r": -35, "l": 1000, "t": 42924.296578}
{"r": -41, "l": 1000, "t": 43180.339505}
{"r": -107, "l": 1000, "t": 43430.356581}
{"r": -113, "l": 1000, "t": 43680.239681}
{"r": -41, "l": 1000, "t": 43931.103855}
{"r": -50, "l": 1000, "t": 44186.286418}
{"r": -22, "l": 1000, "t": 44433.309973}
{"r": -105, "l": 1000, "t": 44692.673627}
{"r": -45, "l": 1000, "t": 44941.906564}
{"r": -41, "l": 1000, "t": 45197.936624}
{"r": -3, "l": 1000, "t": 45446.91275}
{"r": -74, "l": 1000, "t": 45718.726405}
{"r": -7, "l": 1000, "t": 45990.381698}
{"r": -40, "l": 1000, "t": 46260.90659}
{"r": -6, "l": 1000, "t": 46529.276607}
{"r": -16, "l": 1000, "t": 46795.851394}
{"r": -7, "l": 1000, "t": 47060.692723}
{"r": -36, "l": 1000, "t": 47328.079788}
{"r": -86, "l": 1000, "t": 47597.136782}
{"r": -98, "l": 1000, "t": 47867.666777}
{"r": -95, "l": 1000, "t": 48131.676332}
{"r": -21, "l": 1000, "t": 48406.020107}
{"r": -31, "l": 1000, "t": 48675.698844}
{"r": -62, "l": 1000, "t": 48952.232751}
{"r": -42, "l": 1000, "t": 49222.506816}
{"r": -52, "l": 1000, "t": 49497.016572}
{"r": -15, "l": 1000, "t": 49755.834301}
{"r": 60, "l": 1000, "t": 50022.131096}
{"r": 2, "l": 1000, "t": 50274.53815}
{"r": -35, "l": 1000, "t": 50526.30661}
{"r": -147, "l": 1000, "t": 50763.426591}
{"r": -79, "l": 1000, "t": 51025.110863}
{"r": 64, "l": 1000, "t": 51286.286378}
{"r": -9, "l": 1000, "t": 51544.936615}
{"r": 71, "l": 1000, "t": 51794.076769}
{"r": -93, "l": 1000, "t": 52063.616761}
{"r": -17, "l": 1000, "t": 52314.518042}
{"r": -75, "l": 1000, "t": 52578.616771}
{"r": -115, "l": 1000, "t": 52831.461217}
{"r": -92, "l": 1000, "t": 53088.917135}
{"r": -39, "l": 1000, "t": 53347.257284}
{"r": -20, "l": 1000, "t": 53608.176415}
{"r": 2, "l": 1000, "t": 53864.014803}
{"r": -18, "l": 1000, "t": 54127.080055}
{"r": -81, "l": 1000, "t": 54386.870072}
{"r": -54, "l": 1000, "t": 54642.516757}
{"r": -60, "l": 1000, "t": 54915.672103}
{"r": -57, "l": 1000, "t": 55179.806332}
{"r": -75, "l": 1000,