{"t_start": 1517398667.9309776, "env_id": "GridWorldNoFrameskip-v4", "gym_version": "0.9.3"}
{"l": 1000, "t": 117.742531, "r": 4}
{"l": 1000, "t": 221.714613, "r": -2}
{"l": 1000, "t": 326.327182, "r": -25}
{"l": 1000, "t": 430.47598, "r": -72}
{"l": 1000, "t": 533.344654, "r": -43}
{"l": 1000, "t": 637.382036, "r": 37}
{"l": 1000, "t": 741.18087, "r": -23}
{"l": 1000, "t": 845.709632, "r": -43}
{"l": 1000, "t": 950.585364, "r": -32}
{"l": 1000, "t": 1056.148298, "r": -26}
{"l": 1000, "t": 1160.751203, "r": -33}
