{"t_start": 1517398667.9328954, "env_id": "GridWorldNoFrameskip-v4", "gym_version": "0.9.3"}
{"l": 1000, "t": 117.747084, "r": -35}
{"l": 1000, "t": 221.70596, "r": 71}
{"l": 1000, "t": 324.066877, "r": 52}
{"l": 1000, "t": 430.473889, "r": 2}
{"l": 1000, "t": 533.333014, "r": -20}
{"l": 1000, "t": 639.448043, "r": -27}
{"l": 1000, "t": 743.301342, "r": -13}
{"l": 1000, "t": 850.066799, "r": -30}
{"l": 1000, "t": 952.817987, "r": 42}
{"l": 1000, "t": 1060.460125, "r": 0}
{"l": 1000, "t": 1164.994348, "r": -34}
