{"t_start": 1517496359.2636797, "env_id": "GridWorldNoFrameskip-v4", "gym_version": "0.9.3"}
{"t": 14.410013, "l": 1000, "r": -10}
{"t": 16.416149, "l": 1000, "r": -1}
{"t": 18.403153, "l": 1000, "r": -88}
{"t": 20.385518, "l": 1000, "r": -68}
{"t": 22.370485, "l": 1000, "r": -66}
{"t": 24.31656, "l": 1000, "r": 6}
{"t": 26.353565, "l": 1000, "r": -46}
{"t": 28.366486, "l": 1000, "r": -43}
{"t": 30.300078, "l": 1000, "r": -95}
{"t": 32.261278, "l": 1000, "r": -72}
{"t": 34.164067, "l": 1000, "r": -33}
{"t": 36.071995, "l": 1000, "r": -6}
{"t": 37.915147, "l": 1000, "r": -93}
{"t": 39.797973, "l": 1000, "r": -2}
{"t": 41.706534, "l": 1000, "r": -43}
{"t": 43.60779, "l": 1000, "r": 14}
{"t": 45.440693, "l": 1000, "r": 62}
{"t": 47.266466, "l": 1000, "r": -1}
{"t": 49.122326, "l": 1000, "r": -79}
{"t": 51.058273, "l": 1000, "r": 11}
{"t": 52.937656, "l": 1000, "r": -21}
{"t": 54.786522, "l": 1000, "r": 50}
{"t": 56.693433, "l": 1000, "r": -44}
{"t": 58.605668, "l": 1000, "r": -36}
{"t": 60.560014, "l": 1000, "r": 7}
{"t": 62.480412, "l": 1000, "r": -84}
{"t": 64.408899, "l": 1000, "r": -60}
{"t": 66.370763, "l": 1000, "r": -68}
{"t": 68.30915, "l": 1000, "r": 0}
{"t": 70.197537, "l": 1000, "r": -27}
{"t": 72.115723, "l": 1000, "r": -75}
{"t": 74.053363, "l": 1000, "r": -77}
{"t": 75.969982, "l": 1000, "r": -35}
{"t": 77.930259, "l": 1000, "r": 26}
{"t": 79.851967, "l": 1000, "r": -14}
{"t": 81.791085, "l": 1000, "r": -31}
{"t": 83.72835, "l": 1000, "r": -96}
{"t": 85.704101, "l": 1000, "r": 30}
{"t": 87.642104, "l": 1000, "r": -15}
{"t": 89.606025, "l": 1000, "r": 36}
{"t": 91.493418, "l": 1000, "r": 12}
{"t": 93.41153, "l": 1000, "r": -11}
{"t": 95.305371, "l": 1000, "r": -75}
{"t": 97.226801, "l": 1000, "r": 13}
{"t": 99.156051, "l": 1000, "r": -48}
{"t": 101.076464, "l": 1000, "r": -32}
{"t": 103.009496, "l": 1000, "r": -42}
{"t": 104.896339, "l": 1000, "r": -16}
{"t": 106.881548, "l": 1000, "r": 36}
{"t": 108.765575, "l": 1000, "r": -44}
{"t": 110.767042, "l": 1000, "r": -99}
{"t": 112.665454, "l": 1000, "r": 0}
{"t": 114.565594, "l": 1000, "r": -32}
{"t": 116.551604, "l": 1000, "r": -33}
{"t": 118.469728, "l": 1000, "r": -16}
{"t": 120.579664, "l": 1000, "r": -62}
{"t": 123.086493, "l": 1000, "r": -30}
{"t": 125.600392, "l": 1000, "r": 59}
{"t": 128.04792, "l": 1000, "r": 68}
{"t": 130.4729, "l": 1000, "r": -13}
{"t": 132.740906, "l": 1000, "r": 36}
{"t": 134.980018, "l": 1000, "r": 43}
{"t": 137.155587, "l": 1000, "r": -36}
{"t": 139.431402, "l": 1000, "r": 17}
{"t": 141.686993, "l": 1000, "r": 9}
{"t": 143.921096, "l": 1000, "r": -153}
{"t": 146.203416, "l": 1000, "r": 61}
{"t": 148.491012, "l": 1000, "r": -252}
{"t": 150.711143, "l": 1000, "r": -336}
{"t": 152.965996, "l": 1000, "r": -232}
{"t": 155.20586, "l": 1000, "r": -400}
{"t": 157.45475, "l": 1000, "r": -502}
{"t": 159.672142, "l": 1000, "r": -576}
{"t": 161.947154, "l": 1000, "r": -626}
{"t": 164.188061, "l": 1000, "r": -667}
{"t": 166.390841, "l": 1000, "r": -516}
{"t": 168.643564, "l": 1000, "r": -495}
{"t": 170.884109, "l": 1000, "r": -368}
{"t": 173.117197, "l": 1000, "r": -533}
{"t": 175.342263, "l": 1000, "r": -375}
{"t": 177.606072, "l": 1000, "r": -361}
{"t": 179.830235, "l": 1000, "r": -534}
{"t": 182.070798, "l": 1000, "r": -653}
{"t": 184.347836, "l": 1000, "r": -672}
{"t": 186.578055, "l": 1000, "r": -518}
{"t": 188.831228, "l": 1000, "r": -440}
{"t": 191.089467, "l": 1000, "r": -502}
{"t": 193.349335, "l": 1000, "r": -774}
{"t": 195.594203, "l": 1000, "r": -690}
{"t": 197.827716, "l": 1000, "r": -517}
{"t": 200.032216, "l": 1000, "r": -567}
{"t": 202.308769, "l": 1000, "r": -518}
{"t": 204.555599, "l": 1000, "r": -702}
{"t": 206.817412, "l": 1000, "r": -719}
{"t": 209.031891, "l": 1000, "r": -617}
{"t": 211.279755, "l": 1000, "r": -618}
{"t": 213.573338, "l": 1000, "r": -781}
{"t": 215.8324, "l": 1000, "r": -395}
{"t": 218.098155, "l": 1000, "r": -563}
{"t": 220.414437, "l": 1000, "r": -494}
{"t": 222.672105, "l": 1000, "r": -337}
{"t": 224.901008, "l": 1000, "r": -439}
{"t": 227.109325, "l": 1000, "r": -459}
{"t": 229.354456, "l": 1000, "r": -662}
{"t": 231.672826, "l": 1000, "r": -848}
{"t": 233.90529, "l": 1000, "r": -760}
{"t": 236.171868, "l": 1000, "r": -534}
{"t": 238.427555, "l": 1000, "r": -284}
{"t": 240.94148, "l": 1000, "r": -428}
{"t": 243.477582, "l": 1000, "r": -490}
{"t": 245.918657, "l": 1000, "r": -444}
{"t": 248.38665, "l": 1000, "r": -288}
{"t": 250.693529, "l": 1000, "r": -789}
{"t": 252.942144, "l": 1000, "r": -722}
{"t": 255.213147, "l": 1000, "r": -695}
{"t": 257.495759, "l": 1000, "r": -473}
{"t": 259.759937, "l": 1000, "r": -648}
{"t": 262.003897, "l": 1000, "r": -526}
{"t": 264.307094, "l": 1000, "r": -179}
{"t": 266.57102, "l": 1000, "r": -314}
{"t": 268.891943, "l": 1000, "r": -693}
{"t": 271.146408, "l": 1000, "r": -446}
{"t": 273.449936, "l": 1000, "r": -420}
{"t": 275.682361, "l": 1000, "r": -384}
{"t": 277.974735, "l": 1000, "r": -405}
{"t": 280.228249, "l": 1000, "r": -514}
{"t": 282.537098, "l": 1000, "r": -416}
{"t": 284.863019, "l": 1000, "r": -500}
{"t": 287.174768, "l": 1000, "r": -611}
{"t": 289.394738, "l": 1000, "r": -473}
{"t": 291.631851, "l": 1000, "r": -487}
{"t": 293.906888, "l": 1000, "r": -522}
{"t": 296.167003, "l": 1000, "r": -557}
{"t": 298.487639, "l": 1000, "r": -714}
{"t": 300.994727, "l": 1000, "r": -522}
{"t": 303.493051, "l": 1000, "r": -432}
{"t": 306.035124, "l": 1000, "r": -462}
{"t": 308.465419, "l": 1000, "r": -378}
{"t": 310.753077, "l": 1000, "r": -759}
{"t": 312.990433, "l": 1000, "r": -635}
{"t": 315.269817, "l": 1000, "r": -196}
{"t": 317.554159, "l": 1000, "r": -624}
{"t": 319.861379, "l": 1000, "r": -432}
{"t": 322.12949, "l": 1000, "r": -383}
{"t": 324.453249, "l": 1000, "r": -214}
{"t": 326.724007, "l": 1000, "r": -465}
{"t": 329.033507, "l": 1000, "r": -435}
{"t": 331.512695, "l": 1000, "r": -443}
{"t": 334.026245, "l": 1000, "r": -811}
{"t": 336.570572, "l": 1000, "r": -551}
{"t": 339.074934, "l": 1000, "r": -674}
{"t": 341.360111, "l": 1000, "r": -718}
{"t": 343.648275, "l": 1000, "r": -668}
{"t": 345.899539, "l": 1000, "r": -678}
{"t": 348.214476, "l": 1000, "r": -306}
{"t": 350.493382, "l": 1000, "r": -697}
{"t": 352.726607, "l": 1000, "r": -504}
{"t": 355.040037, "l": 1000, "r": -565}
{"t": 357.336731, "l": 1000, "r": -274}
{"t": 359.591941, "l": 1000, "r": -376}
{"t": 362.057968, "l": 1000, "r": -522}
{"t": 364.605877, "l": 1000, "r": -372}
{"t": 367.089368, "l": 1000, "r": -368}
{"t": 369.602133, "l": 1000, "r": -315}
{"t": 371.946905, "l": 1000, "r": -565}
{"t": 374.252135, "l": 1000, "r": -556}
{"t": 376.499542, "l": 1000, "r": -342}
{"t": 378.768677, "l": 1000, "r": -419}
{"t": 381.030087, "l": 1000, "r": -775}
{"t": 383.284316, "l": 1000, "r": -776}
{"t": 385.565499, "l": 1000, "r": -585}
{"t": 387.840669, "l": 1000, "r": -566}
{"t": 390.108688, "l": 1000, "r": -515}
{"t": 392.365366, "l": 1000, "r": -365}
{"t": 394.595755, "l": 1000, "r": -492}
{"t": 396.852514, "l": 1000, "r": -476}
{"t": 399.11688, "l": 1000, "r": -864}
{"t": 401.361804, "l": 1000, "r": -550}
{"t": 403.597092, "l": 1000, "r": -141}
{"t": 405.907996, "l": 1000, "r": -113}
{"t": 408.183821, "l": 1000, "r": -541}
{"t": 410.421796, "l": 1000, "r": -291}
{"t": 412.730893, "l": 1000, "r": -351}
{"t": 414.993119, "l": 1000, "r": -328}
{"t": 417.253809, "l": 1000, "r": -769}
{"t": 419.592525, "l": 1000, "r": -533}
{"t": 422.034773, "l": 1000, "r": -416}
{"t": 424.578345, "l": 1000, "r": -447}
{"t": 427.133168, "l": 1000, "r": -457}
{"t": 429.609989, "l": 1000, "r": -370}
{"t": 431.981139, "l": 1000, "r": -659}
{"t": 434.157474, "l": 1000, "r": -628}
{"t": 436.474564, "l": 1000, "r": -462}
{"t": 438.682634, "l": 1000, "r": -267}
{"t": 440.939815, "l": 1000, "r": -362}
{"t": 443.260481, "l": 1000, "r": -743}
{"t": 445.44341, "l": 1000, "r": -574}
{"t": 447.676154, "l": 1000, "r": -541}
{"t": 449.928497, "l": 1000, "r": -587}
{"t": 452.199582, "l": 1000, "r": -291}
{"t": 454.482018, "l": 1000, "r": -568}
{"t": 456.745686,