{"t_start": 1517496359.2650049, "env_id": "GridWorldNoFrameskip-v4", "gym_version": "0.9.3"}
{"t": 14.408481, "l": 1000, "r": -73}
{"t": 16.420751, "l": 1000, "r": 87}
{"t": 18.335378, "l": 1000, "r": 60}
{"t": 20.3118, "l": 1000, "r": -15}
{"t": 22.281049, "l": 1000, "r": -23}
{"t": 24.226619, "l": 1000, "r": -48}
{"t": 26.200799, "l": 1000, "r": -15}
{"t": 28.194359, "l": 1000, "r": -48}
{"t": 30.14592, "l": 1000, "r": 36}
{"t": 32.091125, "l": 1000, "r": 14}
{"t": 33.995465, "l": 1000, "r": -38}
{"t": 35.880299, "l": 1000, "r": -148}
{"t": 37.746423, "l": 1000, "r": -66}
{"t": 39.634605, "l": 1000, "r": 14}
{"t": 41.524816, "l": 1000, "r": 1}
{"t": 43.408552, "l": 1000, "r": -32}
{"t": 45.27584, "l": 1000, "r": 92}
{"t": 47.07028, "l": 1000, "r": -35}
{"t": 48.967201, "l": 1000, "r": 24}
{"t": 50.857713, "l": 1000, "r": -3}
{"t": 52.719915, "l": 1000, "r": 33}
{"t": 54.586125, "l": 1000, "r": -18}
{"t": 56.500154, "l": 1000, "r": -72}
{"t": 58.365066, "l": 1000, "r": 8}
{"t": 60.279197, "l": 1000, "r": -52}
{"t": 62.191463, "l": 1000, "r": -166}
{"t": 64.16041, "l": 1000, "r": -14}
{"t": 66.133935, "l": 1000, "r": -17}
{"t": 68.068529, "l": 1000, "r": -4}
{"t": 69.911021, "l": 1000, "r": 12}
{"t": 71.805521, "l": 1000, "r": -46}
{"t": 73.772517, "l": 1000, "r": 9}
{"t": 75.693796, "l": 1000, "r": -17}
{"t": 77.65043, "l": 1000, "r": -138}
{"t": 79.60399, "l": 1000, "r": -46}
{"t": 81.590287, "l": 1000, "r": -76}
{"t": 83.55388, "l": 1000, "r": -62}
{"t": 85.503754, "l": 1000, "r": -55}
{"t": 87.410808, "l": 1000, "r": -49}
{"t": 89.366784, "l": 1000, "r": 30}
{"t": 91.284742, "l": 1000, "r": 27}
{"t": 93.187145, "l": 1000, "r": -13}
{"t": 95.074593, "l": 1000, "r": 34}
{"t": 96.962232, "l": 1000, "r": -31}
{"t": 98.926937, "l": 1000, "r": 10}
{"t": 100.852708, "l": 1000, "r": 4}
{"t": 102.751954, "l": 1000, "r": -8}
{"t": 104.678261, "l": 1000, "r": 14}
{"t": 106.646539, "l": 1000, "r": 23}
{"t": 108.562764, "l": 1000, "r": -1}
{"t": 110.538233, "l": 1000, "r": -57}
{"t": 112.471452, "l": 1000, "r": 24}
{"t": 114.362731, "l": 1000, "r": 16}
{"t": 116.314704, "l": 1000, "r": -55}
{"t": 118.235262, "l": 1000, "r": -58}
{"t": 120.26476, "l": 1000, "r": -84}
{"t": 122.779891, "l": 1000, "r": -125}
{"t": 125.303964, "l": 1000, "r": -17}
{"t": 127.756277, "l": 1000, "r": 19}
{"t": 130.15799, "l": 1000, "r": 17}
{"t": 132.430395, "l": 1000, "r": -137}
{"t": 134.682127, "l": 1000, "r": 5}
{"t": 136.896717, "l": 1000, "r": 14}
{"t": 139.155833, "l": 1000, "r": 74}
{"t": 141.402387, "l": 1000, "r": 9}
{"t": 143.616429, "l": 1000, "r": -165}
{"t": 145.878267, "l": 1000, "r": -85}
{"t": 148.125939, "l": 1000, "r": -165}
{"t": 150.329028, "l": 1000, "r": -242}
{"t": 152.542528, "l": 1000, "r": -225}
{"t": 154.808789, "l": 1000, "r": -385}
{"t": 157.056712, "l": 1000, "r": -514}
{"t": 159.309304, "l": 1000, "r": -468}
{"t": 161.543873, "l": 1000, "r": -557}
{"t": 163.75523, "l": 1000, "r": -694}
{"t": 165.958114, "l": 1000, "r": -602}
{"t": 168.215817, "l": 1000, "r": -602}
{"t": 170.426775, "l": 1000, "r": -284}
{"t": 172.637103, "l": 1000, "r": -561}
{"t": 174.866042, "l": 1000, "r": -484}
{"t": 177.108301, "l": 1000, "r": -387}
{"t": 179.379559, "l": 1000, "r": -520}
{"t": 181.557993, "l": 1000, "r": -702}
{"t": 183.838926, "l": 1000, "r": -549}
{"t": 186.093085, "l": 1000, "r": -556}
{"t": 188.342454, "l": 1000, "r": -386}
{"t": 190.64126, "l": 1000, "r": -478}
{"t": 192.955023, "l": 1000, "r": -820}
{"t": 195.208125, "l": 1000, "r": -726}
{"t": 197.470694, "l": 1000, "r": -595}
{"t": 199.696022, "l": 1000, "r": -491}
{"t": 201.924873, "l": 1000, "r": -541}
{"t": 204.171818, "l": 1000, "r": -655}
{"t": 206.45928, "l": 1000, "r": -694}
{"t": 208.682685, "l": 1000, "r": -682}
{"t": 210.927933, "l": 1000, "r": -599}
{"t": 213.176326, "l": 1000, "r": -737}
{"t": 215.461562, "l": 1000, "r": -342}
{"t": 217.709454, "l": 1000, "r": -567}
{"t": 220.010549, "l": 1000, "r": -604}
{"t": 222.230613, "l": 1000, "r": -499}
{"t": 224.497562, "l": 1000, "r": -481}
{"t": 226.723936, "l": 1000, "r": -558}
{"t": 228.99143, "l": 1000, "r": -732}
{"t": 231.261785, "l": 1000, "r": -854}
{"t": 233.51835, "l": 1000, "r": -793}
{"t": 235.784677, "l": 1000, "r": -457}
{"t": 238.028812, "l": 1000, "r": -374}
{"t": 240.548802, "l": 1000, "r": -385}
{"t": 243.11645, "l": 1000, "r": -386}
{"t": 245.575701, "l": 1000, "r": -544}
{"t": 248.117742, "l": 1000, "r": -259}
{"t": 250.372448, "l": 1000, "r": -746}
{"t": 252.596252, "l": 1000, "r": -810}
{"t": 254.851786, "l": 1000, "r": -697}
{"t": 257.141231, "l": 1000, "r": -457}
{"t": 259.426301, "l": 1000, "r": -605}
{"t": 261.679521, "l": 1000, "r": -533}
{"t": 263.919469, "l": 1000, "r": -267}
{"t": 266.217955, "l": 1000, "r": -345}
{"t": 268.501258, "l": 1000, "r": -704}
{"t": 270.823008, "l": 1000, "r": -501}
{"t": 273.128502, "l": 1000, "r": -364}
{"t": 275.373275, "l": 1000, "r": -464}
{"t": 277.653384, "l": 1000, "r": -418}
{"t": 279.912616, "l": 1000, "r": -659}
{"t": 282.222246, "l": 1000, "r": -436}
{"t": 284.459949, "l": 1000, "r": -481}
{"t": 286.766483, "l": 1000, "r": -619}
{"t": 289.071085, "l": 1000, "r": -569}
{"t": 291.317385, "l": 1000, "r": -396}
{"t": 293.642733, "l": 1000, "r": -538}
{"t": 295.905434, "l": 1000, "r": -603}
{"t": 298.173003, "l": 1000, "r": -766}
{"t": 300.652554, "l": 1000, "r": -507}
{"t": 303.140833, "l": 1000, "r": -424}
{"t": 305.649038, "l": 1000, "r": -464}
{"t": 308.154744, "l": 1000, "r": -523}
{"t": 310.430607, "l": 1000, "r": -570}
{"t": 312.688748, "l": 1000, "r": -648}
{"t": 314.98489, "l": 1000, "r": -244}
{"t": 317.237845, "l": 1000, "r": -560}
{"t": 319.566407, "l": 1000, "r": -513}
{"t": 321.859043, "l": 1000, "r": -256}
{"t": 324.172812, "l": 1000, "r": -448}
{"t": 326.491992, "l": 1000, "r": -410}
{"t": 328.781762, "l": 1000, "r": -425}
{"t": 331.236342, "l": 1000, "r": -502}
{"t": 333.723058, "l": 1000, "r": -649}
{"t": 336.306338, "l": 1000, "r": -494}
{"t": 338.829887, "l": 1000, "r": -713}
{"t": 341.146529, "l": 1000, "r": -697}
{"t": 343.441222, "l": 1000, "r": -665}
{"t": 345.734291, "l": 1000, "r": -755}
{"t": 348.029581, "l": 1000, "r": -324}
{"t": 350.274067, "l": 1000, "r": -691}
{"t": 352.584895, "l": 1000, "r": -485}
{"t": 354.841945, "l": 1000, "r": -498}
{"t": 357.118049, "l": 1000, "r": -338}
{"t": 359.390658, "l": 1000, "r": -384}
{"t": 361.821218, "l": 1000, "r": -538}
{"t": 364.358815, "l": 1000, "r": -415}
{"t": 366.878593, "l": 1000, "r": -391}
{"t": 369.366271, "l": 1000, "r": -290}
{"t": 371.760592, "l": 1000, "r": -619}
{"t": 374.031653, "l": 1000, "r": -602}
{"t": 376.255638, "l": 1000, "r": -473}
{"t": 378.523388, "l": 1000, "r": -429}
{"t": 380.820782, "l": 1000, "r": -620}
{"t": 383.085403, "l": 1000, "r": -783}
{"t": 385.332486, "l": 1000, "r": -576}
{"t": 387.581423, "l": 1000, "r": -539}
{"t": 389.894744, "l": 1000, "r": -414}
{"t": 392.173953, "l": 1000, "r": -410}
{"t": 394.454881, "l": 1000, "r": -435}
{"t": 396.659425, "l": 1000, "r": -560}
{"t": 398.924797, "l": 1000, "r": -849}
{"t": 401.228038, "l": 1000, "r": -596}
{"t": 403.491894, "l": 1000, "r": -173}
{"t": 405.812353, "l": 1000, "r": -97}
{"t": 408.081858, "l": 1000, "r": -523}
{"t": 410.403056, "l": 1000, "r": -242}
{"t": 412.632236, "l": 1000, "r": -349}
{"t": 414.856606, "l": 1000, "r": -366}
{"t": 417.148996, "l": 1000, "r": -660}
{"t": 419.470543, "l": 1000, "r": -485}
{"t": 421.927604, "l": 1000, "r": -473}
{"t": 424.467305, "l": 1000, "r": -508}
{"t": 427.029051, "l": 1000, "r": -432}
{"t": 429.510132, "l": 1000, "r": -324}
{"t": 431.891371, "l": 1000, "r": -642}
{"t": 434.148964, "l": 1000, "r": -530}
{"t": 436.378755, "l": 1000, "r": -412}
{"t": 438.681602, "l": 1000, "r": -214}
{"t": 440.931592, "l": 1000, "r": -342}
{"t": 443.153214, "l": 1000, "r": -727}
{"t": 445.45293, "l": 1000, "r": -589}
{"t": 447.784539, "l": 1000, "r": -470}
{"t": 450.052226, "l": 1000, "r": -570}
{"t": 452.305939, "l": 1000, "r": -232}
{"t": 454.622914, "l": 1000, "r": -578}
{"t": 456.891207, "l": 1000,