{"t_start": 1516783461.677986, "gym_version": "0.9.2", "env_id": "GridWorldNoFrameskip-v4"}
{"r": -82, "l": 1000, "t": 12.921695}
{"r": -45, "l": 1000, "t": 23.932167}
{"r": -11, "l": 1000, "t": 34.452015}
{"r": -108, "l": 1000, "t": 45.351853}
{"r": -93, "l": 1000, "t": 56.181923}
{"r": 0, "l": 1000, "t": 66.981408}
{"r": -49, "l": 1000, "t": 77.893849}
{"r": 23, "l": 1000, "t": 88.941946}
{"r": -76, "l": 1000, "t": 99.513541}
{"r": 41, "l": 1000, "t": 110.331412}
{"r": -50, "l": 1000, "t": 120.930733}
{"r": -41, "l": 1000, "t": 131.909283}
{"r": -1, "l": 1000, "t": 142.682767}
{"r": 25, "l": 1000, "t": 153.382135}
{"r": 60, "l": 1000, "t": 164.161451}
{"r": -26, "l": 1000, "t": 175.031268}
{"r": -22, "l": 1000, "t": 186.070054}
{"r": 29, "l": 1000, "t": 196.821245}
{"r": 114, "l": 1000, "t": 207.972039}
{"r": 93, "l": 1000, "t": 218.823192}
{"r": 62, "l": 1000, "t": 229.634548}
{"r": 88, "l": 1000, "t": 240.503657}
{"r": -24, "l": 1000, "t": 251.402699}
{"r": 26, "l": 1000, "t": 262.370843}
{"r": 17, "l": 1000, "t": 273.572656}
{"r": -126, "l": 1000, "t": 284.661348}
{"r": 24, "l": 1000, "t": 295.803265}
{"r": -32, "l": 1000, "t": 306.912853}
{"r": 77, "l": 1000, "t": 317.993547}
{"r": -24, "l": 1000, "t": 329.132572}
{"r": -74, "l": 1000, "t": 340.161777}
{"r": -41, "l": 1000, "t": 351.194012}
{"r": -95, "l": 1000, "t": 362.740533}
{"r": -95, "l": 1000, "t": 373.851887}
{"r": 49, "l": 1000, "t": 385.022832}
{"r": -31, "l": 1000, "t": 396.134421}
{"r": 40, "l": 1000, "t": 407.562378}
{"r": -34, "l": 1000, "t": 418.570381}
{"r": -42, "l": 1000, "t": 430.051784}
{"r": 59, "l": 1000, "t": 441.168103}
{"r": 69, "l": 1000, "t": 452.270693}
{"r": -34, "l": 1000, "t": 463.351817}
{"r": 39, "l": 1000, "t": 474.472437}
{"r": 140, "l": 1000, "t": 486.162951}
{"r": -67, "l": 1000, "t": 497.551219}
{"r": -87, "l": 1000, "t": 509.321542}
{"r": -58, "l": 1000, "t": 520.642729}
{"r": 28, "l": 1000, "t": 532.131765}
{"r": -15, "l": 1000, "t": 543.832678}
{"r": 38, "l": 1000, "t": 555.072403}
{"r": -39, "l": 1000, "t": 566.88273}
{"r": -16, "l": 1000, "t": 578.26041}
{"r": -37, "l": 1000, "t": 590.013677}
{"r": 9, "l": 1000, "t": 601.953754}
{"r": -44, "l": 1000, "t": 613.393828}
{"r": 86, "l": 1000, "t": 625.061987}
{"r": -16, "l": 1000, "t": 636.581563}
{"r": 57, "l": 1000, "t": 648.484313}
{"r": 26, "l": 1000, "t": 660.092367}
{"r": -19, "l": 1000, "t": 671.860839}
{"r": -41, "l": 1000, "t": 683.992464}
{"r": 38, "l": 1000, "t": 695.523502}
{"r": -47, "l": 1000, "t": 707.432327}
{"r": -6, "l": 1000, "t": 719.372008}
{"r": -83, "l": 1000, "t": 731.523935}
{"r": -5, "l": 1000, "t": 742.980377}
{"r": 3, "l": 1000, "t": 755.160914}
{"r": 32, "l": 1000, "t": 766.924018}
{"r": -30, "l": 1000, "t": 778.384169}
{"r": 95, "l": 1000, "t": 789.632814}
{"r": 11, "l": 1000, "t": 801.121141}
{"r": -26, "l": 1000, "t": 812.712468}
{"r": 58, "l": 1000, "t": 824.501153}
{"r": 97, "l": 1000, "t": 836.692373}
{"r": -77, "l": 1000, "t": 848.74417}
{"r": -25, "l": 1000, "t": 860.673423}
{"r": -64, "l": 1000, "t": 873.044568}
{"r": 27, "l": 1000, "t": 885.258901}
{"r": -65, "l": 1000, "t": 897.034058}
{"r": -75, "l": 1000, "t": 909.36116}
{"r": -55, "l": 1000, "t": 921.189973}
{"r": 58, "l": 1000, "t": 933.351616}
{"r": -98, "l": 1000, "t": 945.132548}
{"r": 6, "l": 1000, "t": 957.201802}
{"r": 18, "l": 1000, "t": 969.265068}
{"r": 8, "l": 1000, "t": 981.352506}
{"r": -74, "l": 1000, "t": 993.612467}
{"r": 44, "l": 1000, "t": 1005.933944}
{"r": 50, "l": 1000, "t": 1018.591523}
{"r": 29, "l": 1000, "t": 1030.922644}
{"r": 25, "l": 1000, "t": 1043.358993}
{"r": -1, "l": 1000, "t": 1055.64081}
{"r": -32, "l": 1000, "t": 1067.35287}
{"r": 4, "l": 1000, "t": 1079.981416}
{"r": -40, "l": 1000, "t": 1092.880735}
{"r": 30, "l": 1000, "t": 1105.340621}
{"r": -10, "l": 1000, "t": 1117.853018}
{"r": 34, "l": 1000, "t": 1130.41017}
{"r": -2, "l": 1000, "t": 1143.153128}
{"r": 38, "l": 1000, "t": 1155.551749}
{"r": 18, "l": 1000, "t": 1168.319318}
{"r": 4, "l": 1000, "t": 1181.310658}
{"r": 60, "l": 1000, "t": 1193.691031}
{"r": -4, "l": 1000, "t": 1206.598471}
{"r": 42, "l": 1000, "t": 1219.69989}
{"r": -24, "l": 1000, "t": 1232.412232}
{"r": 19, "l": 1000, "t": 1245.771971}
{"r": 21, "l": 1000, "t": 1258.780969}
{"r": -25, "l": 1000, "t": 1271.702338}
{"r": 46, "l": 1000, "t": 1284.623153}
{"r": -24, "l": 1000, "t": 1297.512977}
{"r": 54, "l": 1000, "t": 1310.552128}
{"r": 29, "l": 1000, "t": 1322.720372}
{"r": 35, "l": 1000, "t": 1335.322889}
{"r": 27, "l": 1000, "t": 1348.403646}
{"r": -17, "l": 1000, "t": 1361.112221}
{"r": 23, "l": 1000, "t": 1374.380269}
{"r": -57, "l": 1000, "t": 1387.22101}
{"r": 21, "l": 1000, "t": 1400.509642}
{"r": -25, "l": 1000, "t": 1413.993345}
{"r": 18, "l": 1000, "t": 1426.78123}
{"r": -41, "l": 1000, "t": 1439.863616}
{"r": -18, "l": 1000, "t": 1453.132152}
{"r": 97, "l": 1000, "t": 1466.27377}
{"r": 25, "l": 1000, "t": 1479.223181}
{"r": -17, "l": 1000, "t": 1492.199767}
{"r": 41, "l": 1000, "t": 1505.962797}
{"r": 30, "l": 1000, "t": 1519.194039}
{"r": -18, "l": 1000, "t": 1531.903147}
{"r": 54, "l": 1000, "t": 1545.441365}
{"r": 80, "l": 1000, "t": 1558.532056}
{"r": -42, "l": 1000, "t": 1572.551413}
{"r": -54, "l": 1000, "t": 1586.391902}
{"r": -13, "l": 1000, "t": 1600.110578}
{"r": 101, "l": 1000, "t": 1613.40211}
{"r": 52, "l": 1000, "t": 1626.841146}
{"r": -27, "l": 1000, "t": 1640.421807}
{"r": -18, "l": 1000, "t": 1654.013639}
{"r": 51, "l": 1000, "t": 1666.686293}
{"r": 0, "l": 1000, "t": 1679.970583}
{"r": 3, "l": 1000, "t": 1694.043174}
{"r": -41, "l": 1000, "t": 1707.788758}
{"r": 7, "l": 1000, "t": 1721.014221}
{"r": 14, "l": 1000, "t": 1734.757946}
{"r": 86, "l": 1000, "t": 1748.324409}
{"r": -27, "l": 1000, "t": 1761.749784}
{"r": 60, "l": 1000, "t": 1775.503934}
{"r": 11, "l": 1000, "t": 1789.019511}
{"r": -6, "l": 1000, "t": 1802.222065}
{"r": -63, "l": 1000, "t": 1816.060571}
{"r": 37, "l": 1000, "t": 1829.801368}
{"r": -17, "l": 1000, "t": 1843.721752}
{"r": -5, "l": 1000, "t": 1857.620436}
{"r": 28, "l": 1000, "t": 1871.186748}
{"r": -11, "l": 1000, "t": 1886.071783}
{"r": 17, "l": 1000, "t": 1900.350389}
{"r": 64, "l": 1000, "t": 1913.931844}
{"r": -103, "l": 1000, "t": 1927.771401}
{"r": 74, "l": 1000, "t": 1942.422837}
{"r": -24, "l": 1000, "t": 1956.519511}
{"r": 36, "l": 1000, "t": 1969.932336}
{"r": 31, "l": 1000, "t": 1983.84498}
{"r": 20, "l": 1000, "t": 1997.71265}
{"r": 14, "l": 1000, "t": 2011.833807}
{"r": -27, "l": 1000, "t": 2026.204194}
{"r": -14, "l": 1000, "t": 2040.969231}
{"r": -53, "l": 1000, "t": 2055.36921}
{"r": 34, "l": 1000, "t": 2069.97376}
{"r": 24, "l": 1000, "t": 2084.141214}
{"r": -40, "l": 1000, "t": 2097.862714}
{"r": -87, "l": 1000, "t": 2112.605178}
{"r": 35, "l": 1000, "t": 2127.331852}
{"r": 87, "l": 1000, "t": 2141.401893}
{"r": 8, "l": 1000, "t": 2156.563306}
{"r": 37, "l": 1000, "t": 2170.232602}
{"r": -27, "l": 1000, "t": 2184.973708}
{"r": -66, "l": 1000, "t": 2198.980839}
{"r": -41, "l": 1000, "t": 2212.559062}
{"r": 81, "l": 1000, "t": 2226.603813}
{"r": -24, "l": 1000, "t": 2240.37137}
{"r": 60, "l": 1000, "t": 2254.952795}
{"r": 35, "l": 1000, "t": 2268.555126}
{"r": -25, "l": 1000, "t": 2282.942968}
{"r": 12, "l": 1000, "t": 2298.292549}
{"r": 8, "l": 1000, "t": 2312.192181}
{"r": 20, "l": 1000, "t": 2325.623565}
{"r": -36, "l": 1000, "t": 2340.238472}
{"r": 32, "l": 1000, "t": 2354.742398}
{"r": -45, "l": 1000, "t": 2368.763341}
{"r": 45, "l": 1000, "t": 2383.583945}
{"r": -24, "l": 1000, "t": 2397.782126}
{"r": 21, "l": 1000, "t": 2412.881357}
{"r": 18, "l": 1000, "t": 2427.370846}
{"r": -2, "l": 1000, "t": 2442.321286}
{"r": 11, "l": 1000, "t": 2457.550417}
{"r": 49, "l": 1000, "t": 2472.801903}
{"r": 58, "l": 1000, "t": 2486.51359}
{"r": 15, "l": 1000, "t": 2502.121618}
{"r": -19, "l": 1000, "t": 2516.860442}
{"r": -68, "l": 1000, "t": 2532.260871}
{"r": -20, "l": 1000, "t": 2546.780354}
{"r": 103, "l": 1000, "t": 2561.693113}
{"r": -11, "l": 1000, "t": 2576.24115}
{"r": 96, "l": 1000,