{"t_start": 1516783461.6782887, "gym_version": "0.9.2", "env_id": "GridWorldNoFrameskip-v4"}
{"r": -47, "l": 1000, "t": 12.881595}
{"r": -54, "l": 1000, "t": 23.341043}
{"r": 40, "l": 1000, "t": 34.030603}
{"r": -81, "l": 1000, "t": 44.880273}
{"r": 11, "l": 1000, "t": 55.29448}
{"r": 7, "l": 1000, "t": 66.143672}
{"r": -41, "l": 1000, "t": 77.3164}
{"r": -22, "l": 1000, "t": 88.490295}
{"r": 34, "l": 1000, "t": 99.020348}
{"r": 40, "l": 1000, "t": 110.000163}
{"r": -58, "l": 1000, "t": 120.660821}
{"r": 14, "l": 1000, "t": 131.411618}
{"r": 1, "l": 1000, "t": 142.398733}
{"r": -3, "l": 1000, "t": 153.36167}
{"r": 26, "l": 1000, "t": 164.41243}
{"r": 32, "l": 1000, "t": 175.320636}
{"r": -26, "l": 1000, "t": 186.090888}
{"r": -7, "l": 1000, "t": 197.093294}
{"r": 73, "l": 1000, "t": 207.653894}
{"r": 97, "l": 1000, "t": 218.292735}
{"r": -17, "l": 1000, "t": 228.961339}
{"r": 118, "l": 1000, "t": 239.533521}
{"r": -78, "l": 1000, "t": 250.36124}
{"r": -29, "l": 1000, "t": 261.440487}
{"r": 114, "l": 1000, "t": 272.332167}
{"r": -44, "l": 1000, "t": 283.461634}
{"r": 63, "l": 1000, "t": 294.670914}
{"r": 44, "l": 1000, "t": 305.423619}
{"r": 105, "l": 1000, "t": 316.732404}
{"r": 52, "l": 1000, "t": 328.142477}
{"r": -62, "l": 1000, "t": 338.911421}
{"r": -41, "l": 1000, "t": 349.903811}
{"r": -52, "l": 1000, "t": 361.490486}
{"r": 11, "l": 1000, "t": 372.883856}
{"r": 16, "l": 1000, "t": 384.040699}
{"r": -42, "l": 1000, "t": 395.142776}
{"r": 64, "l": 1000, "t": 406.471333}
{"r": -29, "l": 1000, "t": 417.583741}
{"r": -72, "l": 1000, "t": 429.052842}
{"r": 66, "l": 1000, "t": 439.958541}
{"r": 2, "l": 1000, "t": 451.549557}
{"r": 28, "l": 1000, "t": 462.998826}
{"r": 69, "l": 1000, "t": 474.402245}
{"r": 84, "l": 1000, "t": 485.761048}
{"r": -51, "l": 1000, "t": 497.092301}
{"r": -67, "l": 1000, "t": 508.721217}
{"r": -40, "l": 1000, "t": 520.373033}
{"r": -4, "l": 1000, "t": 532.131458}
{"r": -7, "l": 1000, "t": 543.486984}
{"r": -12, "l": 1000, "t": 555.071373}
{"r": 70, "l": 1000, "t": 566.836741}
{"r": -69, "l": 1000, "t": 578.232333}
{"r": -64, "l": 1000, "t": 589.990974}
{"r": -5, "l": 1000, "t": 601.67387}
{"r": -104, "l": 1000, "t": 613.068168}
{"r": 100, "l": 1000, "t": 625.061427}
{"r": -44, "l": 1000, "t": 636.581158}
{"r": -27, "l": 1000, "t": 648.162867}
{"r": 18, "l": 1000, "t": 659.741117}
{"r": -72, "l": 1000, "t": 671.482553}
{"r": -5, "l": 1000, "t": 683.391039}
{"r": 72, "l": 1000, "t": 695.182374}
{"r": -71, "l": 1000, "t": 707.083578}
{"r": 0, "l": 1000, "t": 718.959928}
{"r": 1, "l": 1000, "t": 731.191589}
{"r": 19, "l": 1000, "t": 743.021749}
{"r": 8, "l": 1000, "t": 755.160851}
{"r": 23, "l": 1000, "t": 766.970752}
{"r": 2, "l": 1000, "t": 778.892847}
{"r": 55, "l": 1000, "t": 790.660233}
{"r": 42, "l": 1000, "t": 802.520048}
{"r": -42, "l": 1000, "t": 814.159439}
{"r": 44, "l": 1000, "t": 826.262037}
{"r": 104, "l": 1000, "t": 838.29339}
{"r": -112, "l": 1000, "t": 850.241099}
{"r": -47, "l": 1000, "t": 862.381482}
{"r": -75, "l": 1000, "t": 874.579202}
{"r": 27, "l": 1000, "t": 886.600779}
{"r": -41, "l": 1000, "t": 898.919641}
{"r": -19, "l": 1000, "t": 911.310165}
{"r": -60, "l": 1000, "t": 923.02071}
{"r": 28, "l": 1000, "t": 934.923563}
{"r": -75, "l": 1000, "t": 946.69323}
{"r": 39, "l": 1000, "t": 959.209504}
{"r": 25, "l": 1000, "t": 971.10038}
{"r": 29, "l": 1000, "t": 983.640565}
{"r": -12, "l": 1000, "t": 996.010521}
{"r": 32, "l": 1000, "t": 1008.231395}
{"r": 14, "l": 1000, "t": 1020.600369}
{"r": -21, "l": 1000, "t": 1032.812769}
{"r": 2, "l": 1000, "t": 1045.141459}
{"r": -39, "l": 1000, "t": 1057.261503}
{"r": -69, "l": 1000, "t": 1069.013084}
{"r": 55, "l": 1000, "t": 1081.682733}
{"r": 36, "l": 1000, "t": 1094.601856}
{"r": -32, "l": 1000, "t": 1106.831235}
{"r": -22, "l": 1000, "t": 1119.082525}
{"r": 30, "l": 1000, "t": 1131.879572}
{"r": -27, "l": 1000, "t": 1145.223046}
{"r": 60, "l": 1000, "t": 1157.200873}
{"r": 18, "l": 1000, "t": 1169.62318}
{"r": 18, "l": 1000, "t": 1182.379415}
{"r": 61, "l": 1000, "t": 1194.941866}
{"r": -63, "l": 1000, "t": 1207.893745}
{"r": -43, "l": 1000, "t": 1220.651155}
{"r": -23, "l": 1000, "t": 1233.693995}
{"r": -36, "l": 1000, "t": 1246.733964}
{"r": 52, "l": 1000, "t": 1259.883924}
{"r": 30, "l": 1000, "t": 1272.982037}
{"r": 40, "l": 1000, "t": 1285.782775}
{"r": 50, "l": 1000, "t": 1298.892639}
{"r": 29, "l": 1000, "t": 1312.000546}
{"r": -20, "l": 1000, "t": 1324.231707}
{"r": 54, "l": 1000, "t": 1337.10236}
{"r": -13, "l": 1000, "t": 1350.300482}
{"r": -20, "l": 1000, "t": 1363.352647}
{"r": 71, "l": 1000, "t": 1376.112516}
{"r": -17, "l": 1000, "t": 1389.012151}
{"r": 101, "l": 1000, "t": 1401.790145}
{"r": -66, "l": 1000, "t": 1415.303853}
{"r": 61, "l": 1000, "t": 1428.30061}
{"r": -22, "l": 1000, "t": 1441.962122}
{"r": 42, "l": 1000, "t": 1455.043999}
{"r": 62, "l": 1000, "t": 1468.41945}
{"r": 23, "l": 1000, "t": 1481.450415}
{"r": -11, "l": 1000, "t": 1495.129373}
{"r": 17, "l": 1000, "t": 1508.260107}
{"r": 15, "l": 1000, "t": 1521.078398}
{"r": -34, "l": 1000, "t": 1534.340289}
{"r": 66, "l": 1000, "t": 1547.060745}
{"r": 9, "l": 1000, "t": 1560.650948}
{"r": -42, "l": 1000, "t": 1574.783571}
{"r": -63, "l": 1000, "t": 1588.121612}
{"r": 45, "l": 1000, "t": 1601.419337}
{"r": 100, "l": 1000, "t": 1614.561794}
{"r": 54, "l": 1000, "t": 1628.179562}
{"r": 10, "l": 1000, "t": 1641.821664}
{"r": 6, "l": 1000, "t": 1654.959409}
{"r": -42, "l": 1000, "t": 1667.380265}
{"r": -46, "l": 1000, "t": 1680.708927}
{"r": 42, "l": 1000, "t": 1694.561414}
{"r": -29, "l": 1000, "t": 1708.891051}
{"r": 5, "l": 1000, "t": 1722.233733}
{"r": -24, "l": 1000, "t": 1735.300175}
{"r": 51, "l": 1000, "t": 1749.101381}
{"r": -82, "l": 1000, "t": 1761.771473}
{"r": 116, "l": 1000, "t": 1775.531823}
{"r": -66, "l": 1000, "t": 1789.111491}
{"r": -68, "l": 1000, "t": 1803.30236}
{"r": -77, "l": 1000, "t": 1817.822481}
{"r": 8, "l": 1000, "t": 1831.561642}
{"r": 12, "l": 1000, "t": 1845.672541}
{"r": 6, "l": 1000, "t": 1859.488022}
{"r": 22, "l": 1000, "t": 1873.550383}
{"r": -48, "l": 1000, "t": 1887.660974}
{"r": -48, "l": 1000, "t": 1901.230083}
{"r": 86, "l": 1000, "t": 1915.330866}
{"r": -102, "l": 1000, "t": 1930.153091}
{"r": 32, "l": 1000, "t": 1944.074609}
{"r": -48, "l": 1000, "t": 1957.589148}
{"r": -16, "l": 1000, "t": 1970.984788}
{"r": 19, "l": 1000, "t": 1984.764644}
{"r": -35, "l": 1000, "t": 1998.720572}
{"r": 89, "l": 1000, "t": 2013.330382}
{"r": -42, "l": 1000, "t": 2027.961214}
{"r": -58, "l": 1000, "t": 2042.232629}
{"r": 37, "l": 1000, "t": 2056.891513}
{"r": 25, "l": 1000, "t": 2071.352499}
{"r": 66, "l": 1000, "t": 2085.500454}
{"r": -52, "l": 1000, "t": 2099.674126}
{"r": -32, "l": 1000, "t": 2113.962918}
{"r": 18, "l": 1000, "t": 2128.282079}
{"r": 112, "l": 1000, "t": 2142.322713}
{"r": 19, "l": 1000, "t": 2156.53994}
{"r": 91, "l": 1000, "t": 2170.209577}
{"r": 0, "l": 1000, "t": 2184.304239}
{"r": -36, "l": 1000, "t": 2198.980918}
{"r": 18, "l": 1000, "t": 2212.583477}
{"r": 13, "l": 1000, "t": 2226.670358}
{"r": -16, "l": 1000, "t": 2240.953467}
{"r": 37, "l": 1000, "t": 2254.261897}
{"r": 16, "l": 1000, "t": 2268.12049}
{"r": 20, "l": 1000, "t": 2282.893794}
{"r": 68, "l": 1000, "t": 2297.419506}
{"r": -39, "l": 1000, "t": 2311.572824}
{"r": 10, "l": 1000, "t": 2326.331587}
{"r": 16, "l": 1000, "t": 2341.232874}
{"r": 121, "l": 1000, "t": 2356.601226}
{"r": -60, "l": 1000, "t": 2371.189643}
{"r": -16, "l": 1000, "t": 2385.54021}
{"r": 7, "l": 1000, "t": 2400.491894}
{"r": -33, "l": 1000, "t": 2415.158406}
{"r": -100, "l": 1000, "t": 2429.999795}
{"r": -8, "l": 1000, "t": 2445.580788}
{"r": -38, "l": 1000, "t": 2459.418545}
{"r": 68, "l": 1000, "t": 2474.726341}
{"r": 31, "l": 1000, "t": 2489.430904}
{"r": 56, "l": 1000, "t": 2504.871217}
{"r": -78, "l": 1000, "t": 2519.354615}
{"r": -61, "l": 1000, "t": 2534.549539}
{"r": -20, "l": 1000, "t": 2548.641192}
{"r": 103, "l": 1000, "t": 2562.671501}
{"r": -47, "l": 1000, "t": 2578.132479}
{"r": 130,