{"t_start": 1516783461.6806626, "gym_version": "0.9.2", "env_id": "GridWorldNoFrameskip-v4"}
{"r": -52, "l": 1000, "t": 12.619943}
{"r": -47, "l": 1000, "t": 23.549363}
{"r": -19, "l": 1000, "t": 34.070352}
{"r": -65, "l": 1000, "t": 44.909715}
{"r": 7, "l": 1000, "t": 55.580132}
{"r": 15, "l": 1000, "t": 66.482078}
{"r": -80, "l": 1000, "t": 76.890114}
{"r": -74, "l": 1000, "t": 87.787224}
{"r": -24, "l": 1000, "t": 98.379682}
{"r": 9, "l": 1000, "t": 109.108935}
{"r": -15, "l": 1000, "t": 119.893175}
{"r": 1, "l": 1000, "t": 130.700436}
{"r": -97, "l": 1000, "t": 141.410209}
{"r": 42, "l": 1000, "t": 152.255698}
{"r": 61, "l": 1000, "t": 163.069264}
{"r": 36, "l": 1000, "t": 173.82887}
{"r": 19, "l": 1000, "t": 184.799028}
{"r": -15, "l": 1000, "t": 195.730151}
{"r": 55, "l": 1000, "t": 206.549632}
{"r": 30, "l": 1000, "t": 217.351034}
{"r": 3, "l": 1000, "t": 228.289742}
{"r": 34, "l": 1000, "t": 239.029993}
{"r": 7, "l": 1000, "t": 249.750154}
{"r": -45, "l": 1000, "t": 260.75144}
{"r": 107, "l": 1000, "t": 271.537344}
{"r": -96, "l": 1000, "t": 282.708718}
{"r": 10, "l": 1000, "t": 293.769387}
{"r": 4, "l": 1000, "t": 304.967882}
{"r": 0, "l": 1000, "t": 315.999508}
{"r": 16, "l": 1000, "t": 327.109811}
{"r": -54, "l": 1000, "t": 338.460875}
{"r": -30, "l": 1000, "t": 349.329489}
{"r": -25, "l": 1000, "t": 360.691509}
{"r": 48, "l": 1000, "t": 371.820596}
{"r": -53, "l": 1000, "t": 383.002346}
{"r": -3, "l": 1000, "t": 393.990165}
{"r": -46, "l": 1000, "t": 405.060638}
{"r": -30, "l": 1000, "t": 416.369006}
{"r": -31, "l": 1000, "t": 427.508729}
{"r": 100, "l": 1000, "t": 438.210167}
{"r": 76, "l": 1000, "t": 449.693114}
{"r": 7, "l": 1000, "t": 461.066843}
{"r": -24, "l": 1000, "t": 472.03003}
{"r": 24, "l": 1000, "t": 483.289093}
{"r": -2, "l": 1000, "t": 494.859994}
{"r": -43, "l": 1000, "t": 506.468612}
{"r": -3, "l": 1000, "t": 518.090371}
{"r": 97, "l": 1000, "t": 529.869308}
{"r": 75, "l": 1000, "t": 541.349235}
{"r": 58, "l": 1000, "t": 553.119574}
{"r": 42, "l": 1000, "t": 564.618912}
{"r": 2, "l": 1000, "t": 575.839446}
{"r": -6, "l": 1000, "t": 587.929092}
{"r": 61, "l": 1000, "t": 599.448867}
{"r": 30, "l": 1000, "t": 611.031656}
{"r": 54, "l": 1000, "t": 622.889671}
{"r": 7, "l": 1000, "t": 634.767525}
{"r": 0, "l": 1000, "t": 646.346727}
{"r": -3, "l": 1000, "t": 658.207326}
{"r": -93, "l": 1000, "t": 670.21874}
{"r": 2, "l": 1000, "t": 681.939936}
{"r": 99, "l": 1000, "t": 693.698815}
{"r": -51, "l": 1000, "t": 705.431141}
{"r": 5, "l": 1000, "t": 717.499342}
{"r": 42, "l": 1000, "t": 729.940759}
{"r": -26, "l": 1000, "t": 741.519896}
{"r": 21, "l": 1000, "t": 753.641455}
{"r": 98, "l": 1000, "t": 765.589748}
{"r": -42, "l": 1000, "t": 777.119749}
{"r": 89, "l": 1000, "t": 789.048362}
{"r": 43, "l": 1000, "t": 801.070286}
{"r": -68, "l": 1000, "t": 812.68816}
{"r": 12, "l": 1000, "t": 824.829751}
{"r": 69, "l": 1000, "t": 836.759386}
{"r": -62, "l": 1000, "t": 848.742842}
{"r": -90, "l": 1000, "t": 860.719697}
{"r": -20, "l": 1000, "t": 872.999409}
{"r": 26, "l": 1000, "t": 885.256919}
{"r": -54, "l": 1000, "t": 897.578075}
{"r": -55, "l": 1000, "t": 909.710102}
{"r": -105, "l": 1000, "t": 921.781778}
{"r": 21, "l": 1000, "t": 934.02943}
{"r": -42, "l": 1000, "t": 945.700953}
{"r": 32, "l": 1000, "t": 958.191863}
{"r": 28, "l": 1000, "t": 970.200215}
{"r": 16, "l": 1000, "t": 982.361282}
{"r": -41, "l": 1000, "t": 994.352146}
{"r": -96, "l": 1000, "t": 1006.683091}
{"r": 28, "l": 1000, "t": 1019.109712}
{"r": 9, "l": 1000, "t": 1031.692755}
{"r": 68, "l": 1000, "t": 1043.920212}
{"r": -48, "l": 1000, "t": 1056.110467}
{"r": 3, "l": 1000, "t": 1068.209}
{"r": 16, "l": 1000, "t": 1081.21081}
{"r": -34, "l": 1000, "t": 1093.781631}
{"r": 4, "l": 1000, "t": 1106.134371}
{"r": -26, "l": 1000, "t": 1118.479944}
{"r": 38, "l": 1000, "t": 1131.127379}
{"r": -23, "l": 1000, "t": 1143.712125}
{"r": 69, "l": 1000, "t": 1156.518936}
{"r": 27, "l": 1000, "t": 1168.890139}
{"r": 82, "l": 1000, "t": 1181.283189}
{"r": 46, "l": 1000, "t": 1194.250291}
{"r": -31, "l": 1000, "t": 1206.569227}
{"r": -13, "l": 1000, "t": 1219.228674}
{"r": -35, "l": 1000, "t": 1231.709752}
{"r": 47, "l": 1000, "t": 1244.527617}
{"r": 59, "l": 1000, "t": 1257.478781}
{"r": -39, "l": 1000, "t": 1270.701558}
{"r": 20, "l": 1000, "t": 1283.719651}
{"r": 24, "l": 1000, "t": 1296.379793}
{"r": 78, "l": 1000, "t": 1309.270166}
{"r": 71, "l": 1000, "t": 1322.158922}
{"r": 14, "l": 1000, "t": 1334.891771}
{"r": 23, "l": 1000, "t": 1347.969476}
{"r": -30, "l": 1000, "t": 1360.629267}
{"r": 24, "l": 1000, "t": 1374.065329}
{"r": -78, "l": 1000, "t": 1387.145832}
{"r": 45, "l": 1000, "t": 1400.119108}
{"r": 29, "l": 1000, "t": 1413.247327}
{"r": 32, "l": 1000, "t": 1425.889182}
{"r": 11, "l": 1000, "t": 1439.023083}
{"r": 70, "l": 1000, "t": 1452.609404}
{"r": 111, "l": 1000, "t": 1465.669252}
{"r": -19, "l": 1000, "t": 1478.749191}
{"r": 7, "l": 1000, "t": 1492.169227}
{"r": 26, "l": 1000, "t": 1505.399138}
{"r": 57, "l": 1000, "t": 1518.209521}
{"r": -61, "l": 1000, "t": 1531.301611}
{"r": 1, "l": 1000, "t": 1544.560823}
{"r": 70, "l": 1000, "t": 1557.99007}
{"r": -42, "l": 1000, "t": 1571.57875}
{"r": -38, "l": 1000, "t": 1585.389186}
{"r": 21, "l": 1000, "t": 1598.640063}
{"r": 116, "l": 1000, "t": 1611.959496}
{"r": 23, "l": 1000, "t": 1625.750143}
{"r": -63, "l": 1000, "t": 1639.35606}
{"r": -52, "l": 1000, "t": 1652.831378}
{"r": 17, "l": 1000, "t": 1665.370586}
{"r": -41, "l": 1000, "t": 1678.552675}
{"r": -5, "l": 1000, "t": 1692.170511}
{"r": -68, "l": 1000, "t": 1706.047687}
{"r": -23, "l": 1000, "t": 1719.949353}
{"r": 20, "l": 1000, "t": 1734.058915}
{"r": 23, "l": 1000, "t": 1746.86914}
{"r": -29, "l": 1000, "t": 1760.588152}
{"r": 105, "l": 1000, "t": 1774.45942}
{"r": -20, "l": 1000, "t": 1787.960495}
{"r": -29, "l": 1000, "t": 1801.779746}
{"r": -37, "l": 1000, "t": 1815.62196}
{"r": 13, "l": 1000, "t": 1829.330312}
{"r": -25, "l": 1000, "t": 1842.950541}
{"r": 95, "l": 1000, "t": 1857.17952}
{"r": -53, "l": 1000, "t": 1871.21553}
{"r": -39, "l": 1000, "t": 1886.070248}
{"r": -30, "l": 1000, "t": 1900.300741}
{"r": 30, "l": 1000, "t": 1913.992319}
{"r": -75, "l": 1000, "t": 1928.450749}
{"r": 26, "l": 1000, "t": 1942.911431}
{"r": -17, "l": 1000, "t": 1955.957742}
{"r": 10, "l": 1000, "t": 1969.480671}
{"r": -4, "l": 1000, "t": 1982.968586}
{"r": 51, "l": 1000, "t": 1996.5315}
{"r": -20, "l": 1000, "t": 2010.969746}
{"r": -88, "l": 1000, "t": 2025.478588}
{"r": -87, "l": 1000, "t": 2040.467615}
{"r": 33, "l": 1000, "t": 2054.812636}
{"r": 35, "l": 1000, "t": 2069.342434}
{"r": 49, "l": 1000, "t": 2083.579868}
{"r": -100, "l": 1000, "t": 2097.352472}
{"r": -10, "l": 1000, "t": 2111.749335}
{"r": 74, "l": 1000, "t": 2126.129119}
{"r": 45, "l": 1000, "t": 2140.746329}
{"r": 58, "l": 1000, "t": 2155.261886}
{"r": 39, "l": 1000, "t": 2169.670098}
{"r": -17, "l": 1000, "t": 2183.811571}
{"r": 14, "l": 1000, "t": 2198.158889}
{"r": 12, "l": 1000, "t": 2212.090074}
{"r": 83, "l": 1000, "t": 2225.9494}
{"r": 26, "l": 1000, "t": 2239.759527}
{"r": 72, "l": 1000, "t": 2254.209794}
{"r": 40, "l": 1000, "t": 2268.577995}
{"r": 64, "l": 1000, "t": 2283.830699}
{"r": 88, "l": 1000, "t": 2299.149774}
{"r": -5, "l": 1000, "t": 2313.360102}
{"r": -16, "l": 1000, "t": 2328.209504}
{"r": 11, "l": 1000, "t": 2342.310792}
{"r": 16, "l": 1000, "t": 2357.322329}
{"r": -47, "l": 1000, "t": 2371.209865}
{"r": 9, "l": 1000, "t": 2385.581194}
{"r": -14, "l": 1000, "t": 2400.531314}
{"r": 0, "l": 1000, "t": 2415.158018}
{"r": -37, "l": 1000, "t": 2429.908567}
{"r": -46, "l": 1000, "t": 2444.689179}
{"r": -56, "l": 1000, "t": 2459.416485}
{"r": 46, "l": 1000, "t": 2474.67153}
{"r": -2, "l": 1000, "t": 2490.069299}
{"r": 26, "l": 1000, "t": 2504.22016}
{"r": -104, "l": 1000, "t": 2519.353479}
{"r": -71, "l": 1000, "t": 2533.338005}
{"r": -25, "l": 1000, "t": 2548.710025}
{"r": 14, "l": 1000, "t": 2563.699883}
{"r": 68, "l": 1000, "t": 2578.778544}
{"r": 135, "l": 1000,