{"t_start": 1516783461.6891625, "gym_version": "0.9.2", "env_id": "GridWorldNoFrameskip-v4"}
{"r": -56, "l": 1000, "t": 12.971091}
{"r": -39, "l": 1000, "t": 23.627189}
{"r": 17, "l": 1000, "t": 34.441479}
{"r": -126, "l": 1000, "t": 44.930515}
{"r": -37, "l": 1000, "t": 55.891454}
{"r": -3, "l": 1000, "t": 66.474022}
{"r": -59, "l": 1000, "t": 77.306165}
{"r": -26, "l": 1000, "t": 88.121712}
{"r": -44, "l": 1000, "t": 98.690939}
{"r": 24, "l": 1000, "t": 109.700232}
{"r": -49, "l": 1000, "t": 120.339048}
{"r": -12, "l": 1000, "t": 131.052188}
{"r": -51, "l": 1000, "t": 141.749185}
{"r": 45, "l": 1000, "t": 152.552186}
{"r": 34, "l": 1000, "t": 163.723457}
{"r": 12, "l": 1000, "t": 174.570669}
{"r": 7, "l": 1000, "t": 185.670607}
{"r": 32, "l": 1000, "t": 196.740024}
{"r": 76, "l": 1000, "t": 207.572883}
{"r": 88, "l": 1000, "t": 218.211735}
{"r": -4, "l": 1000, "t": 228.928012}
{"r": 86, "l": 1000, "t": 239.523488}
{"r": -17, "l": 1000, "t": 250.701581}
{"r": -23, "l": 1000, "t": 261.403526}
{"r": 37, "l": 1000, "t": 272.731946}
{"r": -124, "l": 1000, "t": 283.801402}
{"r": 25, "l": 1000, "t": 294.972394}
{"r": -19, "l": 1000, "t": 306.039588}
{"r": 97, "l": 1000, "t": 317.081223}
{"r": 32, "l": 1000, "t": 328.486836}
{"r": -122, "l": 1000, "t": 339.790389}
{"r": -15, "l": 1000, "t": 350.882537}
{"r": -60, "l": 1000, "t": 362.111005}
{"r": -61, "l": 1000, "t": 373.570988}
{"r": 52, "l": 1000, "t": 384.653167}
{"r": 54, "l": 1000, "t": 395.581227}
{"r": 68, "l": 1000, "t": 406.863072}
{"r": -34, "l": 1000, "t": 417.574334}
{"r": -44, "l": 1000, "t": 429.123892}
{"r": 103, "l": 1000, "t": 440.331026}
{"r": 49, "l": 1000, "t": 451.511444}
{"r": -36, "l": 1000, "t": 462.553656}
{"r": 96, "l": 1000, "t": 473.751143}
{"r": 95, "l": 1000, "t": 485.112575}
{"r": -22, "l": 1000, "t": 496.357986}
{"r": -55, "l": 1000, "t": 507.961733}
{"r": -46, "l": 1000, "t": 519.583401}
{"r": 2, "l": 1000, "t": 530.982221}
{"r": 9, "l": 1000, "t": 543.03148}
{"r": -13, "l": 1000, "t": 553.981972}
{"r": -27, "l": 1000, "t": 565.480559}
{"r": 8, "l": 1000, "t": 577.187773}
{"r": -11, "l": 1000, "t": 588.89278}
{"r": 30, "l": 1000, "t": 600.492268}
{"r": 48, "l": 1000, "t": 611.933751}
{"r": 44, "l": 1000, "t": 623.530998}
{"r": -8, "l": 1000, "t": 635.114744}
{"r": -13, "l": 1000, "t": 646.802844}
{"r": 5, "l": 1000, "t": 658.532674}
{"r": -89, "l": 1000, "t": 670.259944}
{"r": -54, "l": 1000, "t": 681.95215}
{"r": 75, "l": 1000, "t": 693.69089}
{"r": -51, "l": 1000, "t": 705.854558}
{"r": -12, "l": 1000, "t": 717.442133}
{"r": 14, "l": 1000, "t": 729.151159}
{"r": -17, "l": 1000, "t": 740.751724}
{"r": 40, "l": 1000, "t": 753.170241}
{"r": 83, "l": 1000, "t": 764.961498}
{"r": -47, "l": 1000, "t": 776.562113}
{"r": 40, "l": 1000, "t": 788.511121}
{"r": 40, "l": 1000, "t": 799.791028}
{"r": -5, "l": 1000, "t": 811.773013}
{"r": 22, "l": 1000, "t": 823.440182}
{"r": 6, "l": 1000, "t": 835.921194}
{"r": -99, "l": 1000, "t": 847.839601}
{"r": 22, "l": 1000, "t": 859.80171}
{"r": -18, "l": 1000, "t": 872.101074}
{"r": 41, "l": 1000, "t": 884.250967}
{"r": -102, "l": 1000, "t": 896.147161}
{"r": -83, "l": 1000, "t": 908.403558}
{"r": -80, "l": 1000, "t": 920.432883}
{"r": -19, "l": 1000, "t": 932.492501}
{"r": -68, "l": 1000, "t": 944.300484}
{"r": -66, "l": 1000, "t": 956.519754}
{"r": -23, "l": 1000, "t": 968.553831}
{"r": 41, "l": 1000, "t": 980.669144}
{"r": 68, "l": 1000, "t": 992.971441}
{"r": -23, "l": 1000, "t": 1005.591464}
{"r": 32, "l": 1000, "t": 1018.24106}
{"r": 23, "l": 1000, "t": 1030.520688}
{"r": -1, "l": 1000, "t": 1043.054457}
{"r": -41, "l": 1000, "t": 1055.166511}
{"r": -12, "l": 1000, "t": 1067.301108}
{"r": -36, "l": 1000, "t": 1079.970817}
{"r": 14, "l": 1000, "t": 1092.40428}
{"r": 44, "l": 1000, "t": 1105.243462}
{"r": 49, "l": 1000, "t": 1117.421537}
{"r": 73, "l": 1000, "t": 1129.961931}
{"r": -16, "l": 1000, "t": 1142.750816}
{"r": -18, "l": 1000, "t": 1155.512531}
{"r": 34, "l": 1000, "t": 1168.286475}
{"r": 24, "l": 1000, "t": 1180.922246}
{"r": 26, "l": 1000, "t": 1193.608682}
{"r": -25, "l": 1000, "t": 1206.070847}
{"r": -25, "l": 1000, "t": 1218.773587}
{"r": -30, "l": 1000, "t": 1231.729086}
{"r": 43, "l": 1000, "t": 1245.013371}
{"r": 9, "l": 1000, "t": 1257.93577}
{"r": -11, "l": 1000, "t": 1270.721198}
{"r": -41, "l": 1000, "t": 1283.682015}
{"r": -2, "l": 1000, "t": 1296.392154}
{"r": -1, "l": 1000, "t": 1309.761034}
{"r": 15, "l": 1000, "t": 1322.681844}
{"r": 13, "l": 1000, "t": 1335.31326}
{"r": 25, "l": 1000, "t": 1348.440559}
{"r": -21, "l": 1000, "t": 1361.491912}
{"r": 58, "l": 1000, "t": 1374.811021}
{"r": -28, "l": 1000, "t": 1387.751882}
{"r": 14, "l": 1000, "t": 1400.931409}
{"r": -28, "l": 1000, "t": 1414.420405}
{"r": 30, "l": 1000, "t": 1427.241876}
{"r": -55, "l": 1000, "t": 1440.453973}
{"r": 39, "l": 1000, "t": 1453.684698}
{"r": 116, "l": 1000, "t": 1467.132301}
{"r": -35, "l": 1000, "t": 1480.464003}
{"r": -5, "l": 1000, "t": 1493.723788}
{"r": 4, "l": 1000, "t": 1506.899857}
{"r": 23, "l": 1000, "t": 1520.011168}
{"r": -24, "l": 1000, "t": 1533.459965}
{"r": 83, "l": 1000, "t": 1546.401598}
{"r": -2, "l": 1000, "t": 1560.011248}
{"r": -42, "l": 1000, "t": 1573.730567}
{"r": 7, "l": 1000, "t": 1587.35135}
{"r": -2, "l": 1000, "t": 1600.739615}
{"r": 58, "l": 1000, "t": 1614.503538}
{"r": 90, "l": 1000, "t": 1628.16902}
{"r": -61, "l": 1000, "t": 1641.789651}
{"r": -66, "l": 1000, "t": 1655.361037}
{"r": -24, "l": 1000, "t": 1667.45679}
{"r": -12, "l": 1000, "t": 1681.638737}
{"r": 31, "l": 1000, "t": 1695.110526}
{"r": -41, "l": 1000, "t": 1709.51102}
{"r": 62, "l": 1000, "t": 1722.950539}
{"r": -2, "l": 1000, "t": 1736.280488}
{"r": 12, "l": 1000, "t": 1749.611297}
{"r": -96, "l": 1000, "t": 1763.620938}
{"r": 41, "l": 1000, "t": 1777.332631}
{"r": -14, "l": 1000, "t": 1791.033709}
{"r": -37, "l": 1000, "t": 1804.830554}
{"r": -51, "l": 1000, "t": 1818.380373}
{"r": 21, "l": 1000, "t": 1832.109858}
{"r": 35, "l": 1000, "t": 1845.70975}
{"r": -22, "l": 1000, "t": 1859.543313}
{"r": 59, "l": 1000, "t": 1873.590828}
{"r": -13, "l": 1000, "t": 1887.751689}
{"r": 10, "l": 1000, "t": 1901.940151}
{"r": 56, "l": 1000, "t": 1915.291736}
{"r": -29, "l": 1000, "t": 1930.143327}
{"r": 56, "l": 1000, "t": 1944.095908}
{"r": -22, "l": 1000, "t": 1957.551902}
{"r": 54, "l": 1000, "t": 1971.634108}
{"r": 0, "l": 1000, "t": 1984.861763}
{"r": 10, "l": 1000, "t": 1999.363776}
{"r": 91, "l": 1000, "t": 2013.389867}
{"r": 8, "l": 1000, "t": 2028.841791}
{"r": -67, "l": 1000, "t": 2043.373374}
{"r": -9, "l": 1000, "t": 2057.511289}
{"r": -6, "l": 1000, "t": 2071.221629}
{"r": -16, "l": 1000, "t": 2085.031341}
{"r": -18, "l": 1000, "t": 2098.49169}
{"r": -22, "l": 1000, "t": 2113.250618}
{"r": 99, "l": 1000, "t": 2127.362465}
{"r": 53, "l": 1000, "t": 2141.341718}
{"r": 30, "l": 1000, "t": 2156.50692}
{"r": 43, "l": 1000, "t": 2170.221995}
{"r": 4, "l": 1000, "t": 2184.990689}
{"r": -112, "l": 1000, "t": 2198.992589}
{"r": -18, "l": 1000, "t": 2212.629771}
{"r": 58, "l": 1000, "t": 2227.392422}
{"r": -21, "l": 1000, "t": 2240.970591}
{"r": 52, "l": 1000, "t": 2254.911658}
{"r": -3, "l": 1000, "t": 2269.811442}
{"r": -19, "l": 1000, "t": 2283.88898}
{"r": -32, "l": 1000, "t": 2298.351934}
{"r": -9, "l": 1000, "t": 2312.241442}
{"r": 2, "l": 1000, "t": 2327.269099}
{"r": 27, "l": 1000, "t": 2340.319459}
{"r": 73, "l": 1000, "t": 2354.681557}
{"r": -13, "l": 1000, "t": 2368.779157}
{"r": -6, "l": 1000, "t": 2383.601814}
{"r": -3, "l": 1000, "t": 2397.843279}
{"r": 0, "l": 1000, "t": 2412.060958}
{"r": -84, "l": 1000, "t": 2427.431993}
{"r": -46, "l": 1000, "t": 2442.329716}
{"r": 11, "l": 1000, "t": 2457.540665}
{"r": -10, "l": 1000, "t": 2472.79161}
{"r": 80, "l": 1000, "t": 2486.530015}
{"r": -18, "l": 1000, "t": 2501.651319}
{"r": -32, "l": 1000, "t": 2516.053373}
{"r": -56, "l": 1000, "t": 2530.799044}
{"r": -28, "l": 1000, "t": 2544.993596}
{"r": 54, "l": 1000, "t": 2559.501525}
{"r": 65, "l": 1000, "t": 2574.261965}
{"r": 83, "l": 1000,