{"t_start": 1516783461.690358, "gym_version": "0.9.2", "env_id": "GridWorldNoFrameskip-v4"}
{"r": -23, "l": 1000, "t": 12.939108}
{"r": -53, "l": 1000, "t": 23.99277}
{"r": 8, "l": 1000, "t": 34.703446}
{"r": -61, "l": 1000, "t": 44.979282}
{"r": -89, "l": 1000, "t": 55.592392}
{"r": 54, "l": 1000, "t": 66.132343}
{"r": -44, "l": 1000, "t": 76.858979}
{"r": -49, "l": 1000, "t": 87.800283}
{"r": 42, "l": 1000, "t": 98.61254}
{"r": -6, "l": 1000, "t": 109.630312}
{"r": -24, "l": 1000, "t": 120.59259}
{"r": -47, "l": 1000, "t": 131.381032}
{"r": -18, "l": 1000, "t": 142.430828}
{"r": -19, "l": 1000, "t": 153.320777}
{"r": 64, "l": 1000, "t": 163.818554}
{"r": -15, "l": 1000, "t": 175.04004}
{"r": -30, "l": 1000, "t": 186.029239}
{"r": -11, "l": 1000, "t": 196.460924}
{"r": 91, "l": 1000, "t": 207.302564}
{"r": 96, "l": 1000, "t": 218.010037}
{"r": 4, "l": 1000, "t": 228.672374}
{"r": 108, "l": 1000, "t": 239.522125}
{"r": 27, "l": 1000, "t": 250.350671}
{"r": -41, "l": 1000, "t": 261.403044}
{"r": 16, "l": 1000, "t": 272.343536}
{"r": -83, "l": 1000, "t": 283.401607}
{"r": 43, "l": 1000, "t": 294.360401}
{"r": 16, "l": 1000, "t": 304.980259}
{"r": -39, "l": 1000, "t": 315.990219}
{"r": 58, "l": 1000, "t": 327.100493}
{"r": -50, "l": 1000, "t": 337.950392}
{"r": -9, "l": 1000, "t": 349.013544}
{"r": -47, "l": 1000, "t": 360.250326}
{"r": -3, "l": 1000, "t": 371.500493}
{"r": -54, "l": 1000, "t": 382.750931}
{"r": 0, "l": 1000, "t": 394.23199}
{"r": 1, "l": 1000, "t": 405.34014}
{"r": -14, "l": 1000, "t": 416.38961}
{"r": -18, "l": 1000, "t": 427.528305}
{"r": 30, "l": 1000, "t": 438.471722}
{"r": 58, "l": 1000, "t": 449.949201}
{"r": 3, "l": 1000, "t": 461.101053}
{"r": -28, "l": 1000, "t": 472.522733}
{"r": 68, "l": 1000, "t": 483.809295}
{"r": -4, "l": 1000, "t": 495.34228}
{"r": -61, "l": 1000, "t": 506.947713}
{"r": 32, "l": 1000, "t": 518.461351}
{"r": 82, "l": 1000, "t": 530.120947}
{"r": 66, "l": 1000, "t": 541.710803}
{"r": 88, "l": 1000, "t": 552.758945}
{"r": 73, "l": 1000, "t": 564.248567}
{"r": -36, "l": 1000, "t": 575.802745}
{"r": 24, "l": 1000, "t": 587.487639}
{"r": 54, "l": 1000, "t": 599.388975}
{"r": 1, "l": 1000, "t": 610.679952}
{"r": 78, "l": 1000, "t": 622.609636}
{"r": 0, "l": 1000, "t": 634.462258}
{"r": 34, "l": 1000, "t": 646.040343}
{"r": 8, "l": 1000, "t": 657.89038}
{"r": -47, "l": 1000, "t": 669.70911}
{"r": 23, "l": 1000, "t": 681.442753}
{"r": 37, "l": 1000, "t": 693.361499}
{"r": 34, "l": 1000, "t": 705.320243}
{"r": 18, "l": 1000, "t": 717.148364}
{"r": 55, "l": 1000, "t": 729.527179}
{"r": -33, "l": 1000, "t": 741.20242}
{"r": 62, "l": 1000, "t": 753.262902}
{"r": 53, "l": 1000, "t": 765.362298}
{"r": 23, "l": 1000, "t": 777.171814}
{"r": 73, "l": 1000, "t": 789.081575}
{"r": -35, "l": 1000, "t": 800.659953}
{"r": -12, "l": 1000, "t": 812.778846}
{"r": 72, "l": 1000, "t": 825.200225}
{"r": 32, "l": 1000, "t": 837.181406}
{"r": -73, "l": 1000, "t": 848.799992}
{"r": -25, "l": 1000, "t": 860.738526}
{"r": -68, "l": 1000, "t": 873.499671}
{"r": 0, "l": 1000, "t": 886.002046}
{"r": -57, "l": 1000, "t": 898.460918}
{"r": -19, "l": 1000, "t": 910.527265}
{"r": -65, "l": 1000, "t": 922.180434}
{"r": 6, "l": 1000, "t": 934.089708}
{"r": -94, "l": 1000, "t": 946.139829}
{"r": -10, "l": 1000, "t": 958.259725}
{"r": -1, "l": 1000, "t": 970.280346}
{"r": 19, "l": 1000, "t": 982.821502}
{"r": -33, "l": 1000, "t": 995.408422}
{"r": 33, "l": 1000, "t": 1007.828785}
{"r": 70, "l": 1000, "t": 1019.939008}
{"r": -4, "l": 1000, "t": 1032.161978}
{"r": 77, "l": 1000, "t": 1044.729981}
{"r": 6, "l": 1000, "t": 1057.278613}
{"r": 28, "l": 1000, "t": 1069.002294}
{"r": -7, "l": 1000, "t": 1082.050729}
{"r": 46, "l": 1000, "t": 1094.620113}
{"r": -53, "l": 1000, "t": 1106.819577}
{"r": -7, "l": 1000, "t": 1119.539391}
{"r": 20, "l": 1000, "t": 1131.848956}
{"r": -1, "l": 1000, "t": 1144.4223}
{"r": 23, "l": 1000, "t": 1157.21048}
{"r": -5, "l": 1000, "t": 1169.639762}
{"r": -3, "l": 1000, "t": 1182.368216}
{"r": 28, "l": 1000, "t": 1194.930754}
{"r": -3, "l": 1000, "t": 1207.950407}
{"r": 12, "l": 1000, "t": 1221.030232}
{"r": -23, "l": 1000, "t": 1233.317456}
{"r": -12, "l": 1000, "t": 1246.723315}
{"r": 21, "l": 1000, "t": 1259.876863}
{"r": 17, "l": 1000, "t": 1273.000233}
{"r": 66, "l": 1000, "t": 1286.192475}
{"r": 6, "l": 1000, "t": 1298.909896}
{"r": 63, "l": 1000, "t": 1312.334544}
{"r": -12, "l": 1000, "t": 1324.848743}
{"r": 45, "l": 1000, "t": 1337.801261}
{"r": -59, "l": 1000, "t": 1351.270543}
{"r": -33, "l": 1000, "t": 1364.352623}
{"r": 78, "l": 1000, "t": 1377.819893}
{"r": -50, "l": 1000, "t": 1391.071386}
{"r": 77, "l": 1000, "t": 1404.270809}
{"r": -51, "l": 1000, "t": 1417.220158}
{"r": -34, "l": 1000, "t": 1430.5342}
{"r": 43, "l": 1000, "t": 1443.75204}
{"r": 8, "l": 1000, "t": 1456.943418}
{"r": 32, "l": 1000, "t": 1470.1215}
{"r": 9, "l": 1000, "t": 1483.320712}
{"r": -109, "l": 1000, "t": 1496.410937}
{"r": -36, "l": 1000, "t": 1509.279985}
{"r": 31, "l": 1000, "t": 1522.500687}
{"r": -63, "l": 1000, "t": 1535.430592}
{"r": 59, "l": 1000, "t": 1548.873501}
{"r": -2, "l": 1000, "t": 1562.311582}
{"r": -42, "l": 1000, "t": 1575.83779}
{"r": 25, "l": 1000, "t": 1589.07108}
{"r": -14, "l": 1000, "t": 1602.05185}
{"r": 59, "l": 1000, "t": 1615.928874}
{"r": 46, "l": 1000, "t": 1629.623559}
{"r": -66, "l": 1000, "t": 1642.778824}
{"r": -2, "l": 1000, "t": 1655.918748}
{"r": -45, "l": 1000, "t": 1668.468596}
{"r": -21, "l": 1000, "t": 1681.70059}
{"r": 26, "l": 1000, "t": 1695.681677}
{"r": 4, "l": 1000, "t": 1709.482602}
{"r": 88, "l": 1000, "t": 1722.90117}
{"r": 76, "l": 1000, "t": 1736.88104}
{"r": 38, "l": 1000, "t": 1750.190968}
{"r": -106, "l": 1000, "t": 1763.590108}
{"r": 115, "l": 1000, "t": 1776.607258}
{"r": -42, "l": 1000, "t": 1790.560926}
{"r": -24, "l": 1000, "t": 1804.050694}
{"r": -58, "l": 1000, "t": 1818.349915}
{"r": 44, "l": 1000, "t": 1832.087494}
{"r": -37, "l": 1000, "t": 1845.751503}
{"r": 17, "l": 1000, "t": 1860.279596}
{"r": 52, "l": 1000, "t": 1873.640436}
{"r": 0, "l": 1000, "t": 1888.447044}
{"r": 46, "l": 1000, "t": 1902.560269}
{"r": 77, "l": 1000, "t": 1916.278505}
{"r": -34, "l": 1000, "t": 1930.808687}
{"r": 59, "l": 1000, "t": 1944.849263}
{"r": -7, "l": 1000, "t": 1958.590459}
{"r": -2, "l": 1000, "t": 1971.678847}
{"r": -74, "l": 1000, "t": 1984.860703}
{"r": -26, "l": 1000, "t": 1999.452473}
{"r": 86, "l": 1000, "t": 2013.388968}
{"r": -101, "l": 1000, "t": 2028.000337}
{"r": -17, "l": 1000, "t": 2043.328037}
{"r": 2, "l": 1000, "t": 2057.557356}
{"r": 10, "l": 1000, "t": 2072.053161}
{"r": -51, "l": 1000, "t": 2086.386899}
{"r": -81, "l": 1000, "t": 2099.752255}
{"r": -17, "l": 1000, "t": 2114.491142}
{"r": 80, "l": 1000, "t": 2129.130214}
{"r": 71, "l": 1000, "t": 2143.067695}
{"r": 52, "l": 1000, "t": 2157.508643}
{"r": 41, "l": 1000, "t": 2172.202423}
{"r": -5, "l": 1000, "t": 2186.222107}
{"r": 15, "l": 1000, "t": 2200.140639}
{"r": -36, "l": 1000, "t": 2213.73998}
{"r": 21, "l": 1000, "t": 2227.482458}
{"r": -1, "l": 1000, "t": 2240.99236}
{"r": 104, "l": 1000, "t": 2254.910681}
{"r": 52, "l": 1000, "t": 2268.568268}
{"r": -20, "l": 1000, "t": 2282.508738}
{"r": -23, "l": 1000, "t": 2297.470004}
{"r": -18, "l": 1000, "t": 2311.582458}
{"r": -33, "l": 1000, "t": 2325.58279}
{"r": -39, "l": 1000, "t": 2340.290932}
{"r": 69, "l": 1000, "t": 2354.680151}
{"r": -12, "l": 1000, "t": 2369.560986}
{"r": 26, "l": 1000, "t": 2383.62835}
{"r": 9, "l": 1000, "t": 2397.820431}
{"r": -11, "l": 1000, "t": 2412.920348}
{"r": -2, "l": 1000, "t": 2428.459195}
{"r": -54, "l": 1000, "t": 2442.328651}
{"r": 36, "l": 1000, "t": 2456.850458}
{"r": 3, "l": 1000, "t": 2471.33814}
{"r": 72, "l": 1000, "t": 2486.480128}
{"r": 22, "l": 1000, "t": 2502.110099}
{"r": -50, "l": 1000, "t": 2516.820011}
{"r": -40, "l": 1000, "t": 2531.499646}
{"r": -15, "l": 1000, "t": 2546.150565}
{"r": 54, "l": 1000, "t": 2560.888637}
{"r": -30, "l": 1000, "t": 2575.721362}
{"r": 98, "l": 1000, "t": 2591.278318}
{"r": -28,