{"t_start": 1516783461.697063, "gym_version": "0.9.2", "env_id": "GridWorldNoFrameskip-v4"}
{"r": 19, "l": 1000, "t": 12.933599}
{"r": -57, "l": 1000, "t": 23.563318}
{"r": -18, "l": 1000, "t": 33.984566}
{"r": -92, "l": 1000, "t": 44.525615}
{"r": -90, "l": 1000, "t": 55.052947}
{"r": 84, "l": 1000, "t": 65.85494}
{"r": -104, "l": 1000, "t": 76.604337}
{"r": -23, "l": 1000, "t": 87.51405}
{"r": -57, "l": 1000, "t": 98.391173}
{"r": -2, "l": 1000, "t": 109.273454}
{"r": -41, "l": 1000, "t": 119.944362}
{"r": 9, "l": 1000, "t": 130.605463}
{"r": -78, "l": 1000, "t": 141.343395}
{"r": 44, "l": 1000, "t": 152.544372}
{"r": 63, "l": 1000, "t": 163.126839}
{"r": 56, "l": 1000, "t": 174.324464}
{"r": 29, "l": 1000, "t": 185.315724}
{"r": 54, "l": 1000, "t": 196.112601}
{"r": 108, "l": 1000, "t": 206.91348}
{"r": 92, "l": 1000, "t": 217.602798}
{"r": 5, "l": 1000, "t": 228.273319}
{"r": 21, "l": 1000, "t": 239.083534}
{"r": -44, "l": 1000, "t": 249.955837}
{"r": -65, "l": 1000, "t": 260.826025}
{"r": 86, "l": 1000, "t": 271.803704}
{"r": -75, "l": 1000, "t": 282.755053}
{"r": -24, "l": 1000, "t": 293.752931}
{"r": 11, "l": 1000, "t": 304.924457}
{"r": -10, "l": 1000, "t": 315.936088}
{"r": 5, "l": 1000, "t": 327.163471}
{"r": -58, "l": 1000, "t": 338.225398}
{"r": -38, "l": 1000, "t": 349.591692}
{"r": -58, "l": 1000, "t": 360.973034}
{"r": 67, "l": 1000, "t": 372.103621}
{"r": -58, "l": 1000, "t": 383.30593}
{"r": -12, "l": 1000, "t": 394.704927}
{"r": 39, "l": 1000, "t": 405.873345}
{"r": -5, "l": 1000, "t": 416.876114}
{"r": -20, "l": 1000, "t": 428.031599}
{"r": 25, "l": 1000, "t": 439.052883}
{"r": 54, "l": 1000, "t": 450.496}
{"r": 4, "l": 1000, "t": 461.972321}
{"r": 91, "l": 1000, "t": 473.15419}
{"r": 102, "l": 1000, "t": 484.720411}
{"r": -14, "l": 1000, "t": 495.993496}
{"r": -47, "l": 1000, "t": 507.616034}
{"r": -17, "l": 1000, "t": 519.263041}
{"r": 29, "l": 1000, "t": 530.945171}
{"r": 39, "l": 1000, "t": 542.63407}
{"r": 81, "l": 1000, "t": 553.931883}
{"r": 76, "l": 1000, "t": 565.472964}
{"r": -80, "l": 1000, "t": 576.809507}
{"r": 12, "l": 1000, "t": 588.514916}
{"r": 28, "l": 1000, "t": 600.14712}
{"r": 16, "l": 1000, "t": 611.88256}
{"r": 74, "l": 1000, "t": 623.592829}
{"r": -35, "l": 1000, "t": 635.467531}
{"r": -10, "l": 1000, "t": 646.843025}
{"r": -20, "l": 1000, "t": 658.82369}
{"r": -49, "l": 1000, "t": 670.632803}
{"r": -14, "l": 1000, "t": 682.835897}
{"r": 19, "l": 1000, "t": 694.401748}
{"r": 36, "l": 1000, "t": 706.264555}
{"r": 15, "l": 1000, "t": 718.003824}
{"r": 61, "l": 1000, "t": 729.944704}
{"r": -9, "l": 1000, "t": 741.531541}
{"r": -2, "l": 1000, "t": 754.012925}
{"r": 84, "l": 1000, "t": 766.003235}
{"r": -56, "l": 1000, "t": 777.663964}
{"r": 91, "l": 1000, "t": 789.096363}
{"r": 54, "l": 1000, "t": 800.653111}
{"r": -33, "l": 1000, "t": 812.772097}
{"r": 3, "l": 1000, "t": 825.28301}
{"r": 74, "l": 1000, "t": 837.174695}
{"r": -58, "l": 1000, "t": 849.324043}
{"r": -33, "l": 1000, "t": 861.292793}
{"r": -51, "l": 1000, "t": 873.492384}
{"r": 29, "l": 1000, "t": 885.624283}
{"r": -73, "l": 1000, "t": 898.032849}
{"r": -81, "l": 1000, "t": 910.496288}
{"r": -89, "l": 1000, "t": 922.203398}
{"r": 5, "l": 1000, "t": 934.467801}
{"r": -114, "l": 1000, "t": 946.182961}
{"r": 41, "l": 1000, "t": 958.783106}
{"r": -2, "l": 1000, "t": 971.033737}
{"r": 47, "l": 1000, "t": 983.191482}
{"r": -29, "l": 1000, "t": 995.431694}
{"r": -29, "l": 1000, "t": 1008.191497}
{"r": 55, "l": 1000, "t": 1020.655614}
{"r": -9, "l": 1000, "t": 1032.863954}
{"r": -14, "l": 1000, "t": 1045.573525}
{"r": -17, "l": 1000, "t": 1057.763367}
{"r": 29, "l": 1000, "t": 1069.555267}
{"r": 19, "l": 1000, "t": 1082.131875}
{"r": -53, "l": 1000, "t": 1095.113749}
{"r": -52, "l": 1000, "t": 1107.743208}
{"r": -62, "l": 1000, "t": 1120.072657}
{"r": 39, "l": 1000, "t": 1132.60189}
{"r": -60, "l": 1000, "t": 1145.259891}
{"r": -45, "l": 1000, "t": 1158.082958}
{"r": -4, "l": 1000, "t": 1170.731199}
{"r": 34, "l": 1000, "t": 1183.320789}
{"r": 48, "l": 1000, "t": 1196.004015}
{"r": 4, "l": 1000, "t": 1208.644163}
{"r": -57, "l": 1000, "t": 1221.513377}
{"r": -39, "l": 1000, "t": 1234.301124}
{"r": -4, "l": 1000, "t": 1247.175718}
{"r": 16, "l": 1000, "t": 1260.673182}
{"r": 22, "l": 1000, "t": 1273.422539}
{"r": 69, "l": 1000, "t": 1285.764139}
{"r": -22, "l": 1000, "t": 1298.393192}
{"r": -24, "l": 1000, "t": 1311.544297}
{"r": -32, "l": 1000, "t": 1324.263604}
{"r": 48, "l": 1000, "t": 1337.084577}
{"r": -66, "l": 1000, "t": 1350.80802}
{"r": 49, "l": 1000, "t": 1363.88136}
{"r": 79, "l": 1000, "t": 1376.711261}
{"r": 15, "l": 1000, "t": 1390.063015}
{"r": 81, "l": 1000, "t": 1403.06286}
{"r": -28, "l": 1000, "t": 1416.418892}
{"r": 30, "l": 1000, "t": 1429.315886}
{"r": 3, "l": 1000, "t": 1442.385972}
{"r": 38, "l": 1000, "t": 1455.652627}
{"r": 89, "l": 1000, "t": 1468.423895}
{"r": -2, "l": 1000, "t": 1481.454805}
{"r": -22, "l": 1000, "t": 1495.055254}
{"r": -53, "l": 1000, "t": 1508.194699}
{"r": 50, "l": 1000, "t": 1521.427074}
{"r": -89, "l": 1000, "t": 1535.353679}
{"r": 72, "l": 1000, "t": 1548.866539}
{"r": -2, "l": 1000, "t": 1562.753934}
{"r": -42, "l": 1000, "t": 1576.422107}
{"r": 12, "l": 1000, "t": 1589.922567}
{"r": 12, "l": 1000, "t": 1603.312329}
{"r": -4, "l": 1000, "t": 1616.583655}
{"r": -2, "l": 1000, "t": 1630.284003}
{"r": -59, "l": 1000, "t": 1643.482749}
{"r": 25, "l": 1000, "t": 1656.901315}
{"r": 5, "l": 1000, "t": 1669.895403}
{"r": -9, "l": 1000, "t": 1683.725934}
{"r": 49, "l": 1000, "t": 1697.677094}
{"r": 6, "l": 1000, "t": 1711.544939}
{"r": 93, "l": 1000, "t": 1725.236762}
{"r": 20, "l": 1000, "t": 1738.952091}
{"r": -16, "l": 1000, "t": 1752.371483}
{"r": -128, "l": 1000, "t": 1765.744242}
{"r": 26, "l": 1000, "t": 1779.554371}
{"r": 40, "l": 1000, "t": 1792.913067}
{"r": -19, "l": 1000, "t": 1807.001401}
{"r": -21, "l": 1000, "t": 1820.741928}
{"r": 111, "l": 1000, "t": 1834.613486}
{"r": 26, "l": 1000, "t": 1848.499001}
{"r": 11, "l": 1000, "t": 1862.361572}
{"r": -8, "l": 1000, "t": 1876.785879}
{"r": -38, "l": 1000, "t": 1890.893384}
{"r": -38, "l": 1000, "t": 1904.404776}
{"r": 118, "l": 1000, "t": 1918.553399}
{"r": -26, "l": 1000, "t": 1933.195815}
{"r": 121, "l": 1000, "t": 1946.953439}
{"r": 53, "l": 1000, "t": 1961.106416}
{"r": 28, "l": 1000, "t": 1974.741147}
{"r": -8, "l": 1000, "t": 1988.513968}
{"r": 6, "l": 1000, "t": 2003.072776}
{"r": 13, "l": 1000, "t": 2017.500984}
{"r": -52, "l": 1000, "t": 2032.425129}
{"r": -107, "l": 1000, "t": 2046.904523}
{"r": 17, "l": 1000, "t": 2061.135235}
{"r": -17, "l": 1000, "t": 2075.409101}
{"r": 80, "l": 1000, "t": 2089.103971}
{"r": -67, "l": 1000, "t": 2103.104373}
{"r": -75, "l": 1000, "t": 2117.613067}
{"r": 7, "l": 1000, "t": 2132.02756}
{"r": 19, "l": 1000, "t": 2146.909456}
{"r": -32, "l": 1000, "t": 2161.275924}
{"r": -66, "l": 1000, "t": 2175.306675}
{"r": -12, "l": 1000, "t": 2189.631905}
{"r": -7, "l": 1000, "t": 2203.376251}
{"r": -31, "l": 1000, "t": 2217.624595}
{"r": 106, "l": 1000, "t": 2231.619129}
{"r": 51, "l": 1000, "t": 2245.567053}
{"r": -25, "l": 1000, "t": 2259.833699}
{"r": -91, "l": 1000, "t": 2273.893477}
{"r": -27, "l": 1000, "t": 2288.307661}
{"r": -19, "l": 1000, "t": 2302.764347}
{"r": -93, "l": 1000, "t": 2317.052887}
{"r": -49, "l": 1000, "t": 2331.473454}
{"r": -8, "l": 1000, "t": 2345.982976}
{"r": 95, "l": 1000, "t": 2360.212413}
{"r": -87, "l": 1000, "t": 2374.415732}
{"r": -59, "l": 1000, "t": 2388.771466}
{"r": -28, "l": 1000, "t": 2403.661556}
{"r": -56, "l": 1000, "t": 2418.128633}
{"r": -120, "l": 1000, "t": 2432.753945}
{"r": -20, "l": 1000, "t": 2447.945659}
{"r": 18, "l": 1000, "t": 2462.47195}
{"r": 44, "l": 1000, "t": 2477.713584}
{"r": -53, "l": 1000, "t": 2492.404973}
{"r": -15, "l": 1000, "t": 2507.163547}
{"r": -94, "l": 1000, "t": 2521.766209}
{"r": -75, "l": 1000, "t": 2536.60362}
{"r": 7, "l": 1000, "t": 2551.265581}
{"r": 16, "l": 1000, "t": 2565.996702}
{"r": -10, "l": 1000, "t": 2581.054069}
{"r": 144,