{"t_start": 1516783461.699719, "gym_version": "0.9.2", "env_id": "GridWorldNoFrameskip-v4"}
{"r": -17, "l": 1000, "t": 12.930157}
{"r": 1, "l": 1000, "t": 23.910904}
{"r": 3, "l": 1000, "t": 34.359471}
{"r": -89, "l": 1000, "t": 44.969339}
{"r": 20, "l": 1000, "t": 55.561304}
{"r": 75, "l": 1000, "t": 66.150403}
{"r": 1, "l": 1000, "t": 76.91437}
{"r": -55, "l": 1000, "t": 88.080981}
{"r": -18, "l": 1000, "t": 98.972996}
{"r": -12, "l": 1000, "t": 109.620728}
{"r": 28, "l": 1000, "t": 120.240417}
{"r": -14, "l": 1000, "t": 130.682243}
{"r": -39, "l": 1000, "t": 141.391619}
{"r": 84, "l": 1000, "t": 152.207203}
{"r": 47, "l": 1000, "t": 163.397321}
{"r": 24, "l": 1000, "t": 174.560233}
{"r": 10, "l": 1000, "t": 185.100643}
{"r": -2, "l": 1000, "t": 196.04187}
{"r": 95, "l": 1000, "t": 206.859788}
{"r": 36, "l": 1000, "t": 217.549954}
{"r": -23, "l": 1000, "t": 228.022756}
{"r": 48, "l": 1000, "t": 238.791434}
{"r": 13, "l": 1000, "t": 250.023489}
{"r": 18, "l": 1000, "t": 261.123544}
{"r": 109, "l": 1000, "t": 272.040889}
{"r": -102, "l": 1000, "t": 283.098119}
{"r": -12, "l": 1000, "t": 294.111064}
{"r": 51, "l": 1000, "t": 304.948958}
{"r": 23, "l": 1000, "t": 316.323486}
{"r": 77, "l": 1000, "t": 327.450044}
{"r": -66, "l": 1000, "t": 338.531468}
{"r": -36, "l": 1000, "t": 349.793414}
{"r": -63, "l": 1000, "t": 360.970075}
{"r": 65, "l": 1000, "t": 372.410156}
{"r": 17, "l": 1000, "t": 383.618603}
{"r": -11, "l": 1000, "t": 394.722876}
{"r": 35, "l": 1000, "t": 406.110891}
{"r": -9, "l": 1000, "t": 417.478929}
{"r": -68, "l": 1000, "t": 428.599899}
{"r": 131, "l": 1000, "t": 439.619627}
{"r": 46, "l": 1000, "t": 451.113504}
{"r": -24, "l": 1000, "t": 462.339551}
{"r": 42, "l": 1000, "t": 473.46243}
{"r": 61, "l": 1000, "t": 484.718125}
{"r": -6, "l": 1000, "t": 496.318714}
{"r": -65, "l": 1000, "t": 508.019212}
{"r": -7, "l": 1000, "t": 519.30028}
{"r": 10, "l": 1000, "t": 530.971467}
{"r": 11, "l": 1000, "t": 543.049752}
{"r": 2, "l": 1000, "t": 554.253526}
{"r": 50, "l": 1000, "t": 565.894075}
{"r": -58, "l": 1000, "t": 577.481484}
{"r": 8, "l": 1000, "t": 589.529931}
{"r": 20, "l": 1000, "t": 601.229579}
{"r": -53, "l": 1000, "t": 612.970857}
{"r": 130, "l": 1000, "t": 624.603357}
{"r": -52, "l": 1000, "t": 636.100493}
{"r": -24, "l": 1000, "t": 647.720313}
{"r": 24, "l": 1000, "t": 659.159183}
{"r": -42, "l": 1000, "t": 671.092295}
{"r": -41, "l": 1000, "t": 683.312403}
{"r": 49, "l": 1000, "t": 694.802686}
{"r": -39, "l": 1000, "t": 706.683481}
{"r": 16, "l": 1000, "t": 718.842359}
{"r": -45, "l": 1000, "t": 730.748801}
{"r": 14, "l": 1000, "t": 742.300223}
{"r": 20, "l": 1000, "t": 754.718654}
{"r": 77, "l": 1000, "t": 766.397501}
{"r": -26, "l": 1000, "t": 778.053385}
{"r": 6, "l": 1000, "t": 789.611783}
{"r": 72, "l": 1000, "t": 801.123209}
{"r": -17, "l": 1000, "t": 812.769542}
{"r": 45, "l": 1000, "t": 825.280956}
{"r": 93, "l": 1000, "t": 837.171666}
{"r": -22, "l": 1000, "t": 849.300767}
{"r": -59, "l": 1000, "t": 861.225282}
{"r": -28, "l": 1000, "t": 874.090187}
{"r": 36, "l": 1000, "t": 886.020378}
{"r": -68, "l": 1000, "t": 897.980271}
{"r": -81, "l": 1000, "t": 910.450745}
{"r": -80, "l": 1000, "t": 922.200477}
{"r": 54, "l": 1000, "t": 934.510081}
{"r": -51, "l": 1000, "t": 946.131235}
{"r": 0, "l": 1000, "t": 958.200608}
{"r": 28, "l": 1000, "t": 970.181275}
{"r": 74, "l": 1000, "t": 982.432858}
{"r": -4, "l": 1000, "t": 994.742183}
{"r": -20, "l": 1000, "t": 1007.119812}
{"r": 42, "l": 1000, "t": 1019.17994}
{"r": -5, "l": 1000, "t": 1031.693867}
{"r": 26, "l": 1000, "t": 1043.87988}
{"r": -43, "l": 1000, "t": 1056.118514}
{"r": -19, "l": 1000, "t": 1067.923161}
{"r": 52, "l": 1000, "t": 1080.641868}
{"r": 27, "l": 1000, "t": 1093.320018}
{"r": 38, "l": 1000, "t": 1105.732243}
{"r": 21, "l": 1000, "t": 1117.890898}
{"r": 64, "l": 1000, "t": 1130.411183}
{"r": -27, "l": 1000, "t": 1143.621849}
{"r": 84, "l": 1000, "t": 1156.039336}
{"r": 20, "l": 1000, "t": 1168.341045}
{"r": 50, "l": 1000, "t": 1181.289897}
{"r": 31, "l": 1000, "t": 1194.278326}
{"r": 10, "l": 1000, "t": 1207.151347}
{"r": 15, "l": 1000, "t": 1220.133337}
{"r": -23, "l": 1000, "t": 1232.819462}
{"r": -3, "l": 1000, "t": 1246.248494}
{"r": 33, "l": 1000, "t": 1259.171274}
{"r": 16, "l": 1000, "t": 1272.523056}
{"r": 73, "l": 1000, "t": 1285.092373}
{"r": 38, "l": 1000, "t": 1297.540825}
{"r": 28, "l": 1000, "t": 1310.554015}
{"r": 16, "l": 1000, "t": 1323.278345}
{"r": 7, "l": 1000, "t": 1335.868676}
{"r": 12, "l": 1000, "t": 1349.112125}
{"r": 6, "l": 1000, "t": 1362.104456}
{"r": 89, "l": 1000, "t": 1375.609035}
{"r": -58, "l": 1000, "t": 1388.631059}
{"r": -15, "l": 1000, "t": 1401.313135}
{"r": -2, "l": 1000, "t": 1414.483028}
{"r": 34, "l": 1000, "t": 1427.281972}
{"r": -46, "l": 1000, "t": 1440.8323}
{"r": 101, "l": 1000, "t": 1454.10162}
{"r": 104, "l": 1000, "t": 1467.68777}
{"r": -22, "l": 1000, "t": 1480.872471}
{"r": -27, "l": 1000, "t": 1494.211366}
{"r": -20, "l": 1000, "t": 1507.310842}
{"r": 26, "l": 1000, "t": 1520.461391}
{"r": -33, "l": 1000, "t": 1533.832505}
{"r": 115, "l": 1000, "t": 1547.011582}
{"r": 2, "l": 1000, "t": 1560.544403}
{"r": -42, "l": 1000, "t": 1574.37249}
{"r": -37, "l": 1000, "t": 1587.383348}
{"r": 74, "l": 1000, "t": 1600.703025}
{"r": 17, "l": 1000, "t": 1614.02314}
{"r": 76, "l": 1000, "t": 1628.131844}
{"r": -5, "l": 1000, "t": 1641.431704}
{"r": -30, "l": 1000, "t": 1654.552307}
{"r": 82, "l": 1000, "t": 1667.360059}
{"r": 1, "l": 1000, "t": 1681.180018}
{"r": 42, "l": 1000, "t": 1694.494269}
{"r": -35, "l": 1000, "t": 1708.341462}
{"r": 29, "l": 1000, "t": 1721.821135}
{"r": -21, "l": 1000, "t": 1735.190397}
{"r": 81, "l": 1000, "t": 1748.30276}
{"r": -16, "l": 1000, "t": 1762.404124}
{"r": 28, "l": 1000, "t": 1775.461529}
{"r": -6, "l": 1000, "t": 1789.0287}
{"r": -60, "l": 1000, "t": 1803.181957}
{"r": -35, "l": 1000, "t": 1816.963168}
{"r": 71, "l": 1000, "t": 1830.690657}
{"r": 38, "l": 1000, "t": 1844.619289}
{"r": 55, "l": 1000, "t": 1858.582482}
{"r": 25, "l": 1000, "t": 1872.653131}
{"r": -9, "l": 1000, "t": 1887.169217}
{"r": -11, "l": 1000, "t": 1901.209319}
{"r": 43, "l": 1000, "t": 1915.339767}
{"r": -115, "l": 1000, "t": 1929.468951}
{"r": 79, "l": 1000, "t": 1944.031953}
{"r": 33, "l": 1000, "t": 1957.568437}
{"r": -22, "l": 1000, "t": 1970.963764}
{"r": 36, "l": 1000, "t": 1984.770369}
{"r": -5, "l": 1000, "t": 1997.781221}
{"r": 44, "l": 1000, "t": 2012.44239}
{"r": 25, "l": 1000, "t": 2026.741327}
{"r": -91, "l": 1000, "t": 2041.539577}
{"r": -13, "l": 1000, "t": 2056.301817}
{"r": 6, "l": 1000, "t": 2070.529726}
{"r": -61, "l": 1000, "t": 2084.1203}
{"r": -55, "l": 1000, "t": 2098.440906}
{"r": -24, "l": 1000, "t": 2112.63422}
{"r": 48, "l": 1000, "t": 2127.381014}
{"r": 109, "l": 1000, "t": 2141.302771}
{"r": 58, "l": 1000, "t": 2155.810175}
{"r": 76, "l": 1000, "t": 2170.168839}
{"r": -53, "l": 1000, "t": 2184.239272}
{"r": 7, "l": 1000, "t": 2198.116893}
{"r": 21, "l": 1000, "t": 2211.593131}
{"r": 69, "l": 1000, "t": 2225.867957}
{"r": 36, "l": 1000, "t": 2239.28128}
{"r": 70, "l": 1000, "t": 2253.691963}
{"r": 3, "l": 1000, "t": 2267.608774}
{"r": 4, "l": 1000, "t": 2281.950793}
{"r": 33, "l": 1000, "t": 2296.673121}
{"r": -27, "l": 1000, "t": 2310.981458}
{"r": -24, "l": 1000, "t": 2324.981423}
{"r": 16, "l": 1000, "t": 2339.681205}
{"r": 40, "l": 1000, "t": 2353.999504}
{"r": -2, "l": 1000, "t": 2368.248979}
{"r": 58, "l": 1000, "t": 2382.78971}
{"r": 2, "l": 1000, "t": 2397.211507}
{"r": -16, "l": 1000, "t": 2411.941389}
{"r": -72, "l": 1000, "t": 2426.280884}
{"r": 1, "l": 1000, "t": 2441.761578}
{"r": -11, "l": 1000, "t": 2456.389417}
{"r": -28, "l": 1000, "t": 2471.300643}
{"r": 95, "l": 1000, "t": 2486.492732}
{"r": 15, "l": 1000, "t": 2502.10121}
{"r": -65, "l": 1000, "t": 2516.881146}
{"r": -58, "l": 1000, "t": 2532.292904}
{"r": -31, "l": 1000, "t": 2546.792659}
{"r": 125, "l": 1000, "t": 2560.951138}
{"r": 63, "l": 1000, "t": 2576.193028}
{"r": 52, "l": 1000,