{"t_start": 1516783461.701019, "gym_version": "0.9.2", "env_id": "GridWorldNoFrameskip-v4"}
{"r": -48, "l": 1000, "t": 12.86007}
{"r": -31, "l": 1000, "t": 23.587477}
{"r": -19, "l": 1000, "t": 34.379822}
{"r": -119, "l": 1000, "t": 44.890393}
{"r": -117, "l": 1000, "t": 55.581574}
{"r": -8, "l": 1000, "t": 66.14963}
{"r": 20, "l": 1000, "t": 77.294673}
{"r": -62, "l": 1000, "t": 88.507712}
{"r": -10, "l": 1000, "t": 99.267947}
{"r": 42, "l": 1000, "t": 110.020608}
{"r": -42, "l": 1000, "t": 120.639263}
{"r": -25, "l": 1000, "t": 131.319109}
{"r": -68, "l": 1000, "t": 142.086069}
{"r": 37, "l": 1000, "t": 153.028786}
{"r": 77, "l": 1000, "t": 163.759952}
{"r": 4, "l": 1000, "t": 174.980797}
{"r": 5, "l": 1000, "t": 185.679655}
{"r": 33, "l": 1000, "t": 196.351752}
{"r": 84, "l": 1000, "t": 207.249257}
{"r": 82, "l": 1000, "t": 218.248912}
{"r": 53, "l": 1000, "t": 228.988832}
{"r": 85, "l": 1000, "t": 239.870466}
{"r": -7, "l": 1000, "t": 250.397299}
{"r": 12, "l": 1000, "t": 261.439519}
{"r": 102, "l": 1000, "t": 272.33257}
{"r": -89, "l": 1000, "t": 283.419665}
{"r": 28, "l": 1000, "t": 294.689307}
{"r": -5, "l": 1000, "t": 305.721379}
{"r": 53, "l": 1000, "t": 316.741103}
{"r": -26, "l": 1000, "t": 327.818628}
{"r": -54, "l": 1000, "t": 339.18683}
{"r": -39, "l": 1000, "t": 350.520149}
{"r": -43, "l": 1000, "t": 361.771338}
{"r": -53, "l": 1000, "t": 372.838283}
{"r": -31, "l": 1000, "t": 383.992159}
{"r": -1, "l": 1000, "t": 395.121344}
{"r": 16, "l": 1000, "t": 406.449684}
{"r": -54, "l": 1000, "t": 417.477738}
{"r": -68, "l": 1000, "t": 428.628511}
{"r": 83, "l": 1000, "t": 439.362822}
{"r": 40, "l": 1000, "t": 450.49314}
{"r": -36, "l": 1000, "t": 461.910282}
{"r": 21, "l": 1000, "t": 472.8401}
{"r": 52, "l": 1000, "t": 484.058861}
{"r": -14, "l": 1000, "t": 495.332104}
{"r": -44, "l": 1000, "t": 506.908793}
{"r": 20, "l": 1000, "t": 518.070093}
{"r": 77, "l": 1000, "t": 529.520325}
{"r": 89, "l": 1000, "t": 541.262635}
{"r": 47, "l": 1000, "t": 552.748907}
{"r": 21, "l": 1000, "t": 564.212158}
{"r": 7, "l": 1000, "t": 575.768907}
{"r": -4, "l": 1000, "t": 587.450622}
{"r": 32, "l": 1000, "t": 598.911236}
{"r": 37, "l": 1000, "t": 610.64041}
{"r": 39, "l": 1000, "t": 622.174133}
{"r": 4, "l": 1000, "t": 633.889984}
{"r": 50, "l": 1000, "t": 645.630476}
{"r": 25, "l": 1000, "t": 657.320141}
{"r": -24, "l": 1000, "t": 669.168989}
{"r": 37, "l": 1000, "t": 680.799457}
{"r": 71, "l": 1000, "t": 692.771249}
{"r": 20, "l": 1000, "t": 704.55105}
{"r": -9, "l": 1000, "t": 716.617782}
{"r": 48, "l": 1000, "t": 728.492782}
{"r": -1, "l": 1000, "t": 740.260531}
{"r": 79, "l": 1000, "t": 752.236979}
{"r": 23, "l": 1000, "t": 764.212307}
{"r": -50, "l": 1000, "t": 775.999805}
{"r": 36, "l": 1000, "t": 787.476634}
{"r": 70, "l": 1000, "t": 799.11759}
{"r": -55, "l": 1000, "t": 811.187478}
{"r": 42, "l": 1000, "t": 822.802524}
{"r": 14, "l": 1000, "t": 835.197495}
{"r": -90, "l": 1000, "t": 847.268302}
{"r": 40, "l": 1000, "t": 859.140927}
{"r": -72, "l": 1000, "t": 871.409566}
{"r": 47, "l": 1000, "t": 883.631722}
{"r": -133, "l": 1000, "t": 895.509136}
{"r": -92, "l": 1000, "t": 908.030255}
{"r": -45, "l": 1000, "t": 919.900498}
{"r": 1, "l": 1000, "t": 931.885184}
{"r": 20, "l": 1000, "t": 943.719693}
{"r": 16, "l": 1000, "t": 955.999509}
{"r": -48, "l": 1000, "t": 968.170027}
{"r": 44, "l": 1000, "t": 980.261706}
{"r": -23, "l": 1000, "t": 992.911398}
{"r": -20, "l": 1000, "t": 1005.191129}
{"r": -1, "l": 1000, "t": 1017.841937}
{"r": -12, "l": 1000, "t": 1030.441399}
{"r": 57, "l": 1000, "t": 1042.641685}
{"r": -27, "l": 1000, "t": 1055.078447}
{"r": -4, "l": 1000, "t": 1066.788636}
{"r": -27, "l": 1000, "t": 1079.029511}
{"r": -97, "l": 1000, "t": 1091.820626}
{"r": 1, "l": 1000, "t": 1104.470956}
{"r": 28, "l": 1000, "t": 1116.8991}
{"r": 76, "l": 1000, "t": 1129.879661}
{"r": 2, "l": 1000, "t": 1142.360781}
{"r": -46, "l": 1000, "t": 1155.14163}
{"r": 46, "l": 1000, "t": 1167.815479}
{"r": 46, "l": 1000, "t": 1180.46086}
{"r": 72, "l": 1000, "t": 1193.238953}
{"r": -54, "l": 1000, "t": 1206.07946}
{"r": -1, "l": 1000, "t": 1218.698089}
{"r": -13, "l": 1000, "t": 1231.132142}
{"r": -9, "l": 1000, "t": 1244.507375}
{"r": 50, "l": 1000, "t": 1257.396154}
{"r": -46, "l": 1000, "t": 1270.681449}
{"r": 10, "l": 1000, "t": 1283.669952}
{"r": -20, "l": 1000, "t": 1296.292025}
{"r": 15, "l": 1000, "t": 1309.278845}
{"r": -14, "l": 1000, "t": 1322.216623}
{"r": 26, "l": 1000, "t": 1335.252298}
{"r": 18, "l": 1000, "t": 1348.382108}
{"r": 11, "l": 1000, "t": 1361.480336}
{"r": 66, "l": 1000, "t": 1374.799576}
{"r": -19, "l": 1000, "t": 1387.721426}
{"r": 14, "l": 1000, "t": 1400.458143}
{"r": -28, "l": 1000, "t": 1413.602004}
{"r": -33, "l": 1000, "t": 1426.411958}
{"r": -35, "l": 1000, "t": 1439.890762}
{"r": 75, "l": 1000, "t": 1453.110687}
{"r": 119, "l": 1000, "t": 1466.699213}
{"r": 38, "l": 1000, "t": 1479.616077}
{"r": -53, "l": 1000, "t": 1492.672097}
{"r": 15, "l": 1000, "t": 1505.435378}
{"r": 8, "l": 1000, "t": 1518.809189}
{"r": -57, "l": 1000, "t": 1532.548007}
{"r": 66, "l": 1000, "t": 1545.390795}
{"r": 2, "l": 1000, "t": 1558.510473}
{"r": -38, "l": 1000, "t": 1572.529216}
{"r": -29, "l": 1000, "t": 1586.327119}
{"r": 13, "l": 1000, "t": 1599.469702}
{"r": 120, "l": 1000, "t": 1612.656845}
{"r": 21, "l": 1000, "t": 1626.800357}
{"r": -6, "l": 1000, "t": 1640.376091}
{"r": -37, "l": 1000, "t": 1653.582124}
{"r": 21, "l": 1000, "t": 1666.639442}
{"r": -12, "l": 1000, "t": 1679.470062}
{"r": -46, "l": 1000, "t": 1693.209669}
{"r": -4, "l": 1000, "t": 1707.17012}
{"r": 19, "l": 1000, "t": 1720.939909}
{"r": -13, "l": 1000, "t": 1734.691593}
{"r": 9, "l": 1000, "t": 1748.279853}
{"r": -9, "l": 1000, "t": 1762.402603}
{"r": 88, "l": 1000, "t": 1775.531595}
{"r": -44, "l": 1000, "t": 1789.027382}
{"r": -89, "l": 1000, "t": 1802.749607}
{"r": -17, "l": 1000, "t": 1816.961288}
{"r": 3, "l": 1000, "t": 1830.739603}
{"r": 24, "l": 1000, "t": 1845.072117}
{"r": 21, "l": 1000, "t": 1859.466356}
{"r": 45, "l": 1000, "t": 1873.602758}
{"r": -19, "l": 1000, "t": 1888.436488}
{"r": -28, "l": 1000, "t": 1902.499318}
{"r": 124, "l": 1000, "t": 1916.267766}
{"r": -48, "l": 1000, "t": 1930.750158}
{"r": 5, "l": 1000, "t": 1944.788709}
{"r": -2, "l": 1000, "t": 1957.59932}
{"r": -62, "l": 1000, "t": 1971.668002}
{"r": -21, "l": 1000, "t": 1984.797817}
{"r": -16, "l": 1000, "t": 1999.351957}
{"r": 113, "l": 1000, "t": 2013.351779}
{"r": -1, "l": 1000, "t": 2028.858207}
{"r": -41, "l": 1000, "t": 2043.317904}
{"r": 12, "l": 1000, "t": 2057.546881}
{"r": -66, "l": 1000, "t": 2072.020477}
{"r": -45, "l": 1000, "t": 2085.520657}
{"r": -13, "l": 1000, "t": 2099.741924}
{"r": 7, "l": 1000, "t": 2114.509999}
{"r": 96, "l": 1000, "t": 2129.176985}
{"r": 103, "l": 1000, "t": 2144.009163}
{"r": -1, "l": 1000, "t": 2158.411768}
{"r": -6, "l": 1000, "t": 2172.869584}
{"r": -35, "l": 1000, "t": 2186.259947}
{"r": -98, "l": 1000, "t": 2200.82167}
{"r": 4, "l": 1000, "t": 2215.110088}
{"r": 29, "l": 1000, "t": 2229.139323}
{"r": -1, "l": 1000, "t": 2243.311734}
{"r": 57, "l": 1000, "t": 2257.333144}
{"r": 67, "l": 1000, "t": 2270.409673}
{"r": 42, "l": 1000, "t": 2285.359849}
{"r": 25, "l": 1000, "t": 2300.029257}
{"r": 11, "l": 1000, "t": 2314.150014}
{"r": 9, "l": 1000, "t": 2328.841335}
{"r": 24, "l": 1000, "t": 2342.765807}
{"r": 73, "l": 1000, "t": 2357.302189}
{"r": -29, "l": 1000, "t": 2371.218853}
{"r": -9, "l": 1000, "t": 2385.561968}
{"r": 52, "l": 1000, "t": 2399.639527}
{"r": -16, "l": 1000, "t": 2414.603102}
{"r": -36, "l": 1000, "t": 2429.359506}
{"r": 1, "l": 1000, "t": 2444.623751}
{"r": -12, "l": 1000, "t": 2459.328965}
{"r": 28, "l": 1000, "t": 2474.130764}
{"r": -27, "l": 1000, "t": 2488.679296}
{"r": 22, "l": 1000, "t": 2503.388908}
{"r": -39, "l": 1000, "t": 2517.990149}
{"r": -72, "l": 1000, "t": 2533.29032}
{"r": -24, "l": 1000, "t": 2548.62018}
{"r": 88, "l": 1000, "t": 2563.612389}
{"r": -61, "l": 1000, "t": 2578.690205}
{"r": 125, "l": 1000,