{"t_start": 1516783461.677984, "gym_version": "0.9.2", "env_id": "GridWorldNoFrameskip-v4"}
{"r": -33, "l": 1000, "t": 12.882312}
{"r": -61, "l": 1000, "t": 23.341762}
{"r": -2, "l": 1000, "t": 34.003019}
{"r": -133, "l": 1000, "t": 44.543655}
{"r": -57, "l": 1000, "t": 55.500871}
{"r": -31, "l": 1000, "t": 66.070067}
{"r": -82, "l": 1000, "t": 76.822686}
{"r": 1, "l": 1000, "t": 87.532894}
{"r": 0, "l": 1000, "t": 98.112431}
{"r": 41, "l": 1000, "t": 108.843727}
{"r": -39, "l": 1000, "t": 119.680848}
{"r": 55, "l": 1000, "t": 130.62293}
{"r": -40, "l": 1000, "t": 141.382982}
{"r": 13, "l": 1000, "t": 152.222768}
{"r": 90, "l": 1000, "t": 163.100789}
{"r": 28, "l": 1000, "t": 174.042121}
{"r": 21, "l": 1000, "t": 184.801193}
{"r": 19, "l": 1000, "t": 195.731725}
{"r": 12, "l": 1000, "t": 206.574067}
{"r": 55, "l": 1000, "t": 217.571571}
{"r": 13, "l": 1000, "t": 228.371621}
{"r": 41, "l": 1000, "t": 239.509947}
{"r": -35, "l": 1000, "t": 250.330413}
{"r": -53, "l": 1000, "t": 261.123515}
{"r": 85, "l": 1000, "t": 272.036407}
{"r": -92, "l": 1000, "t": 283.019888}
{"r": -18, "l": 1000, "t": 293.748847}
{"r": 27, "l": 1000, "t": 304.920497}
{"r": 23, "l": 1000, "t": 316.296087}
{"r": 1, "l": 1000, "t": 327.47139}
{"r": -58, "l": 1000, "t": 338.531695}
{"r": -42, "l": 1000, "t": 349.884042}
{"r": -91, "l": 1000, "t": 361.461066}
{"r": -8, "l": 1000, "t": 372.801723}
{"r": -40, "l": 1000, "t": 383.671217}
{"r": -14, "l": 1000, "t": 395.192009}
{"r": 73, "l": 1000, "t": 406.542022}
{"r": -10, "l": 1000, "t": 417.584299}
{"r": -30, "l": 1000, "t": 428.713058}
{"r": 79, "l": 1000, "t": 439.983987}
{"r": 34, "l": 1000, "t": 451.230106}
{"r": 32, "l": 1000, "t": 462.564069}
{"r": 75, "l": 1000, "t": 473.761797}
{"r": 69, "l": 1000, "t": 485.072955}
{"r": -44, "l": 1000, "t": 496.401538}
{"r": -61, "l": 1000, "t": 508.330196}
{"r": -23, "l": 1000, "t": 519.660492}
{"r": -5, "l": 1000, "t": 531.472135}
{"r": 18, "l": 1000, "t": 542.741057}
{"r": 4, "l": 1000, "t": 554.320241}
{"r": -35, "l": 1000, "t": 566.212928}
{"r": 11, "l": 1000, "t": 577.45946}
{"r": -16, "l": 1000, "t": 589.242551}
{"r": 30, "l": 1000, "t": 600.942211}
{"r": -25, "l": 1000, "t": 612.379007}
{"r": 64, "l": 1000, "t": 624.001881}
{"r": 2, "l": 1000, "t": 635.172122}
{"r": 14, "l": 1000, "t": 646.86062}
{"r": 16, "l": 1000, "t": 658.542598}
{"r": -21, "l": 1000, "t": 670.651443}
{"r": -61, "l": 1000, "t": 682.516168}
{"r": 94, "l": 1000, "t": 694.043272}
{"r": -44, "l": 1000, "t": 705.86384}
{"r": 27, "l": 1000, "t": 717.501249}
{"r": 37, "l": 1000, "t": 729.621805}
{"r": -20, "l": 1000, "t": 741.492672}
{"r": 33, "l": 1000, "t": 753.601415}
{"r": 66, "l": 1000, "t": 765.621195}
{"r": -43, "l": 1000, "t": 777.182926}
{"r": 96, "l": 1000, "t": 789.05057}
{"r": 17, "l": 1000, "t": 800.642137}
{"r": -24, "l": 1000, "t": 812.743243}
{"r": 84, "l": 1000, "t": 824.792394}
{"r": 40, "l": 1000, "t": 837.151225}
{"r": -44, "l": 1000, "t": 848.835084}
{"r": -46, "l": 1000, "t": 861.242146}
{"r": -10, "l": 1000, "t": 873.539519}
{"r": 22, "l": 1000, "t": 886.069863}
{"r": 5, "l": 1000, "t": 898.541787}
{"r": -53, "l": 1000, "t": 910.538836}
{"r": -54, "l": 1000, "t": 922.759705}
{"r": -22, "l": 1000, "t": 934.972475}
{"r": -59, "l": 1000, "t": 947.142295}
{"r": 21, "l": 1000, "t": 959.210047}
{"r": -8, "l": 1000, "t": 971.550175}
{"r": 34, "l": 1000, "t": 983.291107}
{"r": 39, "l": 1000, "t": 995.490262}
{"r": -26, "l": 1000, "t": 1008.231621}
{"r": 1, "l": 1000, "t": 1021.090114}
{"r": -2, "l": 1000, "t": 1033.364275}
{"r": 81, "l": 1000, "t": 1045.679814}
{"r": 4, "l": 1000, "t": 1057.756139}
{"r": 24, "l": 1000, "t": 1069.501366}
{"r": -7, "l": 1000, "t": 1082.12335}
{"r": -58, "l": 1000, "t": 1095.062703}
{"r": -21, "l": 1000, "t": 1107.373924}
{"r": 32, "l": 1000, "t": 1120.062094}
{"r": 22, "l": 1000, "t": 1132.592327}
{"r": -5, "l": 1000, "t": 1145.251244}
{"r": 7, "l": 1000, "t": 1157.222473}
{"r": -4, "l": 1000, "t": 1169.651163}
{"r": 96, "l": 1000, "t": 1182.401416}
{"r": 53, "l": 1000, "t": 1195.492814}
{"r": 7, "l": 1000, "t": 1207.921824}
{"r": -29, "l": 1000, "t": 1220.651766}
{"r": -19, "l": 1000, "t": 1233.674025}
{"r": 4, "l": 1000, "t": 1247.245689}
{"r": 68, "l": 1000, "t": 1259.931646}
{"r": 5, "l": 1000, "t": 1273.441394}
{"r": 62, "l": 1000, "t": 1286.252327}
{"r": 16, "l": 1000, "t": 1298.824242}
{"r": 79, "l": 1000, "t": 1311.591224}
{"r": -14, "l": 1000, "t": 1324.232134}
{"r": 54, "l": 1000, "t": 1337.102621}
{"r": -9, "l": 1000, "t": 1350.749761}
{"r": 49, "l": 1000, "t": 1363.01172}
{"r": 119, "l": 1000, "t": 1376.064327}
{"r": 6, "l": 1000, "t": 1389.039607}
{"r": 19, "l": 1000, "t": 1401.814066}
{"r": 32, "l": 1000, "t": 1415.351673}
{"r": -38, "l": 1000, "t": 1428.300905}
{"r": 50, "l": 1000, "t": 1441.487645}
{"r": 97, "l": 1000, "t": 1455.092568}
{"r": 46, "l": 1000, "t": 1468.464131}
{"r": -29, "l": 1000, "t": 1481.422284}
{"r": -4, "l": 1000, "t": 1494.701154}
{"r": 2, "l": 1000, "t": 1507.739389}
{"r": 69, "l": 1000, "t": 1520.433074}
{"r": -66, "l": 1000, "t": 1534.29033}
{"r": 64, "l": 1000, "t": 1547.032875}
{"r": 3, "l": 1000, "t": 1560.565374}
{"r": -42, "l": 1000, "t": 1573.804536}
{"r": -15, "l": 1000, "t": 1587.403713}
{"r": 58, "l": 1000, "t": 1600.750458}
{"r": 63, "l": 1000, "t": 1614.51349}
{"r": 69, "l": 1000, "t": 1627.753588}
{"r": -59, "l": 1000, "t": 1640.964695}
{"r": -40, "l": 1000, "t": 1654.014406}
{"r": 87, "l": 1000, "t": 1666.222019}
{"r": 26, "l": 1000, "t": 1679.913084}
{"r": -18, "l": 1000, "t": 1693.302293}
{"r": -17, "l": 1000, "t": 1707.220371}
{"r": 28, "l": 1000, "t": 1721.042625}
{"r": 3, "l": 1000, "t": 1735.21165}
{"r": 14, "l": 1000, "t": 1748.3238}
{"r": -89, "l": 1000, "t": 1762.450405}
{"r": 45, "l": 1000, "t": 1775.581007}
{"r": -1, "l": 1000, "t": 1789.991013}
{"r": -48, "l": 1000, "t": 1803.992419}
{"r": -55, "l": 1000, "t": 1818.29369}
{"r": 72, "l": 1000, "t": 1832.070051}
{"r": -30, "l": 1000, "t": 1846.500249}
{"r": 54, "l": 1000, "t": 1860.753165}
{"r": -13, "l": 1000, "t": 1874.731909}
{"r": -53, "l": 1000, "t": 1889.081682}
{"r": -59, "l": 1000, "t": 1903.213103}
{"r": 77, "l": 1000, "t": 1917.042809}
{"r": -68, "l": 1000, "t": 1931.57887}
{"r": 54, "l": 1000, "t": 1945.625289}
{"r": 0, "l": 1000, "t": 1959.252047}
{"r": -23, "l": 1000, "t": 1972.751122}
{"r": -28, "l": 1000, "t": 1986.179973}
{"r": -12, "l": 1000, "t": 2000.222469}
{"r": 80, "l": 1000, "t": 2014.5681}
{"r": -5, "l": 1000, "t": 2029.541951}
{"r": -76, "l": 1000, "t": 2044.683774}
{"r": 32, "l": 1000, "t": 2058.702989}
{"r": 17, "l": 1000, "t": 2072.109591}
{"r": 54, "l": 1000, "t": 2087.002041}
{"r": -52, "l": 1000, "t": 2101.154454}
{"r": -19, "l": 1000, "t": 2115.968964}
{"r": -6, "l": 1000, "t": 2130.184704}
{"r": 101, "l": 1000, "t": 2144.484103}
{"r": 28, "l": 1000, "t": 2158.43325}
{"r": -43, "l": 1000, "t": 2172.241373}
{"r": -38, "l": 1000, "t": 2186.233987}
{"r": -54, "l": 1000, "t": 2200.200732}
{"r": -18, "l": 1000, "t": 2214.451587}
{"r": 45, "l": 1000, "t": 2228.541539}
{"r": -21, "l": 1000, "t": 2242.671125}
{"r": 29, "l": 1000, "t": 2257.379181}
{"r": 50, "l": 1000, "t": 2271.720009}
{"r": -56, "l": 1000, "t": 2286.171376}
{"r": 10, "l": 1000, "t": 2300.961887}
{"r": -30, "l": 1000, "t": 2315.003542}
{"r": -21, "l": 1000, "t": 2328.941746}
{"r": -32, "l": 1000, "t": 2343.561164}
{"r": 76, "l": 1000, "t": 2358.033539}
{"r": -29, "l": 1000, "t": 2372.122469}
{"r": -30, "l": 1000, "t": 2386.551592}
{"r": 30, "l": 1000, "t": 2401.17154}
{"r": -3, "l": 1000, "t": 2415.159183}
{"r": -17, "l": 1000, "t": 2429.931639}
{"r": 16, "l": 1000, "t": 2444.713205}
{"r": -33, "l": 1000, "t": 2459.350418}
{"r": 18, "l": 1000, "t": 2474.67347}
{"r": 46, "l": 1000, "t": 2489.380192}
{"r": 19, "l": 1000, "t": 2504.124034}
{"r": -79, "l": 1000, "t": 2518.840571}
{"r": -68, "l": 1000, "t": 2533.312599}
{"r": -19, "l": 1000, "t": 2547.838651}
{"r": 97, "l": 1000, "t": 2562.623782}
{"r": 32, "l": 1000, "t": 2577.181449}
{"r": 132, "l": 1000,