{"t_start": 1516783461.6780035, "gym_version": "0.9.2", "env_id": "GridWorldNoFrameskip-v4"}
{"r": 16, "l": 1000, "t": 12.670535}
{"r": -12, "l": 1000, "t": 23.581914}
{"r": 45, "l": 1000, "t": 34.072335}
{"r": -126, "l": 1000, "t": 44.614308}
{"r": -74, "l": 1000, "t": 55.294033}
{"r": 38, "l": 1000, "t": 66.121857}
{"r": -31, "l": 1000, "t": 77.291168}
{"r": 15, "l": 1000, "t": 88.0702}
{"r": -18, "l": 1000, "t": 98.624043}
{"r": 49, "l": 1000, "t": 109.382177}
{"r": -3, "l": 1000, "t": 119.962973}
{"r": -47, "l": 1000, "t": 130.969845}
{"r": -15, "l": 1000, "t": 141.804011}
{"r": 64, "l": 1000, "t": 152.611934}
{"r": 85, "l": 1000, "t": 163.782015}
{"r": -8, "l": 1000, "t": 174.981734}
{"r": 9, "l": 1000, "t": 185.731763}
{"r": 11, "l": 1000, "t": 196.422033}
{"r": 59, "l": 1000, "t": 207.250392}
{"r": 83, "l": 1000, "t": 218.249591}
{"r": 6, "l": 1000, "t": 228.96143}
{"r": 62, "l": 1000, "t": 239.961695}
{"r": -34, "l": 1000, "t": 251.081896}
{"r": -53, "l": 1000, "t": 261.901935}
{"r": 74, "l": 1000, "t": 272.784606}
{"r": -56, "l": 1000, "t": 283.812096}
{"r": 81, "l": 1000, "t": 295.051834}
{"r": 9, "l": 1000, "t": 306.311205}
{"r": 31, "l": 1000, "t": 317.412198}
{"r": 2, "l": 1000, "t": 328.470836}
{"r": -82, "l": 1000, "t": 339.543585}
{"r": -32, "l": 1000, "t": 350.572942}
{"r": -73, "l": 1000, "t": 362.092459}
{"r": -55, "l": 1000, "t": 373.302093}
{"r": -45, "l": 1000, "t": 384.733719}
{"r": -9, "l": 1000, "t": 396.161509}
{"r": 44, "l": 1000, "t": 407.302322}
{"r": -5, "l": 1000, "t": 418.543993}
{"r": -43, "l": 1000, "t": 430.023028}
{"r": 139, "l": 1000, "t": 440.889812}
{"r": 30, "l": 1000, "t": 452.301151}
{"r": -36, "l": 1000, "t": 463.693593}
{"r": 16, "l": 1000, "t": 475.052852}
{"r": 135, "l": 1000, "t": 486.711711}
{"r": -42, "l": 1000, "t": 497.840512}
{"r": -51, "l": 1000, "t": 509.37906}
{"r": -44, "l": 1000, "t": 521.043507}
{"r": -31, "l": 1000, "t": 532.571936}
{"r": -21, "l": 1000, "t": 544.1897}
{"r": -6, "l": 1000, "t": 555.682334}
{"r": -43, "l": 1000, "t": 567.270627}
{"r": 16, "l": 1000, "t": 578.944257}
{"r": -64, "l": 1000, "t": 590.709581}
{"r": 3, "l": 1000, "t": 602.323511}
{"r": -40, "l": 1000, "t": 614.012362}
{"r": 98, "l": 1000, "t": 625.601151}
{"r": -60, "l": 1000, "t": 637.161085}
{"r": -35, "l": 1000, "t": 648.892354}
{"r": 28, "l": 1000, "t": 660.661682}
{"r": -21, "l": 1000, "t": 672.411364}
{"r": -43, "l": 1000, "t": 684.27034}
{"r": 1, "l": 1000, "t": 695.881387}
{"r": -49, "l": 1000, "t": 707.823334}
{"r": 0, "l": 1000, "t": 719.852691}
{"r": -28, "l": 1000, "t": 732.032226}
{"r": -51, "l": 1000, "t": 743.601224}
{"r": -5, "l": 1000, "t": 755.791853}
{"r": -9, "l": 1000, "t": 767.703286}
{"r": -12, "l": 1000, "t": 779.412979}
{"r": 22, "l": 1000, "t": 791.222104}
{"r": -14, "l": 1000, "t": 803.091503}
{"r": -63, "l": 1000, "t": 814.870168}
{"r": -6, "l": 1000, "t": 827.332395}
{"r": 68, "l": 1000, "t": 839.252503}
{"r": -121, "l": 1000, "t": 851.033321}
{"r": -79, "l": 1000, "t": 863.367849}
{"r": 25, "l": 1000, "t": 875.641815}
{"r": 101, "l": 1000, "t": 887.781517}
{"r": -39, "l": 1000, "t": 900.011437}
{"r": -8, "l": 1000, "t": 912.201638}
{"r": -100, "l": 1000, "t": 924.069396}
{"r": -14, "l": 1000, "t": 936.002849}
{"r": -109, "l": 1000, "t": 948.100129}
{"r": 31, "l": 1000, "t": 960.271666}
{"r": 18, "l": 1000, "t": 972.381599}
{"r": 61, "l": 1000, "t": 984.561367}
{"r": -2, "l": 1000, "t": 997.223933}
{"r": -4, "l": 1000, "t": 1009.683829}
{"r": -33, "l": 1000, "t": 1022.111447}
{"r": 6, "l": 1000, "t": 1034.310102}
{"r": -11, "l": 1000, "t": 1046.341596}
{"r": 2, "l": 1000, "t": 1058.692806}
{"r": 20, "l": 1000, "t": 1070.434334}
{"r": 18, "l": 1000, "t": 1083.264813}
{"r": -22, "l": 1000, "t": 1096.002037}
{"r": -21, "l": 1000, "t": 1108.450666}
{"r": -31, "l": 1000, "t": 1120.961981}
{"r": 40, "l": 1000, "t": 1133.660594}
{"r": -20, "l": 1000, "t": 1146.673454}
{"r": 38, "l": 1000, "t": 1158.992942}
{"r": -59, "l": 1000, "t": 1171.743996}
{"r": -58, "l": 1000, "t": 1184.6417}
{"r": -40, "l": 1000, "t": 1197.600497}
{"r": -7, "l": 1000, "t": 1210.302379}
{"r": -53, "l": 1000, "t": 1222.882455}
{"r": -29, "l": 1000, "t": 1235.943158}
{"r": -79, "l": 1000, "t": 1248.989455}
{"r": 11, "l": 1000, "t": 1262.081566}
{"r": -6, "l": 1000, "t": 1274.90086}
{"r": -10, "l": 1000, "t": 1287.604128}
{"r": 7, "l": 1000, "t": 1300.661252}
{"r": -19, "l": 1000, "t": 1313.810631}
{"r": 24, "l": 1000, "t": 1326.342398}
{"r": 6, "l": 1000, "t": 1339.282762}
{"r": -83, "l": 1000, "t": 1352.068994}
{"r": -13, "l": 1000, "t": 1365.380684}
{"r": 33, "l": 1000, "t": 1378.661669}
{"r": -45, "l": 1000, "t": 1391.152437}
{"r": 45, "l": 1000, "t": 1403.912157}
{"r": 7, "l": 1000, "t": 1417.184908}
{"r": -70, "l": 1000, "t": 1430.164717}
{"r": 49, "l": 1000, "t": 1443.291896}
{"r": -18, "l": 1000, "t": 1456.431631}
{"r": 29, "l": 1000, "t": 1469.610376}
{"r": -1, "l": 1000, "t": 1482.291504}
{"r": -36, "l": 1000, "t": 1495.652099}
{"r": -48, "l": 1000, "t": 1508.733119}
{"r": 70, "l": 1000, "t": 1521.894599}
{"r": -29, "l": 1000, "t": 1535.021912}
{"r": 56, "l": 1000, "t": 1547.812672}
{"r": 27, "l": 1000, "t": 1561.292343}
{"r": -42, "l": 1000, "t": 1575.248178}
{"r": -22, "l": 1000, "t": 1588.560833}
{"r": 71, "l": 1000, "t": 1602.00245}
{"r": 19, "l": 1000, "t": 1615.502942}
{"r": 88, "l": 1000, "t": 1629.041145}
{"r": -50, "l": 1000, "t": 1642.42269}
{"r": -6, "l": 1000, "t": 1655.441221}
{"r": -42, "l": 1000, "t": 1668.091231}
{"r": -7, "l": 1000, "t": 1681.621855}
{"r": -33, "l": 1000, "t": 1695.09081}
{"r": 22, "l": 1000, "t": 1708.832751}
{"r": 25, "l": 1000, "t": 1722.300611}
{"r": 14, "l": 1000, "t": 1736.262129}
{"r": 32, "l": 1000, "t": 1749.574508}
{"r": -34, "l": 1000, "t": 1763.127718}
{"r": 20, "l": 1000, "t": 1776.524699}
{"r": -62, "l": 1000, "t": 1789.991048}
{"r": 27, "l": 1000, "t": 1803.302775}
{"r": 10, "l": 1000, "t": 1817.052199}
{"r": -20, "l": 1000, "t": 1830.802452}
{"r": -3, "l": 1000, "t": 1845.070718}
{"r": 99, "l": 1000, "t": 1859.091126}
{"r": 46, "l": 1000, "t": 1873.132755}
{"r": 8, "l": 1000, "t": 1887.69155}
{"r": -5, "l": 1000, "t": 1901.909799}
{"r": 119, "l": 1000, "t": 1915.331099}
{"r": -104, "l": 1000, "t": 1929.392745}
{"r": 54, "l": 1000, "t": 1943.49072}
{"r": -43, "l": 1000, "t": 1957.561873}
{"r": -56, "l": 1000, "t": 1971.644307}
{"r": -6, "l": 1000, "t": 1984.871718}
{"r": -8, "l": 1000, "t": 1998.782005}
{"r": 72, "l": 1000, "t": 2013.330544}
{"r": -36, "l": 1000, "t": 2027.988515}
{"r": -16, "l": 1000, "t": 2042.742002}
{"r": 21, "l": 1000, "t": 2057.56942}
{"r": 18, "l": 1000, "t": 2072.015567}
{"r": 30, "l": 1000, "t": 2086.355047}
{"r": -62, "l": 1000, "t": 2100.482144}
{"r": -33, "l": 1000, "t": 2114.421124}
{"r": 82, "l": 1000, "t": 2128.338738}
{"r": 123, "l": 1000, "t": 2143.052325}
{"r": 42, "l": 1000, "t": 2157.492066}
{"r": 32, "l": 1000, "t": 2170.253038}
{"r": -25, "l": 1000, "t": 2185.001292}
{"r": -58, "l": 1000, "t": 2199.072544}
{"r": -49, "l": 1000, "t": 2212.611512}
{"r": 13, "l": 1000, "t": 2227.40298}
{"r": -7, "l": 1000, "t": 2241.031826}
{"r": 79, "l": 1000, "t": 2255.922215}
{"r": 61, "l": 1000, "t": 2268.622292}
{"r": 14, "l": 1000, "t": 2283.880661}
{"r": 52, "l": 1000, "t": 2299.152367}
{"r": -75, "l": 1000, "t": 2313.269702}
{"r": 16, "l": 1000, "t": 2326.41104}
{"r": -7, "l": 1000, "t": 2341.233134}
{"r": 28, "l": 1000, "t": 2355.562792}
{"r": 21, "l": 1000, "t": 2368.789351}
{"r": 70, "l": 1000, "t": 2382.853847}
{"r": -12, "l": 1000, "t": 2397.803201}
{"r": -70, "l": 1000, "t": 2411.961768}
{"r": 1, "l": 1000, "t": 2426.900033}
{"r": 16, "l": 1000, "t": 2441.264544}
{"r": -15, "l": 1000, "t": 2455.84412}
{"r": 35, "l": 1000, "t": 2470.392525}
{"r": 51, "l": 1000, "t": 2485.681936}
{"r": 4, "l": 1000, "t": 2500.712499}
{"r": -29, "l": 1000, "t": 2515.372243}
{"r": -74, "l": 1000, "t": 2530.083177}
{"r": -24, "l": 1000, "t": 2544.98231}
{"r": 117, "l": 1000, "t": 2559.540625}
{"r": -15, "l": 1000, "t": 2574.951904}
{"r": 116, "l": 1000,