{"t_start": 1516783461.6782887, "gym_version": "0.9.2", "env_id": "GridWorldNoFrameskip-v4"}
{"r": -30, "l": 1000, "t": 12.980838}
{"r": -41, "l": 1000, "t": 23.609082}
{"r": 32, "l": 1000, "t": 34.072477}
{"r": -96, "l": 1000, "t": 44.613791}
{"r": 5, "l": 1000, "t": 55.500387}
{"r": 30, "l": 1000, "t": 65.851765}
{"r": -14, "l": 1000, "t": 76.891859}
{"r": 7, "l": 1000, "t": 88.039417}
{"r": 16, "l": 1000, "t": 98.671341}
{"r": 39, "l": 1000, "t": 109.669682}
{"r": -25, "l": 1000, "t": 120.280935}
{"r": -29, "l": 1000, "t": 131.341102}
{"r": -26, "l": 1000, "t": 141.803659}
{"r": 24, "l": 1000, "t": 153.050755}
{"r": 5, "l": 1000, "t": 164.111669}
{"r": -20, "l": 1000, "t": 174.671798}
{"r": 29, "l": 1000, "t": 185.731525}
{"r": -31, "l": 1000, "t": 196.774054}
{"r": 123, "l": 1000, "t": 207.654083}
{"r": 108, "l": 1000, "t": 218.570467}
{"r": 31, "l": 1000, "t": 229.314107}
{"r": 80, "l": 1000, "t": 240.454474}
{"r": -49, "l": 1000, "t": 251.102923}
{"r": -15, "l": 1000, "t": 261.901984}
{"r": 40, "l": 1000, "t": 273.124471}
{"r": -78, "l": 1000, "t": 284.151305}
{"r": 45, "l": 1000, "t": 295.402439}
{"r": -19, "l": 1000, "t": 306.262438}
{"r": 43, "l": 1000, "t": 317.1128}
{"r": 16, "l": 1000, "t": 328.191243}
{"r": -78, "l": 1000, "t": 339.232221}
{"r": -35, "l": 1000, "t": 350.193246}
{"r": -66, "l": 1000, "t": 361.413789}
{"r": -28, "l": 1000, "t": 372.482064}
{"r": 20, "l": 1000, "t": 384.012594}
{"r": -50, "l": 1000, "t": 395.142748}
{"r": 45, "l": 1000, "t": 406.471812}
{"r": -7, "l": 1000, "t": 417.520169}
{"r": -41, "l": 1000, "t": 429.052771}
{"r": 46, "l": 1000, "t": 439.983646}
{"r": 73, "l": 1000, "t": 451.204106}
{"r": -52, "l": 1000, "t": 462.610847}
{"r": 82, "l": 1000, "t": 473.811737}
{"r": 98, "l": 1000, "t": 485.123299}
{"r": -24, "l": 1000, "t": 496.739663}
{"r": -47, "l": 1000, "t": 508.394412}
{"r": -14, "l": 1000, "t": 519.999276}
{"r": -19, "l": 1000, "t": 531.472202}
{"r": 5, "l": 1000, "t": 542.741466}
{"r": 12, "l": 1000, "t": 554.273361}
{"r": 11, "l": 1000, "t": 565.843189}
{"r": -24, "l": 1000, "t": 576.851701}
{"r": -36, "l": 1000, "t": 588.532981}
{"r": 56, "l": 1000, "t": 600.452248}
{"r": 44, "l": 1000, "t": 611.580316}
{"r": 62, "l": 1000, "t": 623.568643}
{"r": -3, "l": 1000, "t": 635.461214}
{"r": -52, "l": 1000, "t": 647.234272}
{"r": -34, "l": 1000, "t": 659.151695}
{"r": -34, "l": 1000, "t": 670.700896}
{"r": -45, "l": 1000, "t": 682.903131}
{"r": 78, "l": 1000, "t": 694.39117}
{"r": -91, "l": 1000, "t": 706.282395}
{"r": 40, "l": 1000, "t": 718.392565}
{"r": 44, "l": 1000, "t": 729.990961}
{"r": 3, "l": 1000, "t": 741.963205}
{"r": 5, "l": 1000, "t": 754.296942}
{"r": -12, "l": 1000, "t": 766.442896}
{"r": -59, "l": 1000, "t": 778.383793}
{"r": 46, "l": 1000, "t": 790.041144}
{"r": 1, "l": 1000, "t": 801.674593}
{"r": -27, "l": 1000, "t": 812.770575}
{"r": 50, "l": 1000, "t": 824.831723}
{"r": 46, "l": 1000, "t": 836.741559}
{"r": -35, "l": 1000, "t": 848.743882}
{"r": -17, "l": 1000, "t": 860.723014}
{"r": -1, "l": 1000, "t": 872.97244}
{"r": 43, "l": 1000, "t": 884.881927}
{"r": -101, "l": 1000, "t": 897.053829}
{"r": -78, "l": 1000, "t": 909.71262}
{"r": -86, "l": 1000, "t": 921.439728}
{"r": 29, "l": 1000, "t": 933.302178}
{"r": -52, "l": 1000, "t": 944.833827}
{"r": 50, "l": 1000, "t": 957.154435}
{"r": -36, "l": 1000, "t": 969.264979}
{"r": 3, "l": 1000, "t": 981.401991}
{"r": 2, "l": 1000, "t": 993.592143}
{"r": 14, "l": 1000, "t": 1006.252327}
{"r": 76, "l": 1000, "t": 1018.590992}
{"r": 11, "l": 1000, "t": 1030.922714}
{"r": 19, "l": 1000, "t": 1043.358937}
{"r": -57, "l": 1000, "t": 1055.612015}
{"r": 0, "l": 1000, "t": 1067.333384}
{"r": -25, "l": 1000, "t": 1079.660715}
{"r": -41, "l": 1000, "t": 1092.391075}
{"r": -31, "l": 1000, "t": 1104.801191}
{"r": -5, "l": 1000, "t": 1116.919855}
{"r": 71, "l": 1000, "t": 1129.44802}
{"r": 15, "l": 1000, "t": 1141.961419}
{"r": -30, "l": 1000, "t": 1154.55021}
{"r": 19, "l": 1000, "t": 1167.151571}
{"r": 10, "l": 1000, "t": 1179.841673}
{"r": 32, "l": 1000, "t": 1192.801438}
{"r": -71, "l": 1000, "t": 1205.644649}
{"r": -27, "l": 1000, "t": 1218.341999}
{"r": -51, "l": 1000, "t": 1231.08199}
{"r": 58, "l": 1000, "t": 1244.099793}
{"r": 67, "l": 1000, "t": 1257.032166}
{"r": -43, "l": 1000, "t": 1270.090737}
{"r": 85, "l": 1000, "t": 1283.060726}
{"r": 25, "l": 1000, "t": 1295.704532}
{"r": -5, "l": 1000, "t": 1308.513873}
{"r": 68, "l": 1000, "t": 1321.293729}
{"r": -32, "l": 1000, "t": 1334.209737}
{"r": 50, "l": 1000, "t": 1347.051794}
{"r": 42, "l": 1000, "t": 1360.000366}
{"r": -14, "l": 1000, "t": 1373.430701}
{"r": -30, "l": 1000, "t": 1386.729803}
{"r": 77, "l": 1000, "t": 1399.649746}
{"r": -25, "l": 1000, "t": 1412.850996}
{"r": 17, "l": 1000, "t": 1425.840556}
{"r": -23, "l": 1000, "t": 1439.45249}
{"r": 75, "l": 1000, "t": 1452.569396}
{"r": 96, "l": 1000, "t": 1465.741275}
{"r": -27, "l": 1000, "t": 1479.17383}
{"r": -11, "l": 1000, "t": 1492.692856}
{"r": 14, "l": 1000, "t": 1505.91347}
{"r": -31, "l": 1000, "t": 1518.271899}
{"r": -29, "l": 1000, "t": 1531.851724}
{"r": 56, "l": 1000, "t": 1544.991774}
{"r": 69, "l": 1000, "t": 1558.531597}
{"r": -42, "l": 1000, "t": 1572.123801}
{"r": -63, "l": 1000, "t": 1585.854452}
{"r": -5, "l": 1000, "t": 1599.053326}
{"r": 95, "l": 1000, "t": 1612.649616}
{"r": 51, "l": 1000, "t": 1626.261321}
{"r": -23, "l": 1000, "t": 1640.009071}
{"r": -22, "l": 1000, "t": 1652.93142}
{"r": 47, "l": 1000, "t": 1666.192471}
{"r": 21, "l": 1000, "t": 1679.913135}
{"r": -15, "l": 1000, "t": 1693.254481}
{"r": -42, "l": 1000, "t": 1707.741663}
{"r": 41, "l": 1000, "t": 1720.962262}
{"r": 4, "l": 1000, "t": 1735.210892}
{"r": 62, "l": 1000, "t": 1747.891664}
{"r": -38, "l": 1000, "t": 1761.699877}
{"r": 41, "l": 1000, "t": 1775.064694}
{"r": -26, "l": 1000, "t": 1788.42334}
{"r": -74, "l": 1000, "t": 1802.181718}
{"r": -60, "l": 1000, "t": 1816.481685}
{"r": 84, "l": 1000, "t": 1830.312603}
{"r": -24, "l": 1000, "t": 1844.2339}
{"r": -15, "l": 1000, "t": 1858.220678}
{"r": -38, "l": 1000, "t": 1872.10337}
{"r": -23, "l": 1000, "t": 1886.791841}
{"r": 15, "l": 1000, "t": 1901.160359}
{"r": 56, "l": 1000, "t": 1914.811962}
{"r": -85, "l": 1000, "t": 1928.961518}
{"r": 40, "l": 1000, "t": 1943.423653}
{"r": -2, "l": 1000, "t": 1957.0409}
{"r": -5, "l": 1000, "t": 1970.530498}
{"r": -29, "l": 1000, "t": 1984.340804}
{"r": -17, "l": 1000, "t": 1997.759553}
{"r": 20, "l": 1000, "t": 2012.462772}
{"r": 29, "l": 1000, "t": 2027.521644}
{"r": -151, "l": 1000, "t": 2042.763719}
{"r": -13, "l": 1000, "t": 2056.850945}
{"r": -18, "l": 1000, "t": 2071.261435}
{"r": 56, "l": 1000, "t": 2085.451452}
{"r": -122, "l": 1000, "t": 2099.242081}
{"r": 6, "l": 1000, "t": 2113.331046}
{"r": 60, "l": 1000, "t": 2128.311393}
{"r": 105, "l": 1000, "t": 2142.347726}
{"r": -11, "l": 1000, "t": 2156.56324}
{"r": -35, "l": 1000, "t": 2170.209189}
{"r": -50, "l": 1000, "t": 2185.000904}
{"r": -45, "l": 1000, "t": 2199.050574}
{"r": -26, "l": 1000, "t": 2213.793653}
{"r": 50, "l": 1000, "t": 2228.513768}
{"r": 36, "l": 1000, "t": 2242.151705}
{"r": 59, "l": 1000, "t": 2255.973608}
{"r": 62, "l": 1000, "t": 2270.360218}
{"r": 49, "l": 1000, "t": 2284.693085}
{"r": 28, "l": 1000, "t": 2299.232105}
{"r": -103, "l": 1000, "t": 2313.300447}
{"r": -8, "l": 1000, "t": 2327.279274}
{"r": -45, "l": 1000, "t": 2341.261771}
{"r": 48, "l": 1000, "t": 2355.562668}
{"r": -55, "l": 1000, "t": 2370.451782}
{"r": -59, "l": 1000, "t": 2383.63946}
{"r": 14, "l": 1000, "t": 2398.983109}
{"r": 16, "l": 1000, "t": 2412.881464}
{"r": 2, "l": 1000, "t": 2427.470615}
{"r": -37, "l": 1000, "t": 2443.432487}
{"r": 15, "l": 1000, "t": 2457.613595}
{"r": -5, "l": 1000, "t": 2472.21235}
{"r": 98, "l": 1000, "t": 2486.491592}
{"r": 13, "l": 1000, "t": 2502.099393}
{"r": -44, "l": 1000, "t": 2516.808164}
{"r": -52, "l": 1000, "t": 2531.561255}
{"r": -29, "l": 1000, "t": 2546.83349}
{"r": 10, "l": 1000, "t": 2561.714566}
{"r": 21, "l": 1000, "t": 2577.092329}
{"r": 113, "l": 1000,