{"t_start": 1516783461.6779838, "gym_version": "0.9.2", "env_id": "GridWorldNoFrameskip-v4"}
{"r": -66, "l": 1000, "t": 12.922234}
{"r": 27, "l": 1000, "t": 23.931867}
{"r": 43, "l": 1000, "t": 34.353862}
{"r": -98, "l": 1000, "t": 44.991281}
{"r": -80, "l": 1000, "t": 55.582842}
{"r": 88, "l": 1000, "t": 66.171344}
{"r": -23, "l": 1000, "t": 77.29128}
{"r": -27, "l": 1000, "t": 88.070926}
{"r": -9, "l": 1000, "t": 98.623763}
{"r": 48, "l": 1000, "t": 109.111478}
{"r": -38, "l": 1000, "t": 119.655645}
{"r": 10, "l": 1000, "t": 130.352418}
{"r": -30, "l": 1000, "t": 141.311076}
{"r": 70, "l": 1000, "t": 152.201699}
{"r": 50, "l": 1000, "t": 163.413566}
{"r": 32, "l": 1000, "t": 174.091766}
{"r": 27, "l": 1000, "t": 184.773685}
{"r": -12, "l": 1000, "t": 195.732446}
{"r": 60, "l": 1000, "t": 206.911642}
{"r": 26, "l": 1000, "t": 217.651044}
{"r": 13, "l": 1000, "t": 228.661747}
{"r": 110, "l": 1000, "t": 239.865329}
{"r": -40, "l": 1000, "t": 250.39063}
{"r": -33, "l": 1000, "t": 261.491992}
{"r": 59, "l": 1000, "t": 272.422167}
{"r": -108, "l": 1000, "t": 283.840348}
{"r": 12, "l": 1000, "t": 295.023806}
{"r": -40, "l": 1000, "t": 306.00004}
{"r": 76, "l": 1000, "t": 317.023503}
{"r": 16, "l": 1000, "t": 327.841502}
{"r": -58, "l": 1000, "t": 338.862894}
{"r": -42, "l": 1000, "t": 349.86157}
{"r": -18, "l": 1000, "t": 361.014122}
{"r": 66, "l": 1000, "t": 372.171219}
{"r": -5, "l": 1000, "t": 383.639838}
{"r": -14, "l": 1000, "t": 394.791094}
{"r": 46, "l": 1000, "t": 406.152766}
{"r": -11, "l": 1000, "t": 417.284242}
{"r": -70, "l": 1000, "t": 428.651176}
{"r": 113, "l": 1000, "t": 439.641022}
{"r": 46, "l": 1000, "t": 450.902879}
{"r": -52, "l": 1000, "t": 461.961831}
{"r": 19, "l": 1000, "t": 473.121337}
{"r": 78, "l": 1000, "t": 484.471069}
{"r": -13, "l": 1000, "t": 495.991055}
{"r": -39, "l": 1000, "t": 507.611708}
{"r": 6, "l": 1000, "t": 518.978871}
{"r": 47, "l": 1000, "t": 530.441931}
{"r": 5, "l": 1000, "t": 542.301808}
{"r": 55, "l": 1000, "t": 553.563676}
{"r": 34, "l": 1000, "t": 565.133583}
{"r": -38, "l": 1000, "t": 576.781244}
{"r": 17, "l": 1000, "t": 588.560822}
{"r": 33, "l": 1000, "t": 600.165468}
{"r": 40, "l": 1000, "t": 611.924479}
{"r": 104, "l": 1000, "t": 624.028034}
{"r": -52, "l": 1000, "t": 635.812068}
{"r": 7, "l": 1000, "t": 647.30118}
{"r": -33, "l": 1000, "t": 659.152009}
{"r": -21, "l": 1000, "t": 671.11258}
{"r": -77, "l": 1000, "t": 683.285112}
{"r": 60, "l": 1000, "t": 694.420492}
{"r": -48, "l": 1000, "t": 706.64097}
{"r": 2, "l": 1000, "t": 718.422028}
{"r": -55, "l": 1000, "t": 730.692489}
{"r": -44, "l": 1000, "t": 742.292326}
{"r": -11, "l": 1000, "t": 754.271985}
{"r": 100, "l": 1000, "t": 766.418357}
{"r": -23, "l": 1000, "t": 777.984622}
{"r": 6, "l": 1000, "t": 789.602397}
{"r": 69, "l": 1000, "t": 801.121173}
{"r": -27, "l": 1000, "t": 813.489784}
{"r": -20, "l": 1000, "t": 825.280308}
{"r": 45, "l": 1000, "t": 837.752099}
{"r": -42, "l": 1000, "t": 849.34233}
{"r": -47, "l": 1000, "t": 861.871644}
{"r": -52, "l": 1000, "t": 873.539914}
{"r": 42, "l": 1000, "t": 885.663238}
{"r": -103, "l": 1000, "t": 897.581148}
{"r": -53, "l": 1000, "t": 909.761728}
{"r": -102, "l": 1000, "t": 921.803697}
{"r": 63, "l": 1000, "t": 933.701579}
{"r": -55, "l": 1000, "t": 945.479986}
{"r": -94, "l": 1000, "t": 957.911642}
{"r": -8, "l": 1000, "t": 969.903906}
{"r": -3, "l": 1000, "t": 982.081359}
{"r": -50, "l": 1000, "t": 994.353897}
{"r": -43, "l": 1000, "t": 1006.731333}
{"r": 27, "l": 1000, "t": 1019.561537}
{"r": -5, "l": 1000, "t": 1032.152524}
{"r": 88, "l": 1000, "t": 1044.414217}
{"r": -38, "l": 1000, "t": 1056.65101}
{"r": -13, "l": 1000, "t": 1068.274214}
{"r": -24, "l": 1000, "t": 1080.621472}
{"r": 39, "l": 1000, "t": 1093.341514}
{"r": -46, "l": 1000, "t": 1105.703356}
{"r": 12, "l": 1000, "t": 1117.883356}
{"r": 55, "l": 1000, "t": 1130.381918}
{"r": -20, "l": 1000, "t": 1143.174597}
{"r": -35, "l": 1000, "t": 1155.523688}
{"r": 9, "l": 1000, "t": 1167.832515}
{"r": 68, "l": 1000, "t": 1180.483779}
{"r": 104, "l": 1000, "t": 1193.662465}
{"r": -19, "l": 1000, "t": 1206.571577}
{"r": 19, "l": 1000, "t": 1219.202381}
{"r": -79, "l": 1000, "t": 1231.78311}
{"r": -19, "l": 1000, "t": 1245.433167}
{"r": 50, "l": 1000, "t": 1258.370528}
{"r": -23, "l": 1000, "t": 1271.270784}
{"r": 25, "l": 1000, "t": 1283.744675}
{"r": 29, "l": 1000, "t": 1296.991505}
{"r": 82, "l": 1000, "t": 1310.122427}
{"r": 16, "l": 1000, "t": 1322.64353}
{"r": 29, "l": 1000, "t": 1335.88994}
{"r": 78, "l": 1000, "t": 1349.133053}
{"r": 33, "l": 1000, "t": 1361.575798}
{"r": 39, "l": 1000, "t": 1375.213175}
{"r": -45, "l": 1000, "t": 1388.272883}
{"r": -3, "l": 1000, "t": 1401.381689}
{"r": -49, "l": 1000, "t": 1414.963986}
{"r": 75, "l": 1000, "t": 1427.813038}
{"r": -44, "l": 1000, "t": 1440.822791}
{"r": 73, "l": 1000, "t": 1454.035799}
{"r": 119, "l": 1000, "t": 1467.142508}
{"r": 0, "l": 1000, "t": 1480.150901}
{"r": -4, "l": 1000, "t": 1493.370618}
{"r": 66, "l": 1000, "t": 1506.473357}
{"r": 23, "l": 1000, "t": 1519.195105}
{"r": -69, "l": 1000, "t": 1532.94114}
{"r": 59, "l": 1000, "t": 1545.513153}
{"r": 50, "l": 1000, "t": 1559.360527}
{"r": -41, "l": 1000, "t": 1573.081555}
{"r": -51, "l": 1000, "t": 1585.901671}
{"r": -35, "l": 1000, "t": 1599.492454}
{"r": 90, "l": 1000, "t": 1612.650067}
{"r": -12, "l": 1000, "t": 1626.235883}
{"r": -65, "l": 1000, "t": 1639.383143}
{"r": -49, "l": 1000, "t": 1652.8613}
{"r": 69, "l": 1000, "t": 1665.731816}
{"r": 30, "l": 1000, "t": 1678.950386}
{"r": -12, "l": 1000, "t": 1692.633079}
{"r": -37, "l": 1000, "t": 1706.543214}
{"r": -24, "l": 1000, "t": 1719.924622}
{"r": 23, "l": 1000, "t": 1733.562072}
{"r": 43, "l": 1000, "t": 1746.893889}
{"r": -66, "l": 1000, "t": 1760.522583}
{"r": 91, "l": 1000, "t": 1773.804796}
{"r": -33, "l": 1000, "t": 1787.183216}
{"r": -52, "l": 1000, "t": 1801.012698}
{"r": -45, "l": 1000, "t": 1815.075787}
{"r": 75, "l": 1000, "t": 1828.890209}
{"r": 18, "l": 1000, "t": 1843.000694}
{"r": -10, "l": 1000, "t": 1857.620716}
{"r": -27, "l": 1000, "t": 1872.012452}
{"r": -41, "l": 1000, "t": 1885.581822}
{"r": 0, "l": 1000, "t": 1899.832766}
{"r": 123, "l": 1000, "t": 1913.484726}
{"r": -117, "l": 1000, "t": 1927.730798}
{"r": 25, "l": 1000, "t": 1941.884091}
{"r": -59, "l": 1000, "t": 1955.913402}
{"r": -8, "l": 1000, "t": 1969.911454}
{"r": -24, "l": 1000, "t": 1983.452345}
{"r": 42, "l": 1000, "t": 1997.27073}
{"r": 23, "l": 1000, "t": 2011.810336}
{"r": 46, "l": 1000, "t": 2026.720565}
{"r": -37, "l": 1000, "t": 2041.49148}
{"r": 38, "l": 1000, "t": 2055.789383}
{"r": 16, "l": 1000, "t": 2069.881657}
{"r": 27, "l": 1000, "t": 2084.098835}
{"r": -20, "l": 1000, "t": 2097.885023}
{"r": -16, "l": 1000, "t": 2111.702668}
{"r": 43, "l": 1000, "t": 2126.642818}
{"r": 51, "l": 1000, "t": 2141.303647}
{"r": 11, "l": 1000, "t": 2155.902221}
{"r": 29, "l": 1000, "t": 2170.233277}
{"r": -28, "l": 1000, "t": 2184.974307}
{"r": -70, "l": 1000, "t": 2198.203349}
{"r": 21, "l": 1000, "t": 2212.533989}
{"r": 58, "l": 1000, "t": 2226.671408}
{"r": 45, "l": 1000, "t": 2240.322968}
{"r": 30, "l": 1000, "t": 2254.92231}
{"r": 34, "l": 1000, "t": 2268.579967}
{"r": -10, "l": 1000, "t": 2282.971634}
{"r": 16, "l": 1000, "t": 2297.504818}
{"r": 0, "l": 1000, "t": 2312.221678}
{"r": 0, "l": 1000, "t": 2326.298558}
{"r": -38, "l": 1000, "t": 2340.303083}
{"r": 41, "l": 1000, "t": 2355.63115}
{"r": -21, "l": 1000, "t": 2369.631687}
{"r": -2, "l": 1000, "t": 2384.658033}
{"r": -51, "l": 1000, "t": 2399.632422}
{"r": -9, "l": 1000, "t": 2413.95294}
{"r": -20, "l": 1000, "t": 2428.545545}
{"r": 12, "l": 1000, "t": 2444.080841}
{"r": -24, "l": 1000, "t": 2458.683022}
{"r": -13, "l": 1000, "t": 2472.851237}
{"r": 85, "l": 1000, "t": 2488.681174}
{"r": -8, "l": 1000, "t": 2503.369147}
{"r": -104, "l": 1000, "t": 2518.012856}
{"r": -46, "l": 1000, "t": 2533.246989}
{"r": -25, "l": 1000, "t": 2547.760973}
{"r": 59, "l": 1000, "t": 2561.761332}
{"r": 37, "l": 1000, "t": 2577.092295}
{"r": 130,