{"t_start": 1516783461.678631, "gym_version": "0.9.2", "env_id": "GridWorldNoFrameskip-v4"}
{"r": -82, "l": 1000, "t": 12.921868}
{"r": -60, "l": 1000, "t": 23.953137}
{"r": 12, "l": 1000, "t": 34.353745}
{"r": -99, "l": 1000, "t": 44.963581}
{"r": -8, "l": 1000, "t": 55.603439}
{"r": 12, "l": 1000, "t": 66.121289}
{"r": -105, "l": 1000, "t": 76.87043}
{"r": -39, "l": 1000, "t": 88.01035}
{"r": -50, "l": 1000, "t": 98.671121}
{"r": 35, "l": 1000, "t": 109.641744}
{"r": 14, "l": 1000, "t": 119.988636}
{"r": -55, "l": 1000, "t": 130.992456}
{"r": -15, "l": 1000, "t": 141.730857}
{"r": 65, "l": 1000, "t": 152.561679}
{"r": 45, "l": 1000, "t": 163.443178}
{"r": 16, "l": 1000, "t": 174.280484}
{"r": 54, "l": 1000, "t": 185.074306}
{"r": 31, "l": 1000, "t": 195.709474}
{"r": 72, "l": 1000, "t": 206.59948}
{"r": 19, "l": 1000, "t": 217.283351}
{"r": 6, "l": 1000, "t": 228.022146}
{"r": 85, "l": 1000, "t": 239.079598}
{"r": -34, "l": 1000, "t": 250.043356}
{"r": -5, "l": 1000, "t": 260.821019}
{"r": 104, "l": 1000, "t": 272.060599}
{"r": -61, "l": 1000, "t": 283.092435}
{"r": 22, "l": 1000, "t": 294.102951}
{"r": 3, "l": 1000, "t": 304.969258}
{"r": 2, "l": 1000, "t": 316.319892}
{"r": 0, "l": 1000, "t": 327.77186}
{"r": -58, "l": 1000, "t": 338.939219}
{"r": -35, "l": 1000, "t": 350.281585}
{"r": -88, "l": 1000, "t": 361.460896}
{"r": 52, "l": 1000, "t": 372.831303}
{"r": -10, "l": 1000, "t": 384.355578}
{"r": -19, "l": 1000, "t": 395.820945}
{"r": 62, "l": 1000, "t": 406.922131}
{"r": -14, "l": 1000, "t": 418.011747}
{"r": -51, "l": 1000, "t": 429.437715}
{"r": 108, "l": 1000, "t": 440.319843}
{"r": 42, "l": 1000, "t": 451.862896}
{"r": -32, "l": 1000, "t": 462.97024}
{"r": 115, "l": 1000, "t": 474.141199}
{"r": 136, "l": 1000, "t": 485.522035}
{"r": -5, "l": 1000, "t": 496.830907}
{"r": -51, "l": 1000, "t": 508.664234}
{"r": -14, "l": 1000, "t": 519.944189}
{"r": -1, "l": 1000, "t": 531.840183}
{"r": 28, "l": 1000, "t": 543.460084}
{"r": 5, "l": 1000, "t": 554.743308}
{"r": -24, "l": 1000, "t": 566.553653}
{"r": 10, "l": 1000, "t": 577.911583}
{"r": -30, "l": 1000, "t": 589.529717}
{"r": 62, "l": 1000, "t": 601.201312}
{"r": -25, "l": 1000, "t": 612.692018}
{"r": 136, "l": 1000, "t": 624.62325}
{"r": -53, "l": 1000, "t": 636.170806}
{"r": 14, "l": 1000, "t": 648.113754}
{"r": 0, "l": 1000, "t": 659.672174}
{"r": 4, "l": 1000, "t": 671.48228}
{"r": -37, "l": 1000, "t": 683.390556}
{"r": 37, "l": 1000, "t": 695.181703}
{"r": -95, "l": 1000, "t": 707.033159}
{"r": 8, "l": 1000, "t": 718.960375}
{"r": -8, "l": 1000, "t": 730.721297}
{"r": -33, "l": 1000, "t": 742.361787}
{"r": -6, "l": 1000, "t": 754.296758}
{"r": 95, "l": 1000, "t": 766.442271}
{"r": 0, "l": 1000, "t": 778.383677}
{"r": 55, "l": 1000, "t": 790.020795}
{"r": 38, "l": 1000, "t": 801.741921}
{"r": -47, "l": 1000, "t": 813.511334}
{"r": 28, "l": 1000, "t": 825.861043}
{"r": 99, "l": 1000, "t": 837.80167}
{"r": -74, "l": 1000, "t": 849.342493}
{"r": -59, "l": 1000, "t": 861.241513}
{"r": -45, "l": 1000, "t": 874.110274}
{"r": 0, "l": 1000, "t": 886.552772}
{"r": -15, "l": 1000, "t": 898.919576}
{"r": -54, "l": 1000, "t": 911.034927}
{"r": -91, "l": 1000, "t": 923.06257}
{"r": 37, "l": 1000, "t": 934.923678}
{"r": -104, "l": 1000, "t": 946.671511}
{"r": 13, "l": 1000, "t": 958.849304}
{"r": 29, "l": 1000, "t": 971.100028}
{"r": 35, "l": 1000, "t": 983.640509}
{"r": 50, "l": 1000, "t": 995.960763}
{"r": 7, "l": 1000, "t": 1008.204957}
{"r": 48, "l": 1000, "t": 1020.629755}
{"r": 12, "l": 1000, "t": 1032.860149}
{"r": 24, "l": 1000, "t": 1045.191872}
{"r": -9, "l": 1000, "t": 1057.690894}
{"r": -14, "l": 1000, "t": 1069.061326}
{"r": 24, "l": 1000, "t": 1082.150175}
{"r": -22, "l": 1000, "t": 1095.151346}
{"r": -46, "l": 1000, "t": 1107.691335}
{"r": 53, "l": 1000, "t": 1119.581298}
{"r": 26, "l": 1000, "t": 1131.911512}
{"r": -39, "l": 1000, "t": 1144.791568}
{"r": 15, "l": 1000, "t": 1157.173084}
{"r": -4, "l": 1000, "t": 1170.312338}
{"r": -35, "l": 1000, "t": 1183.312223}
{"r": 11, "l": 1000, "t": 1196.021287}
{"r": -51, "l": 1000, "t": 1209.00156}
{"r": -75, "l": 1000, "t": 1221.852797}
{"r": -39, "l": 1000, "t": 1234.691213}
{"r": -3, "l": 1000, "t": 1247.782208}
{"r": 21, "l": 1000, "t": 1260.715217}
{"r": 52, "l": 1000, "t": 1273.49113}
{"r": 55, "l": 1000, "t": 1286.734189}
{"r": -10, "l": 1000, "t": 1299.881754}
{"r": 54, "l": 1000, "t": 1312.932194}
{"r": -31, "l": 1000, "t": 1325.362444}
{"r": 70, "l": 1000, "t": 1338.292276}
{"r": -66, "l": 1000, "t": 1351.303313}
{"r": -13, "l": 1000, "t": 1364.363216}
{"r": 44, "l": 1000, "t": 1377.390023}
{"r": -25, "l": 1000, "t": 1390.540255}
{"r": 46, "l": 1000, "t": 1403.433788}
{"r": -1, "l": 1000, "t": 1416.531188}
{"r": -30, "l": 1000, "t": 1429.761252}
{"r": 9, "l": 1000, "t": 1442.944666}
{"r": 12, "l": 1000, "t": 1456.431425}
{"r": 57, "l": 1000, "t": 1469.562366}
{"r": 20, "l": 1000, "t": 1482.859198}
{"r": -38, "l": 1000, "t": 1495.751745}
{"r": -34, "l": 1000, "t": 1509.241493}
{"r": 76, "l": 1000, "t": 1521.942971}
{"r": -44, "l": 1000, "t": 1536.07152}
{"r": 1, "l": 1000, "t": 1548.932319}
{"r": -2, "l": 1000, "t": 1562.771351}
{"r": -42, "l": 1000, "t": 1576.41254}
{"r": 27, "l": 1000, "t": 1589.911134}
{"r": 51, "l": 1000, "t": 1602.823066}
{"r": 37, "l": 1000, "t": 1616.631939}
{"r": 45, "l": 1000, "t": 1630.332346}
{"r": -30, "l": 1000, "t": 1643.500954}
{"r": -22, "l": 1000, "t": 1656.552752}
{"r": -19, "l": 1000, "t": 1669.179525}
{"r": 14, "l": 1000, "t": 1682.649483}
{"r": 10, "l": 1000, "t": 1696.881797}
{"r": -31, "l": 1000, "t": 1710.991449}
{"r": 65, "l": 1000, "t": 1724.191473}
{"r": 48, "l": 1000, "t": 1737.674527}
{"r": 71, "l": 1000, "t": 1751.121548}
{"r": -58, "l": 1000, "t": 1764.833729}
{"r": -5, "l": 1000, "t": 1778.283976}
{"r": -21, "l": 1000, "t": 1791.970517}
{"r": 9, "l": 1000, "t": 1805.781968}
{"r": -101, "l": 1000, "t": 1819.661028}
{"r": 27, "l": 1000, "t": 1833.735426}
{"r": -28, "l": 1000, "t": 1847.743176}
{"r": 104, "l": 1000, "t": 1861.68371}
{"r": 39, "l": 1000, "t": 1876.178666}
{"r": 13, "l": 1000, "t": 1890.499524}
{"r": -10, "l": 1000, "t": 1904.421429}
{"r": 79, "l": 1000, "t": 1918.511531}
{"r": 2, "l": 1000, "t": 1932.542098}
{"r": 37, "l": 1000, "t": 1947.011447}
{"r": 15, "l": 1000, "t": 1960.673135}
{"r": -4, "l": 1000, "t": 1973.930599}
{"r": -39, "l": 1000, "t": 1987.271792}
{"r": -21, "l": 1000, "t": 2001.613869}
{"r": 94, "l": 1000, "t": 2016.148943}
{"r": -31, "l": 1000, "t": 2031.101338}
{"r": -72, "l": 1000, "t": 2045.562326}
{"r": -65, "l": 1000, "t": 2059.880914}
{"r": 50, "l": 1000, "t": 2074.222883}
{"r": 26, "l": 1000, "t": 2088.200742}
{"r": -85, "l": 1000, "t": 2102.17221}
{"r": -28, "l": 1000, "t": 2116.581382}
{"r": -34, "l": 1000, "t": 2131.09432}
{"r": 85, "l": 1000, "t": 2145.462445}
{"r": -26, "l": 1000, "t": 2159.542508}
{"r": -4, "l": 1000, "t": 2173.443869}
{"r": 10, "l": 1000, "t": 2187.930665}
{"r": -41, "l": 1000, "t": 2201.581684}
{"r": -38, "l": 1000, "t": 2216.072634}
{"r": 9, "l": 1000, "t": 2230.030133}
{"r": -16, "l": 1000, "t": 2244.091576}
{"r": 38, "l": 1000, "t": 2258.281323}
{"r": -41, "l": 1000, "t": 2272.49082}
{"r": 21, "l": 1000, "t": 2286.851197}
{"r": -17, "l": 1000, "t": 2301.632332}
{"r": 5, "l": 1000, "t": 2315.868464}
{"r": 17, "l": 1000, "t": 2330.082143}
{"r": -15, "l": 1000, "t": 2344.271311}
{"r": -18, "l": 1000, "t": 2359.021749}
{"r": -40, "l": 1000, "t": 2372.980855}
{"r": 4, "l": 1000, "t": 2387.770065}
{"r": -60, "l": 1000, "t": 2402.532698}
{"r": -25, "l": 1000, "t": 2416.961907}
{"r": -24, "l": 1000, "t": 2431.643198}
{"r": 34, "l": 1000, "t": 2446.702297}
{"r": -22, "l": 1000, "t": 2461.271196}
{"r": 37, "l": 1000, "t": 2476.539093}
{"r": -44, "l": 1000, "t": 2491.393001}
{"r": 31, "l": 1000, "t": 2506.132418}
{"r": -74, "l": 1000, "t": 2520.799131}
{"r": -76, "l": 1000, "t": 2535.512138}
{"r": 8, "l": 1000, "t": 2550.128572}
{"r": 82, "l": 1000, "t": 2564.78265}
{"r": 55, "l": 1000, "t": 2579.542301}
{"r": 137, "l": 1000,