{"t_start": 1516783461.677402, "gym_version": "0.9.2", "env_id": "GridWorldNoFrameskip-v4"}
{"r": -74, "l": 1000, "t": 12.672124}
{"r": 0, "l": 1000, "t": 23.315356}
{"r": -19, "l": 1000, "t": 34.031451}
{"r": -59, "l": 1000, "t": 44.572297}
{"r": -20, "l": 1000, "t": 55.29532}
{"r": 7, "l": 1000, "t": 66.094701}
{"r": 27, "l": 1000, "t": 76.822961}
{"r": 9, "l": 1000, "t": 87.771055}
{"r": 24, "l": 1000, "t": 98.62436}
{"r": 38, "l": 1000, "t": 109.319418}
{"r": -38, "l": 1000, "t": 119.989984}
{"r": 4, "l": 1000, "t": 130.652321}
{"r": -35, "l": 1000, "t": 141.339376}
{"r": 30, "l": 1000, "t": 152.563217}
{"r": 48, "l": 1000, "t": 163.444019}
{"r": -44, "l": 1000, "t": 174.368875}
{"r": 28, "l": 1000, "t": 185.4126}
{"r": 13, "l": 1000, "t": 196.446275}
{"r": 96, "l": 1000, "t": 207.315359}
{"r": 114, "l": 1000, "t": 218.271849}
{"r": 42, "l": 1000, "t": 229.342263}
{"r": 60, "l": 1000, "t": 240.243128}
{"r": -76, "l": 1000, "t": 251.334818}
{"r": -25, "l": 1000, "t": 262.32442}
{"r": 65, "l": 1000, "t": 273.312561}
{"r": -60, "l": 1000, "t": 284.444949}
{"r": 26, "l": 1000, "t": 295.40347}
{"r": -40, "l": 1000, "t": 306.312805}
{"r": 83, "l": 1000, "t": 317.724435}
{"r": -15, "l": 1000, "t": 328.800098}
{"r": -50, "l": 1000, "t": 339.843284}
{"r": -42, "l": 1000, "t": 350.94244}
{"r": -100, "l": 1000, "t": 362.435812}
{"r": -60, "l": 1000, "t": 373.303135}
{"r": 1, "l": 1000, "t": 384.402213}
{"r": 14, "l": 1000, "t": 395.864641}
{"r": 97, "l": 1000, "t": 407.233278}
{"r": -19, "l": 1000, "t": 418.522202}
{"r": -80, "l": 1000, "t": 429.734899}
{"r": 84, "l": 1000, "t": 440.662338}
{"r": -24, "l": 1000, "t": 451.892664}
{"r": 7, "l": 1000, "t": 463.323141}
{"r": 51, "l": 1000, "t": 474.429913}
{"r": 131, "l": 1000, "t": 485.762294}
{"r": -91, "l": 1000, "t": 497.122378}
{"r": -45, "l": 1000, "t": 508.665709}
{"r": -45, "l": 1000, "t": 519.972796}
{"r": 4, "l": 1000, "t": 531.521372}
{"r": 13, "l": 1000, "t": 543.441336}
{"r": -55, "l": 1000, "t": 554.72164}
{"r": 90, "l": 1000, "t": 566.213478}
{"r": -57, "l": 1000, "t": 577.503353}
{"r": -26, "l": 1000, "t": 589.503363}
{"r": 22, "l": 1000, "t": 601.224029}
{"r": -36, "l": 1000, "t": 612.62336}
{"r": 107, "l": 1000, "t": 624.551085}
{"r": -50, "l": 1000, "t": 636.521439}
{"r": 14, "l": 1000, "t": 648.484877}
{"r": -21, "l": 1000, "t": 660.120546}
{"r": -73, "l": 1000, "t": 672.164784}
{"r": -69, "l": 1000, "t": 684.331937}
{"r": 47, "l": 1000, "t": 696.240963}
{"r": -63, "l": 1000, "t": 708.344031}
{"r": 0, "l": 1000, "t": 720.421117}
{"r": -28, "l": 1000, "t": 732.125252}
{"r": -9, "l": 1000, "t": 744.001799}
{"r": -44, "l": 1000, "t": 756.290503}
{"r": 29, "l": 1000, "t": 768.021831}
{"r": 13, "l": 1000, "t": 779.763228}
{"r": -10, "l": 1000, "t": 791.501923}
{"r": -3, "l": 1000, "t": 803.164825}
{"r": -59, "l": 1000, "t": 814.921634}
{"r": -11, "l": 1000, "t": 827.071851}
{"r": 48, "l": 1000, "t": 839.322662}
{"r": -132, "l": 1000, "t": 851.333297}
{"r": -93, "l": 1000, "t": 863.703339}
{"r": -21, "l": 1000, "t": 875.965009}
{"r": 37, "l": 1000, "t": 888.153801}
{"r": -87, "l": 1000, "t": 900.392559}
{"r": -58, "l": 1000, "t": 912.693552}
{"r": -87, "l": 1000, "t": 924.432102}
{"r": -11, "l": 1000, "t": 936.293402}
{"r": -114, "l": 1000, "t": 948.100853}
{"r": 33, "l": 1000, "t": 960.272038}
{"r": -11, "l": 1000, "t": 972.35388}
{"r": 55, "l": 1000, "t": 984.495253}
{"r": -42, "l": 1000, "t": 996.860205}
{"r": 7, "l": 1000, "t": 1009.252201}
{"r": -8, "l": 1000, "t": 1021.664239}
{"r": -9, "l": 1000, "t": 1033.960992}
{"r": 88, "l": 1000, "t": 1046.253334}
{"r": -9, "l": 1000, "t": 1058.312276}
{"r": -15, "l": 1000, "t": 1070.085647}
{"r": 32, "l": 1000, "t": 1082.732386}
{"r": -61, "l": 1000, "t": 1095.15305}
{"r": 2, "l": 1000, "t": 1107.713489}
{"r": -50, "l": 1000, "t": 1120.133328}
{"r": -11, "l": 1000, "t": 1133.05447}
{"r": -32, "l": 1000, "t": 1145.883938}
{"r": -33, "l": 1000, "t": 1158.173809}
{"r": -51, "l": 1000, "t": 1171.145823}
{"r": -39, "l": 1000, "t": 1183.996123}
{"r": 42, "l": 1000, "t": 1196.722853}
{"r": -19, "l": 1000, "t": 1209.382406}
{"r": -23, "l": 1000, "t": 1222.274482}
{"r": -73, "l": 1000, "t": 1235.312678}
{"r": -8, "l": 1000, "t": 1248.393103}
{"r": -4, "l": 1000, "t": 1261.284298}
{"r": 46, "l": 1000, "t": 1274.259946}
{"r": -1, "l": 1000, "t": 1286.734624}
{"r": -26, "l": 1000, "t": 1299.905021}
{"r": 60, "l": 1000, "t": 1312.912233}
{"r": -20, "l": 1000, "t": 1325.733216}
{"r": 34, "l": 1000, "t": 1338.722997}
{"r": -11, "l": 1000, "t": 1352.012959}
{"r": -48, "l": 1000, "t": 1364.983274}
{"r": 14, "l": 1000, "t": 1378.252744}
{"r": -30, "l": 1000, "t": 1391.606221}
{"r": 53, "l": 1000, "t": 1404.763725}
{"r": -46, "l": 1000, "t": 1417.254372}
{"r": -62, "l": 1000, "t": 1430.981715}
{"r": 29, "l": 1000, "t": 1444.354866}
{"r": -24, "l": 1000, "t": 1457.555529}
{"r": 9, "l": 1000, "t": 1470.722758}
{"r": -35, "l": 1000, "t": 1483.831906}
{"r": 26, "l": 1000, "t": 1497.102351}
{"r": -46, "l": 1000, "t": 1510.011475}
{"r": 23, "l": 1000, "t": 1523.155199}
{"r": -18, "l": 1000, "t": 1536.664405}
{"r": 16, "l": 1000, "t": 1550.022373}
{"r": -2, "l": 1000, "t": 1563.56325}
{"r": -38, "l": 1000, "t": 1577.225803}
{"r": 1, "l": 1000, "t": 1590.509776}
{"r": 14, "l": 1000, "t": 1603.821311}
{"r": -36, "l": 1000, "t": 1617.303278}
{"r": -7, "l": 1000, "t": 1630.831594}
{"r": 1, "l": 1000, "t": 1644.264148}
{"r": 32, "l": 1000, "t": 1657.003762}
{"r": -38, "l": 1000, "t": 1669.914663}
{"r": -16, "l": 1000, "t": 1683.293283}
{"r": 35, "l": 1000, "t": 1697.31467}
{"r": 17, "l": 1000, "t": 1711.474762}
{"r": 86, "l": 1000, "t": 1724.830084}
{"r": 66, "l": 1000, "t": 1738.193006}
{"r": -62, "l": 1000, "t": 1751.804576}
{"r": -149, "l": 1000, "t": 1765.261544}
{"r": -20, "l": 1000, "t": 1778.351531}
{"r": -44, "l": 1000, "t": 1791.994922}
{"r": -32, "l": 1000, "t": 1805.811912}
{"r": -55, "l": 1000, "t": 1820.095215}
{"r": 51, "l": 1000, "t": 1833.702623}
{"r": -23, "l": 1000, "t": 1847.744627}
{"r": 36, "l": 1000, "t": 1861.684347}
{"r": 20, "l": 1000, "t": 1875.673809}
{"r": -42, "l": 1000, "t": 1890.103253}
{"r": -20, "l": 1000, "t": 1904.373291}
{"r": 110, "l": 1000, "t": 1918.021124}
{"r": 0, "l": 1000, "t": 1932.459669}
{"r": 54, "l": 1000, "t": 1946.23524}
{"r": -14, "l": 1000, "t": 1960.199943}
{"r": 8, "l": 1000, "t": 1973.387941}
{"r": 52, "l": 1000, "t": 1986.77382}
{"r": -10, "l": 1000, "t": 2000.833776}
{"r": 100, "l": 1000, "t": 2015.692418}
{"r": -75, "l": 1000, "t": 2030.280024}
{"r": 0, "l": 1000, "t": 2044.777588}
{"r": -7, "l": 1000, "t": 2058.782671}
{"r": 17, "l": 1000, "t": 2073.132173}
{"r": -20, "l": 1000, "t": 2087.003241}
{"r": -117, "l": 1000, "t": 2100.572523}
{"r": -2, "l": 1000, "t": 2114.481418}
{"r": 2, "l": 1000, "t": 2129.171034}
{"r": 119, "l": 1000, "t": 2143.105232}
{"r": -32, "l": 1000, "t": 2157.563875}
{"r": 33, "l": 1000, "t": 2171.73168}
{"r": -76, "l": 1000, "t": 2186.213125}
{"r": -85, "l": 1000, "t": 2200.763108}
{"r": -48, "l": 1000, "t": 2214.452089}
{"r": 76, "l": 1000, "t": 2227.494779}
{"r": -24, "l": 1000, "t": 2241.004389}
{"r": 53, "l": 1000, "t": 2256.001553}
{"r": -3, "l": 1000, "t": 2270.335126}
{"r": -19, "l": 1000, "t": 2284.694088}
{"r": -1, "l": 1000, "t": 2298.363063}
{"r": -31, "l": 1000, "t": 2312.275032}
{"r": -6, "l": 1000, "t": 2327.303613}
{"r": -30, "l": 1000, "t": 2341.27079}
{"r": 34, "l": 1000, "t": 2355.651551}
{"r": 35, "l": 1000, "t": 2369.601108}
{"r": 37, "l": 1000, "t": 2384.702777}
{"r": 7, "l": 1000, "t": 2399.683316}
{"r": -30, "l": 1000, "t": 2414.002005}
{"r": 27, "l": 1000, "t": 2428.522081}
{"r": -32, "l": 1000, "t": 2443.344537}
{"r": 37, "l": 1000, "t": 2457.572234}
{"r": 24, "l": 1000, "t": 2472.802877}
{"r": 30, "l": 1000, "t": 2488.161798}
{"r": -3, "l": 1000, "t": 2502.203449}
{"r": -41, "l": 1000, "t": 2517.943662}
{"r": -51, "l": 1000, "t": 2532.341216}
{"r": -25, "l": 1000, "t": 2547.785574}
{"r": 86, "l": 1000, "t": 2562.601111}
{"r": 50, "l": 1000, "t": 2576.262385}
{"r": 100,