{"t_start": 1516783461.6784217, "gym_version": "0.9.2", "env_id": "GridWorldNoFrameskip-v4"}
{"r": -82, "l": 1000, "t": 12.921928}
{"r": -24, "l": 1000, "t": 23.553507}
{"r": 33, "l": 1000, "t": 33.981966}
{"r": -29, "l": 1000, "t": 44.881266}
{"r": -31, "l": 1000, "t": 55.582239}
{"r": 50, "l": 1000, "t": 66.551557}
{"r": -104, "l": 1000, "t": 77.290795}
{"r": 0, "l": 1000, "t": 88.011661}
{"r": -6, "l": 1000, "t": 98.409427}
{"r": 74, "l": 1000, "t": 109.361029}
{"r": -26, "l": 1000, "t": 120.321092}
{"r": -3, "l": 1000, "t": 131.041916}
{"r": -106, "l": 1000, "t": 142.171131}
{"r": 52, "l": 1000, "t": 153.07437}
{"r": 59, "l": 1000, "t": 163.810439}
{"r": -32, "l": 1000, "t": 174.650406}
{"r": 6, "l": 1000, "t": 185.361495}
{"r": 45, "l": 1000, "t": 196.062369}
{"r": 104, "l": 1000, "t": 206.931894}
{"r": 61, "l": 1000, "t": 217.95194}
{"r": 3, "l": 1000, "t": 228.612859}
{"r": 61, "l": 1000, "t": 239.102152}
{"r": -2, "l": 1000, "t": 250.022559}
{"r": -113, "l": 1000, "t": 261.143675}
{"r": 71, "l": 1000, "t": 272.354219}
{"r": -109, "l": 1000, "t": 283.440297}
{"r": 49, "l": 1000, "t": 294.415065}
{"r": -25, "l": 1000, "t": 305.381761}
{"r": 29, "l": 1000, "t": 316.671842}
{"r": 8, "l": 1000, "t": 327.813915}
{"r": -54, "l": 1000, "t": 338.862633}
{"r": -38, "l": 1000, "t": 350.194005}
{"r": -88, "l": 1000, "t": 361.081693}
{"r": -40, "l": 1000, "t": 372.45268}
{"r": -65, "l": 1000, "t": 383.591752}
{"r": -1, "l": 1000, "t": 395.094225}
{"r": 2, "l": 1000, "t": 405.892087}
{"r": -38, "l": 1000, "t": 416.893373}
{"r": -62, "l": 1000, "t": 428.04898}
{"r": 36, "l": 1000, "t": 439.071514}
{"r": -17, "l": 1000, "t": 450.491903}
{"r": -84, "l": 1000, "t": 461.662024}
{"r": 7, "l": 1000, "t": 472.790785}
{"r": 70, "l": 1000, "t": 484.061267}
{"r": -39, "l": 1000, "t": 495.710948}
{"r": -49, "l": 1000, "t": 507.568086}
{"r": 65, "l": 1000, "t": 518.881464}
{"r": 40, "l": 1000, "t": 530.441881}
{"r": 9, "l": 1000, "t": 542.301745}
{"r": 46, "l": 1000, "t": 553.583627}
{"r": -41, "l": 1000, "t": 565.153723}
{"r": -27, "l": 1000, "t": 576.501341}
{"r": 1, "l": 1000, "t": 588.230589}
{"r": 79, "l": 1000, "t": 599.852646}
{"r": -31, "l": 1000, "t": 611.493234}
{"r": 107, "l": 1000, "t": 623.261479}
{"r": 4, "l": 1000, "t": 634.812079}
{"r": 2, "l": 1000, "t": 646.296346}
{"r": -11, "l": 1000, "t": 658.124209}
{"r": -13, "l": 1000, "t": 670.202142}
{"r": 11, "l": 1000, "t": 682.03192}
{"r": 54, "l": 1000, "t": 693.701312}
{"r": -43, "l": 1000, "t": 705.394496}
{"r": 32, "l": 1000, "t": 717.452684}
{"r": -19, "l": 1000, "t": 729.1896}
{"r": 3, "l": 1000, "t": 740.830072}
{"r": 48, "l": 1000, "t": 752.821911}
{"r": 87, "l": 1000, "t": 764.943129}
{"r": 12, "l": 1000, "t": 776.572032}
{"r": 88, "l": 1000, "t": 788.282618}
{"r": -4, "l": 1000, "t": 800.093113}
{"r": -27, "l": 1000, "t": 812.151851}
{"r": 90, "l": 1000, "t": 824.056023}
{"r": 40, "l": 1000, "t": 836.419256}
{"r": -55, "l": 1000, "t": 848.25187}
{"r": 11, "l": 1000, "t": 860.180671}
{"r": -77, "l": 1000, "t": 872.509419}
{"r": 41, "l": 1000, "t": 884.811802}
{"r": -73, "l": 1000, "t": 896.72362}
{"r": -78, "l": 1000, "t": 908.991584}
{"r": -104, "l": 1000, "t": 920.812367}
{"r": 30, "l": 1000, "t": 932.751896}
{"r": -13, "l": 1000, "t": 944.382039}
{"r": 8, "l": 1000, "t": 956.613274}
{"r": 67, "l": 1000, "t": 968.942009}
{"r": 41, "l": 1000, "t": 981.020686}
{"r": -45, "l": 1000, "t": 993.560442}
{"r": -28, "l": 1000, "t": 1006.211274}
{"r": 13, "l": 1000, "t": 1018.652837}
{"r": 21, "l": 1000, "t": 1031.342454}
{"r": 94, "l": 1000, "t": 1043.381668}
{"r": -5, "l": 1000, "t": 1055.640773}
{"r": -23, "l": 1000, "t": 1067.353011}
{"r": -27, "l": 1000, "t": 1080.008943}
{"r": -31, "l": 1000, "t": 1092.849717}
{"r": -78, "l": 1000, "t": 1104.885223}
{"r": -54, "l": 1000, "t": 1117.411066}
{"r": 45, "l": 1000, "t": 1130.381015}
{"r": -25, "l": 1000, "t": 1143.174783}
{"r": 38, "l": 1000, "t": 1156.110193}
{"r": 0, "l": 1000, "t": 1168.961766}
{"r": 38, "l": 1000, "t": 1182.032837}
{"r": 16, "l": 1000, "t": 1194.872735}
{"r": 16, "l": 1000, "t": 1207.563561}
{"r": 52, "l": 1000, "t": 1220.132744}
{"r": -23, "l": 1000, "t": 1232.794222}
{"r": 1, "l": 1000, "t": 1245.836995}
{"r": 69, "l": 1000, "t": 1259.144461}
{"r": -6, "l": 1000, "t": 1272.221119}
{"r": 6, "l": 1000, "t": 1285.113524}
{"r": 10, "l": 1000, "t": 1297.561556}
{"r": 125, "l": 1000, "t": 1311.03536}
{"r": -40, "l": 1000, "t": 1323.654703}
{"r": 30, "l": 1000, "t": 1336.612972}
{"r": 38, "l": 1000, "t": 1349.673402}
{"r": -16, "l": 1000, "t": 1362.552424}
{"r": 46, "l": 1000, "t": 1376.041475}
{"r": -41, "l": 1000, "t": 1388.963809}
{"r": -6, "l": 1000, "t": 1401.814623}
{"r": -30, "l": 1000, "t": 1415.304336}
{"r": -14, "l": 1000, "t": 1428.27159}
{"r": -41, "l": 1000, "t": 1441.412653}
{"r": 83, "l": 1000, "t": 1454.692679}
{"r": 128, "l": 1000, "t": 1467.730809}
{"r": -31, "l": 1000, "t": 1480.871556}
{"r": -49, "l": 1000, "t": 1494.232702}
{"r": -22, "l": 1000, "t": 1507.652113}
{"r": 46, "l": 1000, "t": 1520.482074}
{"r": -77, "l": 1000, "t": 1534.319349}
{"r": 72, "l": 1000, "t": 1547.762396}
{"r": 9, "l": 1000, "t": 1561.231063}
{"r": -42, "l": 1000, "t": 1575.2228}
{"r": -25, "l": 1000, "t": 1588.540813}
{"r": 5, "l": 1000, "t": 1602.042041}
{"r": 32, "l": 1000, "t": 1615.909621}
{"r": 56, "l": 1000, "t": 1629.070037}
{"r": -31, "l": 1000, "t": 1642.742891}
{"r": -78, "l": 1000, "t": 1655.881292}
{"r": -57, "l": 1000, "t": 1668.52277}
{"r": 27, "l": 1000, "t": 1682.58089}
{"r": 33, "l": 1000, "t": 1696.124738}
{"r": 11, "l": 1000, "t": 1710.601973}
{"r": 72, "l": 1000, "t": 1724.219749}
{"r": 20, "l": 1000, "t": 1738.12395}
{"r": 33, "l": 1000, "t": 1751.781146}
{"r": -134, "l": 1000, "t": 1765.672795}
{"r": 17, "l": 1000, "t": 1779.161356}
{"r": -70, "l": 1000, "t": 1792.930848}
{"r": -31, "l": 1000, "t": 1806.55846}
{"r": -39, "l": 1000, "t": 1820.718083}
{"r": 75, "l": 1000, "t": 1834.680651}
{"r": -11, "l": 1000, "t": 1849.103363}
{"r": 18, "l": 1000, "t": 1863.122384}
{"r": 20, "l": 1000, "t": 1877.459635}
{"r": -18, "l": 1000, "t": 1891.654406}
{"r": -74, "l": 1000, "t": 1905.632564}
{"r": 68, "l": 1000, "t": 1919.47184}
{"r": -32, "l": 1000, "t": 1933.702758}
{"r": 59, "l": 1000, "t": 1947.613396}
{"r": 5, "l": 1000, "t": 1961.563134}
{"r": -45, "l": 1000, "t": 1974.759549}
{"r": -53, "l": 1000, "t": 1988.101752}
{"r": -19, "l": 1000, "t": 2002.344604}
{"r": 40, "l": 1000, "t": 2016.952774}
{"r": -50, "l": 1000, "t": 2031.899368}
{"r": -67, "l": 1000, "t": 2046.372318}
{"r": -24, "l": 1000, "t": 2060.673593}
{"r": -16, "l": 1000, "t": 2074.922133}
{"r": 36, "l": 1000, "t": 2089.100891}
{"r": -101, "l": 1000, "t": 2103.142059}
{"r": -64, "l": 1000, "t": 2117.581051}
{"r": -53, "l": 1000, "t": 2132.021454}
{"r": -10, "l": 1000, "t": 2146.252209}
{"r": -5, "l": 1000, "t": 2160.523581}
{"r": -22, "l": 1000, "t": 2174.692111}
{"r": -9, "l": 1000, "t": 2189.084112}
{"r": -87, "l": 1000, "t": 2202.801914}
{"r": -44, "l": 1000, "t": 2216.954551}
{"r": 86, "l": 1000, "t": 2230.942377}
{"r": -4, "l": 1000, "t": 2244.875155}
{"r": -1, "l": 1000, "t": 2259.122029}
{"r": 33, "l": 1000, "t": 2273.182926}
{"r": 3, "l": 1000, "t": 2287.420533}
{"r": 26, "l": 1000, "t": 2301.681033}
{"r": -100, "l": 1000, "t": 2315.898726}
{"r": -31, "l": 1000, "t": 2330.610698}
{"r": -29, "l": 1000, "t": 2344.85464}
{"r": 39, "l": 1000, "t": 2359.070474}
{"r": -87, "l": 1000, "t": 2373.063018}
{"r": -30, "l": 1000, "t": 2387.322703}
{"r": -32, "l": 1000, "t": 2401.954461}
{"r": -68, "l": 1000, "t": 2416.181576}
{"r": -29, "l": 1000, "t": 2431.055208}
{"r": -53, "l": 1000, "t": 2446.123465}
{"r": -37, "l": 1000, "t": 2460.625572}
{"r": 58, "l": 1000, "t": 2475.984411}
{"r": -12, "l": 1000, "t": 2490.660829}
{"r": 22, "l": 1000, "t": 2505.434226}
{"r": -58, "l": 1000, "t": 2520.292055}
{"r": -76, "l": 1000, "t": 2535.541443}
{"r": -15, "l": 1000, "t": 2550.12892}
{"r": 59, "l": 1000, "t": 2564.807787}
{"r": 2, "l": 1000, "t": 2580.130965}
{"r": 131,