{"t_start": 1516783461.6779587, "gym_version": "0.9.2", "env_id": "GridWorldNoFrameskip-v4"}
{"r": 17, "l": 1000, "t": 12.882872}
{"r": -29, "l": 1000, "t": 23.552278}
{"r": 40, "l": 1000, "t": 34.381256}
{"r": -91, "l": 1000, "t": 44.941637}
{"r": -64, "l": 1000, "t": 55.902138}
{"r": 58, "l": 1000, "t": 66.17186}
{"r": -38, "l": 1000, "t": 77.264244}
{"r": -53, "l": 1000, "t": 88.070586}
{"r": -43, "l": 1000, "t": 98.671829}
{"r": 15, "l": 1000, "t": 109.319105}
{"r": -7, "l": 1000, "t": 119.963383}
{"r": -9, "l": 1000, "t": 130.97089}
{"r": -89, "l": 1000, "t": 142.104213}
{"r": 5, "l": 1000, "t": 152.634118}
{"r": 23, "l": 1000, "t": 163.782534}
{"r": 45, "l": 1000, "t": 174.611137}
{"r": 11, "l": 1000, "t": 185.334923}
{"r": 23, "l": 1000, "t": 195.783606}
{"r": 77, "l": 1000, "t": 206.93251}
{"r": 43, "l": 1000, "t": 217.651397}
{"r": -17, "l": 1000, "t": 228.322125}
{"r": 62, "l": 1000, "t": 239.483498}
{"r": -42, "l": 1000, "t": 250.740492}
{"r": -36, "l": 1000, "t": 261.461978}
{"r": 37, "l": 1000, "t": 272.785151}
{"r": -54, "l": 1000, "t": 284.124236}
{"r": 63, "l": 1000, "t": 295.052162}
{"r": -67, "l": 1000, "t": 306.292529}
{"r": 117, "l": 1000, "t": 317.463043}
{"r": -21, "l": 1000, "t": 328.799814}
{"r": -122, "l": 1000, "t": 339.910443}
{"r": -42, "l": 1000, "t": 351.241644}
{"r": -92, "l": 1000, "t": 362.770977}
{"r": -67, "l": 1000, "t": 373.852884}
{"r": 41, "l": 1000, "t": 385.065496}
{"r": -72, "l": 1000, "t": 396.437896}
{"r": 38, "l": 1000, "t": 407.514569}
{"r": -19, "l": 1000, "t": 418.57056}
{"r": -42, "l": 1000, "t": 430.052526}
{"r": 136, "l": 1000, "t": 441.191178}
{"r": 82, "l": 1000, "t": 452.72137}
{"r": -21, "l": 1000, "t": 463.915335}
{"r": 23, "l": 1000, "t": 475.053618}
{"r": 43, "l": 1000, "t": 486.505732}
{"r": -58, "l": 1000, "t": 497.793594}
{"r": -67, "l": 1000, "t": 509.302906}
{"r": -86, "l": 1000, "t": 520.980576}
{"r": -2, "l": 1000, "t": 532.502426}
{"r": 13, "l": 1000, "t": 544.162882}
{"r": -10, "l": 1000, "t": 555.42315}
{"r": -11, "l": 1000, "t": 567.172109}
{"r": -26, "l": 1000, "t": 578.561517}
{"r": -19, "l": 1000, "t": 590.362949}
{"r": 27, "l": 1000, "t": 601.933816}
{"r": -11, "l": 1000, "t": 613.042705}
{"r": 129, "l": 1000, "t": 624.571922}
{"r": -69, "l": 1000, "t": 636.193208}
{"r": 18, "l": 1000, "t": 647.740732}
{"r": -32, "l": 1000, "t": 659.208719}
{"r": -33, "l": 1000, "t": 671.022001}
{"r": -65, "l": 1000, "t": 682.83179}
{"r": 36, "l": 1000, "t": 694.391673}
{"r": -55, "l": 1000, "t": 706.283293}
{"r": -4, "l": 1000, "t": 718.444945}
{"r": -29, "l": 1000, "t": 730.449008}
{"r": 29, "l": 1000, "t": 742.292579}
{"r": 14, "l": 1000, "t": 754.713134}
{"r": 29, "l": 1000, "t": 766.071963}
{"r": -13, "l": 1000, "t": 777.683134}
{"r": 47, "l": 1000, "t": 789.540153}
{"r": 26, "l": 1000, "t": 801.072745}
{"r": -18, "l": 1000, "t": 812.771242}
{"r": 38, "l": 1000, "t": 825.259783}
{"r": 122, "l": 1000, "t": 837.241464}
{"r": -40, "l": 1000, "t": 849.371978}
{"r": -22, "l": 1000, "t": 861.263329}
{"r": -64, "l": 1000, "t": 874.084813}
{"r": 25, "l": 1000, "t": 886.013603}
{"r": -93, "l": 1000, "t": 898.024923}
{"r": -46, "l": 1000, "t": 910.225534}
{"r": -75, "l": 1000, "t": 922.142336}
{"r": 1, "l": 1000, "t": 934.032027}
{"r": -44, "l": 1000, "t": 945.723989}
{"r": -63, "l": 1000, "t": 958.194749}
{"r": 27, "l": 1000, "t": 970.203198}
{"r": 37, "l": 1000, "t": 982.791155}
{"r": -82, "l": 1000, "t": 995.121424}
{"r": -10, "l": 1000, "t": 1007.482219}
{"r": 46, "l": 1000, "t": 1020.27265}
{"r": 3, "l": 1000, "t": 1032.200657}
{"r": 56, "l": 1000, "t": 1044.762156}
{"r": 15, "l": 1000, "t": 1056.972715}
{"r": -65, "l": 1000, "t": 1068.642421}
{"r": -35, "l": 1000, "t": 1081.591728}
{"r": 51, "l": 1000, "t": 1094.219971}
{"r": 29, "l": 1000, "t": 1106.861419}
{"r": -61, "l": 1000, "t": 1119.08358}
{"r": 38, "l": 1000, "t": 1131.88076}
{"r": -25, "l": 1000, "t": 1144.744142}
{"r": 63, "l": 1000, "t": 1157.173919}
{"r": 12, "l": 1000, "t": 1170.271855}
{"r": 26, "l": 1000, "t": 1182.96306}
{"r": 64, "l": 1000, "t": 1195.559846}
{"r": -50, "l": 1000, "t": 1207.990592}
{"r": 16, "l": 1000, "t": 1221.042524}
{"r": -63, "l": 1000, "t": 1233.695097}
{"r": -1, "l": 1000, "t": 1247.272096}
{"r": 36, "l": 1000, "t": 1259.932034}
{"r": 45, "l": 1000, "t": 1273.492786}
{"r": 64, "l": 1000, "t": 1286.692156}
{"r": 36, "l": 1000, "t": 1299.474401}
{"r": 69, "l": 1000, "t": 1312.346157}
{"r": -24, "l": 1000, "t": 1324.834107}
{"r": 66, "l": 1000, "t": 1337.103719}
{"r": -59, "l": 1000, "t": 1350.338366}
{"r": -34, "l": 1000, "t": 1363.353674}
{"r": 106, "l": 1000, "t": 1376.68012}
{"r": -6, "l": 1000, "t": 1389.631545}
{"r": 26, "l": 1000, "t": 1402.492274}
{"r": -73, "l": 1000, "t": 1415.381389}
{"r": 61, "l": 1000, "t": 1428.912081}
{"r": 35, "l": 1000, "t": 1442.40442}
{"r": 97, "l": 1000, "t": 1455.695411}
{"r": 101, "l": 1000, "t": 1469.192318}
{"r": 14, "l": 1000, "t": 1482.263072}
{"r": 12, "l": 1000, "t": 1495.722219}
{"r": -13, "l": 1000, "t": 1508.782779}
{"r": 67, "l": 1000, "t": 1521.920702}
{"r": -72, "l": 1000, "t": 1535.372975}
{"r": 44, "l": 1000, "t": 1548.350882}
{"r": -2, "l": 1000, "t": 1561.901873}
{"r": -42, "l": 1000, "t": 1575.825021}
{"r": 36, "l": 1000, "t": 1589.112014}
{"r": 15, "l": 1000, "t": 1602.734429}
{"r": -34, "l": 1000, "t": 1615.963255}
{"r": 71, "l": 1000, "t": 1629.661891}
{"r": 16, "l": 1000, "t": 1642.832883}
{"r": -25, "l": 1000, "t": 1655.982139}
{"r": -5, "l": 1000, "t": 1669.123251}
{"r": 1, "l": 1000, "t": 1682.629656}
{"r": 24, "l": 1000, "t": 1696.082155}
{"r": 12, "l": 1000, "t": 1710.13264}
{"r": 38, "l": 1000, "t": 1723.570022}
{"r": 32, "l": 1000, "t": 1736.961832}
{"r": 18, "l": 1000, "t": 1750.653707}
{"r": -122, "l": 1000, "t": 1764.393555}
{"r": 63, "l": 1000, "t": 1777.833876}
{"r": 1, "l": 1000, "t": 1791.539351}
{"r": -74, "l": 1000, "t": 1805.263307}
{"r": -45, "l": 1000, "t": 1819.20387}
{"r": 26, "l": 1000, "t": 1833.240238}
{"r": -53, "l": 1000, "t": 1847.201627}
{"r": 18, "l": 1000, "t": 1861.232535}
{"r": -8, "l": 1000, "t": 1875.192216}
{"r": 7, "l": 1000, "t": 1889.580052}
{"r": -22, "l": 1000, "t": 1903.842657}
{"r": 53, "l": 1000, "t": 1917.514967}
{"r": -23, "l": 1000, "t": 1931.672097}
{"r": 42, "l": 1000, "t": 1946.162012}
{"r": -32, "l": 1000, "t": 1959.697104}
{"r": 28, "l": 1000, "t": 1972.780074}
{"r": 49, "l": 1000, "t": 1986.244075}
{"r": -43, "l": 1000, "t": 2000.812063}
{"r": 81, "l": 1000, "t": 2015.153345}
{"r": 26, "l": 1000, "t": 2029.626087}
{"r": -32, "l": 1000, "t": 2044.260553}
{"r": -10, "l": 1000, "t": 2058.755068}
{"r": -17, "l": 1000, "t": 2073.161266}
{"r": 32, "l": 1000, "t": 2087.024351}
{"r": -65, "l": 1000, "t": 2101.154626}
{"r": -16, "l": 1000, "t": 2115.552133}
{"r": 7, "l": 1000, "t": 2130.232791}
{"r": 75, "l": 1000, "t": 2144.981491}
{"r": 24, "l": 1000, "t": 2159.064091}
{"r": -18, "l": 1000, "t": 2173.444652}
{"r": -37, "l": 1000, "t": 2187.443179}
{"r": 0, "l": 1000, "t": 2201.582336}
{"r": 23, "l": 1000, "t": 2215.570815}
{"r": 5, "l": 1000, "t": 2229.204041}
{"r": 53, "l": 1000, "t": 2242.70071}
{"r": 69, "l": 1000, "t": 2256.904933}
{"r": -34, "l": 1000, "t": 2271.242424}
{"r": -11, "l": 1000, "t": 2285.382457}
{"r": 33, "l": 1000, "t": 2300.101703}
{"r": -75, "l": 1000, "t": 2314.221628}
{"r": -14, "l": 1000, "t": 2328.191555}
{"r": -34, "l": 1000, "t": 2342.783462}
{"r": 43, "l": 1000, "t": 2356.674235}
{"r": -21, "l": 1000, "t": 2370.542407}
{"r": -5, "l": 1000, "t": 2384.730166}
{"r": -5, "l": 1000, "t": 2399.010963}
{"r": 33, "l": 1000, "t": 2412.932814}
{"r": -16, "l": 1000, "t": 2427.413164}
{"r": -35, "l": 1000, "t": 2442.371244}
{"r": 16, "l": 1000, "t": 2456.91475}
{"r": 26, "l": 1000, "t": 2471.322639}
{"r": 94, "l": 1000, "t": 2486.463894}
{"r": -32, "l": 1000, "t": 2500.781312}
{"r": -57, "l": 1000, "t": 2516.016363}
{"r": -62, "l": 1000, "t": 2530.784921}
{"r": -14, "l": 1000, "t": 2545.074664}
{"r": 87, "l": 1000, "t": 2560.292436}
{"r": 50, "l": 1000, "t": 2574.882317}
{"r": 55,