{"t_start": 1515702979.7154236, "gym_version": "0.9.2", "env_id": "GridWorldNoFrameskip-v4"}
{"r": 0.0, "l": 1000, "t": 28.983911}
{"r": 0.0, "l": 1000, "t": 54.792805}
{"r": 0.0, "l": 1000, "t": 79.165019}
{"r": 0.0, "l": 1000, "t": 104.129912}
{"r": 0.0, "l": 1000, "t": 131.075951}
{"r": 0.0, "l": 1000, "t": 155.879085}
{"r": 0.0, "l": 1000, "t": 181.265128}
{"r": 0.0, "l": 1000, "t": 208.108909}
{"r": 0.0, "l": 1000, "t": 234.74447}
{"r": 0.0, "l": 1000, "t": 260.94865}
{"r": 0.0, "l": 1000, "t": 288.354099}
{"r": 0.0, "l": 1000, "t": 315.222253}
{"r": 0.0, "l": 1000, "t": 341.601799}
{"r": 0.0, "l": 1000, "t": 368.091261}
{"r": 0.0, "l": 1000, "t": 394.585547}
{"r": 0.0, "l": 1000, "t": 422.12478}
{"r": 0.0, "l": 1000, "t": 448.563415}
{"r": 0.0, "l": 1000, "t": 474.536987}
{"r": 0.0, "l": 1000, "t": 500.179405}
{"r": 0.0, "l": 1000, "t": 525.524034}
{"r": 0.0, "l": 1000, "t": 551.683041}
{"r": 0.0, "l": 1000, "t": 577.045432}
{"r": 0.0, "l": 1000, "t": 602.711922}
{"r": 0.0, "l": 1000, "t": 627.993474}
{"r": 0.0, "l": 1000, "t": 654.160002}
{"r": 0.0, "l": 1000, "t": 679.474558}
{"r": 0.0, "l": 1000, "t": 705.465335}
{"r": 0.0, "l": 1000, "t": 731.824856}
{"r": 0.0, "l": 1000, "t": 757.853037}
{"r": 0.0, "l": 1000, "t": 784.36672}
{"r": 0.0, "l": 1000, "t": 810.953156}
{"r": 0.0, "l": 1000, "t": 836.75951}
{"r": 0.0, "l": 1000, "t": 863.14092}
{"r": 0.0, "l": 1000, "t": 889.25107}
{"r": 0.0, "l": 1000, "t": 916.076218}
{"r": 0.0, "l": 1000, "t": 943.080904}
{"r": 0.0, "l": 1000, "t": 970.615943}
{"r": 0.0, "l": 1000, "t": 998.014495}
{"r": 0.0, "l": 1000, "t": 1023.736848}
{"r": 0.0, "l": 1000, "t": 1049.914643}
{"r": 0.0, "l": 1000, "t": 1076.983041}
{"r": 0.0, "l": 1000, "t": 1104.483862}
{"r": 0.0, "l": 1000, "t": 1131.124155}
{"r": 0.0, "l": 1000, "t": 1158.370525}
{"r": 0.0, "l": 1000, "t": 1185.904443}
{"r": 0.0, "l": 1000, "t": 1212.343221}
{"r": 0.0, "l": 1000, "t": 1237.983202}
{"r": 0.0, "l": 1000, "t": 1264.979636}
{"r": 0.0, "l": 1000, "t": 1292.349827}
{"r": 0.0, "l": 1000, "t": 1318.933151}
{"r": 0.0, "l": 1000, "t": 1346.121789}
{"r": 0.0, "l": 1000, "t": 1373.92249}
{"r": 0.0, "l": 1000, "t": 1401.174393}
{"r": 0.0, "l": 1000, "t": 1427.920352}
{"r": 0.0, "l": 1000, "t": 1455.302799}
{"r": 0.0, "l": 1000, "t": 1482.563562}
{"r": 0.0, "l": 1000, "t": 1508.235395}
{"r": 0.0, "l": 1000, "t": 1534.394299}
{"r": 0.0, "l": 1000, "t": 1560.983137}
{"r": 0.0, "l": 1000, "t": 1587.773886}
{"r": 0.0, "l": 1000, "t": 1613.505071}
{"r": 0.0, "l": 1000, "t": 1639.840381}
{"r": 0.0, "l": 1000, "t": 1665.900344}
{"r": 0.0, "l": 1000, "t": 1708.376778}
{"r": 0.0, "l": 1000, "t": 1751.856086}
{"r": 0.0, "l": 1000, "t": 1796.132292}
{"r": 0.0, "l": 1000, "t": 1839.45215}
{"r": 0.0, "l": 1000, "t": 1883.976127}
{"r": 0.0, "l": 1000, "t": 1930.776564}
{"r": 0.0, "l": 1000, "t": 1973.754822}
{"r": 0.0, "l": 1000, "t": 2016.903425}
{"r": 0.0, "l": 1000, "t": 2061.615039}
{"r": 0.0, "l": 1000, "t": 2107.682647}
{"r": 0.0, "l": 1000, "t": 2153.461951}
{"r": 0.0, "l": 1000, "t": 2198.005982}
{"r": 0.0, "l": 1000, "t": 2244.863183}
{"r": 0.0, "l": 1000, "t": 2291.719635}
{"r": 0.0, "l": 1000, "t": 2336.257719}
{"r": 0.0, "l": 1000, "t": 2381.142121}
{"r": 0.0, "l": 1000, "t": 2428.91343}
{"r": 0.0, "l": 1000, "t": 2474.135737}
{"r": 0.0, "l": 1000, "t": 2518.054231}
{"r": 0.0, "l": 1000, "t": 2563.847104}
{"r": 0.0, "l": 1000, "t": 2610.56323}
{"r": 0.0, "l": 1000, "t": 2655.232252}
{"r": 0.0, "l": 1000, "t": 2697.608637}
{"r": 0.0, "l": 1000, "t": 2743.564382}
{"r": 0.0, "l": 1000, "t": 2789.107964}
{"r": 0.0, "l": 1000, "t": 2835.284991}
{"r": 0.0, "l": 1000, "t": 2879.79882}
{"r": 0.0, "l": 1000, "t": 2925.569947}
{"r": 0.0, "l": 1000, "t": 2973.235571}
{"r": 0.0, "l": 1000, "t": 3018.26477}
{"r": 0.0, "l": 1000, "t": 3065.559636}
{"r": 0.0, "l": 1000, "t": 3113.552828}
{"r": 0.0, "l": 1000, "t": 3160.233759}
{"r": 0.0, "l": 1000, "t": 3203.304449}
{"r": 0.0, "l": 1000, "t": 3250.505127}
{"r": 0.0, "l": 1000, "t": 3297.606963}
{"r": 0.0, "l": 1000, "t": 3344.540605}
{"r": 0.0, "l": 1000, "t": 3390.343881}
{"r": 0.0, "l": 1000, "t": 3437.340062}
{"r": 0.0, "l": 1000, "t": 3486.242525}
{"r": 0.0, "l": 1000, "t": 3532.061567}
{"r": 0.0, "l": 1000, "t": 3578.885594}
{"r": 0.0, "l": 1000, "t": 3628.519456}
{"r": 0.0, "l": 1000, "t": 3673.99409}
{"r": 0.0, "l": 1000, "t": 3719.904413}
{"r": 0.0, "l": 1000, "t": 3767.370131}
{"r": 0.0, "l": 1000, "t": 3813.116976}
{"r": 0.0, "l": 1000, "t": 3858.053727}
{"r": 0.0, "l": 1000, "t": 3904.938575}
{"r": 0.0, "l": 1000, "t": 3951.044458}
{"r": 0.0, "l": 1000, "t": 3996.517728}
{"r": 0.0, "l": 1000, "t": 4043.132499}
{"r": 0.0, "l": 1000, "t": 4090.392289}
{"r": 0.0, "l": 1000, "t": 4140.674857}
{"r": 0.0, "l": 1000, "t": 4186.482481}
{"r": 0.0, "l": 1000, "t": 4236.099914}
{"r": 0.0, "l": 1000, "t": 4284.461221}
{"r": 0.0, "l": 1000, "t": 4332.98057}
{"r": 0.0, "l": 1000, "t": 4380.216149}
{"r": 0.0, "l": 1000, "t": 4430.051173}
{"r": 0.0, "l": 1000, "t": 4479.053308}
{"r": 0.0, "l": 1000, "t": 4524.867996}
{"r": 0.0, "l": 1000, "t": 4574.099218}
{"r": 0.0, "l": 1000, "t": 4622.470143}
{"r": 0.0, "l": 1000, "t": 4669.150953}
{"r": 0.0, "l": 1000, "t": 4715.638355}
{"r": 0.0, "l": 1000, "t": 4764.080095}
{"r": 0.0, "l": 1000, "t": 4812.482788}
{"r": 0.0, "l": 1000, "t": 4858.175292}
{"r": 0.0, "l": 1000, "t": 4910.868957}
{"r": 0.0, "l": 1000, "t": 4967.13968}
{"r": 0.0, "l": 1000, "t": 5021.892947}
{"r": 0.0, "l": 1000, "t": 5078.748909}
{"r": 0.0, "l": 1000, "t": 5135.511701}
{"r": 0.0, "l": 1000, "t": 5191.024788}
{"r": 0.0, "l": 1000, "t": 5247.777544}
{"r": 0.0, "l": 1000, "t": 5306.14496}
{"r": 0.0, "l": 1000, "t": 5360.991873}
{"r": 0.0, "l": 1000, "t": 5416.559739}
{"r": 0.0, "l": 1000, "t": 5473.312116}
{"r": 0.0, "l": 1000, "t": 5527.089828}
{"r": 0.0, "l": 1000, "t": 5580.474187}
{"r": 0.0, "l": 1000, "t": 5638.413417}
{"r": 0.0, "l": 1000, "t": 5694.792155}
{"r": 0.0, "l": 1000, "t": 5751.829776}
{"r": 0.0, "l": 1000, "t": 5808.31602}
{"r": 0.0, "l": 1000, "t": 5865.948784}
{"r": 0.0, "l": 1000, "t": 5923.607228}
{"r": 0.0, "l": 1000, "t": 5981.962923}
{"r": 0.0, "l": 1000, "t": 6038.709843}
{"r": 0.0, "l": 1000, "t": 6096.327412}
{"r": 0.0, "l": 1000, "t": 6153.931673}
{"r": 0.0, "l": 1000, "t": 6209.095152}
{"r": 0.0, "l": 1000, "t": 6264.911395}
{"r": 0.0, "l": 1000, "t": 6322.147926}
{"r": 0.0, "l": 1000, "t": 6378.326598}
{"r": 0.0, "l": 1000, "t": 6433.454475}
{"r": 0.0, "l": 1000, "t": 6489.775949}
{"r": 0.0, "l": 1000, "t": 6547.58172}
{"r": 0.0, "l": 1000, "t": 6604.287344}
{"r": 0.0, "l": 1000, "t": 6661.327258}
{"r": 0.0, "l": 1000, "t": 6719.419034}
{"r": 0.0, "l": 1000, "t": 6775.455999}
{"r": 0.0, "l": 1000, "t": 6829.926823}
{"r": 0.0, "l": 1000, "t": 6889.018039}
{"r": 0.0, "l": 1000, "t": 6947.559526}
{"r": 0.0, "l": 1000, "t": 7004.065313}
{"r": 0.0, "l": 1000, "t": 7059.491575}
{"r": 0.0, "l": 1000, "t": 7117.218851}
{"r": 0.0, "l": 1000, "t": 7174.861062}
{"r": 0.0, "l": 1000, "t": 7230.873074}
{"r": 0.0, "l": 1000, "t": 7289.471519}
{"r": 0.0, "l": 1000, "t": 7345.486788}
{"r": 0.0, "l": 1000, "t": 7401.539702}
{"r": 0.0, "l": 1000, "t": 7457.72286}
{"r": 0.0, "l": 1000, "t": 7512.942209}
{"r": 0.0, "l": 1000, "t": 7570.866613}
{"r": 0.0, "l": 1000, "t": 7629.772185}
{"r": 0.0, "l": 1000, "t": 7689.08232}
{"r": 0.0, "l": 1000, "t": 7745.122017}
{"r": 0.0, "l": 1000, "t": 7803.851145}
{"r": 0.0, "l": 1000, "t": 7861.049979}
{"r": 0.0, "l": 1000, "t": 7919.067814}
{"r": 0.0, "l": 1000, "t": 7977.789638}
{"r": 0.0, "l": 1000, "t": 8035.101581}
{"r": 0.0, "l": 1000, "t": 8093.921731}
{"r": 0.0, "l": 1000, "t": 8151.700044}
{"r": 0.0, "l": 1000, "t": 8209.722519}
{"r": 0.0, "l": 1000, "t": 8265.465406}
{"r": 0.0, "l": 1000, "t": 8324.460679}
{"r": 0.0, "l": 1000, "t": 8381.219887}
{"r": 0.0, "l": 1000, "t": 8437.388966}
{"r": 0.0, "l": 1000, "t": 8494.519672}
{"r": 0.0, "l": 1000, "t": 8554.042807}
{"r": 0.0, "l": 1000, "t": 8614.070834}
{"r": 0.0, "l": 1000,