{"t_start": 1515702979.7149627, "gym_version": "0.9.2", "env_id": "GridWorldNoFrameskip-v4"}
{"r": 0.0, "l": 1000, "t": 28.961812}
{"r": 0.0, "l": 1000, "t": 54.764747}
{"r": 0.0, "l": 1000, "t": 78.811937}
{"r": 0.0, "l": 1000, "t": 103.641533}
{"r": 0.0, "l": 1000, "t": 130.274}
{"r": 0.0, "l": 1000, "t": 154.572887}
{"r": 0.0, "l": 1000, "t": 180.578912}
{"r": 0.0, "l": 1000, "t": 206.893894}
{"r": 0.0, "l": 1000, "t": 233.58269}
{"r": 0.0, "l": 1000, "t": 259.262726}
{"r": 0.0, "l": 1000, "t": 285.743713}
{"r": 0.0, "l": 1000, "t": 312.545357}
{"r": 0.0, "l": 1000, "t": 338.669614}
{"r": 0.0, "l": 1000, "t": 365.445643}
{"r": 0.0, "l": 1000, "t": 392.778861}
{"r": 0.0, "l": 1000, "t": 419.883324}
{"r": 0.0, "l": 1000, "t": 446.693626}
{"r": 0.0, "l": 1000, "t": 472.729511}
{"r": 0.0, "l": 1000, "t": 498.203579}
{"r": 0.0, "l": 1000, "t": 523.685967}
{"r": 0.0, "l": 1000, "t": 549.066298}
{"r": 0.0, "l": 1000, "t": 575.065634}
{"r": 0.0, "l": 1000, "t": 601.005895}
{"r": 0.0, "l": 1000, "t": 625.761566}
{"r": 0.0, "l": 1000, "t": 651.762428}
{"r": 0.0, "l": 1000, "t": 677.912784}
{"r": 0.0, "l": 1000, "t": 704.144853}
{"r": 0.0, "l": 1000, "t": 729.85448}
{"r": 0.0, "l": 1000, "t": 756.29062}
{"r": 0.0, "l": 1000, "t": 782.371683}
{"r": 0.0, "l": 1000, "t": 808.533471}
{"r": 0.0, "l": 1000, "t": 834.920283}
{"r": 0.0, "l": 1000, "t": 861.196029}
{"r": 0.0, "l": 1000, "t": 888.270581}
{"r": 0.0, "l": 1000, "t": 915.223544}
{"r": 0.0, "l": 1000, "t": 942.293414}
{"r": 0.0, "l": 1000, "t": 968.692798}
{"r": 0.0, "l": 1000, "t": 996.441025}
{"r": 0.0, "l": 1000, "t": 1023.690263}
{"r": 0.0, "l": 1000, "t": 1049.941675}
{"r": 0.0, "l": 1000, "t": 1076.983289}
{"r": 0.0, "l": 1000, "t": 1104.406243}
{"r": 0.0, "l": 1000, "t": 1131.093146}
{"r": 0.0, "l": 1000, "t": 1157.461338}
{"r": 0.0, "l": 1000, "t": 1184.264003}
{"r": 0.0, "l": 1000, "t": 1211.250464}
{"r": 0.0, "l": 1000, "t": 1237.961806}
{"r": 0.0, "l": 1000, "t": 1265.847039}
{"r": 0.0, "l": 1000, "t": 1292.296504}
{"r": 0.0, "l": 1000, "t": 1318.182521}
{"r": 0.0, "l": 1000, "t": 1346.066079}
{"r": 0.0, "l": 1000, "t": 1373.852}
{"r": 0.0, "l": 1000, "t": 1400.392892}
{"r": 0.0, "l": 1000, "t": 1427.080682}
{"r": 0.0, "l": 1000, "t": 1454.642787}
{"r": 0.0, "l": 1000, "t": 1482.095489}
{"r": 0.0, "l": 1000, "t": 1508.235528}
{"r": 0.0, "l": 1000, "t": 1535.420427}
{"r": 0.0, "l": 1000, "t": 1562.063833}
{"r": 0.0, "l": 1000, "t": 1588.784498}
{"r": 0.0, "l": 1000, "t": 1614.650229}
{"r": 0.0, "l": 1000, "t": 1641.184698}
{"r": 0.0, "l": 1000, "t": 1668.002884}
{"r": 0.0, "l": 1000, "t": 1710.850129}
{"r": 0.0, "l": 1000, "t": 1754.944655}
{"r": 0.0, "l": 1000, "t": 1798.605149}
{"r": 0.0, "l": 1000, "t": 1841.667234}
{"r": 0.0, "l": 1000, "t": 1887.92525}
{"r": 0.0, "l": 1000, "t": 1933.491941}
{"r": 0.0, "l": 1000, "t": 1978.789162}
{"r": 0.0, "l": 1000, "t": 2020.977643}
{"r": 0.0, "l": 1000, "t": 2066.364969}
{"r": 0.0, "l": 1000, "t": 2112.515999}
{"r": 0.0, "l": 1000, "t": 2159.775115}
{"r": 0.0, "l": 1000, "t": 2203.115337}
{"r": 0.0, "l": 1000, "t": 2248.929076}
{"r": 0.0, "l": 1000, "t": 2294.025334}
{"r": 0.0, "l": 1000, "t": 2339.167341}
{"r": 0.0, "l": 1000, "t": 2385.291778}
{"r": 0.0, "l": 1000, "t": 2432.092094}
{"r": 0.0, "l": 1000, "t": 2476.802003}
{"r": 0.0, "l": 1000, "t": 2521.113525}
{"r": 0.0, "l": 1000, "t": 2568.244695}
{"r": 0.0, "l": 1000, "t": 2614.047276}
{"r": 0.0, "l": 1000, "t": 2658.084492}
{"r": 0.0, "l": 1000, "t": 2700.622993}
{"r": 0.0, "l": 1000, "t": 2748.293453}
{"r": 0.0, "l": 1000, "t": 2793.00654}
{"r": 0.0, "l": 1000, "t": 2839.602936}
{"r": 0.0, "l": 1000, "t": 2885.440369}
{"r": 0.0, "l": 1000, "t": 2931.905179}
{"r": 0.0, "l": 1000, "t": 2978.954672}
{"r": 0.0, "l": 1000, "t": 3024.964175}
{"r": 0.0, "l": 1000, "t": 3072.223171}
{"r": 0.0, "l": 1000, "t": 3118.553867}
{"r": 0.0, "l": 1000, "t": 3165.972888}
{"r": 0.0, "l": 1000, "t": 3209.492625}
{"r": 0.0, "l": 1000, "t": 3256.943161}
{"r": 0.0, "l": 1000, "t": 3303.564588}
{"r": 0.0, "l": 1000, "t": 3348.107663}
{"r": 0.0, "l": 1000, "t": 3396.443899}
{"r": 0.0, "l": 1000, "t": 3443.504567}
{"r": 0.0, "l": 1000, "t": 3491.887534}
{"r": 0.0, "l": 1000, "t": 3534.933308}
{"r": 0.0, "l": 1000, "t": 3583.383444}
{"r": 0.0, "l": 1000, "t": 3631.443601}
{"r": 0.0, "l": 1000, "t": 3677.752052}
{"r": 0.0, "l": 1000, "t": 3724.167355}
{"r": 0.0, "l": 1000, "t": 3771.029018}
{"r": 0.0, "l": 1000, "t": 3818.506163}
{"r": 0.0, "l": 1000, "t": 3863.31703}
{"r": 0.0, "l": 1000, "t": 3910.993619}
{"r": 0.0, "l": 1000, "t": 3958.692072}
{"r": 0.0, "l": 1000, "t": 4003.135607}
{"r": 0.0, "l": 1000, "t": 4048.361078}
{"r": 0.0, "l": 1000, "t": 4095.887412}
{"r": 0.0, "l": 1000, "t": 4145.402955}
{"r": 0.0, "l": 1000, "t": 4191.95523}
{"r": 0.0, "l": 1000, "t": 4241.195735}
{"r": 0.0, "l": 1000, "t": 4290.591543}
{"r": 0.0, "l": 1000, "t": 4338.275319}
{"r": 0.0, "l": 1000, "t": 4385.562717}
{"r": 0.0, "l": 1000, "t": 4435.568268}
{"r": 0.0, "l": 1000, "t": 4483.295285}
{"r": 0.0, "l": 1000, "t": 4531.433314}
{"r": 0.0, "l": 1000, "t": 4579.306258}
{"r": 0.0, "l": 1000, "t": 4627.00354}
{"r": 0.0, "l": 1000, "t": 4673.82731}
{"r": 0.0, "l": 1000, "t": 4719.436061}
{"r": 0.0, "l": 1000, "t": 4767.912595}
{"r": 0.0, "l": 1000, "t": 4816.080596}
{"r": 0.0, "l": 1000, "t": 4861.221744}
{"r": 0.0, "l": 1000, "t": 4912.77334}
{"r": 0.0, "l": 1000, "t": 4969.777397}
{"r": 0.0, "l": 1000, "t": 5025.536768}
{"r": 0.0, "l": 1000, "t": 5081.928449}
{"r": 0.0, "l": 1000, "t": 5139.986341}
{"r": 0.0, "l": 1000, "t": 5194.834538}
{"r": 0.0, "l": 1000, "t": 5251.823436}
{"r": 0.0, "l": 1000, "t": 5310.491748}
{"r": 0.0, "l": 1000, "t": 5366.333952}
{"r": 0.0, "l": 1000, "t": 5421.744951}
{"r": 0.0, "l": 1000, "t": 5478.131056}
{"r": 0.0, "l": 1000, "t": 5532.25415}
{"r": 0.0, "l": 1000, "t": 5585.864869}
{"r": 0.0, "l": 1000, "t": 5645.288939}
{"r": 0.0, "l": 1000, "t": 5700.060217}
{"r": 0.0, "l": 1000, "t": 5756.921218}
{"r": 0.0, "l": 1000, "t": 5812.904575}
{"r": 0.0, "l": 1000, "t": 5869.088626}
{"r": 0.0, "l": 1000, "t": 5927.317143}
{"r": 0.0, "l": 1000, "t": 5985.879558}
{"r": 0.0, "l": 1000, "t": 6040.236299}
{"r": 0.0, "l": 1000, "t": 6098.855499}
{"r": 0.0, "l": 1000, "t": 6155.941286}
{"r": 0.0, "l": 1000, "t": 6210.563693}
{"r": 0.0, "l": 1000, "t": 6266.492732}
{"r": 0.0, "l": 1000, "t": 6323.43757}
{"r": 0.0, "l": 1000, "t": 6378.327197}
{"r": 0.0, "l": 1000, "t": 6433.430847}
{"r": 0.0, "l": 1000, "t": 6488.03753}
{"r": 0.0, "l": 1000, "t": 6544.173502}
{"r": 0.0, "l": 1000, "t": 6602.63987}
{"r": 0.0, "l": 1000, "t": 6659.456895}
{"r": 0.0, "l": 1000, "t": 6716.655336}
{"r": 0.0, "l": 1000, "t": 6773.463384}
{"r": 0.0, "l": 1000, "t": 6829.990951}
{"r": 0.0, "l": 1000, "t": 6886.680081}
{"r": 0.0, "l": 1000, "t": 6943.364958}
{"r": 0.0, "l": 1000, "t": 7001.500642}
{"r": 0.0, "l": 1000, "t": 7057.529675}
{"r": 0.0, "l": 1000, "t": 7114.397857}
{"r": 0.0, "l": 1000, "t": 7169.753771}
{"r": 0.0, "l": 1000, "t": 7226.342458}
{"r": 0.0, "l": 1000, "t": 7283.481004}
{"r": 0.0, "l": 1000, "t": 7341.413844}
{"r": 0.0, "l": 1000, "t": 7398.407847}
{"r": 0.0, "l": 1000, "t": 7453.305509}
{"r": 0.0, "l": 1000, "t": 7512.811243}
{"r": 0.0, "l": 1000, "t": 7568.809797}
{"r": 0.0, "l": 1000, "t": 7625.722333}
{"r": 0.0, "l": 1000, "t": 7686.079625}
{"r": 0.0, "l": 1000, "t": 7742.956814}
{"r": 0.0, "l": 1000, "t": 7801.267717}
{"r": 0.0, "l": 1000, "t": 7860.872781}
{"r": 0.0, "l": 1000, "t": 7921.017312}
{"r": 0.0, "l": 1000, "t": 7979.661639}
{"r": 0.0, "l": 1000, "t": 8039.579721}
{"r": 0.0, "l": 1000, "t": 8095.897147}
{"r": 0.0, "l": 1000, "t": 8156.179118}
{"r": 0.0, "l": 1000, "t": 8212.178947}
{"r": 0.0, "l": 1000, "t": 8267.537811}
{"r": 0.0, "l": 1000, "t": 8324.461344}
{"r": 0.0, "l": 1000, "t": 8381.220633}
{"r": 0.0, "l": 1000, "t": 8437.285853}
{"r": 0.0, "l": 1000, "t": 8496.229564}
{"r": 0.0, "l": 1000, "t": 8553.797163}
{"r": 0.0, "l": 1000, "t": 8612.212784}
{"r": 0.0, "l": 1000,