{"t_start": 1515702979.744589, "gym_version": "0.9.2", "env_id": "GridWorldNoFrameskip-v4"}
{"r": 0.0, "l": 1000, "t": 29.624352}
{"r": 0.0, "l": 1000, "t": 56.50457}
{"r": 0.0, "l": 1000, "t": 80.051307}
{"r": 0.0, "l": 1000, "t": 104.811975}
{"r": 0.0, "l": 1000, "t": 130.345903}
{"r": 0.0, "l": 1000, "t": 155.124143}
{"r": 0.0, "l": 1000, "t": 181.27032}
{"r": 0.0, "l": 1000, "t": 207.607778}
{"r": 0.0, "l": 1000, "t": 234.693359}
{"r": 0.0, "l": 1000, "t": 260.927567}
{"r": 0.0, "l": 1000, "t": 287.454433}
{"r": 0.0, "l": 1000, "t": 313.892862}
{"r": 0.0, "l": 1000, "t": 340.395684}
{"r": 0.0, "l": 1000, "t": 366.848897}
{"r": 0.0, "l": 1000, "t": 393.995441}
{"r": 0.0, "l": 1000, "t": 420.964337}
{"r": 0.0, "l": 1000, "t": 448.515581}
{"r": 0.0, "l": 1000, "t": 473.574733}
{"r": 0.0, "l": 1000, "t": 498.682113}
{"r": 0.0, "l": 1000, "t": 525.030443}
{"r": 0.0, "l": 1000, "t": 550.010852}
{"r": 0.0, "l": 1000, "t": 576.519688}
{"r": 0.0, "l": 1000, "t": 601.485096}
{"r": 0.0, "l": 1000, "t": 627.274872}
{"r": 0.0, "l": 1000, "t": 652.817945}
{"r": 0.0, "l": 1000, "t": 679.340201}
{"r": 0.0, "l": 1000, "t": 705.412821}
{"r": 0.0, "l": 1000, "t": 731.83049}
{"r": 0.0, "l": 1000, "t": 757.8341}
{"r": 0.0, "l": 1000, "t": 784.233361}
{"r": 0.0, "l": 1000, "t": 809.954656}
{"r": 0.0, "l": 1000, "t": 836.18044}
{"r": 0.0, "l": 1000, "t": 862.259113}
{"r": 0.0, "l": 1000, "t": 888.828909}
{"r": 0.0, "l": 1000, "t": 915.957748}
{"r": 0.0, "l": 1000, "t": 943.031977}
{"r": 0.0, "l": 1000, "t": 969.741174}
{"r": 0.0, "l": 1000, "t": 997.350625}
{"r": 0.0, "l": 1000, "t": 1023.689814}
{"r": 0.0, "l": 1000, "t": 1050.73596}
{"r": 0.0, "l": 1000, "t": 1077.570505}
{"r": 0.0, "l": 1000, "t": 1105.338143}
{"r": 0.0, "l": 1000, "t": 1131.792495}
{"r": 0.0, "l": 1000, "t": 1158.342319}
{"r": 0.0, "l": 1000, "t": 1185.145197}
{"r": 0.0, "l": 1000, "t": 1211.271165}
{"r": 0.0, "l": 1000, "t": 1237.961427}
{"r": 0.0, "l": 1000, "t": 1264.955096}
{"r": 0.0, "l": 1000, "t": 1291.533909}
{"r": 0.0, "l": 1000, "t": 1318.105796}
{"r": 0.0, "l": 1000, "t": 1346.064049}
{"r": 0.0, "l": 1000, "t": 1373.00554}
{"r": 0.0, "l": 1000, "t": 1399.539468}
{"r": 0.0, "l": 1000, "t": 1427.030203}
{"r": 0.0, "l": 1000, "t": 1453.76457}
{"r": 0.0, "l": 1000, "t": 1480.355042}
{"r": 0.0, "l": 1000, "t": 1506.662108}
{"r": 0.0, "l": 1000, "t": 1532.899939}
{"r": 0.0, "l": 1000, "t": 1560.280759}
{"r": 0.0, "l": 1000, "t": 1587.095762}
{"r": 0.0, "l": 1000, "t": 1612.589857}
{"r": 0.0, "l": 1000, "t": 1639.740154}
{"r": 0.0, "l": 1000, "t": 1665.872639}
{"r": 0.0, "l": 1000, "t": 1708.543565}
{"r": 0.0, "l": 1000, "t": 1753.595579}
{"r": 0.0, "l": 1000, "t": 1796.802165}
{"r": 0.0, "l": 1000, "t": 1839.472811}
{"r": 0.0, "l": 1000, "t": 1883.977929}
{"r": 0.0, "l": 1000, "t": 1930.873855}
{"r": 0.0, "l": 1000, "t": 1976.277957}
{"r": 0.0, "l": 1000, "t": 2018.486526}
{"r": 0.0, "l": 1000, "t": 2064.779768}
{"r": 0.0, "l": 1000, "t": 2109.878367}
{"r": 0.0, "l": 1000, "t": 2155.98191}
{"r": 0.0, "l": 1000, "t": 2200.398371}
{"r": 0.0, "l": 1000, "t": 2246.800269}
{"r": 0.0, "l": 1000, "t": 2292.629908}
{"r": 0.0, "l": 1000, "t": 2337.71661}
{"r": 0.0, "l": 1000, "t": 2382.358935}
{"r": 0.0, "l": 1000, "t": 2430.466583}
{"r": 0.0, "l": 1000, "t": 2476.553456}
{"r": 0.0, "l": 1000, "t": 2521.072709}
{"r": 0.0, "l": 1000, "t": 2566.465459}
{"r": 0.0, "l": 1000, "t": 2612.670261}
{"r": 0.0, "l": 1000, "t": 2658.012366}
{"r": 0.0, "l": 1000, "t": 2701.875855}
{"r": 0.0, "l": 1000, "t": 2748.390372}
{"r": 0.0, "l": 1000, "t": 2794.296252}
{"r": 0.0, "l": 1000, "t": 2839.297799}
{"r": 0.0, "l": 1000, "t": 2883.090133}
{"r": 0.0, "l": 1000, "t": 2930.45519}
{"r": 0.0, "l": 1000, "t": 2976.380127}
{"r": 0.0, "l": 1000, "t": 3020.356067}
{"r": 0.0, "l": 1000, "t": 3068.643724}
{"r": 0.0, "l": 1000, "t": 3115.218049}
{"r": 0.0, "l": 1000, "t": 3161.802427}
{"r": 0.0, "l": 1000, "t": 3205.443236}
{"r": 0.0, "l": 1000, "t": 3252.69486}
{"r": 0.0, "l": 1000, "t": 3300.459534}
{"r": 0.0, "l": 1000, "t": 3347.045596}
{"r": 0.0, "l": 1000, "t": 3394.922943}
{"r": 0.0, "l": 1000, "t": 3442.103082}
{"r": 0.0, "l": 1000, "t": 3490.336257}
{"r": 0.0, "l": 1000, "t": 3534.814956}
{"r": 0.0, "l": 1000, "t": 3581.914368}
{"r": 0.0, "l": 1000, "t": 3631.465376}
{"r": 0.0, "l": 1000, "t": 3677.595958}
{"r": 0.0, "l": 1000, "t": 3722.86127}
{"r": 0.0, "l": 1000, "t": 3771.046664}
{"r": 0.0, "l": 1000, "t": 3818.514617}
{"r": 0.0, "l": 1000, "t": 3862.031146}
{"r": 0.0, "l": 1000, "t": 3909.408117}
{"r": 0.0, "l": 1000, "t": 3955.980207}
{"r": 0.0, "l": 1000, "t": 4001.033162}
{"r": 0.0, "l": 1000, "t": 4048.061291}
{"r": 0.0, "l": 1000, "t": 4094.232117}
{"r": 0.0, "l": 1000, "t": 4144.309948}
{"r": 0.0, "l": 1000, "t": 4190.61122}
{"r": 0.0, "l": 1000, "t": 4239.454211}
{"r": 0.0, "l": 1000, "t": 4287.841677}
{"r": 0.0, "l": 1000, "t": 4335.168318}
{"r": 0.0, "l": 1000, "t": 4383.215146}
{"r": 0.0, "l": 1000, "t": 4433.973967}
{"r": 0.0, "l": 1000, "t": 4481.153623}
{"r": 0.0, "l": 1000, "t": 4528.802492}
{"r": 0.0, "l": 1000, "t": 4575.86951}
{"r": 0.0, "l": 1000, "t": 4624.572156}
{"r": 0.0, "l": 1000, "t": 4671.49761}
{"r": 0.0, "l": 1000, "t": 4716.998288}
{"r": 0.0, "l": 1000, "t": 4765.332153}
{"r": 0.0, "l": 1000, "t": 4813.71507}
{"r": 0.0, "l": 1000, "t": 4858.173408}
{"r": 0.0, "l": 1000, "t": 4909.444278}
{"r": 0.0, "l": 1000, "t": 4967.076324}
{"r": 0.0, "l": 1000, "t": 5023.982838}
{"r": 0.0, "l": 1000, "t": 5081.824813}
{"r": 0.0, "l": 1000, "t": 5138.071747}
{"r": 0.0, "l": 1000, "t": 5193.256604}
{"r": 0.0, "l": 1000, "t": 5251.726051}
{"r": 0.0, "l": 1000, "t": 5309.521587}
{"r": 0.0, "l": 1000, "t": 5364.90795}
{"r": 0.0, "l": 1000, "t": 5421.664044}
{"r": 0.0, "l": 1000, "t": 5476.345401}
{"r": 0.0, "l": 1000, "t": 5530.413493}
{"r": 0.0, "l": 1000, "t": 5582.358479}
{"r": 0.0, "l": 1000, "t": 5641.847499}
{"r": 0.0, "l": 1000, "t": 5696.709222}
{"r": 0.0, "l": 1000, "t": 5753.266041}
{"r": 0.0, "l": 1000, "t": 5808.400908}
{"r": 0.0, "l": 1000, "t": 5863.908273}
{"r": 0.0, "l": 1000, "t": 5921.765725}
{"r": 0.0, "l": 1000, "t": 5980.270708}
{"r": 0.0, "l": 1000, "t": 6037.609732}
{"r": 0.0, "l": 1000, "t": 6094.557828}
{"r": 0.0, "l": 1000, "t": 6153.74418}
{"r": 0.0, "l": 1000, "t": 6207.659796}
{"r": 0.0, "l": 1000, "t": 6263.124272}
{"r": 0.0, "l": 1000, "t": 6318.58493}
{"r": 0.0, "l": 1000, "t": 6374.576033}
{"r": 0.0, "l": 1000, "t": 6428.537989}
{"r": 0.0, "l": 1000, "t": 6484.256981}
{"r": 0.0, "l": 1000, "t": 6540.573655}
{"r": 0.0, "l": 1000, "t": 6597.996212}
{"r": 0.0, "l": 1000, "t": 6655.537982}
{"r": 0.0, "l": 1000, "t": 6712.467636}
{"r": 0.0, "l": 1000, "t": 6767.101602}
{"r": 0.0, "l": 1000, "t": 6822.445594}
{"r": 0.0, "l": 1000, "t": 6880.489648}
{"r": 0.0, "l": 1000, "t": 6935.06877}
{"r": 0.0, "l": 1000, "t": 6992.909663}
{"r": 0.0, "l": 1000, "t": 7050.086002}
{"r": 0.0, "l": 1000, "t": 7104.91109}
{"r": 0.0, "l": 1000, "t": 7163.34487}
{"r": 0.0, "l": 1000, "t": 7219.447931}
{"r": 0.0, "l": 1000, "t": 7275.163012}
{"r": 0.0, "l": 1000, "t": 7333.01512}
{"r": 0.0, "l": 1000, "t": 7389.479988}
{"r": 0.0, "l": 1000, "t": 7445.349995}
{"r": 0.0, "l": 1000, "t": 7503.220678}
{"r": 0.0, "l": 1000, "t": 7559.938245}
{"r": 0.0, "l": 1000, "t": 7615.368325}
{"r": 0.0, "l": 1000, "t": 7674.315861}
{"r": 0.0, "l": 1000, "t": 7731.094152}
{"r": 0.0, "l": 1000, "t": 7786.699118}
{"r": 0.0, "l": 1000, "t": 7847.093705}
{"r": 0.0, "l": 1000, "t": 7905.747673}
{"r": 0.0, "l": 1000, "t": 7963.723836}
{"r": 0.0, "l": 1000, "t": 8022.892298}
{"r": 0.0, "l": 1000, "t": 8080.460519}
{"r": 0.0, "l": 1000, "t": 8139.673259}
{"r": 0.0, "l": 1000, "t": 8197.927643}
{"r": 0.0, "l": 1000, "t": 8256.269543}
{"r": 0.0, "l": 1000, "t": 8313.431233}
{"r": 0.0, "l": 1000, "t": 8371.745443}
{"r": 0.0, "l": 1000, "t": 8427.764223}
{"r": 0.0, "l": 1000, "t": 8486.242808}
{"r": 0.0, "l": 1000, "t": 8544.494756}
{"r": 0.0, "l": 1000, "t": 8603.164637}
{"r": 0.0, "l": 1000, "t": 8662.741368}
{"r": 0.0,