{"t_start": 1515702979.7479997, "gym_version": "0.9.2", "env_id": "GridWorldNoFrameskip-v4"}
{"r": 0.0, "l": 1000, "t": 29.649513}
{"r": 0.0, "l": 1000, "t": 55.571268}
{"r": 0.0, "l": 1000, "t": 80.075518}
{"r": 0.0, "l": 1000, "t": 104.840252}
{"r": 0.0, "l": 1000, "t": 131.12804}
{"r": 0.0, "l": 1000, "t": 155.960915}
{"r": 0.0, "l": 1000, "t": 181.97747}
{"r": 0.0, "l": 1000, "t": 208.952742}
{"r": 0.0, "l": 1000, "t": 236.290929}
{"r": 0.0, "l": 1000, "t": 262.284235}
{"r": 0.0, "l": 1000, "t": 289.125504}
{"r": 0.0, "l": 1000, "t": 315.222167}
{"r": 0.0, "l": 1000, "t": 341.648965}
{"r": 0.0, "l": 1000, "t": 368.037397}
{"r": 0.0, "l": 1000, "t": 395.422999}
{"r": 0.0, "l": 1000, "t": 422.71114}
{"r": 0.0, "l": 1000, "t": 449.297734}
{"r": 0.0, "l": 1000, "t": 474.504135}
{"r": 0.0, "l": 1000, "t": 499.421214}
{"r": 0.0, "l": 1000, "t": 525.060499}
{"r": 0.0, "l": 1000, "t": 549.958052}
{"r": 0.0, "l": 1000, "t": 575.817332}
{"r": 0.0, "l": 1000, "t": 601.487853}
{"r": 0.0, "l": 1000, "t": 627.246922}
{"r": 0.0, "l": 1000, "t": 653.290795}
{"r": 0.0, "l": 1000, "t": 679.42082}
{"r": 0.0, "l": 1000, "t": 706.19269}
{"r": 0.0, "l": 1000, "t": 732.434457}
{"r": 0.0, "l": 1000, "t": 757.902216}
{"r": 0.0, "l": 1000, "t": 785.052432}
{"r": 0.0, "l": 1000, "t": 811.764274}
{"r": 0.0, "l": 1000, "t": 837.453138}
{"r": 0.0, "l": 1000, "t": 863.79668}
{"r": 0.0, "l": 1000, "t": 890.510321}
{"r": 0.0, "l": 1000, "t": 917.303411}
{"r": 0.0, "l": 1000, "t": 943.171393}
{"r": 0.0, "l": 1000, "t": 970.613053}
{"r": 0.0, "l": 1000, "t": 997.456615}
{"r": 0.0, "l": 1000, "t": 1024.472742}
{"r": 0.0, "l": 1000, "t": 1050.729648}
{"r": 0.0, "l": 1000, "t": 1077.457605}
{"r": 0.0, "l": 1000, "t": 1104.380449}
{"r": 0.0, "l": 1000, "t": 1130.398259}
{"r": 0.0, "l": 1000, "t": 1157.457357}
{"r": 0.0, "l": 1000, "t": 1184.138313}
{"r": 0.0, "l": 1000, "t": 1210.580747}
{"r": 0.0, "l": 1000, "t": 1237.85129}
{"r": 0.0, "l": 1000, "t": 1264.875327}
{"r": 0.0, "l": 1000, "t": 1291.536483}
{"r": 0.0, "l": 1000, "t": 1318.127672}
{"r": 0.0, "l": 1000, "t": 1345.46164}
{"r": 0.0, "l": 1000, "t": 1373.091266}
{"r": 0.0, "l": 1000, "t": 1400.292472}
{"r": 0.0, "l": 1000, "t": 1427.048602}
{"r": 0.0, "l": 1000, "t": 1454.496142}
{"r": 0.0, "l": 1000, "t": 1481.361871}
{"r": 0.0, "l": 1000, "t": 1508.152314}
{"r": 0.0, "l": 1000, "t": 1534.291618}
{"r": 0.0, "l": 1000, "t": 1560.347445}
{"r": 0.0, "l": 1000, "t": 1587.087539}
{"r": 0.0, "l": 1000, "t": 1612.617608}
{"r": 0.0, "l": 1000, "t": 1639.782585}
{"r": 0.0, "l": 1000, "t": 1665.797421}
{"r": 0.0, "l": 1000, "t": 1706.962502}
{"r": 0.0, "l": 1000, "t": 1751.890803}
{"r": 0.0, "l": 1000, "t": 1795.91031}
{"r": 0.0, "l": 1000, "t": 1838.47144}
{"r": 0.0, "l": 1000, "t": 1882.739662}
{"r": 0.0, "l": 1000, "t": 1929.305892}
{"r": 0.0, "l": 1000, "t": 1973.646769}
{"r": 0.0, "l": 1000, "t": 2015.9756}
{"r": 0.0, "l": 1000, "t": 2061.530676}
{"r": 0.0, "l": 1000, "t": 2106.243081}
{"r": 0.0, "l": 1000, "t": 2152.116514}
{"r": 0.0, "l": 1000, "t": 2196.815521}
{"r": 0.0, "l": 1000, "t": 2242.8656}
{"r": 0.0, "l": 1000, "t": 2288.503255}
{"r": 0.0, "l": 1000, "t": 2333.21592}
{"r": 0.0, "l": 1000, "t": 2376.211234}
{"r": 0.0, "l": 1000, "t": 2423.046965}
{"r": 0.0, "l": 1000, "t": 2469.742263}
{"r": 0.0, "l": 1000, "t": 2512.728327}
{"r": 0.0, "l": 1000, "t": 2559.484096}
{"r": 0.0, "l": 1000, "t": 2604.604631}
{"r": 0.0, "l": 1000, "t": 2651.593127}
{"r": 0.0, "l": 1000, "t": 2692.959912}
{"r": 0.0, "l": 1000, "t": 2739.615391}
{"r": 0.0, "l": 1000, "t": 2785.772331}
{"r": 0.0, "l": 1000, "t": 2831.876655}
{"r": 0.0, "l": 1000, "t": 2876.044342}
{"r": 0.0, "l": 1000, "t": 2921.328001}
{"r": 0.0, "l": 1000, "t": 2968.568618}
{"r": 0.0, "l": 1000, "t": 3012.243527}
{"r": 0.0, "l": 1000, "t": 3059.384462}
{"r": 0.0, "l": 1000, "t": 3106.227921}
{"r": 0.0, "l": 1000, "t": 3152.501608}
{"r": 0.0, "l": 1000, "t": 3196.964683}
{"r": 0.0, "l": 1000, "t": 3243.966636}
{"r": 0.0, "l": 1000, "t": 3291.395558}
{"r": 0.0, "l": 1000, "t": 3337.216293}
{"r": 0.0, "l": 1000, "t": 3382.784819}
{"r": 0.0, "l": 1000, "t": 3430.347721}
{"r": 0.0, "l": 1000, "t": 3477.543537}
{"r": 0.0, "l": 1000, "t": 3522.827989}
{"r": 0.0, "l": 1000, "t": 3569.618042}
{"r": 0.0, "l": 1000, "t": 3618.040094}
{"r": 0.0, "l": 1000, "t": 3665.668268}
{"r": 0.0, "l": 1000, "t": 3711.379219}
{"r": 0.0, "l": 1000, "t": 3758.713977}
{"r": 0.0, "l": 1000, "t": 3804.641809}
{"r": 0.0, "l": 1000, "t": 3848.980274}
{"r": 0.0, "l": 1000, "t": 3896.256847}
{"r": 0.0, "l": 1000, "t": 3942.31805}
{"r": 0.0, "l": 1000, "t": 3989.170419}
{"r": 0.0, "l": 1000, "t": 4034.462739}
{"r": 0.0, "l": 1000, "t": 4082.08578}
{"r": 0.0, "l": 1000, "t": 4131.52964}
{"r": 0.0, "l": 1000, "t": 4178.98586}
{"r": 0.0, "l": 1000, "t": 4227.329015}
{"r": 0.0, "l": 1000, "t": 4275.74314}
{"r": 0.0, "l": 1000, "t": 4325.956157}
{"r": 0.0, "l": 1000, "t": 4370.864375}
{"r": 0.0, "l": 1000, "t": 4420.74849}
{"r": 0.0, "l": 1000, "t": 4469.489084}
{"r": 0.0, "l": 1000, "t": 4515.802329}
{"r": 0.0, "l": 1000, "t": 4565.192781}
{"r": 0.0, "l": 1000, "t": 4613.954142}
{"r": 0.0, "l": 1000, "t": 4661.368989}
{"r": 0.0, "l": 1000, "t": 4707.134539}
{"r": 0.0, "l": 1000, "t": 4755.423972}
{"r": 0.0, "l": 1000, "t": 4803.28102}
{"r": 0.0, "l": 1000, "t": 4849.982795}
{"r": 0.0, "l": 1000, "t": 4902.119844}
{"r": 0.0, "l": 1000, "t": 4956.226542}
{"r": 0.0, "l": 1000, "t": 5012.570826}
{"r": 0.0, "l": 1000, "t": 5069.283039}
{"r": 0.0, "l": 1000, "t": 5126.185792}
{"r": 0.0, "l": 1000, "t": 5181.688564}
{"r": 0.0, "l": 1000, "t": 5238.644738}
{"r": 0.0, "l": 1000, "t": 5297.137523}
{"r": 0.0, "l": 1000, "t": 5353.226892}
{"r": 0.0, "l": 1000, "t": 5410.075305}
{"r": 0.0, "l": 1000, "t": 5466.1506}
{"r": 0.0, "l": 1000, "t": 5519.956715}
{"r": 0.0, "l": 1000, "t": 5573.357105}
{"r": 0.0, "l": 1000, "t": 5630.259019}
{"r": 0.0, "l": 1000, "t": 5688.013292}
{"r": 0.0, "l": 1000, "t": 5745.087972}
{"r": 0.0, "l": 1000, "t": 5799.955055}
{"r": 0.0, "l": 1000, "t": 5854.753004}
{"r": 0.0, "l": 1000, "t": 5911.998112}
{"r": 0.0, "l": 1000, "t": 5972.135777}
{"r": 0.0, "l": 1000, "t": 6030.171938}
{"r": 0.0, "l": 1000, "t": 6086.945363}
{"r": 0.0, "l": 1000, "t": 6144.537395}
{"r": 0.0, "l": 1000, "t": 6200.805328}
{"r": 0.0, "l": 1000, "t": 6257.474271}
{"r": 0.0, "l": 1000, "t": 6313.35982}
{"r": 0.0, "l": 1000, "t": 6368.41131}
{"r": 0.0, "l": 1000, "t": 6425.056856}
{"r": 0.0, "l": 1000, "t": 6479.988897}
{"r": 0.0, "l": 1000, "t": 6536.444348}
{"r": 0.0, "l": 1000, "t": 6594.039834}
{"r": 0.0, "l": 1000, "t": 6650.133635}
{"r": 0.0, "l": 1000, "t": 6707.729421}
{"r": 0.0, "l": 1000, "t": 6763.423412}
{"r": 0.0, "l": 1000, "t": 6819.391498}
{"r": 0.0, "l": 1000, "t": 6877.6642}
{"r": 0.0, "l": 1000, "t": 6933.197966}
{"r": 0.0, "l": 1000, "t": 6991.347811}
{"r": 0.0, "l": 1000, "t": 7048.684685}
{"r": 0.0, "l": 1000, "t": 7105.064038}
{"r": 0.0, "l": 1000, "t": 7161.691304}
{"r": 0.0, "l": 1000, "t": 7219.444647}
{"r": 0.0, "l": 1000, "t": 7275.203111}
{"r": 0.0, "l": 1000, "t": 7335.274085}
{"r": 0.0, "l": 1000, "t": 7391.217572}
{"r": 0.0, "l": 1000, "t": 7445.497708}
{"r": 0.0, "l": 1000, "t": 7503.264795}
{"r": 0.0, "l": 1000, "t": 7560.037343}
{"r": 0.0, "l": 1000, "t": 7615.504296}
{"r": 0.0, "l": 1000, "t": 7676.029088}
{"r": 0.0, "l": 1000, "t": 7731.186503}
{"r": 0.0, "l": 1000, "t": 7789.663618}
{"r": 0.0, "l": 1000, "t": 7848.228954}
{"r": 0.0, "l": 1000, "t": 7907.084196}
{"r": 0.0, "l": 1000, "t": 7966.303088}
{"r": 0.0, "l": 1000, "t": 8025.050475}
{"r": 0.0, "l": 1000, "t": 8082.107314}
{"r": 0.0, "l": 1000, "t": 8137.714153}
{"r": 0.0, "l": 1000, "t": 8195.884572}
{"r": 0.0, "l": 1000, "t": 8254.338513}
{"r": 0.0, "l": 1000, "t": 8309.861378}
{"r": 0.0, "l": 1000, "t": 8366.850244}
{"r": 0.0, "l": 1000, "t": 8424.261343}
{"r": 0.0, "l": 1000, "t": 8483.045529}
{"r": 0.0, "l": 1000, "t": 8540.065163}
{"r": 0.0, "l": 1000, "t": 8599.723499}
{"r": 0.0, "l": 1000, "t": 8659.33653}
{"r": 0.0,