{"t_start": 1515702979.7514634, "gym_version": "0.9.2", "env_id": "GridWorldNoFrameskip-v4"}
{"r": 0.0, "l": 1000, "t": 28.928825}
{"r": 0.0, "l": 1000, "t": 55.48209}
{"r": 0.0, "l": 1000, "t": 80.040001}
{"r": 0.0, "l": 1000, "t": 104.103587}
{"r": 0.0, "l": 1000, "t": 130.883694}
{"r": 0.0, "l": 1000, "t": 155.198681}
{"r": 0.0, "l": 1000, "t": 181.209126}
{"r": 0.0, "l": 1000, "t": 207.448852}
{"r": 0.0, "l": 1000, "t": 233.978107}
{"r": 0.0, "l": 1000, "t": 260.133274}
{"r": 0.0, "l": 1000, "t": 287.473775}
{"r": 0.0, "l": 1000, "t": 314.626803}
{"r": 0.0, "l": 1000, "t": 341.067699}
{"r": 0.0, "l": 1000, "t": 367.642043}
{"r": 0.0, "l": 1000, "t": 394.069943}
{"r": 0.0, "l": 1000, "t": 420.538324}
{"r": 0.0, "l": 1000, "t": 447.183127}
{"r": 0.0, "l": 1000, "t": 473.517772}
{"r": 0.0, "l": 1000, "t": 498.593484}
{"r": 0.0, "l": 1000, "t": 524.42292}
{"r": 0.0, "l": 1000, "t": 549.897758}
{"r": 0.0, "l": 1000, "t": 575.147317}
{"r": 0.0, "l": 1000, "t": 600.511976}
{"r": 0.0, "l": 1000, "t": 625.703751}
{"r": 0.0, "l": 1000, "t": 651.741074}
{"r": 0.0, "l": 1000, "t": 677.158386}
{"r": 0.0, "l": 1000, "t": 704.113263}
{"r": 0.0, "l": 1000, "t": 730.385106}
{"r": 0.0, "l": 1000, "t": 756.920817}
{"r": 0.0, "l": 1000, "t": 783.550731}
{"r": 0.0, "l": 1000, "t": 809.573378}
{"r": 0.0, "l": 1000, "t": 835.59872}
{"r": 0.0, "l": 1000, "t": 862.382466}
{"r": 0.0, "l": 1000, "t": 888.814218}
{"r": 0.0, "l": 1000, "t": 915.248754}
{"r": 0.0, "l": 1000, "t": 942.235305}
{"r": 0.0, "l": 1000, "t": 968.573319}
{"r": 0.0, "l": 1000, "t": 996.382331}
{"r": 0.0, "l": 1000, "t": 1022.268448}
{"r": 0.0, "l": 1000, "t": 1049.483077}
{"r": 0.0, "l": 1000, "t": 1076.876708}
{"r": 0.0, "l": 1000, "t": 1103.784226}
{"r": 0.0, "l": 1000, "t": 1130.385911}
{"r": 0.0, "l": 1000, "t": 1157.351452}
{"r": 0.0, "l": 1000, "t": 1185.091545}
{"r": 0.0, "l": 1000, "t": 1211.267713}
{"r": 0.0, "l": 1000, "t": 1239.059446}
{"r": 0.0, "l": 1000, "t": 1266.633644}
{"r": 0.0, "l": 1000, "t": 1293.313305}
{"r": 0.0, "l": 1000, "t": 1320.418639}
{"r": 0.0, "l": 1000, "t": 1347.019472}
{"r": 0.0, "l": 1000, "t": 1374.496836}
{"r": 0.0, "l": 1000, "t": 1401.139359}
{"r": 0.0, "l": 1000, "t": 1427.907989}
{"r": 0.0, "l": 1000, "t": 1455.338798}
{"r": 0.0, "l": 1000, "t": 1482.063032}
{"r": 0.0, "l": 1000, "t": 1508.099614}
{"r": 0.0, "l": 1000, "t": 1534.308573}
{"r": 0.0, "l": 1000, "t": 1560.978824}
{"r": 0.0, "l": 1000, "t": 1587.148314}
{"r": 0.0, "l": 1000, "t": 1613.33391}
{"r": 0.0, "l": 1000, "t": 1639.003563}
{"r": 0.0, "l": 1000, "t": 1665.86877}
{"r": 0.0, "l": 1000, "t": 1708.479669}
{"r": 0.0, "l": 1000, "t": 1753.616735}
{"r": 0.0, "l": 1000, "t": 1796.732888}
{"r": 0.0, "l": 1000, "t": 1839.466182}
{"r": 0.0, "l": 1000, "t": 1884.105305}
{"r": 0.0, "l": 1000, "t": 1930.946113}
{"r": 0.0, "l": 1000, "t": 1976.204227}
{"r": 0.0, "l": 1000, "t": 2017.039841}
{"r": 0.0, "l": 1000, "t": 2063.174177}
{"r": 0.0, "l": 1000, "t": 2108.623324}
{"r": 0.0, "l": 1000, "t": 2154.292993}
{"r": 0.0, "l": 1000, "t": 2198.158185}
{"r": 0.0, "l": 1000, "t": 2244.291463}
{"r": 0.0, "l": 1000, "t": 2290.319597}
{"r": 0.0, "l": 1000, "t": 2335.160344}
{"r": 0.0, "l": 1000, "t": 2378.318807}
{"r": 0.0, "l": 1000, "t": 2426.104296}
{"r": 0.0, "l": 1000, "t": 2470.82298}
{"r": 0.0, "l": 1000, "t": 2515.394465}
{"r": 0.0, "l": 1000, "t": 2561.811598}
{"r": 0.0, "l": 1000, "t": 2608.668903}
{"r": 0.0, "l": 1000, "t": 2655.200807}
{"r": 0.0, "l": 1000, "t": 2697.634476}
{"r": 0.0, "l": 1000, "t": 2745.211801}
{"r": 0.0, "l": 1000, "t": 2789.083563}
{"r": 0.0, "l": 1000, "t": 2835.232828}
{"r": 0.0, "l": 1000, "t": 2879.770626}
{"r": 0.0, "l": 1000, "t": 2927.0089}
{"r": 0.0, "l": 1000, "t": 2973.179237}
{"r": 0.0, "l": 1000, "t": 3016.541586}
{"r": 0.0, "l": 1000, "t": 3064.186}
{"r": 0.0, "l": 1000, "t": 3112.050927}
{"r": 0.0, "l": 1000, "t": 3158.498688}
{"r": 0.0, "l": 1000, "t": 3202.036901}
{"r": 0.0, "l": 1000, "t": 3249.144267}
{"r": 0.0, "l": 1000, "t": 3297.577957}
{"r": 0.0, "l": 1000, "t": 3344.478672}
{"r": 0.0, "l": 1000, "t": 3390.310039}
{"r": 0.0, "l": 1000, "t": 3439.180569}
{"r": 0.0, "l": 1000, "t": 3486.404445}
{"r": 0.0, "l": 1000, "t": 3530.507737}
{"r": 0.0, "l": 1000, "t": 3578.873481}
{"r": 0.0, "l": 1000, "t": 3628.53798}
{"r": 0.0, "l": 1000, "t": 3673.936193}
{"r": 0.0, "l": 1000, "t": 3719.848729}
{"r": 0.0, "l": 1000, "t": 3767.279413}
{"r": 0.0, "l": 1000, "t": 3813.359882}
{"r": 0.0, "l": 1000, "t": 3858.054543}
{"r": 0.0, "l": 1000, "t": 3905.090538}
{"r": 0.0, "l": 1000, "t": 3951.040174}
{"r": 0.0, "l": 1000, "t": 3997.451416}
{"r": 0.0, "l": 1000, "t": 4043.102756}
{"r": 0.0, "l": 1000, "t": 4090.32352}
{"r": 0.0, "l": 1000, "t": 4139.140096}
{"r": 0.0, "l": 1000, "t": 4186.489629}
{"r": 0.0, "l": 1000, "t": 4236.234747}
{"r": 0.0, "l": 1000, "t": 4284.577621}
{"r": 0.0, "l": 1000, "t": 4333.944512}
{"r": 0.0, "l": 1000, "t": 4380.295566}
{"r": 0.0, "l": 1000, "t": 4431.171277}
{"r": 0.0, "l": 1000, "t": 4479.142725}
{"r": 0.0, "l": 1000, "t": 4526.170878}
{"r": 0.0, "l": 1000, "t": 4573.954944}
{"r": 0.0, "l": 1000, "t": 4620.75944}
{"r": 0.0, "l": 1000, "t": 4668.468223}
{"r": 0.0, "l": 1000, "t": 4714.06056}
{"r": 0.0, "l": 1000, "t": 4762.545377}
{"r": 0.0, "l": 1000, "t": 4810.949679}
{"r": 0.0, "l": 1000, "t": 4858.198298}
{"r": 0.0, "l": 1000, "t": 4909.494854}
{"r": 0.0, "l": 1000, "t": 4967.00003}
{"r": 0.0, "l": 1000, "t": 5021.985759}
{"r": 0.0, "l": 1000, "t": 5080.357195}
{"r": 0.0, "l": 1000, "t": 5135.430129}
{"r": 0.0, "l": 1000, "t": 5189.392704}
{"r": 0.0, "l": 1000, "t": 5247.619346}
{"r": 0.0, "l": 1000, "t": 5306.029518}
{"r": 0.0, "l": 1000, "t": 5361.024191}
{"r": 0.0, "l": 1000, "t": 5416.503937}
{"r": 0.0, "l": 1000, "t": 5472.05475}
{"r": 0.0, "l": 1000, "t": 5526.992979}
{"r": 0.0, "l": 1000, "t": 5580.552175}
{"r": 0.0, "l": 1000, "t": 5639.778406}
{"r": 0.0, "l": 1000, "t": 5694.839757}
{"r": 0.0, "l": 1000, "t": 5753.14052}
{"r": 0.0, "l": 1000, "t": 5808.312596}
{"r": 0.0, "l": 1000, "t": 5865.919539}
{"r": 0.0, "l": 1000, "t": 5923.595224}
{"r": 0.0, "l": 1000, "t": 5983.846238}
{"r": 0.0, "l": 1000, "t": 6040.180594}
{"r": 0.0, "l": 1000, "t": 6096.40587}
{"r": 0.0, "l": 1000, "t": 6155.909189}
{"r": 0.0, "l": 1000, "t": 6211.430516}
{"r": 0.0, "l": 1000, "t": 6268.968418}
{"r": 0.0, "l": 1000, "t": 6324.832718}
{"r": 0.0, "l": 1000, "t": 6379.709494}
{"r": 0.0, "l": 1000, "t": 6435.833226}
{"r": 0.0, "l": 1000, "t": 6491.640854}
{"r": 0.0, "l": 1000, "t": 6547.727668}
{"r": 0.0, "l": 1000, "t": 6606.119951}
{"r": 0.0, "l": 1000, "t": 6663.000852}
{"r": 0.0, "l": 1000, "t": 6719.384408}
{"r": 0.0, "l": 1000, "t": 6775.527856}
{"r": 0.0, "l": 1000, "t": 6833.318214}
{"r": 0.0, "l": 1000, "t": 6890.819479}
{"r": 0.0, "l": 1000, "t": 6949.639008}
{"r": 0.0, "l": 1000, "t": 7005.584467}
{"r": 0.0, "l": 1000, "t": 7059.467836}
{"r": 0.0, "l": 1000, "t": 7114.544131}
{"r": 0.0, "l": 1000, "t": 7171.581582}
{"r": 0.0, "l": 1000, "t": 7227.352791}
{"r": 0.0, "l": 1000, "t": 7284.945025}
{"r": 0.0, "l": 1000, "t": 7343.183829}
{"r": 0.0, "l": 1000, "t": 7400.250954}
{"r": 0.0, "l": 1000, "t": 7455.574162}
{"r": 0.0, "l": 1000, "t": 7512.775739}
{"r": 0.0, "l": 1000, "t": 7570.59826}
{"r": 0.0, "l": 1000, "t": 7625.692956}
{"r": 0.0, "l": 1000, "t": 7683.651919}
{"r": 0.0, "l": 1000, "t": 7740.801075}
{"r": 0.0, "l": 1000, "t": 7801.168753}
{"r": 0.0, "l": 1000, "t": 7859.137408}
{"r": 0.0, "l": 1000, "t": 7917.100925}
{"r": 0.0, "l": 1000, "t": 7976.083414}
{"r": 0.0, "l": 1000, "t": 8035.173917}
{"r": 0.0, "l": 1000, "t": 8093.927091}
{"r": 0.0, "l": 1000, "t": 8151.815906}
{"r": 0.0, "l": 1000, "t": 8209.798112}
{"r": 0.0, "l": 1000, "t": 8265.436574}
{"r": 0.0, "l": 1000, "t": 8322.904513}
{"r": 0.0, "l": 1000, "t": 8381.163579}
{"r": 0.0, "l": 1000, "t": 8437.48827}
{"r": 0.0, "l": 1000, "t": 8496.351783}
{"r": 0.0, "l": 1000, "t": 8556.309763}
{"r": 0.0, "l": 1000, "t": 8614.048572}
{"r": 0.0, "l": 1000,