{"t_start": 1515702979.7561069, "gym_version": "0.9.2", "env_id": "GridWorldNoFrameskip-v4"}
{"r": 0.0, "l": 1000, "t": 28.948954}
{"r": 0.0, "l": 1000, "t": 55.509254}
{"r": 0.0, "l": 1000, "t": 79.131772}
{"r": 0.0, "l": 1000, "t": 104.035491}
{"r": 0.0, "l": 1000, "t": 131.042731}
{"r": 0.0, "l": 1000, "t": 155.958456}
{"r": 0.0, "l": 1000, "t": 181.893013}
{"r": 0.0, "l": 1000, "t": 208.074265}
{"r": 0.0, "l": 1000, "t": 234.043356}
{"r": 0.0, "l": 1000, "t": 260.873035}
{"r": 0.0, "l": 1000, "t": 287.439597}
{"r": 0.0, "l": 1000, "t": 313.878966}
{"r": 0.0, "l": 1000, "t": 340.27921}
{"r": 0.0, "l": 1000, "t": 366.831897}
{"r": 0.0, "l": 1000, "t": 393.481291}
{"r": 0.0, "l": 1000, "t": 420.458747}
{"r": 0.0, "l": 1000, "t": 447.082129}
{"r": 0.0, "l": 1000, "t": 472.840743}
{"r": 0.0, "l": 1000, "t": 498.563146}
{"r": 0.0, "l": 1000, "t": 524.334356}
{"r": 0.0, "l": 1000, "t": 549.921139}
{"r": 0.0, "l": 1000, "t": 575.808965}
{"r": 0.0, "l": 1000, "t": 600.96892}
{"r": 0.0, "l": 1000, "t": 625.724762}
{"r": 0.0, "l": 1000, "t": 652.2928}
{"r": 0.0, "l": 1000, "t": 678.016581}
{"r": 0.0, "l": 1000, "t": 704.18803}
{"r": 0.0, "l": 1000, "t": 731.205039}
{"r": 0.0, "l": 1000, "t": 757.788247}
{"r": 0.0, "l": 1000, "t": 783.624498}
{"r": 0.0, "l": 1000, "t": 809.923093}
{"r": 0.0, "l": 1000, "t": 836.266767}
{"r": 0.0, "l": 1000, "t": 862.328085}
{"r": 0.0, "l": 1000, "t": 889.211402}
{"r": 0.0, "l": 1000, "t": 915.909281}
{"r": 0.0, "l": 1000, "t": 942.38113}
{"r": 0.0, "l": 1000, "t": 969.668783}
{"r": 0.0, "l": 1000, "t": 996.449369}
{"r": 0.0, "l": 1000, "t": 1022.70203}
{"r": 0.0, "l": 1000, "t": 1049.423055}
{"r": 0.0, "l": 1000, "t": 1076.305276}
{"r": 0.0, "l": 1000, "t": 1103.758072}
{"r": 0.0, "l": 1000, "t": 1131.095016}
{"r": 0.0, "l": 1000, "t": 1158.283079}
{"r": 0.0, "l": 1000, "t": 1184.224206}
{"r": 0.0, "l": 1000, "t": 1211.188869}
{"r": 0.0, "l": 1000, "t": 1237.943869}
{"r": 0.0, "l": 1000, "t": 1265.578663}
{"r": 0.0, "l": 1000, "t": 1291.567292}
{"r": 0.0, "l": 1000, "t": 1318.899114}
{"r": 0.0, "l": 1000, "t": 1346.052839}
{"r": 0.0, "l": 1000, "t": 1373.03391}
{"r": 0.0, "l": 1000, "t": 1400.304245}
{"r": 0.0, "l": 1000, "t": 1427.858902}
{"r": 0.0, "l": 1000, "t": 1454.571403}
{"r": 0.0, "l": 1000, "t": 1481.293123}
{"r": 0.0, "l": 1000, "t": 1507.229184}
{"r": 0.0, "l": 1000, "t": 1533.538985}
{"r": 0.0, "l": 1000, "t": 1560.94935}
{"r": 0.0, "l": 1000, "t": 1587.714063}
{"r": 0.0, "l": 1000, "t": 1613.449102}
{"r": 0.0, "l": 1000, "t": 1640.592531}
{"r": 0.0, "l": 1000, "t": 1667.038769}
{"r": 0.0, "l": 1000, "t": 1708.533886}
{"r": 0.0, "l": 1000, "t": 1753.70646}
{"r": 0.0, "l": 1000, "t": 1796.854577}
{"r": 0.0, "l": 1000, "t": 1840.388174}
{"r": 0.0, "l": 1000, "t": 1885.237645}
{"r": 0.0, "l": 1000, "t": 1932.156803}
{"r": 0.0, "l": 1000, "t": 1976.394098}
{"r": 0.0, "l": 1000, "t": 2018.500633}
{"r": 0.0, "l": 1000, "t": 2063.238473}
{"r": 0.0, "l": 1000, "t": 2108.539696}
{"r": 0.0, "l": 1000, "t": 2154.340714}
{"r": 0.0, "l": 1000, "t": 2199.18032}
{"r": 0.0, "l": 1000, "t": 2244.989413}
{"r": 0.0, "l": 1000, "t": 2291.693914}
{"r": 0.0, "l": 1000, "t": 2336.131157}
{"r": 0.0, "l": 1000, "t": 2380.976364}
{"r": 0.0, "l": 1000, "t": 2427.062779}
{"r": 0.0, "l": 1000, "t": 2473.127965}
{"r": 0.0, "l": 1000, "t": 2518.023442}
{"r": 0.0, "l": 1000, "t": 2563.907544}
{"r": 0.0, "l": 1000, "t": 2611.836203}
{"r": 0.0, "l": 1000, "t": 2656.742454}
{"r": 0.0, "l": 1000, "t": 2697.736161}
{"r": 0.0, "l": 1000, "t": 2743.652303}
{"r": 0.0, "l": 1000, "t": 2788.929935}
{"r": 0.0, "l": 1000, "t": 2835.201541}
{"r": 0.0, "l": 1000, "t": 2879.670675}
{"r": 0.0, "l": 1000, "t": 2925.669376}
{"r": 0.0, "l": 1000, "t": 2973.268929}
{"r": 0.0, "l": 1000, "t": 3018.19419}
{"r": 0.0, "l": 1000, "t": 3065.530888}
{"r": 0.0, "l": 1000, "t": 3113.515443}
{"r": 0.0, "l": 1000, "t": 3161.836009}
{"r": 0.0, "l": 1000, "t": 3206.218791}
{"r": 0.0, "l": 1000, "t": 3254.143351}
{"r": 0.0, "l": 1000, "t": 3300.52809}
{"r": 0.0, "l": 1000, "t": 3347.032971}
{"r": 0.0, "l": 1000, "t": 3394.093949}
{"r": 0.0, "l": 1000, "t": 3440.541566}
{"r": 0.0, "l": 1000, "t": 3487.951726}
{"r": 0.0, "l": 1000, "t": 3532.252992}
{"r": 0.0, "l": 1000, "t": 3580.241859}
{"r": 0.0, "l": 1000, "t": 3628.706331}
{"r": 0.0, "l": 1000, "t": 3675.895983}
{"r": 0.0, "l": 1000, "t": 3719.905367}
{"r": 0.0, "l": 1000, "t": 3768.274417}
{"r": 0.0, "l": 1000, "t": 3814.79454}
{"r": 0.0, "l": 1000, "t": 3857.179524}
{"r": 0.0, "l": 1000, "t": 3903.829669}
{"r": 0.0, "l": 1000, "t": 3950.969501}
{"r": 0.0, "l": 1000, "t": 3997.441813}
{"r": 0.0, "l": 1000, "t": 4043.294757}
{"r": 0.0, "l": 1000, "t": 4091.348241}
{"r": 0.0, "l": 1000, "t": 4140.695179}
{"r": 0.0, "l": 1000, "t": 4186.487536}
{"r": 0.0, "l": 1000, "t": 4236.071398}
{"r": 0.0, "l": 1000, "t": 4284.368437}
{"r": 0.0, "l": 1000, "t": 4332.802991}
{"r": 0.0, "l": 1000, "t": 4378.654147}
{"r": 0.0, "l": 1000, "t": 4428.406208}
{"r": 0.0, "l": 1000, "t": 4476.586264}
{"r": 0.0, "l": 1000, "t": 4523.431225}
{"r": 0.0, "l": 1000, "t": 4571.632017}
{"r": 0.0, "l": 1000, "t": 4619.139887}
{"r": 0.0, "l": 1000, "t": 4666.660962}
{"r": 0.0, "l": 1000, "t": 4712.168947}
{"r": 0.0, "l": 1000, "t": 4759.771101}
{"r": 0.0, "l": 1000, "t": 4807.541095}
{"r": 0.0, "l": 1000, "t": 4854.123973}
{"r": 0.0, "l": 1000, "t": 4905.170171}
{"r": 0.0, "l": 1000, "t": 4961.511012}
{"r": 0.0, "l": 1000, "t": 5017.605894}
{"r": 0.0, "l": 1000, "t": 5073.830251}
{"r": 0.0, "l": 1000, "t": 5129.950161}
{"r": 0.0, "l": 1000, "t": 5183.773124}
{"r": 0.0, "l": 1000, "t": 5240.746052}
{"r": 0.0, "l": 1000, "t": 5297.260112}
{"r": 0.0, "l": 1000, "t": 5354.220716}
{"r": 0.0, "l": 1000, "t": 5410.144022}
{"r": 0.0, "l": 1000, "t": 5466.148741}
{"r": 0.0, "l": 1000, "t": 5519.878584}
{"r": 0.0, "l": 1000, "t": 5573.262477}
{"r": 0.0, "l": 1000, "t": 5630.276541}
{"r": 0.0, "l": 1000, "t": 5689.275008}
{"r": 0.0, "l": 1000, "t": 5746.191998}
{"r": 0.0, "l": 1000, "t": 5802.106499}
{"r": 0.0, "l": 1000, "t": 5858.211713}
{"r": 0.0, "l": 1000, "t": 5913.662115}
{"r": 0.0, "l": 1000, "t": 5972.121353}
{"r": 0.0, "l": 1000, "t": 6030.26406}
{"r": 0.0, "l": 1000, "t": 6086.816011}
{"r": 0.0, "l": 1000, "t": 6142.865287}
{"r": 0.0, "l": 1000, "t": 6199.469121}
{"r": 0.0, "l": 1000, "t": 6256.155555}
{"r": 0.0, "l": 1000, "t": 6311.590565}
{"r": 0.0, "l": 1000, "t": 6367.010173}
{"r": 0.0, "l": 1000, "t": 6423.686987}
{"r": 0.0, "l": 1000, "t": 6479.896471}
{"r": 0.0, "l": 1000, "t": 6536.264536}
{"r": 0.0, "l": 1000, "t": 6592.488877}
{"r": 0.0, "l": 1000, "t": 6650.084288}
{"r": 0.0, "l": 1000, "t": 6707.607297}
{"r": 0.0, "l": 1000, "t": 6761.070717}
{"r": 0.0, "l": 1000, "t": 6817.095823}
{"r": 0.0, "l": 1000, "t": 6875.324223}
{"r": 0.0, "l": 1000, "t": 6930.043422}
{"r": 0.0, "l": 1000, "t": 6989.738111}
{"r": 0.0, "l": 1000, "t": 7046.019371}
{"r": 0.0, "l": 1000, "t": 7101.719876}
{"r": 0.0, "l": 1000, "t": 7158.066789}
{"r": 0.0, "l": 1000, "t": 7216.307101}
{"r": 0.0, "l": 1000, "t": 7272.292332}
{"r": 0.0, "l": 1000, "t": 7331.936637}
{"r": 0.0, "l": 1000, "t": 7388.327423}
{"r": 0.0, "l": 1000, "t": 7442.611345}
{"r": 0.0, "l": 1000, "t": 7499.819023}
{"r": 0.0, "l": 1000, "t": 7556.640386}
{"r": 0.0, "l": 1000, "t": 7612.308917}
{"r": 0.0, "l": 1000, "t": 7671.246831}
{"r": 0.0, "l": 1000, "t": 7729.624989}
{"r": 0.0, "l": 1000, "t": 7784.592862}
{"r": 0.0, "l": 1000, "t": 7843.690147}
{"r": 0.0, "l": 1000, "t": 7902.818705}
{"r": 0.0, "l": 1000, "t": 7961.049449}
{"r": 0.0, "l": 1000, "t": 8021.59589}
{"r": 0.0, "l": 1000, "t": 8080.417962}
{"r": 0.0, "l": 1000, "t": 8137.804326}
{"r": 0.0, "l": 1000, "t": 8195.863364}
{"r": 0.0, "l": 1000, "t": 8253.079932}
{"r": 0.0, "l": 1000, "t": 8308.726573}
{"r": 0.0, "l": 1000, "t": 8366.620061}
{"r": 0.0, "l": 1000, "t": 8424.143981}
{"r": 0.0, "l": 1000, "t": 8480.854287}
{"r": 0.0, "l": 1000, "t": 8538.358814}
{"r": 0.0, "l": 1000, "t": 8598.49858}
{"r": 0.0, "l": 1000,