{"t_start": 1515702979.7598817, "gym_version": "0.9.2", "env_id": "GridWorldNoFrameskip-v4"}
{"r": 0.0, "l": 1000, "t": 29.64048}
{"r": 0.0, "l": 1000, "t": 55.530726}
{"r": 0.0, "l": 1000, "t": 79.197873}
{"r": 0.0, "l": 1000, "t": 104.712509}
{"r": 0.0, "l": 1000, "t": 130.87446}
{"r": 0.0, "l": 1000, "t": 155.140466}
{"r": 0.0, "l": 1000, "t": 181.25486}
{"r": 0.0, "l": 1000, "t": 208.174877}
{"r": 0.0, "l": 1000, "t": 235.553817}
{"r": 0.0, "l": 1000, "t": 262.280523}
{"r": 0.0, "l": 1000, "t": 288.775965}
{"r": 0.0, "l": 1000, "t": 315.629471}
{"r": 0.0, "l": 1000, "t": 342.064754}
{"r": 0.0, "l": 1000, "t": 369.468214}
{"r": 0.0, "l": 1000, "t": 396.808169}
{"r": 0.0, "l": 1000, "t": 422.810242}
{"r": 0.0, "l": 1000, "t": 449.325825}
{"r": 0.0, "l": 1000, "t": 474.702404}
{"r": 0.0, "l": 1000, "t": 500.096174}
{"r": 0.0, "l": 1000, "t": 526.029466}
{"r": 0.0, "l": 1000, "t": 551.64561}
{"r": 0.0, "l": 1000, "t": 577.76576}
{"r": 0.0, "l": 1000, "t": 603.298229}
{"r": 0.0, "l": 1000, "t": 628.530152}
{"r": 0.0, "l": 1000, "t": 654.885168}
{"r": 0.0, "l": 1000, "t": 680.864703}
{"r": 0.0, "l": 1000, "t": 707.025588}
{"r": 0.0, "l": 1000, "t": 733.166205}
{"r": 0.0, "l": 1000, "t": 760.056659}
{"r": 0.0, "l": 1000, "t": 786.88435}
{"r": 0.0, "l": 1000, "t": 812.308067}
{"r": 0.0, "l": 1000, "t": 838.854426}
{"r": 0.0, "l": 1000, "t": 865.218626}
{"r": 0.0, "l": 1000, "t": 892.105059}
{"r": 0.0, "l": 1000, "t": 918.657273}
{"r": 0.0, "l": 1000, "t": 945.20675}
{"r": 0.0, "l": 1000, "t": 972.77561}
{"r": 0.0, "l": 1000, "t": 1000.147257}
{"r": 0.0, "l": 1000, "t": 1027.350254}
{"r": 0.0, "l": 1000, "t": 1053.459435}
{"r": 0.0, "l": 1000, "t": 1081.218767}
{"r": 0.0, "l": 1000, "t": 1108.156298}
{"r": 0.0, "l": 1000, "t": 1134.590066}
{"r": 0.0, "l": 1000, "t": 1161.773832}
{"r": 0.0, "l": 1000, "t": 1189.02534}
{"r": 0.0, "l": 1000, "t": 1215.818775}
{"r": 0.0, "l": 1000, "t": 1242.538745}
{"r": 0.0, "l": 1000, "t": 1269.438232}
{"r": 0.0, "l": 1000, "t": 1296.07987}
{"r": 0.0, "l": 1000, "t": 1323.281672}
{"r": 0.0, "l": 1000, "t": 1350.545338}
{"r": 0.0, "l": 1000, "t": 1377.205595}
{"r": 0.0, "l": 1000, "t": 1404.246629}
{"r": 0.0, "l": 1000, "t": 1431.283639}
{"r": 0.0, "l": 1000, "t": 1458.758065}
{"r": 0.0, "l": 1000, "t": 1484.939277}
{"r": 0.0, "l": 1000, "t": 1511.030072}
{"r": 0.0, "l": 1000, "t": 1536.499764}
{"r": 0.0, "l": 1000, "t": 1563.618895}
{"r": 0.0, "l": 1000, "t": 1590.087172}
{"r": 0.0, "l": 1000, "t": 1615.63493}
{"r": 0.0, "l": 1000, "t": 1642.874852}
{"r": 0.0, "l": 1000, "t": 1669.86193}
{"r": 0.0, "l": 1000, "t": 1714.136431}
{"r": 0.0, "l": 1000, "t": 1758.851268}
{"r": 0.0, "l": 1000, "t": 1803.137676}
{"r": 0.0, "l": 1000, "t": 1845.461328}
{"r": 0.0, "l": 1000, "t": 1891.228889}
{"r": 0.0, "l": 1000, "t": 1937.776142}
{"r": 0.0, "l": 1000, "t": 1982.84156}
{"r": 0.0, "l": 1000, "t": 2025.345942}
{"r": 0.0, "l": 1000, "t": 2070.408517}
{"r": 0.0, "l": 1000, "t": 2115.836411}
{"r": 0.0, "l": 1000, "t": 2161.226288}
{"r": 0.0, "l": 1000, "t": 2206.492352}
{"r": 0.0, "l": 1000, "t": 2252.455644}
{"r": 0.0, "l": 1000, "t": 2298.979184}
{"r": 0.0, "l": 1000, "t": 2342.900378}
{"r": 0.0, "l": 1000, "t": 2388.544379}
{"r": 0.0, "l": 1000, "t": 2434.16045}
{"r": 0.0, "l": 1000, "t": 2479.975924}
{"r": 0.0, "l": 1000, "t": 2524.697456}
{"r": 0.0, "l": 1000, "t": 2571.344736}
{"r": 0.0, "l": 1000, "t": 2618.610634}
{"r": 0.0, "l": 1000, "t": 2663.54353}
{"r": 0.0, "l": 1000, "t": 2707.372257}
{"r": 0.0, "l": 1000, "t": 2753.639076}
{"r": 0.0, "l": 1000, "t": 2798.871555}
{"r": 0.0, "l": 1000, "t": 2844.776748}
{"r": 0.0, "l": 1000, "t": 2889.498167}
{"r": 0.0, "l": 1000, "t": 2937.085521}
{"r": 0.0, "l": 1000, "t": 2983.066331}
{"r": 0.0, "l": 1000, "t": 3026.834599}
{"r": 0.0, "l": 1000, "t": 3073.381457}
{"r": 0.0, "l": 1000, "t": 3121.232813}
{"r": 0.0, "l": 1000, "t": 3168.58236}
{"r": 0.0, "l": 1000, "t": 3213.021312}
{"r": 0.0, "l": 1000, "t": 3260.005101}
{"r": 0.0, "l": 1000, "t": 3307.040296}
{"r": 0.0, "l": 1000, "t": 3352.537557}
{"r": 0.0, "l": 1000, "t": 3399.592534}
{"r": 0.0, "l": 1000, "t": 3446.650446}
{"r": 0.0, "l": 1000, "t": 3494.085484}
{"r": 0.0, "l": 1000, "t": 3538.547389}
{"r": 0.0, "l": 1000, "t": 3585.680316}
{"r": 0.0, "l": 1000, "t": 3634.590449}
{"r": 0.0, "l": 1000, "t": 3679.499799}
{"r": 0.0, "l": 1000, "t": 3726.567282}
{"r": 0.0, "l": 1000, "t": 3773.196051}
{"r": 0.0, "l": 1000, "t": 3820.717379}
{"r": 0.0, "l": 1000, "t": 3865.402666}
{"r": 0.0, "l": 1000, "t": 3912.314908}
{"r": 0.0, "l": 1000, "t": 3957.428741}
{"r": 0.0, "l": 1000, "t": 4003.978798}
{"r": 0.0, "l": 1000, "t": 4050.679948}
{"r": 0.0, "l": 1000, "t": 4098.198662}
{"r": 0.0, "l": 1000, "t": 4147.329365}
{"r": 0.0, "l": 1000, "t": 4193.34178}
{"r": 0.0, "l": 1000, "t": 4243.370768}
{"r": 0.0, "l": 1000, "t": 4292.902133}
{"r": 0.0, "l": 1000, "t": 4339.584686}
{"r": 0.0, "l": 1000, "t": 4388.182131}
{"r": 0.0, "l": 1000, "t": 4437.955437}
{"r": 0.0, "l": 1000, "t": 4485.782417}
{"r": 0.0, "l": 1000, "t": 4533.309045}
{"r": 0.0, "l": 1000, "t": 4581.766474}
{"r": 0.0, "l": 1000, "t": 4630.365304}
{"r": 0.0, "l": 1000, "t": 4675.966556}
{"r": 0.0, "l": 1000, "t": 4723.879673}
{"r": 0.0, "l": 1000, "t": 4772.295612}
{"r": 0.0, "l": 1000, "t": 4820.710216}
{"r": 0.0, "l": 1000, "t": 4866.672972}
{"r": 0.0, "l": 1000, "t": 4918.604271}
{"r": 0.0, "l": 1000, "t": 4976.254202}
{"r": 0.0, "l": 1000, "t": 5031.702734}
{"r": 0.0, "l": 1000, "t": 5089.569454}
{"r": 0.0, "l": 1000, "t": 5146.213138}
{"r": 0.0, "l": 1000, "t": 5201.768816}
{"r": 0.0, "l": 1000, "t": 5258.511623}
{"r": 0.0, "l": 1000, "t": 5316.33901}
{"r": 0.0, "l": 1000, "t": 5371.673255}
{"r": 0.0, "l": 1000, "t": 5427.706034}
{"r": 0.0, "l": 1000, "t": 5482.277868}
{"r": 0.0, "l": 1000, "t": 5536.413528}
{"r": 0.0, "l": 1000, "t": 5591.771736}
{"r": 0.0, "l": 1000, "t": 5649.508454}
{"r": 0.0, "l": 1000, "t": 5703.995828}
{"r": 0.0, "l": 1000, "t": 5761.764454}
{"r": 0.0, "l": 1000, "t": 5818.437394}
{"r": 0.0, "l": 1000, "t": 5874.807323}
{"r": 0.0, "l": 1000, "t": 5932.382814}
{"r": 0.0, "l": 1000, "t": 5990.545638}
{"r": 0.0, "l": 1000, "t": 6046.130064}
{"r": 0.0, "l": 1000, "t": 6104.022607}
{"r": 0.0, "l": 1000, "t": 6161.562718}
{"r": 0.0, "l": 1000, "t": 6217.649411}
{"r": 0.0, "l": 1000, "t": 6273.650344}
{"r": 0.0, "l": 1000, "t": 6330.276597}
{"r": 0.0, "l": 1000, "t": 6386.396275}
{"r": 0.0, "l": 1000, "t": 6442.6247}
{"r": 0.0, "l": 1000, "t": 6499.506191}
{"r": 0.0, "l": 1000, "t": 6554.519702}
{"r": 0.0, "l": 1000, "t": 6612.807657}
{"r": 0.0, "l": 1000, "t": 6670.106641}
{"r": 0.0, "l": 1000, "t": 6724.570177}
{"r": 0.0, "l": 1000, "t": 6782.544111}
{"r": 0.0, "l": 1000, "t": 6838.854112}
{"r": 0.0, "l": 1000, "t": 6895.573282}
{"r": 0.0, "l": 1000, "t": 6954.492756}
{"r": 0.0, "l": 1000, "t": 7010.094807}
{"r": 0.0, "l": 1000, "t": 7065.42022}
{"r": 0.0, "l": 1000, "t": 7121.662777}
{"r": 0.0, "l": 1000, "t": 7179.413408}
{"r": 0.0, "l": 1000, "t": 7236.516115}
{"r": 0.0, "l": 1000, "t": 7293.935865}
{"r": 0.0, "l": 1000, "t": 7352.085125}
{"r": 0.0, "l": 1000, "t": 7407.769738}
{"r": 0.0, "l": 1000, "t": 7463.685047}
{"r": 0.0, "l": 1000, "t": 7520.857894}
{"r": 0.0, "l": 1000, "t": 7576.916046}
{"r": 0.0, "l": 1000, "t": 7636.476995}
{"r": 0.0, "l": 1000, "t": 7694.976271}
{"r": 0.0, "l": 1000, "t": 7749.299125}
{"r": 0.0, "l": 1000, "t": 7810.76242}
{"r": 0.0, "l": 1000, "t": 7870.341269}
{"r": 0.0, "l": 1000, "t": 7928.439766}
{"r": 0.0, "l": 1000, "t": 7988.556086}
{"r": 0.0, "l": 1000, "t": 8047.892625}
{"r": 0.0, "l": 1000, "t": 8105.88903}
{"r": 0.0, "l": 1000, "t": 8166.217405}
{"r": 0.0, "l": 1000, "t": 8223.03938}
{"r": 0.0, "l": 1000, "t": 8279.152858}
{"r": 0.0, "l": 1000, "t": 8337.410324}
{"r": 0.0, "l": 1000, "t": 8395.852956}
{"r": 0.0, "l": 1000, "t": 8453.009768}
{"r": 0.0, "l": 1000, "t": 8509.96367}
{"r": 0.0, "l": 1000, "t": 8571.457774}
{"r": 0.0, "l": 1000, "t": 8629.5501}
{"r": 0.0, "l": 1000, "t": 8688.374198}
{"r": 0.0,