{"t_start": 1515702979.7639754, "gym_version": "0.9.2", "env_id": "GridWorldNoFrameskip-v4"}
{"r": 0.0, "l": 1000, "t": 28.917382}
{"r": 0.0, "l": 1000, "t": 55.469578}
{"r": 0.0, "l": 1000, "t": 79.120872}
{"r": 0.0, "l": 1000, "t": 104.031481}
{"r": 0.0, "l": 1000, "t": 130.326477}
{"r": 0.0, "l": 1000, "t": 155.110555}
{"r": 0.0, "l": 1000, "t": 181.224235}
{"r": 0.0, "l": 1000, "t": 208.114586}
{"r": 0.0, "l": 1000, "t": 235.486172}
{"r": 0.0, "l": 1000, "t": 262.26842}
{"r": 0.0, "l": 1000, "t": 289.101141}
{"r": 0.0, "l": 1000, "t": 315.630619}
{"r": 0.0, "l": 1000, "t": 342.035546}
{"r": 0.0, "l": 1000, "t": 368.772165}
{"r": 0.0, "l": 1000, "t": 396.124479}
{"r": 0.0, "l": 1000, "t": 422.7217}
{"r": 0.0, "l": 1000, "t": 449.255486}
{"r": 0.0, "l": 1000, "t": 474.488037}
{"r": 0.0, "l": 1000, "t": 500.792038}
{"r": 0.0, "l": 1000, "t": 525.560865}
{"r": 0.0, "l": 1000, "t": 551.102532}
{"r": 0.0, "l": 1000, "t": 576.584549}
{"r": 0.0, "l": 1000, "t": 601.632235}
{"r": 0.0, "l": 1000, "t": 627.951048}
{"r": 0.0, "l": 1000, "t": 652.801567}
{"r": 0.0, "l": 1000, "t": 678.824978}
{"r": 0.0, "l": 1000, "t": 704.748377}
{"r": 0.0, "l": 1000, "t": 731.789034}
{"r": 0.0, "l": 1000, "t": 757.865881}
{"r": 0.0, "l": 1000, "t": 784.940985}
{"r": 0.0, "l": 1000, "t": 810.935985}
{"r": 0.0, "l": 1000, "t": 836.259011}
{"r": 0.0, "l": 1000, "t": 863.101147}
{"r": 0.0, "l": 1000, "t": 889.235335}
{"r": 0.0, "l": 1000, "t": 916.546473}
{"r": 0.0, "l": 1000, "t": 943.06305}
{"r": 0.0, "l": 1000, "t": 969.685663}
{"r": 0.0, "l": 1000, "t": 996.441077}
{"r": 0.0, "l": 1000, "t": 1023.695552}
{"r": 0.0, "l": 1000, "t": 1050.771662}
{"r": 0.0, "l": 1000, "t": 1078.510477}
{"r": 0.0, "l": 1000, "t": 1105.245189}
{"r": 0.0, "l": 1000, "t": 1131.795026}
{"r": 0.0, "l": 1000, "t": 1158.930285}
{"r": 0.0, "l": 1000, "t": 1185.885849}
{"r": 0.0, "l": 1000, "t": 1213.071415}
{"r": 0.0, "l": 1000, "t": 1239.802053}
{"r": 0.0, "l": 1000, "t": 1266.667016}
{"r": 0.0, "l": 1000, "t": 1293.911121}
{"r": 0.0, "l": 1000, "t": 1320.499585}
{"r": 0.0, "l": 1000, "t": 1348.305302}
{"r": 0.0, "l": 1000, "t": 1375.993159}
{"r": 0.0, "l": 1000, "t": 1402.404338}
{"r": 0.0, "l": 1000, "t": 1429.625235}
{"r": 0.0, "l": 1000, "t": 1456.114572}
{"r": 0.0, "l": 1000, "t": 1483.691082}
{"r": 0.0, "l": 1000, "t": 1510.160811}
{"r": 0.0, "l": 1000, "t": 1537.301498}
{"r": 0.0, "l": 1000, "t": 1564.596514}
{"r": 0.0, "l": 1000, "t": 1590.570858}
{"r": 0.0, "l": 1000, "t": 1616.408017}
{"r": 0.0, "l": 1000, "t": 1642.905038}
{"r": 0.0, "l": 1000, "t": 1668.975861}
{"r": 0.0, "l": 1000, "t": 1712.290832}
{"r": 0.0, "l": 1000, "t": 1757.561265}
{"r": 0.0, "l": 1000, "t": 1800.851992}
{"r": 0.0, "l": 1000, "t": 1842.950574}
{"r": 0.0, "l": 1000, "t": 1887.848156}
{"r": 0.0, "l": 1000, "t": 1933.539724}
{"r": 0.0, "l": 1000, "t": 1978.744011}
{"r": 0.0, "l": 1000, "t": 2022.305085}
{"r": 0.0, "l": 1000, "t": 2067.464268}
{"r": 0.0, "l": 1000, "t": 2112.576349}
{"r": 0.0, "l": 1000, "t": 2158.222627}
{"r": 0.0, "l": 1000, "t": 2201.569934}
{"r": 0.0, "l": 1000, "t": 2248.82258}
{"r": 0.0, "l": 1000, "t": 2295.730789}
{"r": 0.0, "l": 1000, "t": 2337.920168}
{"r": 0.0, "l": 1000, "t": 2383.372752}
{"r": 0.0, "l": 1000, "t": 2428.89325}
{"r": 0.0, "l": 1000, "t": 2474.148731}
{"r": 0.0, "l": 1000, "t": 2519.486298}
{"r": 0.0, "l": 1000, "t": 2566.45118}
{"r": 0.0, "l": 1000, "t": 2614.055818}
{"r": 0.0, "l": 1000, "t": 2659.558372}
{"r": 0.0, "l": 1000, "t": 2703.045477}
{"r": 0.0, "l": 1000, "t": 2749.596785}
{"r": 0.0, "l": 1000, "t": 2794.23631}
{"r": 0.0, "l": 1000, "t": 2839.514705}
{"r": 0.0, "l": 1000, "t": 2885.363404}
{"r": 0.0, "l": 1000, "t": 2932.86244}
{"r": 0.0, "l": 1000, "t": 2978.838815}
{"r": 0.0, "l": 1000, "t": 3023.187446}
{"r": 0.0, "l": 1000, "t": 3069.726182}
{"r": 0.0, "l": 1000, "t": 3116.688748}
{"r": 0.0, "l": 1000, "t": 3163.664499}
{"r": 0.0, "l": 1000, "t": 3208.406163}
{"r": 0.0, "l": 1000, "t": 3256.985534}
{"r": 0.0, "l": 1000, "t": 3303.565843}
{"r": 0.0, "l": 1000, "t": 3348.127737}
{"r": 0.0, "l": 1000, "t": 3395.075392}
{"r": 0.0, "l": 1000, "t": 3443.426343}
{"r": 0.0, "l": 1000, "t": 3489.572595}
{"r": 0.0, "l": 1000, "t": 3534.737606}
{"r": 0.0, "l": 1000, "t": 3581.994372}
{"r": 0.0, "l": 1000, "t": 3631.548613}
{"r": 0.0, "l": 1000, "t": 3677.632124}
{"r": 0.0, "l": 1000, "t": 3722.7412}
{"r": 0.0, "l": 1000, "t": 3769.91129}
{"r": 0.0, "l": 1000, "t": 3816.0284}
{"r": 0.0, "l": 1000, "t": 3859.268072}
{"r": 0.0, "l": 1000, "t": 3907.509278}
{"r": 0.0, "l": 1000, "t": 3953.355427}
{"r": 0.0, "l": 1000, "t": 3999.37453}
{"r": 0.0, "l": 1000, "t": 4045.255355}
{"r": 0.0, "l": 1000, "t": 4091.410113}
{"r": 0.0, "l": 1000, "t": 4140.715991}
{"r": 0.0, "l": 1000, "t": 4188.250649}
{"r": 0.0, "l": 1000, "t": 4238.533193}
{"r": 0.0, "l": 1000, "t": 4287.882203}
{"r": 0.0, "l": 1000, "t": 4335.138439}
{"r": 0.0, "l": 1000, "t": 4383.19234}
{"r": 0.0, "l": 1000, "t": 4433.932048}
{"r": 0.0, "l": 1000, "t": 4481.089072}
{"r": 0.0, "l": 1000, "t": 4528.888489}
{"r": 0.0, "l": 1000, "t": 4577.779129}
{"r": 0.0, "l": 1000, "t": 4626.811683}
{"r": 0.0, "l": 1000, "t": 4673.6797}
{"r": 0.0, "l": 1000, "t": 4719.173872}
{"r": 0.0, "l": 1000, "t": 4767.769768}
{"r": 0.0, "l": 1000, "t": 4815.99538}
{"r": 0.0, "l": 1000, "t": 4861.116526}
{"r": 0.0, "l": 1000, "t": 4913.960159}
{"r": 0.0, "l": 1000, "t": 4971.280501}
{"r": 0.0, "l": 1000, "t": 5025.638379}
{"r": 0.0, "l": 1000, "t": 5081.888924}
{"r": 0.0, "l": 1000, "t": 5137.86346}
{"r": 0.0, "l": 1000, "t": 5191.203248}
{"r": 0.0, "l": 1000, "t": 5249.570058}
{"r": 0.0, "l": 1000, "t": 5307.91413}
{"r": 0.0, "l": 1000, "t": 5362.625783}
{"r": 0.0, "l": 1000, "t": 5418.738514}
{"r": 0.0, "l": 1000, "t": 5473.278249}
{"r": 0.0, "l": 1000, "t": 5527.090028}
{"r": 0.0, "l": 1000, "t": 5582.303624}
{"r": 0.0, "l": 1000, "t": 5641.758763}
{"r": 0.0, "l": 1000, "t": 5696.715038}
{"r": 0.0, "l": 1000, "t": 5753.325522}
{"r": 0.0, "l": 1000, "t": 5808.496415}
{"r": 0.0, "l": 1000, "t": 5863.966474}
{"r": 0.0, "l": 1000, "t": 5921.932561}
{"r": 0.0, "l": 1000, "t": 5981.894717}
{"r": 0.0, "l": 1000, "t": 6038.620609}
{"r": 0.0, "l": 1000, "t": 6096.278707}
{"r": 0.0, "l": 1000, "t": 6152.048572}
{"r": 0.0, "l": 1000, "t": 6209.138263}
{"r": 0.0, "l": 1000, "t": 6266.398594}
{"r": 0.0, "l": 1000, "t": 6320.472343}
{"r": 0.0, "l": 1000, "t": 6377.095769}
{"r": 0.0, "l": 1000, "t": 6433.440592}
{"r": 0.0, "l": 1000, "t": 6489.823192}
{"r": 0.0, "l": 1000, "t": 6545.38824}
{"r": 0.0, "l": 1000, "t": 6602.568482}
{"r": 0.0, "l": 1000, "t": 6659.386599}
{"r": 0.0, "l": 1000, "t": 6716.589675}
{"r": 0.0, "l": 1000, "t": 6773.419681}
{"r": 0.0, "l": 1000, "t": 6829.718332}
{"r": 0.0, "l": 1000, "t": 6888.896981}
{"r": 0.0, "l": 1000, "t": 6945.748053}
{"r": 0.0, "l": 1000, "t": 7001.371358}
{"r": 0.0, "l": 1000, "t": 7057.75568}
{"r": 0.0, "l": 1000, "t": 7114.531365}
{"r": 0.0, "l": 1000, "t": 7171.471732}
{"r": 0.0, "l": 1000, "t": 7229.26599}
{"r": 0.0, "l": 1000, "t": 7287.3587}
{"r": 0.0, "l": 1000, "t": 7346.892304}
{"r": 0.0, "l": 1000, "t": 7401.492183}
{"r": 0.0, "l": 1000, "t": 7457.775426}
{"r": 0.0, "l": 1000, "t": 7512.900711}
{"r": 0.0, "l": 1000, "t": 7570.753153}
{"r": 0.0, "l": 1000, "t": 7627.384212}
{"r": 0.0, "l": 1000, "t": 7683.708277}
{"r": 0.0, "l": 1000, "t": 7739.078161}
{"r": 0.0, "l": 1000, "t": 7799.367083}
{"r": 0.0, "l": 1000, "t": 7855.880351}
{"r": 0.0, "l": 1000, "t": 7914.108117}
{"r": 0.0, "l": 1000, "t": 7973.027275}
{"r": 0.0, "l": 1000, "t": 8031.43841}
{"r": 0.0, "l": 1000, "t": 8089.037151}
{"r": 0.0, "l": 1000, "t": 8147.628819}
{"r": 0.0, "l": 1000, "t": 8206.18637}
{"r": 0.0, "l": 1000, "t": 8261.595034}
{"r": 0.0, "l": 1000, "t": 8320.339637}
{"r": 0.0, "l": 1000, "t": 8378.817614}
{"r": 0.0, "l": 1000, "t": 8435.061696}
{"r": 0.0, "l": 1000, "t": 8492.890011}
{"r": 0.0, "l": 1000, "t": 8551.056029}
{"r": 0.0, "l": 1000, "t": 8608.494201}
{"r": 0.0, "l": 1000, "t": 8669.034608}
{"r": 0.0,