{"t_start": 1515702979.7149618, "gym_version": "0.9.2", "env_id": "GridWorldNoFrameskip-v4"}
{"r": 0.0, "l": 1000, "t": 28.962152}
{"r": 0.0, "l": 1000, "t": 54.764971}
{"r": 0.0, "l": 1000, "t": 78.855274}
{"r": 0.0, "l": 1000, "t": 103.542527}
{"r": 0.0, "l": 1000, "t": 129.788285}
{"r": 0.0, "l": 1000, "t": 153.492578}
{"r": 0.0, "l": 1000, "t": 179.274386}
{"r": 0.0, "l": 1000, "t": 205.631641}
{"r": 0.0, "l": 1000, "t": 232.944464}
{"r": 0.0, "l": 1000, "t": 259.262731}
{"r": 0.0, "l": 1000, "t": 285.767058}
{"r": 0.0, "l": 1000, "t": 312.545477}
{"r": 0.0, "l": 1000, "t": 339.060371}
{"r": 0.0, "l": 1000, "t": 365.395602}
{"r": 0.0, "l": 1000, "t": 392.715748}
{"r": 0.0, "l": 1000, "t": 418.949507}
{"r": 0.0, "l": 1000, "t": 446.201714}
{"r": 0.0, "l": 1000, "t": 472.204868}
{"r": 0.0, "l": 1000, "t": 498.153107}
{"r": 0.0, "l": 1000, "t": 523.663877}
{"r": 0.0, "l": 1000, "t": 548.48096}
{"r": 0.0, "l": 1000, "t": 574.014919}
{"r": 0.0, "l": 1000, "t": 599.780689}
{"r": 0.0, "l": 1000, "t": 625.251374}
{"r": 0.0, "l": 1000, "t": 650.463575}
{"r": 0.0, "l": 1000, "t": 676.797065}
{"r": 0.0, "l": 1000, "t": 703.081914}
{"r": 0.0, "l": 1000, "t": 729.401354}
{"r": 0.0, "l": 1000, "t": 755.576075}
{"r": 0.0, "l": 1000, "t": 782.005199}
{"r": 0.0, "l": 1000, "t": 807.930301}
{"r": 0.0, "l": 1000, "t": 833.734513}
{"r": 0.0, "l": 1000, "t": 860.697161}
{"r": 0.0, "l": 1000, "t": 887.636332}
{"r": 0.0, "l": 1000, "t": 913.923561}
{"r": 0.0, "l": 1000, "t": 940.234199}
{"r": 0.0, "l": 1000, "t": 967.353}
{"r": 0.0, "l": 1000, "t": 994.302994}
{"r": 0.0, "l": 1000, "t": 1020.587104}
{"r": 0.0, "l": 1000, "t": 1047.044891}
{"r": 0.0, "l": 1000, "t": 1074.343771}
{"r": 0.0, "l": 1000, "t": 1101.432449}
{"r": 0.0, "l": 1000, "t": 1128.325172}
{"r": 0.0, "l": 1000, "t": 1154.698776}
{"r": 0.0, "l": 1000, "t": 1181.543359}
{"r": 0.0, "l": 1000, "t": 1208.750413}
{"r": 0.0, "l": 1000, "t": 1235.431389}
{"r": 0.0, "l": 1000, "t": 1262.195302}
{"r": 0.0, "l": 1000, "t": 1289.206109}
{"r": 0.0, "l": 1000, "t": 1315.889892}
{"r": 0.0, "l": 1000, "t": 1343.008443}
{"r": 0.0, "l": 1000, "t": 1369.733809}
{"r": 0.0, "l": 1000, "t": 1396.853203}
{"r": 0.0, "l": 1000, "t": 1423.745512}
{"r": 0.0, "l": 1000, "t": 1451.021179}
{"r": 0.0, "l": 1000, "t": 1477.837033}
{"r": 0.0, "l": 1000, "t": 1504.63701}
{"r": 0.0, "l": 1000, "t": 1530.566643}
{"r": 0.0, "l": 1000, "t": 1557.494964}
{"r": 0.0, "l": 1000, "t": 1583.846127}
{"r": 0.0, "l": 1000, "t": 1609.994189}
{"r": 0.0, "l": 1000, "t": 1636.752543}
{"r": 0.0, "l": 1000, "t": 1663.241473}
{"r": 0.0, "l": 1000, "t": 1702.204279}
{"r": 0.0, "l": 1000, "t": 1746.677538}
{"r": 0.0, "l": 1000, "t": 1791.334438}
{"r": 0.0, "l": 1000, "t": 1834.866149}
{"r": 0.0, "l": 1000, "t": 1878.50689}
{"r": 0.0, "l": 1000, "t": 1923.842716}
{"r": 0.0, "l": 1000, "t": 1968.474817}
{"r": 0.0, "l": 1000, "t": 2010.883489}
{"r": 0.0, "l": 1000, "t": 2055.906409}
{"r": 0.0, "l": 1000, "t": 2101.949543}
{"r": 0.0, "l": 1000, "t": 2147.287029}
{"r": 0.0, "l": 1000, "t": 2192.158626}
{"r": 0.0, "l": 1000, "t": 2238.563151}
{"r": 0.0, "l": 1000, "t": 2283.818249}
{"r": 0.0, "l": 1000, "t": 2328.306044}
{"r": 0.0, "l": 1000, "t": 2372.147313}
{"r": 0.0, "l": 1000, "t": 2418.287219}
{"r": 0.0, "l": 1000, "t": 2464.851526}
{"r": 0.0, "l": 1000, "t": 2508.183024}
{"r": 0.0, "l": 1000, "t": 2554.670038}
{"r": 0.0, "l": 1000, "t": 2601.334939}
{"r": 0.0, "l": 1000, "t": 2647.644036}
{"r": 0.0, "l": 1000, "t": 2690.585976}
{"r": 0.0, "l": 1000, "t": 2736.257255}
{"r": 0.0, "l": 1000, "t": 2782.607467}
{"r": 0.0, "l": 1000, "t": 2830.158647}
{"r": 0.0, "l": 1000, "t": 2874.013454}
{"r": 0.0, "l": 1000, "t": 2920.165145}
{"r": 0.0, "l": 1000, "t": 2968.576059}
{"r": 0.0, "l": 1000, "t": 3012.08759}
{"r": 0.0, "l": 1000, "t": 3059.4638}
{"r": 0.0, "l": 1000, "t": 3107.244363}
{"r": 0.0, "l": 1000, "t": 3154.776073}
{"r": 0.0, "l": 1000, "t": 3197.08511}
{"r": 0.0, "l": 1000, "t": 3244.074182}
{"r": 0.0, "l": 1000, "t": 3292.970252}
{"r": 0.0, "l": 1000, "t": 3338.307219}
{"r": 0.0, "l": 1000, "t": 3384.321676}
{"r": 0.0, "l": 1000, "t": 3431.525091}
{"r": 0.0, "l": 1000, "t": 3479.865329}
{"r": 0.0, "l": 1000, "t": 3523.781044}
{"r": 0.0, "l": 1000, "t": 3571.197208}
{"r": 0.0, "l": 1000, "t": 3619.473269}
{"r": 0.0, "l": 1000, "t": 3665.77724}
{"r": 0.0, "l": 1000, "t": 3711.397582}
{"r": 0.0, "l": 1000, "t": 3758.747385}
{"r": 0.0, "l": 1000, "t": 3805.249816}
{"r": 0.0, "l": 1000, "t": 3850.04942}
{"r": 0.0, "l": 1000, "t": 3896.337923}
{"r": 0.0, "l": 1000, "t": 3942.351681}
{"r": 0.0, "l": 1000, "t": 3989.038418}
{"r": 0.0, "l": 1000, "t": 4034.543729}
{"r": 0.0, "l": 1000, "t": 4082.110163}
{"r": 0.0, "l": 1000, "t": 4130.108312}
{"r": 0.0, "l": 1000, "t": 4176.901336}
{"r": 0.0, "l": 1000, "t": 4226.105447}
{"r": 0.0, "l": 1000, "t": 4273.287102}
{"r": 0.0, "l": 1000, "t": 4323.593728}
{"r": 0.0, "l": 1000, "t": 4369.427007}
{"r": 0.0, "l": 1000, "t": 4418.997236}
{"r": 0.0, "l": 1000, "t": 4466.597584}
{"r": 0.0, "l": 1000, "t": 4513.420256}
{"r": 0.0, "l": 1000, "t": 4563.01916}
{"r": 0.0, "l": 1000, "t": 4611.600307}
{"r": 0.0, "l": 1000, "t": 4658.288284}
{"r": 0.0, "l": 1000, "t": 4702.956476}
{"r": 0.0, "l": 1000, "t": 4751.772718}
{"r": 0.0, "l": 1000, "t": 4800.26209}
{"r": 0.0, "l": 1000, "t": 4846.80342}
{"r": 0.0, "l": 1000, "t": 4898.231013}
{"r": 0.0, "l": 1000, "t": 4952.332201}
{"r": 0.0, "l": 1000, "t": 5009.117819}
{"r": 0.0, "l": 1000, "t": 5065.59868}
{"r": 0.0, "l": 1000, "t": 5123.509503}
{"r": 0.0, "l": 1000, "t": 5178.428214}
{"r": 0.0, "l": 1000, "t": 5235.695115}
{"r": 0.0, "l": 1000, "t": 5294.265999}
{"r": 0.0, "l": 1000, "t": 5350.883824}
{"r": 0.0, "l": 1000, "t": 5406.951147}
{"r": 0.0, "l": 1000, "t": 5462.994162}
{"r": 0.0, "l": 1000, "t": 5517.747379}
{"r": 0.0, "l": 1000, "t": 5571.603648}
{"r": 0.0, "l": 1000, "t": 5628.915582}
{"r": 0.0, "l": 1000, "t": 5686.194421}
{"r": 0.0, "l": 1000, "t": 5742.320021}
{"r": 0.0, "l": 1000, "t": 5799.757289}
{"r": 0.0, "l": 1000, "t": 5856.392082}
{"r": 0.0, "l": 1000, "t": 5911.971382}
{"r": 0.0, "l": 1000, "t": 5972.026794}
{"r": 0.0, "l": 1000, "t": 6030.296219}
{"r": 0.0, "l": 1000, "t": 6087.081519}
{"r": 0.0, "l": 1000, "t": 6146.2572}
{"r": 0.0, "l": 1000, "t": 6202.560462}
{"r": 0.0, "l": 1000, "t": 6257.60401}
{"r": 0.0, "l": 1000, "t": 6313.334289}
{"r": 0.0, "l": 1000, "t": 6369.864684}
{"r": 0.0, "l": 1000, "t": 6426.922128}
{"r": 0.0, "l": 1000, "t": 6480.068097}
{"r": 0.0, "l": 1000, "t": 6538.276067}
{"r": 0.0, "l": 1000, "t": 6594.106398}
{"r": 0.0, "l": 1000, "t": 6653.518312}
{"r": 0.0, "l": 1000, "t": 6711.183371}
{"r": 0.0, "l": 1000, "t": 6765.784093}
{"r": 0.0, "l": 1000, "t": 6822.474207}
{"r": 0.0, "l": 1000, "t": 6882.24466}
{"r": 0.0, "l": 1000, "t": 6938.004893}
{"r": 0.0, "l": 1000, "t": 6997.248166}
{"r": 0.0, "l": 1000, "t": 7052.923596}
{"r": 0.0, "l": 1000, "t": 7107.965208}
{"r": 0.0, "l": 1000, "t": 7165.44633}
{"r": 0.0, "l": 1000, "t": 7221.127572}
{"r": 0.0, "l": 1000, "t": 7275.33759}
{"r": 0.0, "l": 1000, "t": 7333.009868}
{"r": 0.0, "l": 1000, "t": 7389.647574}
{"r": 0.0, "l": 1000, "t": 7445.373215}
{"r": 0.0, "l": 1000, "t": 7503.377167}
{"r": 0.0, "l": 1000, "t": 7560.122343}
{"r": 0.0, "l": 1000, "t": 7615.601079}
{"r": 0.0, "l": 1000, "t": 7676.113737}
{"r": 0.0, "l": 1000, "t": 7732.963458}
{"r": 0.0, "l": 1000, "t": 7789.755382}
{"r": 0.0, "l": 1000, "t": 7848.284572}
{"r": 0.0, "l": 1000, "t": 7906.9777}
{"r": 0.0, "l": 1000, "t": 7963.870543}
{"r": 0.0, "l": 1000, "t": 8025.278014}
{"r": 0.0, "l": 1000, "t": 8084.080796}
{"r": 0.0, "l": 1000, "t": 8141.707071}
{"r": 0.0, "l": 1000, "t": 8199.832006}
{"r": 0.0, "l": 1000, "t": 8254.44172}
{"r": 0.0, "l": 1000, "t": 8312.305999}
{"r": 0.0, "l": 1000, "t": 8369.799243}
{"r": 0.0, "l": 1000, "t": 8426.215156}
{"r": 0.0, "l": 1000, "t": 8482.913454}
{"r": 0.0, "l": 1000, "t": 8542.212964}
{"r": 0.0, "l": 1000, "t": 8599.654505}
{"r": 0.0, "l": 1000, "t": 8657.323507}
{"r": 0.0,