{"t_start": 1515702979.7170439, "gym_version": "0.9.2", "env_id": "GridWorldNoFrameskip-v4"}
{"r": 0.0, "l": 1000, "t": 29.650665}
{"r": 0.0, "l": 1000, "t": 56.500709}
{"r": 0.0, "l": 1000, "t": 79.239837}
{"r": 0.0, "l": 1000, "t": 104.049685}
{"r": 0.0, "l": 1000, "t": 130.299286}
{"r": 0.0, "l": 1000, "t": 154.661247}
{"r": 0.0, "l": 1000, "t": 181.235467}
{"r": 0.0, "l": 1000, "t": 207.599946}
{"r": 0.0, "l": 1000, "t": 234.743078}
{"r": 0.0, "l": 1000, "t": 260.881928}
{"r": 0.0, "l": 1000, "t": 287.377011}
{"r": 0.0, "l": 1000, "t": 313.778989}
{"r": 0.0, "l": 1000, "t": 340.314534}
{"r": 0.0, "l": 1000, "t": 367.599588}
{"r": 0.0, "l": 1000, "t": 394.018766}
{"r": 0.0, "l": 1000, "t": 420.991208}
{"r": 0.0, "l": 1000, "t": 447.804286}
{"r": 0.0, "l": 1000, "t": 473.572676}
{"r": 0.0, "l": 1000, "t": 499.442337}
{"r": 0.0, "l": 1000, "t": 525.087097}
{"r": 0.0, "l": 1000, "t": 549.953024}
{"r": 0.0, "l": 1000, "t": 575.841299}
{"r": 0.0, "l": 1000, "t": 601.511955}
{"r": 0.0, "l": 1000, "t": 627.273019}
{"r": 0.0, "l": 1000, "t": 653.324956}
{"r": 0.0, "l": 1000, "t": 679.422999}
{"r": 0.0, "l": 1000, "t": 706.243665}
{"r": 0.0, "l": 1000, "t": 732.881682}
{"r": 0.0, "l": 1000, "t": 759.33399}
{"r": 0.0, "l": 1000, "t": 785.082918}
{"r": 0.0, "l": 1000, "t": 811.058369}
{"r": 0.0, "l": 1000, "t": 836.808241}
{"r": 0.0, "l": 1000, "t": 863.195676}
{"r": 0.0, "l": 1000, "t": 889.301932}
{"r": 0.0, "l": 1000, "t": 916.562909}
{"r": 0.0, "l": 1000, "t": 943.101784}
{"r": 0.0, "l": 1000, "t": 969.701406}
{"r": 0.0, "l": 1000, "t": 996.404273}
{"r": 0.0, "l": 1000, "t": 1022.70365}
{"r": 0.0, "l": 1000, "t": 1049.884388}
{"r": 0.0, "l": 1000, "t": 1076.953801}
{"r": 0.0, "l": 1000, "t": 1104.43174}
{"r": 0.0, "l": 1000, "t": 1131.064099}
{"r": 0.0, "l": 1000, "t": 1157.436133}
{"r": 0.0, "l": 1000, "t": 1184.16561}
{"r": 0.0, "l": 1000, "t": 1210.560899}
{"r": 0.0, "l": 1000, "t": 1237.931348}
{"r": 0.0, "l": 1000, "t": 1264.950768}
{"r": 0.0, "l": 1000, "t": 1291.538747}
{"r": 0.0, "l": 1000, "t": 1318.903325}
{"r": 0.0, "l": 1000, "t": 1346.142541}
{"r": 0.0, "l": 1000, "t": 1373.849694}
{"r": 0.0, "l": 1000, "t": 1400.368319}
{"r": 0.0, "l": 1000, "t": 1427.867877}
{"r": 0.0, "l": 1000, "t": 1453.840698}
{"r": 0.0, "l": 1000, "t": 1480.452109}
{"r": 0.0, "l": 1000, "t": 1507.121929}
{"r": 0.0, "l": 1000, "t": 1533.52299}
{"r": 0.0, "l": 1000, "t": 1560.350197}
{"r": 0.0, "l": 1000, "t": 1586.443871}
{"r": 0.0, "l": 1000, "t": 1612.005288}
{"r": 0.0, "l": 1000, "t": 1638.26096}
{"r": 0.0, "l": 1000, "t": 1665.181969}
{"r": 0.0, "l": 1000, "t": 1705.986446}
{"r": 0.0, "l": 1000, "t": 1750.922744}
{"r": 0.0, "l": 1000, "t": 1795.064936}
{"r": 0.0, "l": 1000, "t": 1838.32156}
{"r": 0.0, "l": 1000, "t": 1882.643718}
{"r": 0.0, "l": 1000, "t": 1928.429183}
{"r": 0.0, "l": 1000, "t": 1972.118201}
{"r": 0.0, "l": 1000, "t": 2013.732069}
{"r": 0.0, "l": 1000, "t": 2058.983022}
{"r": 0.0, "l": 1000, "t": 2104.98879}
{"r": 0.0, "l": 1000, "t": 2150.018065}
{"r": 0.0, "l": 1000, "t": 2194.932516}
{"r": 0.0, "l": 1000, "t": 2242.198501}
{"r": 0.0, "l": 1000, "t": 2288.457895}
{"r": 0.0, "l": 1000, "t": 2333.371027}
{"r": 0.0, "l": 1000, "t": 2376.318782}
{"r": 0.0, "l": 1000, "t": 2423.922609}
{"r": 0.0, "l": 1000, "t": 2469.947146}
{"r": 0.0, "l": 1000, "t": 2513.894528}
{"r": 0.0, "l": 1000, "t": 2560.735543}
{"r": 0.0, "l": 1000, "t": 2607.489675}
{"r": 0.0, "l": 1000, "t": 2653.795237}
{"r": 0.0, "l": 1000, "t": 2695.349705}
{"r": 0.0, "l": 1000, "t": 2742.656407}
{"r": 0.0, "l": 1000, "t": 2788.960089}
{"r": 0.0, "l": 1000, "t": 2835.234262}
{"r": 0.0, "l": 1000, "t": 2879.804088}
{"r": 0.0, "l": 1000, "t": 2927.176046}
{"r": 0.0, "l": 1000, "t": 2974.741393}
{"r": 0.0, "l": 1000, "t": 3020.19507}
{"r": 0.0, "l": 1000, "t": 3066.975337}
{"r": 0.0, "l": 1000, "t": 3115.239049}
{"r": 0.0, "l": 1000, "t": 3160.263765}
{"r": 0.0, "l": 1000, "t": 3203.484869}
{"r": 0.0, "l": 1000, "t": 3250.604373}
{"r": 0.0, "l": 1000, "t": 3297.665795}
{"r": 0.0, "l": 1000, "t": 3342.965142}
{"r": 0.0, "l": 1000, "t": 3390.402084}
{"r": 0.0, "l": 1000, "t": 3436.794356}
{"r": 0.0, "l": 1000, "t": 3484.900572}
{"r": 0.0, "l": 1000, "t": 3529.468141}
{"r": 0.0, "l": 1000, "t": 3575.841407}
{"r": 0.0, "l": 1000, "t": 3623.870869}
{"r": 0.0, "l": 1000, "t": 3670.54868}
{"r": 0.0, "l": 1000, "t": 3717.375455}
{"r": 0.0, "l": 1000, "t": 3764.142689}
{"r": 0.0, "l": 1000, "t": 3810.876146}
{"r": 0.0, "l": 1000, "t": 3854.687897}
{"r": 0.0, "l": 1000, "t": 3900.895455}
{"r": 0.0, "l": 1000, "t": 3947.50183}
{"r": 0.0, "l": 1000, "t": 3994.962267}
{"r": 0.0, "l": 1000, "t": 4040.142994}
{"r": 0.0, "l": 1000, "t": 4086.539124}
{"r": 0.0, "l": 1000, "t": 4135.942341}
{"r": 0.0, "l": 1000, "t": 4182.099311}
{"r": 0.0, "l": 1000, "t": 4229.839011}
{"r": 0.0, "l": 1000, "t": 4277.467912}
{"r": 0.0, "l": 1000, "t": 4326.008071}
{"r": 0.0, "l": 1000, "t": 4372.43331}
{"r": 0.0, "l": 1000, "t": 4422.033101}
{"r": 0.0, "l": 1000, "t": 4469.647532}
{"r": 0.0, "l": 1000, "t": 4517.148345}
{"r": 0.0, "l": 1000, "t": 4565.219992}
{"r": 0.0, "l": 1000, "t": 4613.109753}
{"r": 0.0, "l": 1000, "t": 4661.311418}
{"r": 0.0, "l": 1000, "t": 4705.9465}
{"r": 0.0, "l": 1000, "t": 4754.522585}
{"r": 0.0, "l": 1000, "t": 4803.281077}
{"r": 0.0, "l": 1000, "t": 4849.864604}
{"r": 0.0, "l": 1000, "t": 4901.009508}
{"r": 0.0, "l": 1000, "t": 4957.746659}
{"r": 0.0, "l": 1000, "t": 5014.310729}
{"r": 0.0, "l": 1000, "t": 5070.441406}
{"r": 0.0, "l": 1000, "t": 5128.818071}
{"r": 0.0, "l": 1000, "t": 5183.685547}
{"r": 0.0, "l": 1000, "t": 5240.844004}
{"r": 0.0, "l": 1000, "t": 5299.069365}
{"r": 0.0, "l": 1000, "t": 5354.31299}
{"r": 0.0, "l": 1000, "t": 5410.258489}
{"r": 0.0, "l": 1000, "t": 5466.171183}
{"r": 0.0, "l": 1000, "t": 5519.908063}
{"r": 0.0, "l": 1000, "t": 5575.258748}
{"r": 0.0, "l": 1000, "t": 5633.608985}
{"r": 0.0, "l": 1000, "t": 5690.720498}
{"r": 0.0, "l": 1000, "t": 5748.355652}
{"r": 0.0, "l": 1000, "t": 5804.151513}
{"r": 0.0, "l": 1000, "t": 5861.196788}
{"r": 0.0, "l": 1000, "t": 5918.702594}
{"r": 0.0, "l": 1000, "t": 5977.631434}
{"r": 0.0, "l": 1000, "t": 6035.839035}
{"r": 0.0, "l": 1000, "t": 6092.491655}
{"r": 0.0, "l": 1000, "t": 6150.448222}
{"r": 0.0, "l": 1000, "t": 6207.5872}
{"r": 0.0, "l": 1000, "t": 6262.970363}
{"r": 0.0, "l": 1000, "t": 6318.658485}
{"r": 0.0, "l": 1000, "t": 6374.699364}
{"r": 0.0, "l": 1000, "t": 6430.877007}
{"r": 0.0, "l": 1000, "t": 6486.273877}
{"r": 0.0, "l": 1000, "t": 6544.171363}
{"r": 0.0, "l": 1000, "t": 6600.909593}
{"r": 0.0, "l": 1000, "t": 6657.652193}
{"r": 0.0, "l": 1000, "t": 6715.690808}
{"r": 0.0, "l": 1000, "t": 6771.547171}
{"r": 0.0, "l": 1000, "t": 6828.192974}
{"r": 0.0, "l": 1000, "t": 6886.79848}
{"r": 0.0, "l": 1000, "t": 6943.163453}
{"r": 0.0, "l": 1000, "t": 7001.42508}
{"r": 0.0, "l": 1000, "t": 7057.668558}
{"r": 0.0, "l": 1000, "t": 7112.532804}
{"r": 0.0, "l": 1000, "t": 7171.414993}
{"r": 0.0, "l": 1000, "t": 7227.355305}
{"r": 0.0, "l": 1000, "t": 7283.552923}
{"r": 0.0, "l": 1000, "t": 7341.565322}
{"r": 0.0, "l": 1000, "t": 7398.332054}
{"r": 0.0, "l": 1000, "t": 7455.620275}
{"r": 0.0, "l": 1000, "t": 7512.860904}
{"r": 0.0, "l": 1000, "t": 7570.629}
{"r": 0.0, "l": 1000, "t": 7627.418289}
{"r": 0.0, "l": 1000, "t": 7686.030265}
{"r": 0.0, "l": 1000, "t": 7740.976976}
{"r": 0.0, "l": 1000, "t": 7801.137033}
{"r": 0.0, "l": 1000, "t": 7860.805778}
{"r": 0.0, "l": 1000, "t": 7919.12026}
{"r": 0.0, "l": 1000, "t": 7979.659797}
{"r": 0.0, "l": 1000, "t": 8037.672977}
{"r": 0.0, "l": 1000, "t": 8095.997526}
{"r": 0.0, "l": 1000, "t": 8154.268293}
{"r": 0.0, "l": 1000, "t": 8212.07656}
{"r": 0.0, "l": 1000, "t": 8267.56978}
{"r": 0.0, "l": 1000, "t": 8324.529834}
{"r": 0.0, "l": 1000, "t": 8381.19225}
{"r": 0.0, "l": 1000, "t": 8437.288722}
{"r": 0.0, "l": 1000, "t": 8496.295911}
{"r": 0.0, "l": 1000, "t": 8556.427458}
{"r": 0.0, "l": 1000, "t": 8616.316644}
{"r": 0.0, "l": 1000, "t": 8674.991008}
{"r": 0.0,