{"t_start": 1515702979.7233672, "gym_version": "0.9.2", "env_id": "GridWorldNoFrameskip-v4"}
{"r": 0.0, "l": 1000, "t": 29.696476}
{"r": 0.0, "l": 1000, "t": 55.595257}
{"r": 0.0, "l": 1000, "t": 80.091924}
{"r": 0.0, "l": 1000, "t": 104.936651}
{"r": 0.0, "l": 1000, "t": 131.068016}
{"r": 0.0, "l": 1000, "t": 155.955085}
{"r": 0.0, "l": 1000, "t": 181.995207}
{"r": 0.0, "l": 1000, "t": 208.953263}
{"r": 0.0, "l": 1000, "t": 235.608026}
{"r": 0.0, "l": 1000, "t": 262.382494}
{"r": 0.0, "l": 1000, "t": 289.192668}
{"r": 0.0, "l": 1000, "t": 315.737782}
{"r": 0.0, "l": 1000, "t": 342.097316}
{"r": 0.0, "l": 1000, "t": 369.524988}
{"r": 0.0, "l": 1000, "t": 395.573354}
{"r": 0.0, "l": 1000, "t": 422.120964}
{"r": 0.0, "l": 1000, "t": 449.268904}
{"r": 0.0, "l": 1000, "t": 474.806788}
{"r": 0.0, "l": 1000, "t": 500.195836}
{"r": 0.0, "l": 1000, "t": 526.107733}
{"r": 0.0, "l": 1000, "t": 552.345207}
{"r": 0.0, "l": 1000, "t": 578.507107}
{"r": 0.0, "l": 1000, "t": 603.795804}
{"r": 0.0, "l": 1000, "t": 629.428916}
{"r": 0.0, "l": 1000, "t": 655.447498}
{"r": 0.0, "l": 1000, "t": 682.115862}
{"r": 0.0, "l": 1000, "t": 708.134661}
{"r": 0.0, "l": 1000, "t": 734.584332}
{"r": 0.0, "l": 1000, "t": 761.124849}
{"r": 0.0, "l": 1000, "t": 787.702601}
{"r": 0.0, "l": 1000, "t": 813.58086}
{"r": 0.0, "l": 1000, "t": 839.385262}
{"r": 0.0, "l": 1000, "t": 866.574411}
{"r": 0.0, "l": 1000, "t": 893.140196}
{"r": 0.0, "l": 1000, "t": 919.484329}
{"r": 0.0, "l": 1000, "t": 946.567283}
{"r": 0.0, "l": 1000, "t": 973.588881}
{"r": 0.0, "l": 1000, "t": 1000.239949}
{"r": 0.0, "l": 1000, "t": 1026.665205}
{"r": 0.0, "l": 1000, "t": 1053.466024}
{"r": 0.0, "l": 1000, "t": 1080.508884}
{"r": 0.0, "l": 1000, "t": 1108.052161}
{"r": 0.0, "l": 1000, "t": 1134.596987}
{"r": 0.0, "l": 1000, "t": 1161.364115}
{"r": 0.0, "l": 1000, "t": 1188.304434}
{"r": 0.0, "l": 1000, "t": 1214.661478}
{"r": 0.0, "l": 1000, "t": 1241.06864}
{"r": 0.0, "l": 1000, "t": 1268.67563}
{"r": 0.0, "l": 1000, "t": 1295.932929}
{"r": 0.0, "l": 1000, "t": 1322.453022}
{"r": 0.0, "l": 1000, "t": 1349.757618}
{"r": 0.0, "l": 1000, "t": 1377.19277}
{"r": 0.0, "l": 1000, "t": 1404.2825}
{"r": 0.0, "l": 1000, "t": 1431.392904}
{"r": 0.0, "l": 1000, "t": 1458.11893}
{"r": 0.0, "l": 1000, "t": 1485.345282}
{"r": 0.0, "l": 1000, "t": 1511.799424}
{"r": 0.0, "l": 1000, "t": 1538.012874}
{"r": 0.0, "l": 1000, "t": 1564.714686}
{"r": 0.0, "l": 1000, "t": 1591.445089}
{"r": 0.0, "l": 1000, "t": 1616.955735}
{"r": 0.0, "l": 1000, "t": 1644.005868}
{"r": 0.0, "l": 1000, "t": 1670.621939}
{"r": 0.0, "l": 1000, "t": 1714.218695}
{"r": 0.0, "l": 1000, "t": 1759.68874}
{"r": 0.0, "l": 1000, "t": 1803.313649}
{"r": 0.0, "l": 1000, "t": 1845.501791}
{"r": 0.0, "l": 1000, "t": 1891.248717}
{"r": 0.0, "l": 1000, "t": 1937.735511}
{"r": 0.0, "l": 1000, "t": 1981.64265}
{"r": 0.0, "l": 1000, "t": 2024.584522}
{"r": 0.0, "l": 1000, "t": 2071.730243}
{"r": 0.0, "l": 1000, "t": 2116.611416}
{"r": 0.0, "l": 1000, "t": 2162.433007}
{"r": 0.0, "l": 1000, "t": 2207.732368}
{"r": 0.0, "l": 1000, "t": 2252.555608}
{"r": 0.0, "l": 1000, "t": 2298.92636}
{"r": 0.0, "l": 1000, "t": 2341.319131}
{"r": 0.0, "l": 1000, "t": 2386.539462}
{"r": 0.0, "l": 1000, "t": 2434.206348}
{"r": 0.0, "l": 1000, "t": 2479.778873}
{"r": 0.0, "l": 1000, "t": 2523.509884}
{"r": 0.0, "l": 1000, "t": 2569.91685}
{"r": 0.0, "l": 1000, "t": 2616.703799}
{"r": 0.0, "l": 1000, "t": 2661.828965}
{"r": 0.0, "l": 1000, "t": 2704.788746}
{"r": 0.0, "l": 1000, "t": 2750.59212}
{"r": 0.0, "l": 1000, "t": 2795.628085}
{"r": 0.0, "l": 1000, "t": 2839.594764}
{"r": 0.0, "l": 1000, "t": 2885.392892}
{"r": 0.0, "l": 1000, "t": 2932.880252}
{"r": 0.0, "l": 1000, "t": 2978.870181}
{"r": 0.0, "l": 1000, "t": 3023.253357}
{"r": 0.0, "l": 1000, "t": 3069.881739}
{"r": 0.0, "l": 1000, "t": 3116.626286}
{"r": 0.0, "l": 1000, "t": 3161.863557}
{"r": 0.0, "l": 1000, "t": 3206.255345}
{"r": 0.0, "l": 1000, "t": 3252.709159}
{"r": 0.0, "l": 1000, "t": 3300.453481}
{"r": 0.0, "l": 1000, "t": 3345.895909}
{"r": 0.0, "l": 1000, "t": 3392.144454}
{"r": 0.0, "l": 1000, "t": 3439.263059}
{"r": 0.0, "l": 1000, "t": 3486.428828}
{"r": 0.0, "l": 1000, "t": 3532.055077}
{"r": 0.0, "l": 1000, "t": 3580.15692}
{"r": 0.0, "l": 1000, "t": 3628.578067}
{"r": 0.0, "l": 1000, "t": 3675.924111}
{"r": 0.0, "l": 1000, "t": 3721.754502}
{"r": 0.0, "l": 1000, "t": 3768.420608}
{"r": 0.0, "l": 1000, "t": 3816.057966}
{"r": 0.0, "l": 1000, "t": 3859.291112}
{"r": 0.0, "l": 1000, "t": 3906.138866}
{"r": 0.0, "l": 1000, "t": 3953.388227}
{"r": 0.0, "l": 1000, "t": 4000.084694}
{"r": 0.0, "l": 1000, "t": 4046.683339}
{"r": 0.0, "l": 1000, "t": 4094.188785}
{"r": 0.0, "l": 1000, "t": 4143.554036}
{"r": 0.0, "l": 1000, "t": 4189.473426}
{"r": 0.0, "l": 1000, "t": 4238.573979}
{"r": 0.0, "l": 1000, "t": 4286.299389}
{"r": 0.0, "l": 1000, "t": 4333.961504}
{"r": 0.0, "l": 1000, "t": 4380.283789}
{"r": 0.0, "l": 1000, "t": 4431.229271}
{"r": 0.0, "l": 1000, "t": 4479.235463}
{"r": 0.0, "l": 1000, "t": 4527.373581}
{"r": 0.0, "l": 1000, "t": 4575.920837}
{"r": 0.0, "l": 1000, "t": 4623.453373}
{"r": 0.0, "l": 1000, "t": 4669.268795}
{"r": 0.0, "l": 1000, "t": 4715.652601}
{"r": 0.0, "l": 1000, "t": 4765.402224}
{"r": 0.0, "l": 1000, "t": 4812.497427}
{"r": 0.0, "l": 1000, "t": 4859.858944}
{"r": 0.0, "l": 1000, "t": 4910.862145}
{"r": 0.0, "l": 1000, "t": 4967.192791}
{"r": 0.0, "l": 1000, "t": 5024.100014}
{"r": 0.0, "l": 1000, "t": 5081.841956}
{"r": 0.0, "l": 1000, "t": 5139.982844}
{"r": 0.0, "l": 1000, "t": 5194.87742}
{"r": 0.0, "l": 1000, "t": 5253.197919}
{"r": 0.0, "l": 1000, "t": 5310.67647}
{"r": 0.0, "l": 1000, "t": 5366.328947}
{"r": 0.0, "l": 1000, "t": 5421.493888}
{"r": 0.0, "l": 1000, "t": 5476.445234}
{"r": 0.0, "l": 1000, "t": 5530.526439}
{"r": 0.0, "l": 1000, "t": 5585.8777}
{"r": 0.0, "l": 1000, "t": 5643.578747}
{"r": 0.0, "l": 1000, "t": 5699.934497}
{"r": 0.0, "l": 1000, "t": 5755.599335}
{"r": 0.0, "l": 1000, "t": 5812.945771}
{"r": 0.0, "l": 1000, "t": 5867.414364}
{"r": 0.0, "l": 1000, "t": 5927.389011}
{"r": 0.0, "l": 1000, "t": 5985.924061}
{"r": 0.0, "l": 1000, "t": 6043.432083}
{"r": 0.0, "l": 1000, "t": 6100.004353}
{"r": 0.0, "l": 1000, "t": 6158.784691}
{"r": 0.0, "l": 1000, "t": 6213.876864}
{"r": 0.0, "l": 1000, "t": 6269.108853}
{"r": 0.0, "l": 1000, "t": 6326.784836}
{"r": 0.0, "l": 1000, "t": 6381.377093}
{"r": 0.0, "l": 1000, "t": 6437.348018}
{"r": 0.0, "l": 1000, "t": 6493.412429}
{"r": 0.0, "l": 1000, "t": 6549.439948}
{"r": 0.0, "l": 1000, "t": 6607.402721}
{"r": 0.0, "l": 1000, "t": 6664.72299}
{"r": 0.0, "l": 1000, "t": 6721.550947}
{"r": 0.0, "l": 1000, "t": 6777.190764}
{"r": 0.0, "l": 1000, "t": 6833.419145}
{"r": 0.0, "l": 1000, "t": 6890.773639}
{"r": 0.0, "l": 1000, "t": 6947.496969}
{"r": 0.0, "l": 1000, "t": 7005.611866}
{"r": 0.0, "l": 1000, "t": 7059.515622}
{"r": 0.0, "l": 1000, "t": 7114.518874}
{"r": 0.0, "l": 1000, "t": 7171.328971}
{"r": 0.0, "l": 1000, "t": 7229.179219}
{"r": 0.0, "l": 1000, "t": 7285.137645}
{"r": 0.0, "l": 1000, "t": 7343.206681}
{"r": 0.0, "l": 1000, "t": 7398.399754}
{"r": 0.0, "l": 1000, "t": 7453.372526}
{"r": 0.0, "l": 1000, "t": 7511.047261}
{"r": 0.0, "l": 1000, "t": 7568.802997}
{"r": 0.0, "l": 1000, "t": 7623.969839}
{"r": 0.0, "l": 1000, "t": 7683.547709}
{"r": 0.0, "l": 1000, "t": 7740.692711}
{"r": 0.0, "l": 1000, "t": 7797.649923}
{"r": 0.0, "l": 1000, "t": 7857.656897}
{"r": 0.0, "l": 1000, "t": 7915.522204}
{"r": 0.0, "l": 1000, "t": 7976.01575}
{"r": 0.0, "l": 1000, "t": 8033.907339}
{"r": 0.0, "l": 1000, "t": 8092.348042}
{"r": 0.0, "l": 1000, "t": 8151.779846}
{"r": 0.0, "l": 1000, "t": 8209.822429}
{"r": 0.0, "l": 1000, "t": 8267.528057}
{"r": 0.0, "l": 1000, "t": 8326.700714}
{"r": 0.0, "l": 1000, "t": 8385.344095}
{"r": 0.0, "l": 1000, "t": 8440.263389}
{"r": 0.0, "l": 1000, "t": 8496.296852}
{"r": 0.0, "l": 1000, "t": 8553.969118}
{"r": 0.0, "l": 1000, "t": 8613.969322}
{"r": 0.0, "l": 1000,