{"t_start": 1515702979.725173, "gym_version": "0.9.2", "env_id": "GridWorldNoFrameskip-v4"}
{"r": 0.0, "l": 1000, "t": 29.599977}
{"r": 0.0, "l": 1000, "t": 55.571957}
{"r": 0.0, "l": 1000, "t": 80.160798}
{"r": 0.0, "l": 1000, "t": 104.92362}
{"r": 0.0, "l": 1000, "t": 131.208984}
{"r": 0.0, "l": 1000, "t": 156.010404}
{"r": 0.0, "l": 1000, "t": 182.785867}
{"r": 0.0, "l": 1000, "t": 209.694578}
{"r": 0.0, "l": 1000, "t": 236.233621}
{"r": 0.0, "l": 1000, "t": 262.753945}
{"r": 0.0, "l": 1000, "t": 289.164734}
{"r": 0.0, "l": 1000, "t": 315.735965}
{"r": 0.0, "l": 1000, "t": 342.982174}
{"r": 0.0, "l": 1000, "t": 369.552233}
{"r": 0.0, "l": 1000, "t": 396.103523}
{"r": 0.0, "l": 1000, "t": 422.150462}
{"r": 0.0, "l": 1000, "t": 448.580929}
{"r": 0.0, "l": 1000, "t": 474.527121}
{"r": 0.0, "l": 1000, "t": 500.837227}
{"r": 0.0, "l": 1000, "t": 526.112819}
{"r": 0.0, "l": 1000, "t": 551.649907}
{"r": 0.0, "l": 1000, "t": 576.613528}
{"r": 0.0, "l": 1000, "t": 601.542717}
{"r": 0.0, "l": 1000, "t": 627.993129}
{"r": 0.0, "l": 1000, "t": 654.174161}
{"r": 0.0, "l": 1000, "t": 680.030843}
{"r": 0.0, "l": 1000, "t": 706.353402}
{"r": 0.0, "l": 1000, "t": 732.880037}
{"r": 0.0, "l": 1000, "t": 759.504375}
{"r": 0.0, "l": 1000, "t": 785.562795}
{"r": 0.0, "l": 1000, "t": 812.2641}
{"r": 0.0, "l": 1000, "t": 838.279814}
{"r": 0.0, "l": 1000, "t": 865.150632}
{"r": 0.0, "l": 1000, "t": 891.630223}
{"r": 0.0, "l": 1000, "t": 918.684394}
{"r": 0.0, "l": 1000, "t": 945.872404}
{"r": 0.0, "l": 1000, "t": 972.117151}
{"r": 0.0, "l": 1000, "t": 999.424093}
{"r": 0.0, "l": 1000, "t": 1025.617769}
{"r": 0.0, "l": 1000, "t": 1052.233456}
{"r": 0.0, "l": 1000, "t": 1079.321021}
{"r": 0.0, "l": 1000, "t": 1106.265082}
{"r": 0.0, "l": 1000, "t": 1132.640544}
{"r": 0.0, "l": 1000, "t": 1159.915825}
{"r": 0.0, "l": 1000, "t": 1186.627134}
{"r": 0.0, "l": 1000, "t": 1213.106033}
{"r": 0.0, "l": 1000, "t": 1239.861706}
{"r": 0.0, "l": 1000, "t": 1267.416851}
{"r": 0.0, "l": 1000, "t": 1293.920366}
{"r": 0.0, "l": 1000, "t": 1321.242139}
{"r": 0.0, "l": 1000, "t": 1348.37513}
{"r": 0.0, "l": 1000, "t": 1375.467113}
{"r": 0.0, "l": 1000, "t": 1402.435003}
{"r": 0.0, "l": 1000, "t": 1428.787249}
{"r": 0.0, "l": 1000, "t": 1456.079237}
{"r": 0.0, "l": 1000, "t": 1482.58876}
{"r": 0.0, "l": 1000, "t": 1508.230524}
{"r": 0.0, "l": 1000, "t": 1534.357243}
{"r": 0.0, "l": 1000, "t": 1561.945806}
{"r": 0.0, "l": 1000, "t": 1587.815653}
{"r": 0.0, "l": 1000, "t": 1614.09209}
{"r": 0.0, "l": 1000, "t": 1640.673215}
{"r": 0.0, "l": 1000, "t": 1667.613558}
{"r": 0.0, "l": 1000, "t": 1710.839895}
{"r": 0.0, "l": 1000, "t": 1754.937442}
{"r": 0.0, "l": 1000, "t": 1799.639372}
{"r": 0.0, "l": 1000, "t": 1842.94505}
{"r": 0.0, "l": 1000, "t": 1886.946501}
{"r": 0.0, "l": 1000, "t": 1933.281155}
{"r": 0.0, "l": 1000, "t": 1976.424346}
{"r": 0.0, "l": 1000, "t": 2019.890372}
{"r": 0.0, "l": 1000, "t": 2064.820958}
{"r": 0.0, "l": 1000, "t": 2111.075247}
{"r": 0.0, "l": 1000, "t": 2158.257653}
{"r": 0.0, "l": 1000, "t": 2201.490801}
{"r": 0.0, "l": 1000, "t": 2247.921108}
{"r": 0.0, "l": 1000, "t": 2294.006118}
{"r": 0.0, "l": 1000, "t": 2339.151065}
{"r": 0.0, "l": 1000, "t": 2383.394359}
{"r": 0.0, "l": 1000, "t": 2428.957401}
{"r": 0.0, "l": 1000, "t": 2474.126343}
{"r": 0.0, "l": 1000, "t": 2519.273308}
{"r": 0.0, "l": 1000, "t": 2565.397385}
{"r": 0.0, "l": 1000, "t": 2612.609306}
{"r": 0.0, "l": 1000, "t": 2658.076914}
{"r": 0.0, "l": 1000, "t": 2700.649843}
{"r": 0.0, "l": 1000, "t": 2746.724444}
{"r": 0.0, "l": 1000, "t": 2791.670786}
{"r": 0.0, "l": 1000, "t": 2837.893599}
{"r": 0.0, "l": 1000, "t": 2881.69546}
{"r": 0.0, "l": 1000, "t": 2927.281461}
{"r": 0.0, "l": 1000, "t": 2974.733198}
{"r": 0.0, "l": 1000, "t": 3017.470583}
{"r": 0.0, "l": 1000, "t": 3065.552668}
{"r": 0.0, "l": 1000, "t": 3113.469062}
{"r": 0.0, "l": 1000, "t": 3160.161895}
{"r": 0.0, "l": 1000, "t": 3203.304973}
{"r": 0.0, "l": 1000, "t": 3250.546196}
{"r": 0.0, "l": 1000, "t": 3299.591932}
{"r": 0.0, "l": 1000, "t": 3342.953665}
{"r": 0.0, "l": 1000, "t": 3390.33417}
{"r": 0.0, "l": 1000, "t": 3437.394485}
{"r": 0.0, "l": 1000, "t": 3486.238184}
{"r": 0.0, "l": 1000, "t": 3530.533428}
{"r": 0.0, "l": 1000, "t": 3577.437069}
{"r": 0.0, "l": 1000, "t": 3627.852657}
{"r": 0.0, "l": 1000, "t": 3672.954318}
{"r": 0.0, "l": 1000, "t": 3718.968017}
{"r": 0.0, "l": 1000, "t": 3765.757489}
{"r": 0.0, "l": 1000, "t": 3811.980197}
{"r": 0.0, "l": 1000, "t": 3854.577154}
{"r": 0.0, "l": 1000, "t": 3900.821999}
{"r": 0.0, "l": 1000, "t": 3947.498054}
{"r": 0.0, "l": 1000, "t": 3994.818521}
{"r": 0.0, "l": 1000, "t": 4040.026053}
{"r": 0.0, "l": 1000, "t": 4086.49795}
{"r": 0.0, "l": 1000, "t": 4135.96711}
{"r": 0.0, "l": 1000, "t": 4183.180376}
{"r": 0.0, "l": 1000, "t": 4232.226402}
{"r": 0.0, "l": 1000, "t": 4280.087123}
{"r": 0.0, "l": 1000, "t": 4328.917412}
{"r": 0.0, "l": 1000, "t": 4375.250525}
{"r": 0.0, "l": 1000, "t": 4424.87453}
{"r": 0.0, "l": 1000, "t": 4473.203215}
{"r": 0.0, "l": 1000, "t": 4519.634179}
{"r": 0.0, "l": 1000, "t": 4567.517658}
{"r": 0.0, "l": 1000, "t": 4616.968677}
{"r": 0.0, "l": 1000, "t": 4665.163059}
{"r": 0.0, "l": 1000, "t": 4710.447617}
{"r": 0.0, "l": 1000, "t": 4759.806811}
{"r": 0.0, "l": 1000, "t": 4807.573254}
{"r": 0.0, "l": 1000, "t": 4855.854232}
{"r": 0.0, "l": 1000, "t": 4908.033566}
{"r": 0.0, "l": 1000, "t": 4964.76711}
{"r": 0.0, "l": 1000, "t": 5020.420573}
{"r": 0.0, "l": 1000, "t": 5077.322581}
{"r": 0.0, "l": 1000, "t": 5135.46615}
{"r": 0.0, "l": 1000, "t": 5191.040962}
{"r": 0.0, "l": 1000, "t": 5247.53718}
{"r": 0.0, "l": 1000, "t": 5306.243759}
{"r": 0.0, "l": 1000, "t": 5362.509619}
{"r": 0.0, "l": 1000, "t": 5416.643582}
{"r": 0.0, "l": 1000, "t": 5473.309042}
{"r": 0.0, "l": 1000, "t": 5528.951279}
{"r": 0.0, "l": 1000, "t": 5582.217918}
{"r": 0.0, "l": 1000, "t": 5639.871022}
{"r": 0.0, "l": 1000, "t": 5694.927973}
{"r": 0.0, "l": 1000, "t": 5753.347167}
{"r": 0.0, "l": 1000, "t": 5811.109583}
{"r": 0.0, "l": 1000, "t": 5867.417354}
{"r": 0.0, "l": 1000, "t": 5925.643693}
{"r": 0.0, "l": 1000, "t": 5983.873781}
{"r": 0.0, "l": 1000, "t": 6038.700705}
{"r": 0.0, "l": 1000, "t": 6096.358457}
{"r": 0.0, "l": 1000, "t": 6155.828708}
{"r": 0.0, "l": 1000, "t": 6211.313324}
{"r": 0.0, "l": 1000, "t": 6268.990928}
{"r": 0.0, "l": 1000, "t": 6324.991524}
{"r": 0.0, "l": 1000, "t": 6379.807726}
{"r": 0.0, "l": 1000, "t": 6435.727022}
{"r": 0.0, "l": 1000, "t": 6491.453805}
{"r": 0.0, "l": 1000, "t": 6547.506984}
{"r": 0.0, "l": 1000, "t": 6604.3188}
{"r": 0.0, "l": 1000, "t": 6661.25682}
{"r": 0.0, "l": 1000, "t": 6716.652726}
{"r": 0.0, "l": 1000, "t": 6771.701028}
{"r": 0.0, "l": 1000, "t": 6829.670455}
{"r": 0.0, "l": 1000, "t": 6886.796933}
{"r": 0.0, "l": 1000, "t": 6943.361629}
{"r": 0.0, "l": 1000, "t": 7001.564327}
{"r": 0.0, "l": 1000, "t": 7059.490072}
{"r": 0.0, "l": 1000, "t": 7114.537407}
{"r": 0.0, "l": 1000, "t": 7171.407157}
{"r": 0.0, "l": 1000, "t": 7227.400312}
{"r": 0.0, "l": 1000, "t": 7285.145986}
{"r": 0.0, "l": 1000, "t": 7343.20981}
{"r": 0.0, "l": 1000, "t": 7398.465795}
{"r": 0.0, "l": 1000, "t": 7455.68715}
{"r": 0.0, "l": 1000, "t": 7512.85874}
{"r": 0.0, "l": 1000, "t": 7568.902607}
{"r": 0.0, "l": 1000, "t": 7627.581337}
{"r": 0.0, "l": 1000, "t": 7687.982794}
{"r": 0.0, "l": 1000, "t": 7742.946812}
{"r": 0.0, "l": 1000, "t": 7803.621074}
{"r": 0.0, "l": 1000, "t": 7860.951873}
{"r": 0.0, "l": 1000, "t": 7921.077925}
{"r": 0.0, "l": 1000, "t": 7979.560501}
{"r": 0.0, "l": 1000, "t": 8037.749885}
{"r": 0.0, "l": 1000, "t": 8096.140701}
{"r": 0.0, "l": 1000, "t": 8154.26027}
{"r": 0.0, "l": 1000, "t": 8212.068622}
{"r": 0.0, "l": 1000, "t": 8267.607829}
{"r": 0.0, "l": 1000, "t": 8326.818061}
{"r": 0.0, "l": 1000, "t": 8384.174967}
{"r": 0.0, "l": 1000, "t": 8440.235508}
{"r": 0.0, "l": 1000, "t": 8496.382053}
{"r": 0.0, "l": 1000, "t": 8556.485305}
{"r": 0.0, "l": 1000, "t": 8616.315971}
{"r": 0.0, "l": 1000, "t": 8675.013857}
{"r": 0.0,