{"t_start": 1515702979.7286785, "gym_version": "0.9.2", "env_id": "GridWorldNoFrameskip-v4"}
{"r": 0.0, "l": 1000, "t": 29.639363}
{"r": 0.0, "l": 1000, "t": 55.590027}
{"r": 0.0, "l": 1000, "t": 80.087047}
{"r": 0.0, "l": 1000, "t": 104.889421}
{"r": 0.0, "l": 1000, "t": 131.20566}
{"r": 0.0, "l": 1000, "t": 156.030262}
{"r": 0.0, "l": 1000, "t": 182.775584}
{"r": 0.0, "l": 1000, "t": 208.951424}
{"r": 0.0, "l": 1000, "t": 235.54459}
{"r": 0.0, "l": 1000, "t": 261.818624}
{"r": 0.0, "l": 1000, "t": 288.700872}
{"r": 0.0, "l": 1000, "t": 315.209881}
{"r": 0.0, "l": 1000, "t": 342.021324}
{"r": 0.0, "l": 1000, "t": 368.749728}
{"r": 0.0, "l": 1000, "t": 396.09977}
{"r": 0.0, "l": 1000, "t": 422.751484}
{"r": 0.0, "l": 1000, "t": 449.347198}
{"r": 0.0, "l": 1000, "t": 474.836798}
{"r": 0.0, "l": 1000, "t": 500.866791}
{"r": 0.0, "l": 1000, "t": 526.920535}
{"r": 0.0, "l": 1000, "t": 552.339912}
{"r": 0.0, "l": 1000, "t": 578.531006}
{"r": 0.0, "l": 1000, "t": 603.848821}
{"r": 0.0, "l": 1000, "t": 630.005402}
{"r": 0.0, "l": 1000, "t": 655.492665}
{"r": 0.0, "l": 1000, "t": 682.088377}
{"r": 0.0, "l": 1000, "t": 708.106407}
{"r": 0.0, "l": 1000, "t": 734.550894}
{"r": 0.0, "l": 1000, "t": 760.559713}
{"r": 0.0, "l": 1000, "t": 786.938617}
{"r": 0.0, "l": 1000, "t": 812.78006}
{"r": 0.0, "l": 1000, "t": 838.275839}
{"r": 0.0, "l": 1000, "t": 864.390646}
{"r": 0.0, "l": 1000, "t": 891.650843}
{"r": 0.0, "l": 1000, "t": 918.784073}
{"r": 0.0, "l": 1000, "t": 945.971412}
{"r": 0.0, "l": 1000, "t": 972.858947}
{"r": 0.0, "l": 1000, "t": 1000.178551}
{"r": 0.0, "l": 1000, "t": 1026.659971}
{"r": 0.0, "l": 1000, "t": 1052.740749}
{"r": 0.0, "l": 1000, "t": 1079.93143}
{"r": 0.0, "l": 1000, "t": 1106.990037}
{"r": 0.0, "l": 1000, "t": 1134.03747}
{"r": 0.0, "l": 1000, "t": 1160.709541}
{"r": 0.0, "l": 1000, "t": 1187.452946}
{"r": 0.0, "l": 1000, "t": 1213.749422}
{"r": 0.0, "l": 1000, "t": 1240.847222}
{"r": 0.0, "l": 1000, "t": 1267.852707}
{"r": 0.0, "l": 1000, "t": 1294.60373}
{"r": 0.0, "l": 1000, "t": 1321.729371}
{"r": 0.0, "l": 1000, "t": 1348.934282}
{"r": 0.0, "l": 1000, "t": 1376.164475}
{"r": 0.0, "l": 1000, "t": 1402.5301}
{"r": 0.0, "l": 1000, "t": 1430.25985}
{"r": 0.0, "l": 1000, "t": 1456.968708}
{"r": 0.0, "l": 1000, "t": 1483.783891}
{"r": 0.0, "l": 1000, "t": 1509.56829}
{"r": 0.0, "l": 1000, "t": 1536.476363}
{"r": 0.0, "l": 1000, "t": 1563.140513}
{"r": 0.0, "l": 1000, "t": 1589.401546}
{"r": 0.0, "l": 1000, "t": 1614.679003}
{"r": 0.0, "l": 1000, "t": 1642.048195}
{"r": 0.0, "l": 1000, "t": 1668.965805}
{"r": 0.0, "l": 1000, "t": 1712.22875}
{"r": 0.0, "l": 1000, "t": 1757.596788}
{"r": 0.0, "l": 1000, "t": 1800.953424}
{"r": 0.0, "l": 1000, "t": 1843.047062}
{"r": 0.0, "l": 1000, "t": 1887.983806}
{"r": 0.0, "l": 1000, "t": 1934.632137}
{"r": 0.0, "l": 1000, "t": 1980.143789}
{"r": 0.0, "l": 1000, "t": 2021.084096}
{"r": 0.0, "l": 1000, "t": 2067.449137}
{"r": 0.0, "l": 1000, "t": 2112.643355}
{"r": 0.0, "l": 1000, "t": 2159.81383}
{"r": 0.0, "l": 1000, "t": 2203.107835}
{"r": 0.0, "l": 1000, "t": 2248.861085}
{"r": 0.0, "l": 1000, "t": 2294.03038}
{"r": 0.0, "l": 1000, "t": 2337.846366}
{"r": 0.0, "l": 1000, "t": 2382.321674}
{"r": 0.0, "l": 1000, "t": 2428.900215}
{"r": 0.0, "l": 1000, "t": 2474.134892}
{"r": 0.0, "l": 1000, "t": 2519.280591}
{"r": 0.0, "l": 1000, "t": 2565.605816}
{"r": 0.0, "l": 1000, "t": 2612.680146}
{"r": 0.0, "l": 1000, "t": 2659.6534}
{"r": 0.0, "l": 1000, "t": 2703.189501}
{"r": 0.0, "l": 1000, "t": 2749.752187}
{"r": 0.0, "l": 1000, "t": 2794.313606}
{"r": 0.0, "l": 1000, "t": 2839.383714}
{"r": 0.0, "l": 1000, "t": 2884.370029}
{"r": 0.0, "l": 1000, "t": 2930.602185}
{"r": 0.0, "l": 1000, "t": 2976.367372}
{"r": 0.0, "l": 1000, "t": 3021.778648}
{"r": 0.0, "l": 1000, "t": 3068.850533}
{"r": 0.0, "l": 1000, "t": 3116.684878}
{"r": 0.0, "l": 1000, "t": 3163.632088}
{"r": 0.0, "l": 1000, "t": 3206.333892}
{"r": 0.0, "l": 1000, "t": 3255.344568}
{"r": 0.0, "l": 1000, "t": 3302.304072}
{"r": 0.0, "l": 1000, "t": 3347.997698}
{"r": 0.0, "l": 1000, "t": 3395.071319}
{"r": 0.0, "l": 1000, "t": 3441.964274}
{"r": 0.0, "l": 1000, "t": 3490.411469}
{"r": 0.0, "l": 1000, "t": 3536.342977}
{"r": 0.0, "l": 1000, "t": 3583.643741}
{"r": 0.0, "l": 1000, "t": 3633.19873}
{"r": 0.0, "l": 1000, "t": 3679.611538}
{"r": 0.0, "l": 1000, "t": 3725.257115}
{"r": 0.0, "l": 1000, "t": 3773.061303}
{"r": 0.0, "l": 1000, "t": 3819.979945}
{"r": 0.0, "l": 1000, "t": 3864.302004}
{"r": 0.0, "l": 1000, "t": 3910.980463}
{"r": 0.0, "l": 1000, "t": 3957.194446}
{"r": 0.0, "l": 1000, "t": 4001.048372}
{"r": 0.0, "l": 1000, "t": 4048.272974}
{"r": 0.0, "l": 1000, "t": 4096.992314}
{"r": 0.0, "l": 1000, "t": 4145.743529}
{"r": 0.0, "l": 1000, "t": 4193.369662}
{"r": 0.0, "l": 1000, "t": 4242.541642}
{"r": 0.0, "l": 1000, "t": 4290.601409}
{"r": 0.0, "l": 1000, "t": 4338.29646}
{"r": 0.0, "l": 1000, "t": 4385.550275}
{"r": 0.0, "l": 1000, "t": 4435.691719}
{"r": 0.0, "l": 1000, "t": 4483.292648}
{"r": 0.0, "l": 1000, "t": 4530.259229}
{"r": 0.0, "l": 1000, "t": 4577.88825}
{"r": 0.0, "l": 1000, "t": 4626.870492}
{"r": 0.0, "l": 1000, "t": 4672.833811}
{"r": 0.0, "l": 1000, "t": 4719.401245}
{"r": 0.0, "l": 1000, "t": 4769.376949}
{"r": 0.0, "l": 1000, "t": 4817.828775}
{"r": 0.0, "l": 1000, "t": 4863.464883}
{"r": 0.0, "l": 1000, "t": 4915.581839}
{"r": 0.0, "l": 1000, "t": 4973.698348}
{"r": 0.0, "l": 1000, "t": 5027.988553}
{"r": 0.0, "l": 1000, "t": 5085.75737}
{"r": 0.0, "l": 1000, "t": 5140.168709}
{"r": 0.0, "l": 1000, "t": 5196.323752}
{"r": 0.0, "l": 1000, "t": 5253.36147}
{"r": 0.0, "l": 1000, "t": 5312.667042}
{"r": 0.0, "l": 1000, "t": 5368.218215}
{"r": 0.0, "l": 1000, "t": 5421.739564}
{"r": 0.0, "l": 1000, "t": 5478.274543}
{"r": 0.0, "l": 1000, "t": 5533.27156}
{"r": 0.0, "l": 1000, "t": 5587.382476}
{"r": 0.0, "l": 1000, "t": 5645.341317}
{"r": 0.0, "l": 1000, "t": 5701.396931}
{"r": 0.0, "l": 1000, "t": 5758.519626}
{"r": 0.0, "l": 1000, "t": 5814.67032}
{"r": 0.0, "l": 1000, "t": 5870.843615}
{"r": 0.0, "l": 1000, "t": 5929.796227}
{"r": 0.0, "l": 1000, "t": 5989.001473}
{"r": 0.0, "l": 1000, "t": 6046.087511}
{"r": 0.0, "l": 1000, "t": 6102.718225}
{"r": 0.0, "l": 1000, "t": 6159.979725}
{"r": 0.0, "l": 1000, "t": 6215.044387}
{"r": 0.0, "l": 1000, "t": 6271.356225}
{"r": 0.0, "l": 1000, "t": 6326.820506}
{"r": 0.0, "l": 1000, "t": 6381.423751}
{"r": 0.0, "l": 1000, "t": 6438.587777}
{"r": 0.0, "l": 1000, "t": 6495.899006}
{"r": 0.0, "l": 1000, "t": 6551.591848}
{"r": 0.0, "l": 1000, "t": 6610.046872}
{"r": 0.0, "l": 1000, "t": 6668.300773}
{"r": 0.0, "l": 1000, "t": 6724.382604}
{"r": 0.0, "l": 1000, "t": 6780.833314}
{"r": 0.0, "l": 1000, "t": 6837.323898}
{"r": 0.0, "l": 1000, "t": 6893.862591}
{"r": 0.0, "l": 1000, "t": 6953.413419}
{"r": 0.0, "l": 1000, "t": 7010.02026}
{"r": 0.0, "l": 1000, "t": 7065.447493}
{"r": 0.0, "l": 1000, "t": 7123.411923}
{"r": 0.0, "l": 1000, "t": 7181.021698}
{"r": 0.0, "l": 1000, "t": 7236.457527}
{"r": 0.0, "l": 1000, "t": 7295.322592}
{"r": 0.0, "l": 1000, "t": 7353.992239}
{"r": 0.0, "l": 1000, "t": 7407.861741}
{"r": 0.0, "l": 1000, "t": 7465.126269}
{"r": 0.0, "l": 1000, "t": 7522.517053}
{"r": 0.0, "l": 1000, "t": 7578.849947}
{"r": 0.0, "l": 1000, "t": 7636.491674}
{"r": 0.0, "l": 1000, "t": 7694.853162}
{"r": 0.0, "l": 1000, "t": 7749.33272}
{"r": 0.0, "l": 1000, "t": 7809.797083}
{"r": 0.0, "l": 1000, "t": 7867.439297}
{"r": 0.0, "l": 1000, "t": 7925.583449}
{"r": 0.0, "l": 1000, "t": 7983.645548}
{"r": 0.0, "l": 1000, "t": 8043.373306}
{"r": 0.0, "l": 1000, "t": 8101.23933}
{"r": 0.0, "l": 1000, "t": 8158.849309}
{"r": 0.0, "l": 1000, "t": 8216.443604}
{"r": 0.0, "l": 1000, "t": 8271.710318}
{"r": 0.0, "l": 1000, "t": 8329.776073}
{"r": 0.0, "l": 1000, "t": 8387.90758}
{"r": 0.0, "l": 1000, "t": 8444.800658}
{"r": 0.0, "l": 1000, "t": 8500.597792}
{"r": 0.0, "l": 1000, "t": 8560.49561}
{"r": 0.0, "l": 1000, "t": 8618.950835}
{"r": 0.0, "l": 1000, "t": 8679.092412}
{"r": 0.0,