{"t_start": 1515702979.7329364, "gym_version": "0.9.2", "env_id": "GridWorldNoFrameskip-v4"}
{"r": 0.0, "l": 1000, "t": 29.730604}
{"r": 0.0, "l": 1000, "t": 55.532425}
{"r": 0.0, "l": 1000, "t": 79.182138}
{"r": 0.0, "l": 1000, "t": 104.034663}
{"r": 0.0, "l": 1000, "t": 130.965914}
{"r": 0.0, "l": 1000, "t": 155.163292}
{"r": 0.0, "l": 1000, "t": 181.912947}
{"r": 0.0, "l": 1000, "t": 208.812719}
{"r": 0.0, "l": 1000, "t": 235.495144}
{"r": 0.0, "l": 1000, "t": 260.943133}
{"r": 0.0, "l": 1000, "t": 287.414452}
{"r": 0.0, "l": 1000, "t": 313.769628}
{"r": 0.0, "l": 1000, "t": 341.019175}
{"r": 0.0, "l": 1000, "t": 366.881885}
{"r": 0.0, "l": 1000, "t": 394.054966}
{"r": 0.0, "l": 1000, "t": 421.008537}
{"r": 0.0, "l": 1000, "t": 448.546756}
{"r": 0.0, "l": 1000, "t": 473.975453}
{"r": 0.0, "l": 1000, "t": 500.069639}
{"r": 0.0, "l": 1000, "t": 525.487724}
{"r": 0.0, "l": 1000, "t": 551.642033}
{"r": 0.0, "l": 1000, "t": 576.607071}
{"r": 0.0, "l": 1000, "t": 601.561674}
{"r": 0.0, "l": 1000, "t": 627.947383}
{"r": 0.0, "l": 1000, "t": 653.38908}
{"r": 0.0, "l": 1000, "t": 679.923049}
{"r": 0.0, "l": 1000, "t": 706.204227}
{"r": 0.0, "l": 1000, "t": 732.876232}
{"r": 0.0, "l": 1000, "t": 759.37086}
{"r": 0.0, "l": 1000, "t": 786.416356}
{"r": 0.0, "l": 1000, "t": 812.256899}
{"r": 0.0, "l": 1000, "t": 838.873783}
{"r": 0.0, "l": 1000, "t": 865.166988}
{"r": 0.0, "l": 1000, "t": 891.59596}
{"r": 0.0, "l": 1000, "t": 918.046724}
{"r": 0.0, "l": 1000, "t": 945.116917}
{"r": 0.0, "l": 1000, "t": 971.977257}
{"r": 0.0, "l": 1000, "t": 998.076778}
{"r": 0.0, "l": 1000, "t": 1025.184724}
{"r": 0.0, "l": 1000, "t": 1052.121685}
{"r": 0.0, "l": 1000, "t": 1079.861598}
{"r": 0.0, "l": 1000, "t": 1107.015433}
{"r": 0.0, "l": 1000, "t": 1134.057389}
{"r": 0.0, "l": 1000, "t": 1160.613404}
{"r": 0.0, "l": 1000, "t": 1187.519472}
{"r": 0.0, "l": 1000, "t": 1214.675808}
{"r": 0.0, "l": 1000, "t": 1240.969425}
{"r": 0.0, "l": 1000, "t": 1267.953104}
{"r": 0.0, "l": 1000, "t": 1295.044602}
{"r": 0.0, "l": 1000, "t": 1321.806752}
{"r": 0.0, "l": 1000, "t": 1349.724329}
{"r": 0.0, "l": 1000, "t": 1377.128007}
{"r": 0.0, "l": 1000, "t": 1403.846244}
{"r": 0.0, "l": 1000, "t": 1431.327434}
{"r": 0.0, "l": 1000, "t": 1458.085721}
{"r": 0.0, "l": 1000, "t": 1485.363492}
{"r": 0.0, "l": 1000, "t": 1511.790451}
{"r": 0.0, "l": 1000, "t": 1537.999526}
{"r": 0.0, "l": 1000, "t": 1563.687042}
{"r": 0.0, "l": 1000, "t": 1590.134059}
{"r": 0.0, "l": 1000, "t": 1616.428296}
{"r": 0.0, "l": 1000, "t": 1642.867002}
{"r": 0.0, "l": 1000, "t": 1668.033489}
{"r": 0.0, "l": 1000, "t": 1712.141993}
{"r": 0.0, "l": 1000, "t": 1754.992925}
{"r": 0.0, "l": 1000, "t": 1798.473165}
{"r": 0.0, "l": 1000, "t": 1840.417672}
{"r": 0.0, "l": 1000, "t": 1884.127407}
{"r": 0.0, "l": 1000, "t": 1930.967789}
{"r": 0.0, "l": 1000, "t": 1975.400397}
{"r": 0.0, "l": 1000, "t": 2018.358671}
{"r": 0.0, "l": 1000, "t": 2063.189046}
{"r": 0.0, "l": 1000, "t": 2109.835147}
{"r": 0.0, "l": 1000, "t": 2155.751901}
{"r": 0.0, "l": 1000, "t": 2199.085817}
{"r": 0.0, "l": 1000, "t": 2244.846139}
{"r": 0.0, "l": 1000, "t": 2290.385663}
{"r": 0.0, "l": 1000, "t": 2335.084193}
{"r": 0.0, "l": 1000, "t": 2379.251775}
{"r": 0.0, "l": 1000, "t": 2426.9843}
{"r": 0.0, "l": 1000, "t": 2472.938186}
{"r": 0.0, "l": 1000, "t": 2516.551969}
{"r": 0.0, "l": 1000, "t": 2563.747693}
{"r": 0.0, "l": 1000, "t": 2608.726268}
{"r": 0.0, "l": 1000, "t": 2655.477809}
{"r": 0.0, "l": 1000, "t": 2697.62563}
{"r": 0.0, "l": 1000, "t": 2743.594353}
{"r": 0.0, "l": 1000, "t": 2789.179394}
{"r": 0.0, "l": 1000, "t": 2836.816742}
{"r": 0.0, "l": 1000, "t": 2881.636821}
{"r": 0.0, "l": 1000, "t": 2927.280123}
{"r": 0.0, "l": 1000, "t": 2973.311627}
{"r": 0.0, "l": 1000, "t": 3018.394065}
{"r": 0.0, "l": 1000, "t": 3065.488318}
{"r": 0.0, "l": 1000, "t": 3112.165892}
{"r": 0.0, "l": 1000, "t": 3158.560365}
{"r": 0.0, "l": 1000, "t": 3201.954266}
{"r": 0.0, "l": 1000, "t": 3248.010699}
{"r": 0.0, "l": 1000, "t": 3296.633379}
{"r": 0.0, "l": 1000, "t": 3341.09158}
{"r": 0.0, "l": 1000, "t": 3388.178375}
{"r": 0.0, "l": 1000, "t": 3435.349924}
{"r": 0.0, "l": 1000, "t": 3482.672203}
{"r": 0.0, "l": 1000, "t": 3527.226467}
{"r": 0.0, "l": 1000, "t": 3573.221617}
{"r": 0.0, "l": 1000, "t": 3622.729096}
{"r": 0.0, "l": 1000, "t": 3669.399403}
{"r": 0.0, "l": 1000, "t": 3714.907614}
{"r": 0.0, "l": 1000, "t": 3762.095868}
{"r": 0.0, "l": 1000, "t": 3808.536134}
{"r": 0.0, "l": 1000, "t": 3853.334952}
{"r": 0.0, "l": 1000, "t": 3900.67962}
{"r": 0.0, "l": 1000, "t": 3947.382186}
{"r": 0.0, "l": 1000, "t": 3992.672102}
{"r": 0.0, "l": 1000, "t": 4038.044148}
{"r": 0.0, "l": 1000, "t": 4084.900445}
{"r": 0.0, "l": 1000, "t": 4134.832889}
{"r": 0.0, "l": 1000, "t": 4182.040169}
{"r": 0.0, "l": 1000, "t": 4230.778275}
{"r": 0.0, "l": 1000, "t": 4278.679527}
{"r": 0.0, "l": 1000, "t": 4328.719064}
{"r": 0.0, "l": 1000, "t": 4373.716636}
{"r": 0.0, "l": 1000, "t": 4423.869212}
{"r": 0.0, "l": 1000, "t": 4471.876427}
{"r": 0.0, "l": 1000, "t": 4519.55736}
{"r": 0.0, "l": 1000, "t": 4567.653033}
{"r": 0.0, "l": 1000, "t": 4616.954834}
{"r": 0.0, "l": 1000, "t": 4664.351541}
{"r": 0.0, "l": 1000, "t": 4709.286306}
{"r": 0.0, "l": 1000, "t": 4758.505575}
{"r": 0.0, "l": 1000, "t": 4806.605599}
{"r": 0.0, "l": 1000, "t": 4854.151268}
{"r": 0.0, "l": 1000, "t": 4905.116447}
{"r": 0.0, "l": 1000, "t": 4961.345258}
{"r": 0.0, "l": 1000, "t": 5017.62527}
{"r": 0.0, "l": 1000, "t": 5073.849396}
{"r": 0.0, "l": 1000, "t": 5129.915704}
{"r": 0.0, "l": 1000, "t": 5185.53638}
{"r": 0.0, "l": 1000, "t": 5242.565624}
{"r": 0.0, "l": 1000, "t": 5300.879431}
{"r": 0.0, "l": 1000, "t": 5355.766474}
{"r": 0.0, "l": 1000, "t": 5412.973793}
{"r": 0.0, "l": 1000, "t": 5468.290303}
{"r": 0.0, "l": 1000, "t": 5522.087498}
{"r": 0.0, "l": 1000, "t": 5576.907634}
{"r": 0.0, "l": 1000, "t": 5635.261703}
{"r": 0.0, "l": 1000, "t": 5692.662271}
{"r": 0.0, "l": 1000, "t": 5748.393739}
{"r": 0.0, "l": 1000, "t": 5804.106283}
{"r": 0.0, "l": 1000, "t": 5859.685404}
{"r": 0.0, "l": 1000, "t": 5917.054103}
{"r": 0.0, "l": 1000, "t": 5975.76689}
{"r": 0.0, "l": 1000, "t": 6032.912967}
{"r": 0.0, "l": 1000, "t": 6087.068467}
{"r": 0.0, "l": 1000, "t": 6144.656881}
{"r": 0.0, "l": 1000, "t": 6200.763043}
{"r": 0.0, "l": 1000, "t": 6257.410167}
{"r": 0.0, "l": 1000, "t": 6313.370425}
{"r": 0.0, "l": 1000, "t": 6369.928304}
{"r": 0.0, "l": 1000, "t": 6425.246994}
{"r": 0.0, "l": 1000, "t": 6480.052824}
{"r": 0.0, "l": 1000, "t": 6538.307137}
{"r": 0.0, "l": 1000, "t": 6594.056943}
{"r": 0.0, "l": 1000, "t": 6652.357038}
{"r": 0.0, "l": 1000, "t": 6709.486159}
{"r": 0.0, "l": 1000, "t": 6763.625125}
{"r": 0.0, "l": 1000, "t": 6819.403939}
{"r": 0.0, "l": 1000, "t": 6877.741891}
{"r": 0.0, "l": 1000, "t": 6934.87379}
{"r": 0.0, "l": 1000, "t": 6992.843198}
{"r": 0.0, "l": 1000, "t": 7047.286209}
{"r": 0.0, "l": 1000, "t": 7103.227546}
{"r": 0.0, "l": 1000, "t": 7159.946863}
{"r": 0.0, "l": 1000, "t": 7216.459202}
{"r": 0.0, "l": 1000, "t": 7272.281075}
{"r": 0.0, "l": 1000, "t": 7330.377166}
{"r": 0.0, "l": 1000, "t": 7388.301252}
{"r": 0.0, "l": 1000, "t": 7442.638341}
{"r": 0.0, "l": 1000, "t": 7501.472048}
{"r": 0.0, "l": 1000, "t": 7558.339461}
{"r": 0.0, "l": 1000, "t": 7614.216921}
{"r": 0.0, "l": 1000, "t": 7672.862886}
{"r": 0.0, "l": 1000, "t": 7731.148515}
{"r": 0.0, "l": 1000, "t": 7787.73266}
{"r": 0.0, "l": 1000, "t": 7845.012192}
{"r": 0.0, "l": 1000, "t": 7905.795448}
{"r": 0.0, "l": 1000, "t": 7963.741915}
{"r": 0.0, "l": 1000, "t": 8022.844961}
{"r": 0.0, "l": 1000, "t": 8080.52228}
{"r": 0.0, "l": 1000, "t": 8139.847489}
{"r": 0.0, "l": 1000, "t": 8197.942599}
{"r": 0.0, "l": 1000, "t": 8254.326973}
{"r": 0.0, "l": 1000, "t": 8310.048126}
{"r": 0.0, "l": 1000, "t": 8368.702329}
{"r": 0.0, "l": 1000, "t": 8424.27161}
{"r": 0.0, "l": 1000, "t": 8480.806819}
{"r": 0.0, "l": 1000, "t": 8540.023015}
{"r": 0.0, "l": 1000, "t": 8599.641698}
{"r": 0.0, "l": 1000,