{"t_start": 1515702979.7361777, "gym_version": "0.9.2", "env_id": "GridWorldNoFrameskip-v4"}
{"r": 0.0, "l": 1000, "t": 28.919307}
{"r": 0.0, "l": 1000, "t": 55.529175}
{"r": 0.0, "l": 1000, "t": 79.244158}
{"r": 0.0, "l": 1000, "t": 104.825805}
{"r": 0.0, "l": 1000, "t": 130.353652}
{"r": 0.0, "l": 1000, "t": 155.188506}
{"r": 0.0, "l": 1000, "t": 181.248701}
{"r": 0.0, "l": 1000, "t": 207.617898}
{"r": 0.0, "l": 1000, "t": 234.062905}
{"r": 0.0, "l": 1000, "t": 260.88982}
{"r": 0.0, "l": 1000, "t": 287.459665}
{"r": 0.0, "l": 1000, "t": 313.866123}
{"r": 0.0, "l": 1000, "t": 340.350415}
{"r": 0.0, "l": 1000, "t": 366.823745}
{"r": 0.0, "l": 1000, "t": 393.38196}
{"r": 0.0, "l": 1000, "t": 420.502821}
{"r": 0.0, "l": 1000, "t": 446.76536}
{"r": 0.0, "l": 1000, "t": 472.713012}
{"r": 0.0, "l": 1000, "t": 498.182822}
{"r": 0.0, "l": 1000, "t": 523.788885}
{"r": 0.0, "l": 1000, "t": 549.541276}
{"r": 0.0, "l": 1000, "t": 575.822417}
{"r": 0.0, "l": 1000, "t": 601.021626}
{"r": 0.0, "l": 1000, "t": 627.202166}
{"r": 0.0, "l": 1000, "t": 652.402342}
{"r": 0.0, "l": 1000, "t": 678.036282}
{"r": 0.0, "l": 1000, "t": 704.65847}
{"r": 0.0, "l": 1000, "t": 731.20238}
{"r": 0.0, "l": 1000, "t": 757.478914}
{"r": 0.0, "l": 1000, "t": 784.245966}
{"r": 0.0, "l": 1000, "t": 809.99096}
{"r": 0.0, "l": 1000, "t": 836.740263}
{"r": 0.0, "l": 1000, "t": 863.8589}
{"r": 0.0, "l": 1000, "t": 890.521968}
{"r": 0.0, "l": 1000, "t": 917.248909}
{"r": 0.0, "l": 1000, "t": 943.14742}
{"r": 0.0, "l": 1000, "t": 970.59945}
{"r": 0.0, "l": 1000, "t": 997.353369}
{"r": 0.0, "l": 1000, "t": 1024.503395}
{"r": 0.0, "l": 1000, "t": 1050.742274}
{"r": 0.0, "l": 1000, "t": 1077.523007}
{"r": 0.0, "l": 1000, "t": 1105.24903}
{"r": 0.0, "l": 1000, "t": 1132.570166}
{"r": 0.0, "l": 1000, "t": 1158.380362}
{"r": 0.0, "l": 1000, "t": 1185.190777}
{"r": 0.0, "l": 1000, "t": 1212.409375}
{"r": 0.0, "l": 1000, "t": 1239.046091}
{"r": 0.0, "l": 1000, "t": 1265.595656}
{"r": 0.0, "l": 1000, "t": 1291.570162}
{"r": 0.0, "l": 1000, "t": 1318.861228}
{"r": 0.0, "l": 1000, "t": 1345.473232}
{"r": 0.0, "l": 1000, "t": 1372.294349}
{"r": 0.0, "l": 1000, "t": 1399.468353}
{"r": 0.0, "l": 1000, "t": 1426.016521}
{"r": 0.0, "l": 1000, "t": 1452.848782}
{"r": 0.0, "l": 1000, "t": 1480.333344}
{"r": 0.0, "l": 1000, "t": 1506.670414}
{"r": 0.0, "l": 1000, "t": 1532.878445}
{"r": 0.0, "l": 1000, "t": 1559.624135}
{"r": 0.0, "l": 1000, "t": 1586.319905}
{"r": 0.0, "l": 1000, "t": 1612.496238}
{"r": 0.0, "l": 1000, "t": 1638.942467}
{"r": 0.0, "l": 1000, "t": 1665.788817}
{"r": 0.0, "l": 1000, "t": 1708.275938}
{"r": 0.0, "l": 1000, "t": 1751.902091}
{"r": 0.0, "l": 1000, "t": 1796.807544}
{"r": 0.0, "l": 1000, "t": 1839.431842}
{"r": 0.0, "l": 1000, "t": 1885.177526}
{"r": 0.0, "l": 1000, "t": 1932.046947}
{"r": 0.0, "l": 1000, "t": 1976.41641}
{"r": 0.0, "l": 1000, "t": 2018.510106}
{"r": 0.0, "l": 1000, "t": 2064.732843}
{"r": 0.0, "l": 1000, "t": 2111.063915}
{"r": 0.0, "l": 1000, "t": 2157.457863}
{"r": 0.0, "l": 1000, "t": 2201.486327}
{"r": 0.0, "l": 1000, "t": 2246.920091}
{"r": 0.0, "l": 1000, "t": 2291.836793}
{"r": 0.0, "l": 1000, "t": 2337.153104}
{"r": 0.0, "l": 1000, "t": 2380.924223}
{"r": 0.0, "l": 1000, "t": 2426.982029}
{"r": 0.0, "l": 1000, "t": 2473.079826}
{"r": 0.0, "l": 1000, "t": 2516.549691}
{"r": 0.0, "l": 1000, "t": 2563.744457}
{"r": 0.0, "l": 1000, "t": 2610.520999}
{"r": 0.0, "l": 1000, "t": 2655.300524}
{"r": 0.0, "l": 1000, "t": 2697.711665}
{"r": 0.0, "l": 1000, "t": 2745.230296}
{"r": 0.0, "l": 1000, "t": 2791.57883}
{"r": 0.0, "l": 1000, "t": 2837.843934}
{"r": 0.0, "l": 1000, "t": 2881.742467}
{"r": 0.0, "l": 1000, "t": 2929.16437}
{"r": 0.0, "l": 1000, "t": 2976.291435}
{"r": 0.0, "l": 1000, "t": 3020.373141}
{"r": 0.0, "l": 1000, "t": 3067.084468}
{"r": 0.0, "l": 1000, "t": 3113.547014}
{"r": 0.0, "l": 1000, "t": 3160.218437}
{"r": 0.0, "l": 1000, "t": 3203.429945}
{"r": 0.0, "l": 1000, "t": 3250.531943}
{"r": 0.0, "l": 1000, "t": 3297.51615}
{"r": 0.0, "l": 1000, "t": 3342.956006}
{"r": 0.0, "l": 1000, "t": 3389.056282}
{"r": 0.0, "l": 1000, "t": 3437.456387}
{"r": 0.0, "l": 1000, "t": 3486.140204}
{"r": 0.0, "l": 1000, "t": 3530.347441}
{"r": 0.0, "l": 1000, "t": 3577.224097}
{"r": 0.0, "l": 1000, "t": 3625.624979}
{"r": 0.0, "l": 1000, "t": 3671.545166}
{"r": 0.0, "l": 1000, "t": 3716.263309}
{"r": 0.0, "l": 1000, "t": 3764.052611}
{"r": 0.0, "l": 1000, "t": 3810.719787}
{"r": 0.0, "l": 1000, "t": 3854.483705}
{"r": 0.0, "l": 1000, "t": 3902.151698}
{"r": 0.0, "l": 1000, "t": 3949.220096}
{"r": 0.0, "l": 1000, "t": 3994.819459}
{"r": 0.0, "l": 1000, "t": 4041.926795}
{"r": 0.0, "l": 1000, "t": 4088.573979}
{"r": 0.0, "l": 1000, "t": 4137.423214}
{"r": 0.0, "l": 1000, "t": 4184.566211}
{"r": 0.0, "l": 1000, "t": 4234.052463}
{"r": 0.0, "l": 1000, "t": 4281.343839}
{"r": 0.0, "l": 1000, "t": 4330.659957}
{"r": 0.0, "l": 1000, "t": 4376.839333}
{"r": 0.0, "l": 1000, "t": 4426.043815}
{"r": 0.0, "l": 1000, "t": 4475.316381}
{"r": 0.0, "l": 1000, "t": 4521.747446}
{"r": 0.0, "l": 1000, "t": 4569.908413}
{"r": 0.0, "l": 1000, "t": 4617.0101}
{"r": 0.0, "l": 1000, "t": 4665.157861}
{"r": 0.0, "l": 1000, "t": 4710.444747}
{"r": 0.0, "l": 1000, "t": 4759.799386}
{"r": 0.0, "l": 1000, "t": 4809.545798}
{"r": 0.0, "l": 1000, "t": 4855.84747}
{"r": 0.0, "l": 1000, "t": 4906.604275}
{"r": 0.0, "l": 1000, "t": 4963.147882}
{"r": 0.0, "l": 1000, "t": 5017.625953}
{"r": 0.0, "l": 1000, "t": 5073.845726}
{"r": 0.0, "l": 1000, "t": 5129.970059}
{"r": 0.0, "l": 1000, "t": 5185.566383}
{"r": 0.0, "l": 1000, "t": 5242.386735}
{"r": 0.0, "l": 1000, "t": 5300.934777}
{"r": 0.0, "l": 1000, "t": 5357.410363}
{"r": 0.0, "l": 1000, "t": 5413.016788}
{"r": 0.0, "l": 1000, "t": 5468.191931}
{"r": 0.0, "l": 1000, "t": 5522.173033}
{"r": 0.0, "l": 1000, "t": 5576.856315}
{"r": 0.0, "l": 1000, "t": 5632.124102}
{"r": 0.0, "l": 1000, "t": 5690.707547}
{"r": 0.0, "l": 1000, "t": 5746.284012}
{"r": 0.0, "l": 1000, "t": 5802.205997}
{"r": 0.0, "l": 1000, "t": 5859.648476}
{"r": 0.0, "l": 1000, "t": 5915.030873}
{"r": 0.0, "l": 1000, "t": 5973.953947}
{"r": 0.0, "l": 1000, "t": 6032.91586}
{"r": 0.0, "l": 1000, "t": 6089.464798}
{"r": 0.0, "l": 1000, "t": 6147.818163}
{"r": 0.0, "l": 1000, "t": 6203.39135}
{"r": 0.0, "l": 1000, "t": 6260.333083}
{"r": 0.0, "l": 1000, "t": 6316.963833}
{"r": 0.0, "l": 1000, "t": 6371.566005}
{"r": 0.0, "l": 1000, "t": 6426.950362}
{"r": 0.0, "l": 1000, "t": 6482.464197}
{"r": 0.0, "l": 1000, "t": 6538.471881}
{"r": 0.0, "l": 1000, "t": 6596.645867}
{"r": 0.0, "l": 1000, "t": 6653.541313}
{"r": 0.0, "l": 1000, "t": 6711.162763}
{"r": 0.0, "l": 1000, "t": 6765.8163}
{"r": 0.0, "l": 1000, "t": 6822.482876}
{"r": 0.0, "l": 1000, "t": 6880.524344}
{"r": 0.0, "l": 1000, "t": 6937.822699}
{"r": 0.0, "l": 1000, "t": 6995.504133}
{"r": 0.0, "l": 1000, "t": 7052.902848}
{"r": 0.0, "l": 1000, "t": 7107.924313}
{"r": 0.0, "l": 1000, "t": 7163.446917}
{"r": 0.0, "l": 1000, "t": 7221.168319}
{"r": 0.0, "l": 1000, "t": 7277.776431}
{"r": 0.0, "l": 1000, "t": 7335.357671}
{"r": 0.0, "l": 1000, "t": 7392.586193}
{"r": 0.0, "l": 1000, "t": 7447.824548}
{"r": 0.0, "l": 1000, "t": 7505.418992}
{"r": 0.0, "l": 1000, "t": 7563.245335}
{"r": 0.0, "l": 1000, "t": 7620.216833}
{"r": 0.0, "l": 1000, "t": 7679.036072}
{"r": 0.0, "l": 1000, "t": 7735.570029}
{"r": 0.0, "l": 1000, "t": 7793.751958}
{"r": 0.0, "l": 1000, "t": 7852.116793}
{"r": 0.0, "l": 1000, "t": 7911.623963}
{"r": 0.0, "l": 1000, "t": 7970.373746}
{"r": 0.0, "l": 1000, "t": 8029.284225}
{"r": 0.0, "l": 1000, "t": 8086.903044}
{"r": 0.0, "l": 1000, "t": 8144.57272}
{"r": 0.0, "l": 1000, "t": 8203.606144}
{"r": 0.0, "l": 1000, "t": 8258.886314}
{"r": 0.0, "l": 1000, "t": 8316.456902}
{"r": 0.0, "l": 1000, "t": 8374.103074}
{"r": 0.0, "l": 1000, "t": 8430.936106}
{"r": 0.0, "l": 1000, "t": 8488.320688}
{"r": 0.0, "l": 1000, "t": 8546.136033}
{"r": 0.0, "l": 1000, "t": 8603.229569}
{"r": 0.0, "l": 1000, "t": 8664.245618}
{"r": 0.0,