{"t_start": 1515702979.73968, "gym_version": "0.9.2", "env_id": "GridWorldNoFrameskip-v4"}
{"r": 0.0, "l": 1000, "t": 29.721508}
{"r": 0.0, "l": 1000, "t": 56.549963}
{"r": 0.0, "l": 1000, "t": 80.846885}
{"r": 0.0, "l": 1000, "t": 105.839383}
{"r": 0.0, "l": 1000, "t": 132.704771}
{"r": 0.0, "l": 1000, "t": 156.929513}
{"r": 0.0, "l": 1000, "t": 183.356173}
{"r": 0.0, "l": 1000, "t": 210.322947}
{"r": 0.0, "l": 1000, "t": 236.680976}
{"r": 0.0, "l": 1000, "t": 262.745742}
{"r": 0.0, "l": 1000, "t": 289.125179}
{"r": 0.0, "l": 1000, "t": 315.734635}
{"r": 0.0, "l": 1000, "t": 342.992972}
{"r": 0.0, "l": 1000, "t": 369.515018}
{"r": 0.0, "l": 1000, "t": 396.828046}
{"r": 0.0, "l": 1000, "t": 423.425424}
{"r": 0.0, "l": 1000, "t": 449.998898}
{"r": 0.0, "l": 1000, "t": 476.155877}
{"r": 0.0, "l": 1000, "t": 501.30679}
{"r": 0.0, "l": 1000, "t": 526.981174}
{"r": 0.0, "l": 1000, "t": 552.335799}
{"r": 0.0, "l": 1000, "t": 578.026639}
{"r": 0.0, "l": 1000, "t": 603.829279}
{"r": 0.0, "l": 1000, "t": 629.988234}
{"r": 0.0, "l": 1000, "t": 655.493657}
{"r": 0.0, "l": 1000, "t": 681.5144}
{"r": 0.0, "l": 1000, "t": 707.987688}
{"r": 0.0, "l": 1000, "t": 734.596211}
{"r": 0.0, "l": 1000, "t": 760.952749}
{"r": 0.0, "l": 1000, "t": 787.769486}
{"r": 0.0, "l": 1000, "t": 813.761481}
{"r": 0.0, "l": 1000, "t": 839.420642}
{"r": 0.0, "l": 1000, "t": 866.057898}
{"r": 0.0, "l": 1000, "t": 892.128616}
{"r": 0.0, "l": 1000, "t": 918.810384}
{"r": 0.0, "l": 1000, "t": 945.858756}
{"r": 0.0, "l": 1000, "t": 972.821293}
{"r": 0.0, "l": 1000, "t": 999.50093}
{"r": 0.0, "l": 1000, "t": 1025.625269}
{"r": 0.0, "l": 1000, "t": 1052.120887}
{"r": 0.0, "l": 1000, "t": 1079.335316}
{"r": 0.0, "l": 1000, "t": 1106.921718}
{"r": 0.0, "l": 1000, "t": 1133.469592}
{"r": 0.0, "l": 1000, "t": 1160.005282}
{"r": 0.0, "l": 1000, "t": 1187.364656}
{"r": 0.0, "l": 1000, "t": 1213.91526}
{"r": 0.0, "l": 1000, "t": 1240.488359}
{"r": 0.0, "l": 1000, "t": 1267.900236}
{"r": 0.0, "l": 1000, "t": 1295.065495}
{"r": 0.0, "l": 1000, "t": 1321.805803}
{"r": 0.0, "l": 1000, "t": 1349.020952}
{"r": 0.0, "l": 1000, "t": 1376.116188}
{"r": 0.0, "l": 1000, "t": 1403.31502}
{"r": 0.0, "l": 1000, "t": 1430.255019}
{"r": 0.0, "l": 1000, "t": 1456.881503}
{"r": 0.0, "l": 1000, "t": 1482.619602}
{"r": 0.0, "l": 1000, "t": 1509.509152}
{"r": 0.0, "l": 1000, "t": 1535.958978}
{"r": 0.0, "l": 1000, "t": 1563.135256}
{"r": 0.0, "l": 1000, "t": 1589.455731}
{"r": 0.0, "l": 1000, "t": 1615.608734}
{"r": 0.0, "l": 1000, "t": 1642.836514}
{"r": 0.0, "l": 1000, "t": 1668.948787}
{"r": 0.0, "l": 1000, "t": 1712.178869}
{"r": 0.0, "l": 1000, "t": 1756.715165}
{"r": 0.0, "l": 1000, "t": 1800.802867}
{"r": 0.0, "l": 1000, "t": 1843.990233}
{"r": 0.0, "l": 1000, "t": 1888.892292}
{"r": 0.0, "l": 1000, "t": 1934.688647}
{"r": 0.0, "l": 1000, "t": 1978.771711}
{"r": 0.0, "l": 1000, "t": 2022.337421}
{"r": 0.0, "l": 1000, "t": 2067.350766}
{"r": 0.0, "l": 1000, "t": 2112.691649}
{"r": 0.0, "l": 1000, "t": 2158.472479}
{"r": 0.0, "l": 1000, "t": 2203.032488}
{"r": 0.0, "l": 1000, "t": 2248.742637}
{"r": 0.0, "l": 1000, "t": 2294.173534}
{"r": 0.0, "l": 1000, "t": 2339.177292}
{"r": 0.0, "l": 1000, "t": 2383.691065}
{"r": 0.0, "l": 1000, "t": 2430.51177}
{"r": 0.0, "l": 1000, "t": 2476.782325}
{"r": 0.0, "l": 1000, "t": 2521.816399}
{"r": 0.0, "l": 1000, "t": 2568.143442}
{"r": 0.0, "l": 1000, "t": 2614.072589}
{"r": 0.0, "l": 1000, "t": 2659.548374}
{"r": 0.0, "l": 1000, "t": 2703.135639}
{"r": 0.0, "l": 1000, "t": 2750.530218}
{"r": 0.0, "l": 1000, "t": 2796.774846}
{"r": 0.0, "l": 1000, "t": 2842.089144}
{"r": 0.0, "l": 1000, "t": 2887.888408}
{"r": 0.0, "l": 1000, "t": 2934.833327}
{"r": 0.0, "l": 1000, "t": 2981.754965}
{"r": 0.0, "l": 1000, "t": 3026.893375}
{"r": 0.0, "l": 1000, "t": 3074.89114}
{"r": 0.0, "l": 1000, "t": 3121.139072}
{"r": 0.0, "l": 1000, "t": 3167.747497}
{"r": 0.0, "l": 1000, "t": 3211.758698}
{"r": 0.0, "l": 1000, "t": 3259.259726}
{"r": 0.0, "l": 1000, "t": 3305.751058}
{"r": 0.0, "l": 1000, "t": 3350.967554}
{"r": 0.0, "l": 1000, "t": 3398.780572}
{"r": 0.0, "l": 1000, "t": 3446.667492}
{"r": 0.0, "l": 1000, "t": 3494.105672}
{"r": 0.0, "l": 1000, "t": 3538.612931}
{"r": 0.0, "l": 1000, "t": 3587.013409}
{"r": 0.0, "l": 1000, "t": 3634.779956}
{"r": 0.0, "l": 1000, "t": 3680.670933}
{"r": 0.0, "l": 1000, "t": 3726.707707}
{"r": 0.0, "l": 1000, "t": 3774.460836}
{"r": 0.0, "l": 1000, "t": 3822.13988}
{"r": 0.0, "l": 1000, "t": 3866.869461}
{"r": 0.0, "l": 1000, "t": 3914.608789}
{"r": 0.0, "l": 1000, "t": 3961.386874}
{"r": 0.0, "l": 1000, "t": 4007.240832}
{"r": 0.0, "l": 1000, "t": 4053.837857}
{"r": 0.0, "l": 1000, "t": 4102.653379}
{"r": 0.0, "l": 1000, "t": 4152.618747}
{"r": 0.0, "l": 1000, "t": 4198.056313}
{"r": 0.0, "l": 1000, "t": 4246.87555}
{"r": 0.0, "l": 1000, "t": 4295.873729}
{"r": 0.0, "l": 1000, "t": 4341.729614}
{"r": 0.0, "l": 1000, "t": 4391.318745}
{"r": 0.0, "l": 1000, "t": 4440.547657}
{"r": 0.0, "l": 1000, "t": 4489.405191}
{"r": 0.0, "l": 1000, "t": 4536.238193}
{"r": 0.0, "l": 1000, "t": 4585.552841}
{"r": 0.0, "l": 1000, "t": 4632.766788}
{"r": 0.0, "l": 1000, "t": 4678.283493}
{"r": 0.0, "l": 1000, "t": 4726.928213}
{"r": 0.0, "l": 1000, "t": 4775.380461}
{"r": 0.0, "l": 1000, "t": 4824.350768}
{"r": 0.0, "l": 1000, "t": 4871.538201}
{"r": 0.0, "l": 1000, "t": 4924.205436}
{"r": 0.0, "l": 1000, "t": 4982.716391}
{"r": 0.0, "l": 1000, "t": 5038.64739}
{"r": 0.0, "l": 1000, "t": 5096.922602}
{"r": 0.0, "l": 1000, "t": 5153.022486}
{"r": 0.0, "l": 1000, "t": 5207.867782}
{"r": 0.0, "l": 1000, "t": 5266.45551}
{"r": 0.0, "l": 1000, "t": 5323.966455}
{"r": 0.0, "l": 1000, "t": 5380.315077}
{"r": 0.0, "l": 1000, "t": 5435.518978}
{"r": 0.0, "l": 1000, "t": 5491.424906}
{"r": 0.0, "l": 1000, "t": 5544.088248}
{"r": 0.0, "l": 1000, "t": 5598.857469}
{"r": 0.0, "l": 1000, "t": 5656.90688}
{"r": 0.0, "l": 1000, "t": 5713.101134}
{"r": 0.0, "l": 1000, "t": 5769.506238}
{"r": 0.0, "l": 1000, "t": 5825.638891}
{"r": 0.0, "l": 1000, "t": 5881.118128}
{"r": 0.0, "l": 1000, "t": 5939.279012}
{"r": 0.0, "l": 1000, "t": 5998.624259}
{"r": 0.0, "l": 1000, "t": 6053.612664}
{"r": 0.0, "l": 1000, "t": 6110.559188}
{"r": 0.0, "l": 1000, "t": 6167.888977}
{"r": 0.0, "l": 1000, "t": 6223.384116}
{"r": 0.0, "l": 1000, "t": 6279.886321}
{"r": 0.0, "l": 1000, "t": 6336.300839}
{"r": 0.0, "l": 1000, "t": 6391.951575}
{"r": 0.0, "l": 1000, "t": 6447.411995}
{"r": 0.0, "l": 1000, "t": 6503.615827}
{"r": 0.0, "l": 1000, "t": 6558.179377}
{"r": 0.0, "l": 1000, "t": 6617.348525}
{"r": 0.0, "l": 1000, "t": 6675.908474}
{"r": 0.0, "l": 1000, "t": 6731.721296}
{"r": 0.0, "l": 1000, "t": 6788.44398}
{"r": 0.0, "l": 1000, "t": 6845.660344}
{"r": 0.0, "l": 1000, "t": 6902.260147}
{"r": 0.0, "l": 1000, "t": 6961.450999}
{"r": 0.0, "l": 1000, "t": 7018.309095}
{"r": 0.0, "l": 1000, "t": 7072.914575}
{"r": 0.0, "l": 1000, "t": 7130.755265}
{"r": 0.0, "l": 1000, "t": 7187.993992}
{"r": 0.0, "l": 1000, "t": 7243.612576}
{"r": 0.0, "l": 1000, "t": 7301.335935}
{"r": 0.0, "l": 1000, "t": 7359.687381}
{"r": 0.0, "l": 1000, "t": 7414.629562}
{"r": 0.0, "l": 1000, "t": 7471.798852}
{"r": 0.0, "l": 1000, "t": 7529.236903}
{"r": 0.0, "l": 1000, "t": 7584.584501}
{"r": 0.0, "l": 1000, "t": 7642.646134}
{"r": 0.0, "l": 1000, "t": 7700.91041}
{"r": 0.0, "l": 1000, "t": 7754.65601}
{"r": 0.0, "l": 1000, "t": 7815.701266}
{"r": 0.0, "l": 1000, "t": 7874.311332}
{"r": 0.0, "l": 1000, "t": 7931.766418}
{"r": 0.0, "l": 1000, "t": 7990.745572}
{"r": 0.0, "l": 1000, "t": 8050.513872}
{"r": 0.0, "l": 1000, "t": 8107.77685}
{"r": 0.0, "l": 1000, "t": 8167.529948}
{"r": 0.0, "l": 1000, "t": 8224.820253}
{"r": 0.0, "l": 1000, "t": 8279.244447}
{"r": 0.0, "l": 1000, "t": 8337.380461}
{"r": 0.0, "l": 1000, "t": 8394.311346}
{"r": 0.0, "l": 1000, "t": 8450.401616}
{"r": 0.0, "l": 1000, "t": 8508.269794}
{"r": 0.0, "l": 1000, "t": 8568.684298}
{"r": 0.0, "l": 1000, "t": 8627.358881}
{"r": 0.0, "l": 1000,