{"gym_version": "0.9.3", "env_id": "GridWorldNoFrameskip-v4", "t_start": 1517447611.9892507}
{"l": 1000, "r": 1, "t": 15.378517}
{"l": 1000, "r": -1, "t": 17.040001}
{"l": 1000, "r": -22, "t": 18.701487}
{"l": 1000, "r": -92, "t": 20.344644}
{"l": 1000, "r": -16, "t": 21.94981}
{"l": 1000, "r": 31, "t": 23.52096}
{"l": 1000, "r": -20, "t": 25.077934}
{"l": 1000, "r": -16, "t": 26.62328}
{"l": 1000, "r": -11, "t": 28.196609}
{"l": 1000, "r": -29, "t": 29.777501}
{"l": 1000, "r": -34, "t": 31.384339}
{"l": 1000, "r": -12, "t": 32.956867}
{"l": 1000, "r": -68, "t": 34.553345}
{"l": 1000, "r": 19, "t": 36.155196}
{"l": 1000, "r": -33, "t": 37.742979}
{"l": 1000, "r": 28, "t": 39.337421}
{"l": 1000, "r": 84, "t": 40.939693}
{"l": 1000, "r": 4, "t": 42.539598}
{"l": 1000, "r": -19, "t": 44.124001}
{"l": 1000, "r": 33, "t": 45.774544}
{"l": 1000, "r": -12, "t": 47.382621}
{"l": 1000, "r": 31, "t": 48.99401}
{"l": 1000, "r": -30, "t": 50.557254}
{"l": 1000, "r": -21, "t": 52.157537}
{"l": 1000, "r": 16, "t": 53.7709}
{"l": 1000, "r": -60, "t": 55.393743}
{"l": 1000, "r": -21, "t": 56.99511}
{"l": 1000, "r": -17, "t": 58.54967}
{"l": 1000, "r": 16, "t": 60.070131}
{"l": 1000, "r": -49, "t": 61.632299}
{"l": 1000, "r": -63, "t": 63.198965}
{"l": 1000, "r": 0, "t": 64.791266}
{"l": 1000, "r": -35, "t": 66.382099}
{"l": 1000, "r": 34, "t": 67.977037}
{"l": 1000, "r": -44, "t": 69.537577}
{"l": 1000, "r": -1, "t": 71.137998}
{"l": 1000, "r": -52, "t": 72.709375}
{"l": 1000, "r": 22, "t": 74.262458}
{"l": 1000, "r": -3, "t": 75.83089}
{"l": 1000, "r": 62, "t": 77.430976}
{"l": 1000, "r": 14, "t": 79.006918}
{"l": 1000, "r": -13, "t": 80.619157}
{"l": 1000, "r": 4, "t": 82.229454}
{"l": 1000, "r": 53, "t": 83.818848}
{"l": 1000, "r": -27, "t": 85.40259}
{"l": 1000, "r": -16, "t": 87.00286}
{"l": 1000, "r": -10, "t": 88.573134}
{"l": 1000, "r": 1, "t": 90.164852}
{"l": 1000, "r": 47, "t": 91.767064}
{"l": 1000, "r": -21, "t": 93.344722}
{"l": 1000, "r": -23, "t": 94.921675}
{"l": 1000, "r": -26, "t": 96.493315}
{"l": 1000, "r": -36, "t": 98.082028}
{"l": 1000, "r": 20, "t": 99.670061}
{"l": 1000, "r": 24, "t": 101.237335}
{"l": 1000, "r": -5, "t": 102.873933}
{"l": 1000, "r": -21, "t": 104.487617}
{"l": 1000, "r": 71, "t": 106.104731}
{"l": 1000, "r": 83, "t": 107.719792}
{"l": 1000, "r": -21, "t": 109.323304}
{"l": 1000, "r": 42, "t": 110.941358}
{"l": 1000, "r": 47, "t": 112.528438}
{"l": 1000, "r": -72, "t": 114.118402}
{"l": 1000, "r": 6, "t": 115.693614}
{"l": 1000, "r": 36, "t": 117.283411}
{"l": 1000, "r": 32, "t": 118.874849}
{"l": 1000, "r": -9, "t": 120.503847}
{"l": 1000, "r": -5, "t": 122.097875}
{"l": 1000, "r": -37, "t": 123.730236}
{"l": 1000, "r": 70, "t": 125.325342}
{"l": 1000, "r": 18, "t": 126.964078}
{"l": 1000, "r": -16, "t": 128.566716}
{"l": 1000, "r": -24, "t": 130.157808}
{"l": 1000, "r": 36, "t": 131.771069}
{"l": 1000, "r": -2, "t": 133.356029}
{"l": 1000, "r": 26, "t": 134.940436}
{"l": 1000, "r": 20, "t": 136.540047}
{"l": 1000, "r": 95, "t": 138.134867}
{"l": 1000, "r": -15, "t": 139.735043}
{"l": 1000, "r": -30, "t": 141.334562}
{"l": 1000, "r": 56, "t": 142.952057}
{"l": 1000, "r": 22, "t": 144.533184}
{"l": 1000, "r": -25, "t": 146.138081}
{"l": 1000, "r": -63, "t": 147.759702}
{"l": 1000, "r": -9, "t": 149.36886}
{"l": 1000, "r": 19, "t": 150.98105}
{"l": 1000, "r": 2, "t": 152.573616}
{"l": 1000, "r": -18, "t": 154.183897}
{"l": 1000, "r": 5, "t": 155.784675}
{"l": 1000, "r": -22, "t": 157.392036}
{"l": 1000, "r": 89, "t": 158.990599}
{"l": 1000, "r": 0, "t": 160.609416}
{"l": 1000, "r": -28, "t": 162.217828}
{"l": 1000, "r": 27, "t": 163.849637}
{"l": 1000, "r": 4, "t": 165.44236}
{"l": 1000, "r": -75, "t": 167.080735}
{"l": 1000, "r": -31, "t": 168.688685}
{"l": 1000, "r": 58, "t": 170.315995}
{"l": 1000, "r": -9, "t": 171.89427}
{"l": 1000, "r": 54, "t": 173.540832}
{"l": 1000, "r": 11, "t": 175.157079}
{"l": 1000, "r": -53, "t": 176.792248}
{"l": 1000, "r": -2, "t": 178.389221}
{"l": 1000, "r": 7, "t": 180.035642}
{"l": 1000, "r": -36, "t": 181.682938}
{"l": 1000, "r": -7, "t": 183.284278}
{"l": 1000, "r": -1, "t": 184.892772}
{"l": 1000, "r": 24, "t": 186.510261}
{"l": 1000, "r": -23, "t": 188.146174}
{"l": 1000, "r": -42, "t": 189.77883}
{"l": 1000, "r": -29, "t": 191.427321}
{"l": 1000, "r": 44, "t": 193.045255}
{"l": 1000, "r": 11, "t": 194.634215}
{"l": 1000, "r": 44, "t": 196.24114}
{"l": 1000, "r": 19, "t": 197.886369}
{"l": 1000, "r": 22, "t": 199.521523}
{"l": 1000, "r": 11, "t": 201.140027}
{"l": 1000, "r": 13, "t": 202.760619}
{"l": 1000, "r": 59, "t": 204.391388}
{"l": 1000, "r": 33, "t": 206.010012}
{"l": 1000, "r": 36, "t": 207.639963}
{"l": 1000, "r": 6, "t": 209.241862}
{"l": 1000, "r": 25, "t": 210.88271}
{"l": 1000, "r": 72, "t": 212.505867}
{"l": 1000, "r": 44, "t": 214.140292}
{"l": 1000, "r": -15, "t": 215.759167}
{"l": 1000, "r": -9, "t": 217.388767}
{"l": 1000, "r": 13, "t": 219.009676}
{"l": 1000, "r": -8, "t": 220.726899}
{"l": 1000, "r": 46, "t": 222.316421}
{"l": 1000, "r": 67, "t": 223.9617}
{"l": 1000, "r": 30, "t": 225.585062}
{"l": 1000, "r": 15, "t": 227.220147}
{"l": 1000, "r": 17, "t": 228.831121}
{"l": 1000, "r": 61, "t": 230.476751}
{"l": 1000, "r": 7, "t": 232.100966}
{"l": 1000, "r": 48, "t": 233.716469}
{"l": 1000, "r": 37, "t": 235.347855}
{"l": 1000, "r": 36, "t": 236.971464}
{"l": 1000, "r": -39, "t": 238.574756}
{"l": 1000, "r": -20, "t": 240.218915}
{"l": 1000, "r": 8, "t": 241.850076}
{"l": 1000, "r": -17, "t": 243.507938}
{"l": 1000, "r": 126, "t": 245.129134}
{"l": 1000, "r": 1, "t": 246.809659}
{"l": 1000, "r": -98, "t": 248.454475}
{"l": 1000, "r": 24, "t": 250.069224}
