{"gym_version": "0.9.3", "env_id": "GridWorldNoFrameskip-v4", "t_start": 1517447611.9898727}
{"l": 1000, "r": -39, "t": 15.429288}
{"l": 1000, "r": 86, "t": 17.095428}
{"l": 1000, "r": 36, "t": 18.708317}
{"l": 1000, "r": 4, "t": 20.399945}
{"l": 1000, "r": -28, "t": 22.023372}
{"l": 1000, "r": -12, "t": 23.573637}
{"l": 1000, "r": -11, "t": 25.145088}
{"l": 1000, "r": -52, "t": 26.68474}
{"l": 1000, "r": 30, "t": 28.253698}
{"l": 1000, "r": 4, "t": 29.782488}
{"l": 1000, "r": -44, "t": 31.332757}
{"l": 1000, "r": -92, "t": 32.891271}
{"l": 1000, "r": -56, "t": 34.466432}
{"l": 1000, "r": 28, "t": 36.046458}
{"l": 1000, "r": -5, "t": 37.619413}
{"l": 1000, "r": 0, "t": 39.194967}
{"l": 1000, "r": 97, "t": 40.764779}
{"l": 1000, "r": 3, "t": 42.391676}
{"l": 1000, "r": 42, "t": 43.984543}
{"l": 1000, "r": 1, "t": 45.626737}
{"l": 1000, "r": 58, "t": 47.232549}
{"l": 1000, "r": 12, "t": 48.835298}
{"l": 1000, "r": -46, "t": 50.40129}
{"l": 1000, "r": 12, "t": 51.974152}
{"l": 1000, "r": -15, "t": 53.626158}
{"l": 1000, "r": -111, "t": 55.216226}
{"l": 1000, "r": -19, "t": 56.800916}
{"l": 1000, "r": 1, "t": 58.384117}
{"l": 1000, "r": 14, "t": 59.932741}
{"l": 1000, "r": 28, "t": 61.529695}
{"l": 1000, "r": -33, "t": 63.109128}
{"l": 1000, "r": 18, "t": 64.673764}
{"l": 1000, "r": -24, "t": 66.231445}
{"l": 1000, "r": -84, "t": 67.840961}
{"l": 1000, "r": 2, "t": 69.433691}
{"l": 1000, "r": -46, "t": 71.004749}
{"l": 1000, "r": -16, "t": 72.574651}
{"l": 1000, "r": -46, "t": 74.117479}
{"l": 1000, "r": -23, "t": 75.68028}
{"l": 1000, "r": 98, "t": 77.258571}
{"l": 1000, "r": 24, "t": 78.84706}
{"l": 1000, "r": -20, "t": 80.42023}
{"l": 1000, "r": 63, "t": 82.059213}
{"l": 1000, "r": 5, "t": 83.649332}
{"l": 1000, "r": -2, "t": 85.254053}
{"l": 1000, "r": -9, "t": 86.868515}
{"l": 1000, "r": -18, "t": 88.456006}
{"l": 1000, "r": 4, "t": 90.032471}
{"l": 1000, "r": 33, "t": 91.613717}
{"l": 1000, "r": 40, "t": 93.18935}
{"l": 1000, "r": -15, "t": 94.770797}
{"l": 1000, "r": 18, "t": 96.339801}
{"l": 1000, "r": 26, "t": 97.901085}
{"l": 1000, "r": -31, "t": 99.468792}
{"l": 1000, "r": -68, "t": 101.069737}
{"l": 1000, "r": 26, "t": 102.673622}
{"l": 1000, "r": -62, "t": 104.258303}
{"l": 1000, "r": -35, "t": 105.873924}
{"l": 1000, "r": -3, "t": 107.489439}
{"l": 1000, "r": -18, "t": 109.118892}
{"l": 1000, "r": -85, "t": 110.733509}
{"l": 1000, "r": -7, "t": 112.309441}
{"l": 1000, "r": 28, "t": 113.895075}
{"l": 1000, "r": 46, "t": 115.507997}
{"l": 1000, "r": -28, "t": 117.075871}
{"l": 1000, "r": -6, "t": 118.654875}
{"l": 1000, "r": -48, "t": 120.290379}
{"l": 1000, "r": 59, "t": 121.923251}
{"l": 1000, "r": 1, "t": 123.510461}
{"l": 1000, "r": -42, "t": 125.100883}
{"l": 1000, "r": 68, "t": 126.760559}
{"l": 1000, "r": -10, "t": 128.352398}
{"l": 1000, "r": -25, "t": 129.946334}
{"l": 1000, "r": 33, "t": 131.515992}
{"l": 1000, "r": 10, "t": 133.095283}
{"l": 1000, "r": -32, "t": 134.689831}
{"l": 1000, "r": -45, "t": 136.287748}
{"l": 1000, "r": 46, "t": 137.867173}
{"l": 1000, "r": -41, "t": 139.487781}
{"l": 1000, "r": -45, "t": 141.096014}
{"l": 1000, "r": -48, "t": 142.716542}
{"l": 1000, "r": -11, "t": 144.294902}
{"l": 1000, "r": -103, "t": 145.88359}
{"l": 1000, "r": 40, "t": 147.479959}
{"l": 1000, "r": 16, "t": 149.063845}
{"l": 1000, "r": 10, "t": 150.649188}
{"l": 1000, "r": 0, "t": 152.252888}
{"l": 1000, "r": -30, "t": 153.865925}
{"l": 1000, "r": 27, "t": 155.461783}
{"l": 1000, "r": 28, "t": 157.06889}
{"l": 1000, "r": 17, "t": 158.711503}
{"l": 1000, "r": -16, "t": 160.297704}
{"l": 1000, "r": 12, "t": 161.916507}
{"l": 1000, "r": 19, "t": 163.519188}
{"l": 1000, "r": 19, "t": 165.1176}
{"l": 1000, "r": 25, "t": 166.72877}
{"l": 1000, "r": 39, "t": 168.339075}
{"l": 1000, "r": 74, "t": 169.942984}
{"l": 1000, "r": 33, "t": 171.560588}
{"l": 1000, "r": -15, "t": 173.184115}
{"l": 1000, "r": -51, "t": 174.78844}
{"l": 1000, "r": -10, "t": 176.405817}
{"l": 1000, "r": 47, "t": 178.009688}
{"l": 1000, "r": -37, "t": 179.660303}
{"l": 1000, "r": 39, "t": 181.311356}
{"l": 1000, "r": 44, "t": 182.916335}
{"l": 1000, "r": -33, "t": 184.548804}
{"l": 1000, "r": 4, "t": 186.158396}
{"l": 1000, "r": 9, "t": 187.777141}
{"l": 1000, "r": 91, "t": 189.409587}
{"l": 1000, "r": 8, "t": 191.03984}
{"l": 1000, "r": 30, "t": 192.622717}
{"l": 1000, "r": -48, "t": 194.216718}
{"l": 1000, "r": -27, "t": 195.834712}
{"l": 1000, "r": 44, "t": 197.4937}
{"l": 1000, "r": 15, "t": 199.123719}
{"l": 1000, "r": -9, "t": 200.754341}
{"l": 1000, "r": -27, "t": 202.385248}
{"l": 1000, "r": -59, "t": 204.013112}
{"l": 1000, "r": 8, "t": 205.619745}
{"l": 1000, "r": 4, "t": 207.228333}
{"l": 1000, "r": 66, "t": 208.871115}
{"l": 1000, "r": 4, "t": 210.47528}
{"l": 1000, "r": 61, "t": 212.13073}
{"l": 1000, "r": 23, "t": 213.781605}
{"l": 1000, "r": -80, "t": 215.397751}
{"l": 1000, "r": -1, "t": 217.029127}
{"l": 1000, "r": 48, "t": 218.655851}
{"l": 1000, "r": -65, "t": 220.408432}
{"l": 1000, "r": 16, "t": 222.022458}
{"l": 1000, "r": 34, "t": 223.647449}
{"l": 1000, "r": -38, "t": 225.266996}
{"l": 1000, "r": 32, "t": 226.880845}
{"l": 1000, "r": 5, "t": 228.477858}
{"l": 1000, "r": 16, "t": 230.120559}
{"l": 1000, "r": 39, "t": 231.722332}
{"l": 1000, "r": -7, "t": 233.331022}
{"l": 1000, "r": -66, "t": 234.956744}
{"l": 1000, "r": 35, "t": 236.574848}
{"l": 1000, "r": -65, "t": 238.201643}
{"l": 1000, "r": -3, "t": 239.836542}
{"l": 1000, "r": -6, "t": 241.503368}
{"l": 1000, "r": 32, "t": 243.122069}
{"l": 1000, "r": 80, "t": 244.785665}
{"l": 1000, "r": -29, "t": 246.472502}
{"l": 1000, "r": 4, "t": 248.12497}
{"l": 1000, "r": -27, "t": 249.701614}
