{"nupdates": 19000, "total_timesteps": 380000, "fps": 100, "policy_entropy": 1.2169784307479858, "value_loss": 0.00030494871316477656, "explained_variance": -0.3575698137283325}
{"nupdates": 19100, "total_timesteps": 382000, "fps": 100, "policy_entropy": 1.269737958908081, "value_loss": 5.3873129218118265e-05, "explained_variance": -1.8044023513793945}
{"nupdates": 19200, "total_timesteps": 384000, "fps": 99, "policy_entropy": 1.4238524436950684, "value_loss": 5.826148117193952e-05, "explained_variance": -7.354589462280273}
{"nupdates": 19300, "total_timesteps": 386000, "fps": 99, "policy_entropy": 1.6050291061401367, "value_loss": 6.645140092587098e-05, "explained_variance": -2.6681160926818848}
{"nupdates": 19400, "total_timesteps": 388000, "fps": 99, "policy_entropy": 1.585788369178772, "value_loss": 0.00016628639423288405, "explained_variance": -5.829181671142578}
{"nupdates": 19500, "total_timesteps": 390000, "fps": 98, "policy_entropy": 1.600103735923767, "value_loss": 2.768210288195405e-05, "explained_variance": 0.2581225633621216}
{"nupdates": 19600, "total_timesteps": 392000, "fps": 98, "policy_entropy": 1.4967806339263916, "value_loss": 0.0002532198268454522, "explained_variance": -0.44071507453918457}
{"nupdates": 19700, "total_timesteps": 394000, "fps": 97, "policy_entropy": 1.5411087274551392, "value_loss": 3.0140678063617088e-05, "explained_variance": -1.0175180435180664}
{"nupdates": 19800, "total_timesteps": 396000, "fps": 97, "policy_entropy": 1.6016514301300049, "value_loss": 6.56330375932157e-05, "explained_variance": -0.25132322311401367}
{"nupdates": 19900, "total_timesteps": 398000, "fps": 97, "policy_entropy": 1.603387475013733, "value_loss": 6.962243787711486e-05, "explained_variance": -0.636865496635437}
{"nupdates": 20000, "total_timesteps": 400000, "fps": 96, "policy_entropy": 1.5915849208831787, "value_loss": 3.964935604017228e-05, "explained_variance": -11.96053409576416}
{"nupdates": 20100, "total_timesteps": 402000, "fps": 96, "policy_entropy": 1.6054664850234985, "value_loss": 1.832330963225104e-05, "explained_variance": -0.21924149990081787}
{"nupdates": 20200, "total_timesteps": 404000, "fps": 96, "policy_entropy": 1.5939029455184937, "value_loss": 4.2164108890574425e-05, "explained_variance": -0.05423331260681152}
{"nupdates": 20300, "total_timesteps": 406000, "fps": 95, "policy_entropy": 1.6052017211914062, "value_loss": 2.5862555048661307e-05, "explained_variance": -0.017084836959838867}
{"nupdates": 20400, "total_timesteps": 408000, "fps": 95, "policy_entropy": 1.5977436304092407, "value_loss": 0.1228596568107605, "explained_variance": -0.2167801856994629}
{"nupdates": 20500, "total_timesteps": 410000, "fps": 95, "policy_entropy": 1.5674445629119873, "value_loss": 0.00014964684669394046, "explained_variance": -0.508427619934082}
{"nupdates": 20600, "total_timesteps": 412000, "fps": 94, "policy_entropy": 1.5543930530548096, "value_loss": 2.6212515876977704e-05, "explained_variance": -1.1112959384918213}
{"nupdates": 20700, "total_timesteps": 414000, "fps": 94, "policy_entropy": 1.5909792184829712, "value_loss": 3.850102984870318e-06, "explained_variance": -0.5340573787689209}
{"nupdates": 20800, "total_timesteps": 416000, "fps": 94, "policy_entropy": 1.6020244359970093, "value_loss": 3.5714965633815154e-05, "explained_variance": -0.42521941661834717}
{"nupdates": 20900, "total_timesteps": 418000, "fps": 93, "policy_entropy": 1.5583655834197998, "value_loss": 9.13682652026182e-06, "explained_variance": -0.6629989147186279}
{"nupdates": 21000, "total_timesteps": 420000, "fps": 93, "policy_entropy": 1.5928304195404053, "value_loss": 0.5678041577339172, "explained_variance": 0.0004705190658569336}
{"nupdates": 21100, "total_timesteps": 422000, "fps": 93, "policy_entropy": 1.5995185375213623, "value_loss": 0.04413158446550369, "explained_variance": 0.0078102946281433105}
{"nupdates": 21200, "total_timesteps": 424000, "fps": 92, "policy_entropy": 1.602142095565796, "value_loss": 0.0005804986576549709, "explained_variance": 0.004406154155731201}
{"nupdates": 21300, "total_timesteps": 426000, "fps": 92, "policy_entropy": 1.6047966480255127, "value_loss": 0.0006790111074224114, "explained_variance": 0.11368530988693237}
{"nupdates": 21400, "total_timesteps": 428000, "fps": 92, "policy_entropy": 1.556996464729309, "value_loss": 0.00017941970145329833, "explained_variance": -0.22515416145324707}
{"nupdates": 21500, "total_timesteps": 430000, "fps": 91, "policy_entropy": 1.5725436210632324, "value_loss": 0.00010879042383749038, "explained_variance": -0.1237185001373291}
{"nupdates": 21600, "total_timesteps": 432000, "fps": 91, "policy_entropy": 1.5849052667617798, "value_loss": 0.47026681900024414, "explained_variance": -0.0007055997848510742}
{"nupdates": 21700, "total_timesteps": 434000, "fps": 91, "policy_entropy": 1.5954234600067139, "value_loss": 0.0006706108106300235, "explained_variance": -0.09693944454193115}
{"nupdates": 21800, "total_timesteps": 436000, "fps": 91, "policy_entropy": 1.5861961841583252, "value_loss": 6.489804218290374e-05, "explained_variance": -0.010340452194213867}
{"nupdates": 21900, "total_timesteps": 438000, "fps": 90, "policy_entropy": 1.5899906158447266, "value_loss": 0.0001500579237472266, "explained_variance": 0.1147693395614624}
{"nupdates": 22000, "total_timesteps": 440000, "fps": 90, "policy_entropy": 1.574329137802124, "value_loss": 7.920313692011405e-06, "explained_variance": -0.45572447776794434}
{"nupdates": 22100, "total_timesteps": 442000, "fps": 90, "policy_entropy": 1.5929654836654663, "value_loss": 8.139817509800196e-06, "explained_variance": -0.9206211566925049}
{"nupdates": 22200, "total_timesteps": 444000, "fps": 90, "policy_entropy": 1.5909080505371094, "value_loss": 1.7678525182418525e-05, "explained_variance": -2.166577100753784}
{"nupdates": 22300, "total_timesteps": 446000, "fps": 89, "policy_entropy": 1.6039741039276123, "value_loss": 2.6105649340024684e-06, "explained_variance": 0.16973280906677246}
{"nupdates": 22400, "total_timesteps": 448000, "fps": 89, "policy_entropy": 1.6003444194793701, "value_loss": 5.9257786233501974e-06, "explained_variance": -2.6909918785095215}
{"nupdates": 22500, "total_timesteps": 450000, "fps": 89, "policy_entropy": 1.582378625869751, "value_loss": 9.791285719984444e-07, "explained_variance": 0.3511870503425598}
{"nupdates": 22600, "total_timesteps": 452000, "fps": 88, "policy_entropy": 1.5830574035644531, "value_loss": 5.900117230339674e-07, "explained_variance": -0.28015339374542236}
{"nupdates": 22700, "total_timesteps": 454000, "fps": 88, "policy_entropy": 1.6043941974639893, "value_loss": 1.0020327863458078e-05, "explained_variance": -2.5668699741363525}
{"nupdates": 22800, "total_timesteps": 456000, "fps": 88, "policy_entropy": 1.5961735248565674, "value_loss": 3.2624689083604608e-06, "explained_variance": -4.596039295196533}
{"nupdates": 22900, "total_timesteps": 458000, "fps": 88, "policy_entropy": 1.6028019189834595, "value_loss": 2.912492504947295e-07, "explained_variance": -5.644649505615234}
{"nupdates": 23000, "total_timesteps": 460000, "fps": 88, "policy_entropy": 1.6008895635604858, "value_loss": 1.0880397667278885e-06, "explained_variance": -0.20777535438537598}
{"nupdates": 23100, "total_timesteps": 462000, "fps": 87, "policy_entropy": 1.5897496938705444, "value_loss": 1.9978310774604324e-06, "explained_variance": -0.9056663513183594}
{"nupdates": 23200, "total_timesteps": 464000, "fps": 87, "policy_entropy": 1.6076561212539673, "value_loss": 1.8416503735352308e-06, "explained_variance": -5.280059337615967}
{"nupdates": 23300, "total_timesteps": 466000, "fps": 87, "policy_entropy": 1.6073116064071655, "value_loss": 1.1367989145583124e-06, "explained_variance": -0.06549406051635742}
{"nupdates": 23400, "total_timesteps": 468000, "fps": 87, "policy_entropy": 1.6046676635742188, "value_loss": 1.6776160691733821e-06, "explained_variance": 0.011420369148254395}
{"nupdates": 23500, "total_timesteps": 470000, "fps": 86,