{"t_start": 1514545096.4713116, "gym_version": "0.9.2", "env_id": "GridWorldNoFrameskip-v4"}
{"r": 0.0, "l": 1000, "t": 16.317687}
{"r": 0.0, "l": 1000, "t": 35.946308}
{"r": 0.0, "l": 1000, "t": 55.164195}
{"r": 0.0, "l": 1000, "t": 76.463576}
{"r": 0.0, "l": 1000, "t": 98.594587}
{"r": 0.0, "l": 1000, "t": 119.914884}
{"r": 0.0, "l": 1000, "t": 138.231404}
{"r": 0.0, "l": 1000, "t": 156.340921}
{"r": 0.0, "l": 1000, "t": 174.915654}
{"r": 0.0, "l": 1000, "t": 191.741654}
{"r": 0.0, "l": 1000, "t": 210.257691}
{"r": 0.0, "l": 1000, "t": 228.70286}
{"r": 0.0, "l": 1000, "t": 244.520497}
{"r": 0.0, "l": 1000, "t": 263.557383}
{"r": 0.0, "l": 1000, "t": 282.427277}
{"r": 0.0, "l": 1000, "t": 298.072697}
{"r": 0.0, "l": 1000, "t": 316.640952}
{"r": 0.0, "l": 1000, "t": 332.618341}
{"r": 0.0, "l": 1000, "t": 350.855233}
{"r": 0.0, "l": 1000, "t": 366.40487}
{"r": 0.0, "l": 1000, "t": 385.173445}
{"r": 0.0, "l": 1000, "t": 404.103517}
{"r": 0.0, "l": 1000, "t": 420.025213}
{"r": 0.0, "l": 1000, "t": 438.036787}
{"r": 0.0, "l": 1000, "t": 456.362757}
{"r": 0.0, "l": 1000, "t": 474.951633}
{"r": 0.0, "l": 1000, "t": 490.746708}
{"r": 0.0, "l": 1000, "t": 509.633887}
{"r": 0.0, "l": 1000, "t": 528.064536}
{"r": 0.0, "l": 1000, "t": 544.556202}
{"r": 0.0, "l": 1000, "t": 562.998035}
{"r": 0.0, "l": 1000, "t": 581.128227}
{"r": 0.0, "l": 1000, "t": 596.826294}
{"r": 0.0, "l": 1000, "t": 612.58145}
{"r": 0.0, "l": 1000, "t": 628.512952}
{"r": 0.0, "l": 1000, "t": 646.751525}
{"r": 0.0, "l": 1000, "t": 662.560607}
{"r": 0.0, "l": 1000, "t": 678.317533}
{"r": 0.0, "l": 1000, "t": 696.182606}
{"r": 0.0, "l": 1000, "t": 714.172645}
{"r": 0.0, "l": 1000, "t": 729.692523}
{"r": 0.0, "l": 1000, "t": 745.192307}
{"r": 0.0, "l": 1000, "t": 760.595546}
{"r": 0.0, "l": 1000, "t": 778.338596}
{"r": 0.0, "l": 1000, "t": 793.476847}
{"r": 0.0, "l": 1000, "t": 808.686458}
{"r": 0.0, "l": 1000, "t": 824.289441}
{"r": 0.0, "l": 1000, "t": 841.905598}
{"r": 0.0, "l": 1000, "t": 857.906718}
{"r": 0.0, "l": 1000, "t": 873.157591}
{"r": 0.0, "l": 1000, "t": 891.631492}
{"r": 0.0, "l": 1000, "t": 909.116148}
{"r": 0.0, "l": 1000, "t": 926.812223}
{"r": 0.0, "l": 1000, "t": 941.51428}
{"r": 0.0, "l": 1000, "t": 959.125527}
{"r": 0.0, "l": 1000, "t": 974.097324}
{"r": 0.0, "l": 1000, "t": 991.413488}
{"r": 0.0, "l": 1000, "t": 1007.177546}
{"r": 0.0, "l": 1000, "t": 1025.402563}
{"r": 0.0, "l": 1000, "t": 1043.704498}
{"r": 0.0, "l": 1000, "t": 1059.357157}
{"r": 0.0, "l": 1000, "t": 1077.440481}
{"r": 0.0, "l": 1000, "t": 1095.486395}
{"r": 0.0, "l": 1000, "t": 1113.467322}
{"r": 0.0, "l": 1000, "t": 1129.166592}
{"r": 0.0, "l": 1000, "t": 1146.882999}
{"r": 0.0, "l": 1000, "t": 1162.137636}
{"r": 0.0, "l": 1000, "t": 1180.11266}
{"r": 0.0, "l": 1000, "t": 1195.951678}
{"r": 0.0, "l": 1000, "t": 1210.803252}
{"r": 0.0, "l": 1000, "t": 1228.294018}
{"r": 0.0, "l": 1000, "t": 1243.937507}
{"r": 0.0, "l": 1000, "t": 1262.004188}
{"r": 0.0, "l": 1000, "t": 1280.386275}
{"r": 0.0, "l": 1000, "t": 1298.493636}
{"r": 0.0, "l": 1000, "t": 1314.181502}
{"r": 0.0, "l": 1000, "t": 1331.831906}
{"r": 0.0, "l": 1000, "t": 1346.706823}
{"r": 0.0, "l": 1000, "t": 1364.522303}
{"r": 0.0, "l": 1000, "t": 1382.411097}
{"r": 0.0, "l": 1000, "t": 1398.001129}
{"r": 0.0, "l": 1000, "t": 1413.385142}
{"r": 0.0, "l": 1000, "t": 1430.645283}
{"r": 0.0, "l": 1000, "t": 1445.943028}
{"r": 0.0, "l": 1000, "t": 1463.246336}
{"r": 0.0, "l": 1000, "t": 1478.532175}
{"r": 0.0, "l": 1000, "t": 1496.002114}
{"r": 0.0, "l": 1000, "t": 1513.583298}
{"r": 0.0, "l": 1000, "t": 1529.184586}
{"r": 0.0, "l": 1000, "t": 1545.194152}
{"r": 0.0, "l": 1000, "t": 1562.627151}
{"r": 0.0, "l": 1000, "t": 1577.476907}
{"r": 0.0, "l": 1000, "t": 1594.700366}
{"r": 0.0, "l": 1000, "t": 1615.659779}
{"r": 0.0, "l": 1000, "t": 1633.085559}
{"r": 0.0, "l": 1000, "t": 1648.242286}
{"r": 0.0, "l": 1000, "t": 1666.484273}
{"r": 0.0, "l": 1000, "t": 1683.844876}
{"r": 0.0, "l": 1000, "t": 1701.710737}
{"r": 0.0, "l": 1000, "t": 1721.855119}
{"r": 0.0, "l": 1000, "t": 1739.778529}
{"r": 0.0, "l": 1000, "t": 1762.733567}
{"r": 0.0, "l": 1000, "t": 1783.046525}
{"r": 0.0, "l": 1000, "t": 1804.682822}
{"r": 0.0, "l": 1000, "t": 1828.363625}
{"r": 0.0, "l": 1000, "t": 1849.338361}
{"r": 0.0, "l": 1000, "t": 1873.138789}
{"r": 0.0, "l": 1000, "t": 1893.580419}
{"r": 0.0, "l": 1000, "t": 1914.244201}
{"r": 0.0, "l": 1000, "t": 1937.826666}
{"r": 0.0, "l": 1000, "t": 1960.773405}
{"r": 0.0, "l": 1000, "t": 1978.632943}
{"r": 0.0, "l": 1000, "t": 1999.24342}
{"r": 0.0, "l": 1000, "t": 2022.311381}
{"r": 0.0, "l": 1000, "t": 2043.061679}
{"r": 0.0, "l": 1000, "t": 2064.24429}
{"r": 0.0, "l": 1000, "t": 2086.669725}
{"r": 0.0, "l": 1000, "t": 2108.631973}
{"r": 0.0, "l": 1000, "t": 2131.367602}
{"r": 0.0, "l": 1000, "t": 2153.592103}
{"r": 0.0, "l": 1000, "t": 2175.142373}
{"r": 0.0, "l": 1000, "t": 2200.142578}
{"r": 0.0, "l": 1000, "t": 2222.075343}
{"r": 0.0, "l": 1000, "t": 2255.465495}
{"r": 0.0, "l": 1000, "t": 2321.960458}
{"r": 0.0, "l": 1000, "t": 2385.207667}
{"r": 0.0, "l": 1000, "t": 2449.050011}
{"r": 0.0, "l": 1000, "t": 2513.374044}
{"r": 0.0, "l": 1000, "t": 2575.931582}
{"r": 0.0, "l": 1000, "t": 2633.790272}
{"r": 0.0, "l": 1000, "t": 2698.238427}
{"r": 0.0, "l": 1000, "t": 2760.826412}
{"r": 0.0, "l": 1000, "t": 2826.195101}
{"r": 0.0, "l": 1000, "t": 2891.290657}
{"r": 0.0, "l": 1000, "t": 2955.292558}
{"r": 0.0, "l": 1000, "t": 3013.945024}
{"r": 0.0, "l": 1000, "t": 3069.464466}
{"r": 0.0, "l": 1000, "t": 3128.929711}
{"r": 0.0, "l": 1000, "t": 3184.652249}
{"r": 0.0, "l": 1000, "t": 3253.176064}
{"r": 0.0, "l": 1000, "t": 3316.07609}
{"r": 0.0, "l": 1000, "t": 3384.252535}
{"r": 0.0, "l": 1000, "t": 3444.589344}
{"r": 0.0, "l": 1000, "t": 3513.885805}
{"r": 0.0, "l": 1000, "t": 3569.752361}
{"r": 0.0, "l": 1000, "t": 3626.854151}
{"r": 0.0, "l": 1000, "t": 3680.312572}
{"r": 0.0, "l": 1000, "t": 3739.239194}
{"r": 0.0, "l": 1000, "t": 3802.362679}
{"r": 0.0, "l": 1000, "t": 3862.745698}
{"r": 0.0, "l": 1000, "t": 3921.861982}
{"r": 0.0, "l": 1000, "t": 3981.116346}
{"r": 0.0, "l": 1000, "t": 4039.375005}
{"r": 0.0, "l": 1000, "t": 4099.337426}
{"r": 0.0, "l": 1000, "t": 4157.792918}
{"r": 0.0, "l": 1000, "t": 4216.735458}
{"r": 0.0, "l": 1000, "t": 4280.228097}
{"r": 0.0, "l": 1000, "t": 4339.351234}
{"r": 0.0, "l": 1000, "t": 4397.401808}
{"r": 0.0, "l": 1000, "t": 4460.829118}
{"r": 0.0, "l": 1000, "t": 4523.479285}
{"r": 0.0, "l": 1000, "t": 4581.851928}
{"r": 0.0, "l": 1000, "t": 4640.832798}
{"r": 0.0, "l": 1000, "t": 4695.39755}
{"r": 0.0, "l": 1000, "t": 4752.500319}
{"r": 0.0, "l": 1000, "t": 4815.345081}
{"r": 0.0, "l": 1000, "t": 4875.629856}
{"r": 0.0, "l": 1000, "t": 4935.0658}
{"r": 0.0, "l": 1000, "t": 4993.382737}
{"r": 0.0, "l": 1000, "t": 5050.964947}
{"r": 0.0, "l": 1000, "t": 5112.159662}
{"r": 0.0, "l": 1000, "t": 5171.111924}
{"r": 0.0, "l": 1000, "t": 5231.190531}
{"r": 0.0, "l": 1000, "t": 5292.15477}
{"r": 0.0, "l": 1000, "t": 5349.372701}
{"r": 0.0, "l": 1000, "t": 5405.220438}
{"r": 0.0, "l": 1000, "t": 5462.026428}
{"r": 0.0, "l": 1000, "t": 5528.929086}
{"r": 0.0, "l": 1000, "t": 5589.23182}
{"r": 0.0, "l": 1000, "t": 5644.833278}
{"r": 0.0, "l": 1000, "t": 5711.118315}
{"r": 0.0, "l": 1000, "t": 5761.380531}
{"r": 0.0, "l": 1000, "t": 5821.293217}
{"r": 0.0, "l": 1000, "t": 5883.266138}
{"r": 0.0, "l": 1000, "t": 5941.986105}
{"r": 0.0, "l": 1000, "t": 5999.481981}
{"r": 0.0, "l": 1000, "t": 6057.735533}
{"r": 0.0, "l": 1000, "t": 6117.925544}
{"r": 0.0, "l": 1000, "t": 6177.565299}
{"r": 0.0, "l": 1000, "t": 6234.696823}
{"r": 0.0, "l": 1000, "t": 6293.617412}
{"r": 0.0, "l": 1000, "t": 6349.770406}
{"r": 0.0, "l": 1000, "t": 6404.793328}
{"r": 0.0, "l": 1000, "t": 6459.125424}
{"r": 0.0, "l": 1000, "t": 6519.950417}
{"r": 0.0, "l": 1000, "t": 6576.696012}
{"r": 0.0, "l": 1000, "t": 6633.7281}
{"r": 0.0, "l": 1000, "t": 6689.086704}
{"r": 0.0, "l": 1000, "t": 6746.98442}
{"r": 0.0, "l": 1000,