{"t_start": 1514545096.4714582, "gym_version": "0.9.2", "env_id": "GridWorldNoFrameskip-v4"}
{"r": 0.0, "l": 1000, "t": 16.332482}
{"r": 0.0, "l": 1000, "t": 35.764403}
{"r": 0.0, "l": 1000, "t": 54.964371}
{"r": 0.0, "l": 1000, "t": 76.231777}
{"r": 0.0, "l": 1000, "t": 98.566769}
{"r": 0.0, "l": 1000, "t": 117.341791}
{"r": 0.0, "l": 1000, "t": 137.952308}
{"r": 0.0, "l": 1000, "t": 156.311377}
{"r": 0.0, "l": 1000, "t": 174.775533}
{"r": 0.0, "l": 1000, "t": 191.580292}
{"r": 0.0, "l": 1000, "t": 210.092587}
{"r": 0.0, "l": 1000, "t": 228.530266}
{"r": 0.0, "l": 1000, "t": 244.336287}
{"r": 0.0, "l": 1000, "t": 261.030989}
{"r": 0.0, "l": 1000, "t": 282.142367}
{"r": 0.0, "l": 1000, "t": 297.745943}
{"r": 0.0, "l": 1000, "t": 316.371659}
{"r": 0.0, "l": 1000, "t": 332.334452}
{"r": 0.0, "l": 1000, "t": 348.097633}
{"r": 0.0, "l": 1000, "t": 365.930331}
{"r": 0.0, "l": 1000, "t": 384.763392}
{"r": 0.0, "l": 1000, "t": 400.804606}
{"r": 0.0, "l": 1000, "t": 419.387059}
{"r": 0.0, "l": 1000, "t": 437.453137}
{"r": 0.0, "l": 1000, "t": 455.780639}
{"r": 0.0, "l": 1000, "t": 471.735783}
{"r": 0.0, "l": 1000, "t": 490.091062}
{"r": 0.0, "l": 1000, "t": 508.912808}
{"r": 0.0, "l": 1000, "t": 524.808137}
{"r": 0.0, "l": 1000, "t": 543.626722}
{"r": 0.0, "l": 1000, "t": 559.959808}
{"r": 0.0, "l": 1000, "t": 577.910546}
{"r": 0.0, "l": 1000, "t": 593.797741}
{"r": 0.0, "l": 1000, "t": 609.56196}
{"r": 0.0, "l": 1000, "t": 627.7261}
{"r": 0.0, "l": 1000, "t": 643.066549}
{"r": 0.0, "l": 1000, "t": 659.294579}
{"r": 0.0, "l": 1000, "t": 674.836654}
{"r": 0.0, "l": 1000, "t": 692.695199}
{"r": 0.0, "l": 1000, "t": 710.680556}
{"r": 0.0, "l": 1000, "t": 726.007051}
{"r": 0.0, "l": 1000, "t": 744.151423}
{"r": 0.0, "l": 1000, "t": 757.0742}
{"r": 0.0, "l": 1000, "t": 774.720387}
{"r": 0.0, "l": 1000, "t": 790.082918}
{"r": 0.0, "l": 1000, "t": 805.117981}
{"r": 0.0, "l": 1000, "t": 820.971769}
{"r": 0.0, "l": 1000, "t": 838.794105}
{"r": 0.0, "l": 1000, "t": 856.832566}
{"r": 0.0, "l": 1000, "t": 872.022463}
{"r": 0.0, "l": 1000, "t": 888.031824}
{"r": 0.0, "l": 1000, "t": 905.700288}
{"r": 0.0, "l": 1000, "t": 923.399375}
{"r": 0.0, "l": 1000, "t": 938.193299}
{"r": 0.0, "l": 1000, "t": 955.95669}
{"r": 0.0, "l": 1000, "t": 971.422131}
{"r": 0.0, "l": 1000, "t": 988.255998}
{"r": 0.0, "l": 1000, "t": 1003.886733}
{"r": 0.0, "l": 1000, "t": 1021.936763}
{"r": 0.0, "l": 1000, "t": 1040.18171}
{"r": 0.0, "l": 1000, "t": 1055.846704}
{"r": 0.0, "l": 1000, "t": 1074.124662}
{"r": 0.0, "l": 1000, "t": 1092.334939}
{"r": 0.0, "l": 1000, "t": 1109.981217}
{"r": 0.0, "l": 1000, "t": 1128.406234}
{"r": 0.0, "l": 1000, "t": 1143.641268}
{"r": 0.0, "l": 1000, "t": 1161.159341}
{"r": 0.0, "l": 1000, "t": 1176.807492}
{"r": 0.0, "l": 1000, "t": 1194.501463}
{"r": 0.0, "l": 1000, "t": 1209.683398}
{"r": 0.0, "l": 1000, "t": 1225.137801}
{"r": 0.0, "l": 1000, "t": 1242.936653}
{"r": 0.0, "l": 1000, "t": 1261.186873}
{"r": 0.0, "l": 1000, "t": 1279.482791}
{"r": 0.0, "l": 1000, "t": 1295.245703}
{"r": 0.0, "l": 1000, "t": 1313.226717}
{"r": 0.0, "l": 1000, "t": 1328.537651}
{"r": 0.0, "l": 1000, "t": 1345.884683}
{"r": 0.0, "l": 1000, "t": 1361.637683}
{"r": 0.0, "l": 1000, "t": 1379.379834}
{"r": 0.0, "l": 1000, "t": 1394.571975}
{"r": 0.0, "l": 1000, "t": 1412.34223}
{"r": 0.0, "l": 1000, "t": 1427.582073}
{"r": 0.0, "l": 1000, "t": 1444.888258}
{"r": 0.0, "l": 1000, "t": 1460.104509}
{"r": 0.0, "l": 1000, "t": 1477.510168}
{"r": 0.0, "l": 1000, "t": 1493.114127}
{"r": 0.0, "l": 1000, "t": 1510.479956}
{"r": 0.0, "l": 1000, "t": 1526.351961}
{"r": 0.0, "l": 1000, "t": 1543.566347}
{"r": 0.0, "l": 1000, "t": 1559.382759}
{"r": 0.0, "l": 1000, "t": 1576.804067}
{"r": 0.0, "l": 1000, "t": 1593.913544}
{"r": 0.0, "l": 1000, "t": 1612.226499}
{"r": 0.0, "l": 1000, "t": 1629.694562}
{"r": 0.0, "l": 1000, "t": 1645.101819}
{"r": 0.0, "l": 1000, "t": 1665.037878}
{"r": 0.0, "l": 1000, "t": 1680.897777}
{"r": 0.0, "l": 1000, "t": 1698.565861}
{"r": 0.0, "l": 1000, "t": 1718.270065}
{"r": 0.0, "l": 1000, "t": 1736.66065}
{"r": 0.0, "l": 1000, "t": 1756.620725}
{"r": 0.0, "l": 1000, "t": 1777.264586}
{"r": 0.0, "l": 1000, "t": 1800.740278}
{"r": 0.0, "l": 1000, "t": 1824.701632}
{"r": 0.0, "l": 1000, "t": 1845.433636}
{"r": 0.0, "l": 1000, "t": 1867.031992}
{"r": 0.0, "l": 1000, "t": 1889.946551}
{"r": 0.0, "l": 1000, "t": 1910.63133}
{"r": 0.0, "l": 1000, "t": 1933.913435}
{"r": 0.0, "l": 1000, "t": 1954.607439}
{"r": 0.0, "l": 1000, "t": 1974.981721}
{"r": 0.0, "l": 1000, "t": 1995.93792}
{"r": 0.0, "l": 1000, "t": 2015.944374}
{"r": 0.0, "l": 1000, "t": 2036.848786}
{"r": 0.0, "l": 1000, "t": 2060.111565}
{"r": 0.0, "l": 1000, "t": 2082.42908}
{"r": 0.0, "l": 1000, "t": 2102.192409}
{"r": 0.0, "l": 1000, "t": 2127.053602}
{"r": 0.0, "l": 1000, "t": 2149.441361}
{"r": 0.0, "l": 1000, "t": 2171.086245}
{"r": 0.0, "l": 1000, "t": 2195.614595}
{"r": 0.0, "l": 1000, "t": 2215.482033}
{"r": 0.0, "l": 1000, "t": 2242.268115}
{"r": 0.0, "l": 1000, "t": 2308.320675}
{"r": 0.0, "l": 1000, "t": 2373.401773}
{"r": 0.0, "l": 1000, "t": 2435.612826}
{"r": 0.0, "l": 1000, "t": 2498.025668}
{"r": 0.0, "l": 1000, "t": 2564.261409}
{"r": 0.0, "l": 1000, "t": 2618.670086}
{"r": 0.0, "l": 1000, "t": 2685.890985}
{"r": 0.0, "l": 1000, "t": 2744.594897}
{"r": 0.0, "l": 1000, "t": 2805.032337}
{"r": 0.0, "l": 1000, "t": 2870.513687}
{"r": 0.0, "l": 1000, "t": 2937.333753}
{"r": 0.0, "l": 1000, "t": 2997.894685}
{"r": 0.0, "l": 1000, "t": 3056.911086}
{"r": 0.0, "l": 1000, "t": 3111.536783}
{"r": 0.0, "l": 1000, "t": 3170.040863}
{"r": 0.0, "l": 1000, "t": 3237.380772}
{"r": 0.0, "l": 1000, "t": 3304.578245}
{"r": 0.0, "l": 1000, "t": 3364.085132}
{"r": 0.0, "l": 1000, "t": 3426.029134}
{"r": 0.0, "l": 1000, "t": 3490.707164}
{"r": 0.0, "l": 1000, "t": 3552.472145}
{"r": 0.0, "l": 1000, "t": 3608.633542}
{"r": 0.0, "l": 1000, "t": 3662.514687}
{"r": 0.0, "l": 1000, "t": 3721.16554}
{"r": 0.0, "l": 1000, "t": 3786.53675}
{"r": 0.0, "l": 1000, "t": 3844.376192}
{"r": 0.0, "l": 1000, "t": 3902.979913}
{"r": 0.0, "l": 1000, "t": 3963.859102}
{"r": 0.0, "l": 1000, "t": 4020.778178}
{"r": 0.0, "l": 1000, "t": 4085.017976}
{"r": 0.0, "l": 1000, "t": 4141.254542}
{"r": 0.0, "l": 1000, "t": 4201.867355}
{"r": 0.0, "l": 1000, "t": 4261.995203}
{"r": 0.0, "l": 1000, "t": 4322.725755}
{"r": 0.0, "l": 1000, "t": 4379.998781}
{"r": 0.0, "l": 1000, "t": 4442.918206}
{"r": 0.0, "l": 1000, "t": 4502.990053}
{"r": 0.0, "l": 1000, "t": 4562.259755}
{"r": 0.0, "l": 1000, "t": 4622.061762}
{"r": 0.0, "l": 1000, "t": 4681.86319}
{"r": 0.0, "l": 1000, "t": 4741.316633}
{"r": 0.0, "l": 1000, "t": 4801.499594}
{"r": 0.0, "l": 1000, "t": 4857.359046}
{"r": 0.0, "l": 1000, "t": 4918.903459}
{"r": 0.0, "l": 1000, "t": 4979.577732}
{"r": 0.0, "l": 1000, "t": 5037.48651}
{"r": 0.0, "l": 1000, "t": 5096.985664}
{"r": 0.0, "l": 1000, "t": 5156.64452}
{"r": 0.0, "l": 1000, "t": 5218.249556}
{"r": 0.0, "l": 1000, "t": 5277.211822}
{"r": 0.0, "l": 1000, "t": 5336.231673}
{"r": 0.0, "l": 1000, "t": 5394.263513}
{"r": 0.0, "l": 1000, "t": 5448.693136}
{"r": 0.0, "l": 1000, "t": 5514.938212}
{"r": 0.0, "l": 1000, "t": 5576.763557}
{"r": 0.0, "l": 1000, "t": 5631.911575}
{"r": 0.0, "l": 1000, "t": 5696.453932}
{"r": 0.0, "l": 1000, "t": 5747.762406}
{"r": 0.0, "l": 1000, "t": 5807.654201}
{"r": 0.0, "l": 1000, "t": 5869.776378}
{"r": 0.0, "l": 1000, "t": 5926.584242}
{"r": 0.0, "l": 1000, "t": 5986.526074}
{"r": 0.0, "l": 1000, "t": 6044.313864}
{"r": 0.0, "l": 1000, "t": 6104.026634}
{"r": 0.0, "l": 1000, "t": 6167.207346}
{"r": 0.0, "l": 1000, "t": 6221.093458}
{"r": 0.0, "l": 1000, "t": 6280.721376}
{"r": 0.0, "l": 1000, "t": 6335.98063}
{"r": 0.0, "l": 1000, "t": 6391.280959}
{"r": 0.0, "l": 1000, "t": 6447.153441}
{"r": 0.0, "l": 1000, "t": 6506.818447}
{"r": 0.0, "l": 1000, "t": 6562.65088}
{"r": 0.0, "l": 1000, "t": 6617.07537}
{"r": 0.0, "l": 1000, "t": 6678.127192}
{"r": 0.0, "l": 1000, "t": 6732.22754}
{"r": 0.0, "l": 1000,