{"nupdates": 14800, "total_timesteps": 296000, "fps": 23, "policy_entropy": 1.2028541564941406, "value_loss": 0.0016413424164056778, "explained_variance": -0.14410006999969482}
{"nupdates": 14900, "total_timesteps": 298000, "fps": 23, "policy_entropy": 1.2228524684906006, "value_loss": 1.3993810171086807e-05, "explained_variance": -2.0322701930999756}
{"nupdates": 15000, "total_timesteps": 300000, "fps": 23, "policy_entropy": 1.3463380336761475, "value_loss": 1.1458892913651653e-05, "explained_variance": -0.8676203489303589}
{"nupdates": 15100, "total_timesteps": 302000, "fps": 23, "policy_entropy": 1.5792478322982788, "value_loss": 3.0266332942119334e-06, "explained_variance": 0.3774426579475403}
{"nupdates": 15200, "total_timesteps": 304000, "fps": 23, "policy_entropy": 1.6063255071640015, "value_loss": 2.8974671295145527e-05, "explained_variance": -18.38153839111328}
{"nupdates": 15300, "total_timesteps": 306000, "fps": 23, "policy_entropy": 1.6043336391448975, "value_loss": 1.4632883903686889e-05, "explained_variance": 0.013924777507781982}
{"nupdates": 15400, "total_timesteps": 308000, "fps": 23, "policy_entropy": 1.6021461486816406, "value_loss": 2.716933704505209e-05, "explained_variance": -3.0189285278320312}
{"nupdates": 15500, "total_timesteps": 310000, "fps": 22, "policy_entropy": 1.5769612789154053, "value_loss": 0.0001474508608225733, "explained_variance": -0.21991229057312012}
{"nupdates": 15600, "total_timesteps": 312000, "fps": 22, "policy_entropy": 1.5814670324325562, "value_loss": 1.6382336980313994e-05, "explained_variance": 0.20596933364868164}
{"nupdates": 15700, "total_timesteps": 314000, "fps": 22, "policy_entropy": 1.5183706283569336, "value_loss": 4.7193792852340266e-05, "explained_variance": -1.7502715587615967}
{"nupdates": 15800, "total_timesteps": 316000, "fps": 22, "policy_entropy": 1.5615402460098267, "value_loss": 0.00018152440316043794, "explained_variance": -0.11451184749603271}
{"nupdates": 15900, "total_timesteps": 318000, "fps": 22, "policy_entropy": 1.6061779260635376, "value_loss": 4.525223630480468e-05, "explained_variance": 0.31088370084762573}
{"nupdates": 16000, "total_timesteps": 320000, "fps": 22, "policy_entropy": 1.607970952987671, "value_loss": 8.13210408523446e-06, "explained_variance": -0.259660005569458}
{"nupdates": 16100, "total_timesteps": 322000, "fps": 22, "policy_entropy": 1.5976319313049316, "value_loss": 2.0288100131438114e-05, "explained_variance": -0.4796445369720459}
