{"nupdates": 18900, "total_timesteps": 378000, "fps": 103, "policy_entropy": 1.2478328943252563, "value_loss": 3.471469244686887e-05, "explained_variance": -0.2129955291748047}
{"nupdates": 19000, "total_timesteps": 380000, "fps": 102, "policy_entropy": 1.3267308473587036, "value_loss": 3.105388532276265e-05, "explained_variance": -0.6521450281143188}
{"nupdates": 19100, "total_timesteps": 382000, "fps": 102, "policy_entropy": 1.5058428049087524, "value_loss": 2.5580762667232193e-05, "explained_variance": -1.4810752868652344}
{"nupdates": 19200, "total_timesteps": 384000, "fps": 101, "policy_entropy": 1.5943281650543213, "value_loss": 0.00023258411965798587, "explained_variance": -10.619132995605469}
{"nupdates": 19300, "total_timesteps": 386000, "fps": 101, "policy_entropy": 1.6038036346435547, "value_loss": 6.825835589552298e-05, "explained_variance": 0.15350323915481567}
{"nupdates": 19400, "total_timesteps": 388000, "fps": 100, "policy_entropy": 1.5892456769943237, "value_loss": 0.0002355552278459072, "explained_variance": -12.66569995880127}
{"nupdates": 19500, "total_timesteps": 390000, "fps": 100, "policy_entropy": 1.6022930145263672, "value_loss": 6.76937197567895e-05, "explained_variance": 0.011099278926849365}
{"nupdates": 19600, "total_timesteps": 392000, "fps": 100, "policy_entropy": 1.591817855834961, "value_loss": 0.0002649532980285585, "explained_variance": -1.3399553298950195}
{"nupdates": 19700, "total_timesteps": 394000, "fps": 99, "policy_entropy": 1.600306749343872, "value_loss": 0.00014026768621988595, "explained_variance": -1.3051934242248535}
{"nupdates": 19800, "total_timesteps": 396000, "fps": 99, "policy_entropy": 1.5866620540618896, "value_loss": 9.873615636024624e-05, "explained_variance": -0.7169356346130371}
{"nupdates": 19900, "total_timesteps": 398000, "fps": 99, "policy_entropy": 1.6011765003204346, "value_loss": 9.777392551768571e-05, "explained_variance": -9.349919319152832}
{"nupdates": 20000, "total_timesteps": 400000, "fps": 98, "policy_entropy": 1.6084392070770264, "value_loss": 0.005642464850097895, "explained_variance": 0.03644019365310669}
{"nupdates": 20100, "total_timesteps": 402000, "fps": 98, "policy_entropy": 1.6056896448135376, "value_loss": 0.007153580896556377, "explained_variance": -0.07656848430633545}
{"nupdates": 20200, "total_timesteps": 404000, "fps": 97, "policy_entropy": 1.6003509759902954, "value_loss": 1.6271085769403726e-05, "explained_variance": -0.3130784034729004}
{"nupdates": 20300, "total_timesteps": 406000, "fps": 97, "policy_entropy": 1.6071563959121704, "value_loss": 1.1766713214456104e-05, "explained_variance": -1.6078922748565674}
{"nupdates": 20400, "total_timesteps": 408000, "fps": 97, "policy_entropy": 1.6077768802642822, "value_loss": 1.2819373296224512e-05, "explained_variance": -2.2410318851470947}
{"nupdates": 20500, "total_timesteps": 410000, "fps": 96, "policy_entropy": 1.6017040014266968, "value_loss": 6.297222171269823e-06, "explained_variance": -2.3341972827911377}
{"nupdates": 20600, "total_timesteps": 412000, "fps": 96, "policy_entropy": 1.6091254949569702, "value_loss": 2.0211660739732906e-05, "explained_variance": -0.309420108795166}
{"nupdates": 20700, "total_timesteps": 414000, "fps": 96, "policy_entropy": 1.6093876361846924, "value_loss": 2.5206933059962466e-05, "explained_variance": 0.09135299921035767}
{"nupdates": 20800, "total_timesteps": 416000, "fps": 95, "policy_entropy": 1.6090056896209717, "value_loss": 0.0008696891600266099, "explained_variance": 0.06967711448669434}
{"nupdates": 20900, "total_timesteps": 418000, "fps": 95, "policy_entropy": 1.589083194732666, "value_loss": 0.0004339165461715311, "explained_variance": 0.0040985941886901855}
{"nupdates": 21000, "total_timesteps": 420000, "fps": 95, "policy_entropy": 1.609405279159546, "value_loss": 2.2684276700601913e-05, "explained_variance": -0.3126407861709595}
{"nupdates": 21100, "total_timesteps": 422000, "fps": 94, "policy_entropy": 1.6094162464141846, "value_loss": 1.1139209163957275e-05, "explained_variance": 1.1920928955078125e-07}
{"nupdates": 21200, "total_timesteps": 424000, "fps": 94, "policy_entropy": 1.6093915700912476, "value_loss": 7.812259354977868e-06, "explained_variance": 0.007908880710601807}
{"nupdates": 21300, "total_timesteps": 426000, "fps": 94, "policy_entropy": 1.6088578701019287, "value_loss": 0.003239646553993225, "explained_variance": 0.005948185920715332}
{"nupdates": 21400, "total_timesteps": 428000, "fps": 93, "policy_entropy": 1.6092792749404907, "value_loss": 9.554886673868168e-06, "explained_variance": -0.22052907943725586}
{"nupdates": 21500, "total_timesteps": 430000, "fps": 93, "policy_entropy": 1.6093189716339111, "value_loss": 4.620547770173289e-06, "explained_variance": -0.11278820037841797}
{"nupdates": 21600, "total_timesteps": 432000, "fps": 93, "policy_entropy": 1.6092216968536377, "value_loss": 5.9471867643878795e-06, "explained_variance": 0.023633718490600586}
{"nupdates": 21700, "total_timesteps": 434000, "fps": 92, "policy_entropy": 1.6091899871826172, "value_loss": 7.360178187809652e-06, "explained_variance": -0.16736197471618652}
{"nupdates": 21800, "total_timesteps": 436000, "fps": 92, "policy_entropy": 1.6092506647109985, "value_loss": 4.35114634456113e-06, "explained_variance": 0.018674015998840332}
{"nupdates": 21900, "total_timesteps": 438000, "fps": 92, "policy_entropy": 1.609159231185913, "value_loss": 4.32191109211999e-06, "explained_variance": -0.0014597177505493164}
{"nupdates": 22000, "total_timesteps": 440000, "fps": 92, "policy_entropy": 1.609151840209961, "value_loss": 4.191958396404516e-06, "explained_variance": -0.0023207664489746094}
{"nupdates": 22100, "total_timesteps": 442000, "fps": 91, "policy_entropy": 1.6091569662094116, "value_loss": 1.7753220618033083e-06, "explained_variance": 0.005064129829406738}
{"nupdates": 22200, "total_timesteps": 444000, "fps": 91, "policy_entropy": 1.6090816259384155, "value_loss": 3.2373195608670358e-06, "explained_variance": 0.00980156660079956}
{"nupdates": 22300, "total_timesteps": 446000, "fps": 91, "policy_entropy": 1.6090857982635498, "value_loss": 3.6814612940361258e-06, "explained_variance": 0.14548635482788086}
{"nupdates": 22400, "total_timesteps": 448000, "fps": 90, "policy_entropy": 1.6091305017471313, "value_loss": 5.558929842663929e-06, "explained_variance": 0.09843933582305908}
{"nupdates": 22500, "total_timesteps": 450000, "fps": 90, "policy_entropy": 1.6091063022613525, "value_loss": 4.1798602978815325e-06, "explained_variance": 5.960464477539063e-08}
{"nupdates": 22600, "total_timesteps": 452000, "fps": 90, "policy_entropy": 1.6091095209121704, "value_loss": 2.2916940451978007e-06, "explained_variance": 0.0}
{"nupdates": 22700, "total_timesteps": 454000, "fps": 90, "policy_entropy": 1.609216332435608, "value_loss": 4.266521955287317e-06, "explained_variance": -0.01753544807434082}
{"nupdates": 22800, "total_timesteps": 456000, "fps": 89, "policy_entropy": 1.6092147827148438, "value_loss": 1.913098230943433e-06, "explained_variance": -0.011276960372924805}
{"nupdates": 22900, "total_timesteps": 458000, "fps": 89, "policy_entropy": 1.6092389822006226, "value_loss": 1.956231471922365e-06, "explained_variance": -0.016291141510009766}
{"nupdates": 23000, "total_timesteps": 460000, "fps": 89, "policy_entropy": 1.6092971563339233, "value_loss": 3.398108674446121e-06, "explained_variance": -0.0123368501663208}
{"nupdates": 23100, "total_timesteps": 462000, "fps": 89, "policy_entropy": 1.6093171834945679, "value_loss": 3.511094746500021e-06, "explained_variance": -0.021373629570007324}
{"nupdates": 23200, "total_timesteps": 464000, "fps": 88, "policy_entropy": 1.6093504428863525, "value_loss": 3.8887737900950015e-06, "explained_variance": 0.04504513740539551}
{"nupdates": 23300, "total_timesteps": 466000, "fps": 88, "policy_entropy": 1.609362006187439, "value_loss": 2.6523587166593643e-06, "explained_variance": -1.1920928955078125e-07}
{"nupdates": 23400, "total_timesteps": 468000,