{"t_start": 1515792611.8724072, "gym_version": "0.9.2", "env_id": "GridWorldNoFrameskip-v4"}
{"r": 0.0, "l": 1000, "t": 11.123974}
{"r": 0.0, "l": 1000, "t": 18.881151}
{"r": 0.0, "l": 1000, "t": 27.364019}
{"r": 0.0, "l": 1000, "t": 35.569566}
{"r": 0.0, "l": 1000, "t": 44.111408}
{"r": 0.0, "l": 1000, "t": 52.216341}
{"r": 0.0, "l": 1000, "t": 60.62371}
{"r": 0.0, "l": 1000, "t": 68.691466}
{"r": 0.0, "l": 1000, "t": 77.361409}
{"r": 0.0, "l": 1000, "t": 85.352617}
{"r": 0.0, "l": 1000, "t": 93.54623}
{"r": 0.0, "l": 1000, "t": 101.772675}
{"r": 0.0, "l": 1000, "t": 110.180567}
{"r": 0.0, "l": 1000, "t": 118.315272}
{"r": 0.0, "l": 1000, "t": 126.732736}
{"r": 0.0, "l": 1000, "t": 134.792241}
{"r": 0.0, "l": 1000, "t": 143.305288}
{"r": 0.0, "l": 1000, "t": 151.366471}
{"r": 0.0, "l": 1000, "t": 159.764938}
{"r": 0.0, "l": 1000, "t": 167.824198}
{"r": 0.0, "l": 1000, "t": 176.113262}
{"r": 0.0, "l": 1000, "t": 184.091476}
{"r": 0.0, "l": 1000, "t": 192.792159}
{"r": 0.0, "l": 1000, "t": 200.759867}
{"r": 0.0, "l": 1000, "t": 209.416239}
{"r": 0.0, "l": 1000, "t": 217.665914}
{"r": 0.0, "l": 1000, "t": 226.001267}
{"r": 0.0, "l": 1000, "t": 234.166133}
{"r": 0.0, "l": 1000, "t": 242.643531}
{"r": 0.0, "l": 1000, "t": 251.166062}
{"r": 0.0, "l": 1000, "t": 259.254835}
{"r": 0.0, "l": 1000, "t": 267.762377}
{"r": 0.0, "l": 1000, "t": 275.920094}
{"r": 0.0, "l": 1000, "t": 284.285271}
{"r": 0.0, "l": 1000, "t": 292.528244}
{"r": 0.0, "l": 1000, "t": 300.910761}
{"r": 0.0, "l": 1000, "t": 309.124083}
{"r": 0.0, "l": 1000, "t": 317.677987}
{"r": 0.0, "l": 1000, "t": 325.865066}
{"r": 0.0, "l": 1000, "t": 334.210046}
{"r": 0.0, "l": 1000, "t": 342.792877}
{"r": 0.0, "l": 1000, "t": 350.76103}
{"r": 0.0, "l": 1000, "t": 359.349844}
{"r": 0.0, "l": 1000, "t": 367.760082}
{"r": 0.0, "l": 1000, "t": 376.086877}
{"r": 0.0, "l": 1000, "t": 384.686541}
{"r": 0.0, "l": 1000, "t": 392.572903}
{"r": 0.0, "l": 1000, "t": 401.054193}
{"r": 0.0, "l": 1000, "t": 409.44007}
{"r": 0.0, "l": 1000, "t": 417.96709}
{"r": 0.0, "l": 1000, "t": 426.220277}
{"r": 0.0, "l": 1000, "t": 434.796703}
{"r": 0.0, "l": 1000, "t": 443.066607}
{"r": 0.0, "l": 1000, "t": 451.12342}
{"r": 0.0, "l": 1000, "t": 459.74549}
{"r": 0.0, "l": 1000, "t": 468.345232}
{"r": 0.0, "l": 1000, "t": 476.400777}
{"r": 0.0, "l": 1000, "t": 484.958153}
{"r": 0.0, "l": 1000, "t": 493.567143}
{"r": 0.0, "l": 1000, "t": 501.710778}
{"r": 0.0, "l": 1000, "t": 510.212932}
{"r": 0.0, "l": 1000, "t": 518.582128}
{"r": 0.0, "l": 1000, "t": 526.745313}
{"r": 0.0, "l": 1000, "t": 535.339868}
{"r": 0.0, "l": 1000, "t": 543.757652}
{"r": 0.0, "l": 1000, "t": 552.355175}
{"r": 0.0, "l": 1000, "t": 560.694063}
{"r": 0.0, "l": 1000, "t": 569.358376}
{"r": 0.0, "l": 1000, "t": 578.031325}
{"r": 0.0, "l": 1000, "t": 586.615854}
{"r": 0.0, "l": 1000, "t": 594.788049}
{"r": 0.0, "l": 1000, "t": 603.417389}
{"r": 0.0, "l": 1000, "t": 611.691195}
{"r": 0.0, "l": 1000, "t": 620.14035}
{"r": 0.0, "l": 1000, "t": 628.821984}
{"r": 0.0, "l": 1000, "t": 637.662344}
{"r": 0.0, "l": 1000, "t": 645.87724}
{"r": 0.0, "l": 1000, "t": 654.27681}
{"r": 0.0, "l": 1000, "t": 662.959435}
{"r": 0.0, "l": 1000, "t": 671.426326}
{"r": 0.0, "l": 1000, "t": 679.438132}
{"r": 0.0, "l": 1000, "t": 688.128166}
{"r": 0.0, "l": 1000, "t": 696.840817}
{"r": 0.0, "l": 1000, "t": 705.335737}
{"r": 0.0, "l": 1000, "t": 713.833586}
{"r": 0.0, "l": 1000, "t": 722.360967}
{"r": 0.0, "l": 1000, "t": 731.120425}
{"r": 0.0, "l": 1000, "t": 739.49653}
{"r": 0.0, "l": 1000, "t": 747.608624}
{"r": 0.0, "l": 1000, "t": 756.395601}
{"r": 0.0, "l": 1000, "t": 765.020325}
{"r": 0.0, "l": 1000, "t": 773.592443}
{"r": 0.0, "l": 1000, "t": 781.672617}
{"r": 0.0, "l": 1000, "t": 790.250574}
{"r": 0.0, "l": 1000, "t": 798.854842}
{"r": 0.0, "l": 1000, "t": 807.391132}
{"r": 0.0, "l": 1000, "t": 815.615949}
{"r": 0.0, "l": 1000, "t": 824.276127}
{"r": 0.0, "l": 1000, "t": 832.865709}
{"r": 0.0, "l": 1000, "t": 841.185049}
{"r": 0.0, "l": 1000, "t": 849.557311}
{"r": 0.0, "l": 1000, "t": 858.060452}
{"r": 0.0, "l": 1000, "t": 866.685328}
{"r": 0.0, "l": 1000, "t": 874.974823}
{"r": 0.0, "l": 1000, "t": 883.549826}
{"r": 0.0, "l": 1000, "t": 892.422553}
{"r": 0.0, "l": 1000, "t": 901.266001}
{"r": 0.0, "l": 1000, "t": 909.909185}
{"r": 0.0, "l": 1000, "t": 918.528329}
{"r": 0.0, "l": 1000, "t": 926.93236}
{"r": 0.0, "l": 1000, "t": 935.324858}
{"r": 0.0, "l": 1000, "t": 944.050367}
{"r": 0.0, "l": 1000, "t": 952.722391}
{"r": 0.0, "l": 1000, "t": 961.267689}
{"r": 0.0, "l": 1000, "t": 969.895226}
{"r": 0.0, "l": 1000, "t": 978.262983}
{"r": 0.0, "l": 1000, "t": 986.820417}
{"r": 0.0, "l": 1000, "t": 995.499004}
{"r": 0.0, "l": 1000, "t": 1003.676039}
{"r": 0.0, "l": 1000, "t": 1012.383152}
{"r": 0.0, "l": 1000, "t": 1021.217164}
{"r": 0.0, "l": 1000, "t": 1029.830196}
{"r": 0.0, "l": 1000, "t": 1038.390075}
{"r": 0.0, "l": 1000, "t": 1046.33298}
{"r": 0.0, "l": 1000, "t": 1055.052839}
{"r": 0.0, "l": 1000, "t": 1063.641742}
{"r": 0.0, "l": 1000, "t": 1072.267404}
{"r": 0.0, "l": 1000, "t": 1080.61677}
{"r": 0.0, "l": 1000, "t": 1089.170608}
{"r": 0.0, "l": 1000, "t": 1097.929778}
{"r": 0.0, "l": 1000, "t": 1106.159016}
{"r": 0.0, "l": 1000, "t": 1114.664404}
{"r": 0.0, "l": 1000, "t": 1123.13626}
{"r": 0.0, "l": 1000, "t": 1131.815602}
{"r": 0.0, "l": 1000, "t": 1140.518197}
{"r": 0.0, "l": 1000, "t": 1148.895892}
{"r": 0.0, "l": 1000, "t": 1157.043241}
{"r": 0.0, "l": 1000, "t": 1165.856654}
{"r": 0.0, "l": 1000, "t": 1174.612619}
{"r": 0.0, "l": 1000, "t": 1183.286821}
{"r": 0.0, "l": 1000, "t": 1191.919227}
{"r": 0.0, "l": 1000, "t": 1200.054156}
{"r": 0.0, "l": 1000, "t": 1208.84004}
{"r": 0.0, "l": 1000, "t": 1217.633212}
{"r": 0.0, "l": 1000, "t": 1226.459617}
{"r": 0.0, "l": 1000, "t": 1235.20979}
{"r": 0.0, "l": 1000, "t": 1243.757377}
{"r": 0.0, "l": 1000, "t": 1252.268427}
{"r": 0.0, "l": 1000, "t": 1260.711623}
{"r": 0.0, "l": 1000, "t": 1269.522792}
{"r": 0.0, "l": 1000, "t": 1278.314629}
{"r": 0.0, "l": 1000, "t": 1286.833428}
{"r": 0.0, "l": 1000, "t": 1295.362938}
{"r": 0.0, "l": 1000, "t": 1304.062398}
{"r": 0.0, "l": 1000, "t": 1312.508313}
{"r": 0.0, "l": 1000, "t": 1321.309038}
{"r": 0.0, "l": 1000, "t": 1330.031184}
{"r": 0.0, "l": 1000, "t": 1338.556536}
{"r": 0.0, "l": 1000, "t": 1347.14795}
{"r": 0.0, "l": 1000, "t": 1355.915114}
{"r": 0.0, "l": 1000, "t": 1364.267002}
{"r": 0.0, "l": 1000, "t": 1373.178562}
{"r": 0.0, "l": 1000, "t": 1381.807313}
{"r": 0.0, "l": 1000, "t": 1390.585398}
{"r": 0.0, "l": 1000, "t": 1399.316455}
{"r": 0.0, "l": 1000, "t": 1408.179951}
{"r": 0.0, "l": 1000, "t": 1417.077138}
{"r": 0.0, "l": 1000, "t": 1429.018069}
{"r": 0.0, "l": 1000, "t": 1442.95438}
{"r": 0.0, "l": 1000, "t": 1457.383428}
{"r": 0.0, "l": 1000, "t": 1472.330977}
{"r": 0.0, "l": 1000, "t": 1486.644915}
{"r": 0.0, "l": 1000, "t": 1502.149314}
{"r": 0.0, "l": 1000, "t": 1517.700187}
{"r": 0.0, "l": 1000, "t": 1532.462905}
{"r": 0.0, "l": 1000, "t": 1546.669811}
{"r": 0.0, "l": 1000, "t": 1561.921624}
{"r": 0.0, "l": 1000, "t": 1576.848372}
{"r": 0.0, "l": 1000, "t": 1591.762051}
{"r": 0.0, "l": 1000, "t": 1607.189031}
{"r": 0.0, "l": 1000, "t": 1622.277767}
{"r": 0.0, "l": 1000, "t": 1638.150516}
{"r": 0.0, "l": 1000, "t": 1653.290995}
{"r": 0.0, "l": 1000, "t": 1668.28631}
{"r": 0.0, "l": 1000, "t": 1683.431429}
{"r": 0.0, "l": 1000, "t": 1698.659163}
{"r": 0.0, "l": 1000, "t": 1714.104037}
{"r": 0.0, "l": 1000, "t": 1729.050729}
{"r": 0.0, "l": 1000, "t": 1744.143015}
{"r": 0.0, "l": 1000, "t": 1759.281048}
{"r": 0.0, "l": 1000, "t": 1774.573553}
{"r": 0.0, "l": 1000, "t": 1790.101816}
{"r": 0.0, "l": 1000, "t": 1805.018513}
{"r": 0.0, "l": 1000, "t": 1821.304057}
{"r": 0.0, "l": 1000, "t": 1835.353953}
{"r": 0.0, "l": 1000, "t": 1850.145821}
{"r": 0.0, "l": 1000, "t": 1865.444338}
{"r": 0.0, "l": 1000, "t": 1880.865298}
{"r": 0.0, "l": 1000, "t": 1896.16105}
{"r": 0.0, "l": 1000, "t": 1911.031814}
{"r": 0.0, "l": 1000, "t": 1926.57405}
{"r": 0.0,