{"t_start": 1515792611.8742435, "gym_version": "0.9.2", "env_id": "GridWorldNoFrameskip-v4"}
{"r": 0.0, "l": 1000, "t": 11.143862}
{"r": 0.0, "l": 1000, "t": 19.49001}
{"r": 0.0, "l": 1000, "t": 27.596852}
{"r": 0.0, "l": 1000, "t": 35.567863}
{"r": 0.0, "l": 1000, "t": 44.066295}
{"r": 0.0, "l": 1000, "t": 51.975473}
{"r": 0.0, "l": 1000, "t": 60.445531}
{"r": 0.0, "l": 1000, "t": 68.665429}
{"r": 0.0, "l": 1000, "t": 77.111178}
{"r": 0.0, "l": 1000, "t": 85.227001}
{"r": 0.0, "l": 1000, "t": 93.74781}
{"r": 0.0, "l": 1000, "t": 101.759233}
{"r": 0.0, "l": 1000, "t": 109.938187}
{"r": 0.0, "l": 1000, "t": 118.272207}
{"r": 0.0, "l": 1000, "t": 126.783705}
{"r": 0.0, "l": 1000, "t": 134.805736}
{"r": 0.0, "l": 1000, "t": 143.45065}
{"r": 0.0, "l": 1000, "t": 151.609066}
{"r": 0.0, "l": 1000, "t": 160.240601}
{"r": 0.0, "l": 1000, "t": 168.077526}
{"r": 0.0, "l": 1000, "t": 176.675705}
{"r": 0.0, "l": 1000, "t": 185.169925}
{"r": 0.0, "l": 1000, "t": 193.391859}
{"r": 0.0, "l": 1000, "t": 201.727585}
{"r": 0.0, "l": 1000, "t": 209.852415}
{"r": 0.0, "l": 1000, "t": 218.321192}
{"r": 0.0, "l": 1000, "t": 226.464057}
{"r": 0.0, "l": 1000, "t": 235.104378}
{"r": 0.0, "l": 1000, "t": 243.2066}
{"r": 0.0, "l": 1000, "t": 251.972482}
{"r": 0.0, "l": 1000, "t": 260.425304}
{"r": 0.0, "l": 1000, "t": 268.466106}
{"r": 0.0, "l": 1000, "t": 277.110533}
{"r": 0.0, "l": 1000, "t": 285.226285}
{"r": 0.0, "l": 1000, "t": 293.607077}
{"r": 0.0, "l": 1000, "t": 301.72051}
{"r": 0.0, "l": 1000, "t": 310.276674}
{"r": 0.0, "l": 1000, "t": 318.308727}
{"r": 0.0, "l": 1000, "t": 326.781473}
{"r": 0.0, "l": 1000, "t": 335.14107}
{"r": 0.0, "l": 1000, "t": 343.590811}
{"r": 0.0, "l": 1000, "t": 351.849242}
{"r": 0.0, "l": 1000, "t": 360.090612}
{"r": 0.0, "l": 1000, "t": 368.836345}
{"r": 0.0, "l": 1000, "t": 377.206058}
{"r": 0.0, "l": 1000, "t": 385.423244}
{"r": 0.0, "l": 1000, "t": 393.929144}
{"r": 0.0, "l": 1000, "t": 402.336472}
{"r": 0.0, "l": 1000, "t": 410.647791}
{"r": 0.0, "l": 1000, "t": 419.266427}
{"r": 0.0, "l": 1000, "t": 427.747066}
{"r": 0.0, "l": 1000, "t": 435.993152}
{"r": 0.0, "l": 1000, "t": 444.240557}
{"r": 0.0, "l": 1000, "t": 452.886076}
{"r": 0.0, "l": 1000, "t": 461.199734}
{"r": 0.0, "l": 1000, "t": 469.566209}
{"r": 0.0, "l": 1000, "t": 477.816942}
{"r": 0.0, "l": 1000, "t": 486.078513}
{"r": 0.0, "l": 1000, "t": 494.755167}
{"r": 0.0, "l": 1000, "t": 503.434931}
{"r": 0.0, "l": 1000, "t": 511.614044}
{"r": 0.0, "l": 1000, "t": 519.871953}
{"r": 0.0, "l": 1000, "t": 528.6558}
{"r": 0.0, "l": 1000, "t": 537.017479}
{"r": 0.0, "l": 1000, "t": 545.394303}
{"r": 0.0, "l": 1000, "t": 553.858774}
{"r": 0.0, "l": 1000, "t": 562.754531}
{"r": 0.0, "l": 1000, "t": 571.25457}
{"r": 0.0, "l": 1000, "t": 579.667159}
{"r": 0.0, "l": 1000, "t": 588.076309}
{"r": 0.0, "l": 1000, "t": 596.725522}
{"r": 0.0, "l": 1000, "t": 605.290725}
{"r": 0.0, "l": 1000, "t": 613.386316}
{"r": 0.0, "l": 1000, "t": 622.170472}
{"r": 0.0, "l": 1000, "t": 630.917082}
{"r": 0.0, "l": 1000, "t": 639.522517}
{"r": 0.0, "l": 1000, "t": 647.448438}
{"r": 0.0, "l": 1000, "t": 656.199374}
{"r": 0.0, "l": 1000, "t": 664.568156}
{"r": 0.0, "l": 1000, "t": 672.97299}
{"r": 0.0, "l": 1000, "t": 681.355393}
{"r": 0.0, "l": 1000, "t": 689.813068}
{"r": 0.0, "l": 1000, "t": 698.298405}
{"r": 0.0, "l": 1000, "t": 706.564748}
{"r": 0.0, "l": 1000, "t": 715.264543}
{"r": 0.0, "l": 1000, "t": 724.019421}
{"r": 0.0, "l": 1000, "t": 732.484428}
{"r": 0.0, "l": 1000, "t": 740.594589}
{"r": 0.0, "l": 1000, "t": 749.071365}
{"r": 0.0, "l": 1000, "t": 757.690807}
{"r": 0.0, "l": 1000, "t": 766.199909}
{"r": 0.0, "l": 1000, "t": 774.694419}
{"r": 0.0, "l": 1000, "t": 783.44086}
{"r": 0.0, "l": 1000, "t": 792.056939}
{"r": 0.0, "l": 1000, "t": 800.610316}
{"r": 0.0, "l": 1000, "t": 808.832219}
{"r": 0.0, "l": 1000, "t": 817.567439}
{"r": 0.0, "l": 1000, "t": 826.286785}
{"r": 0.0, "l": 1000, "t": 834.741114}
{"r": 0.0, "l": 1000, "t": 843.194429}
{"r": 0.0, "l": 1000, "t": 851.729527}
{"r": 0.0, "l": 1000, "t": 860.284414}
{"r": 0.0, "l": 1000, "t": 868.894282}
{"r": 0.0, "l": 1000, "t": 877.239222}
{"r": 0.0, "l": 1000, "t": 885.717827}
{"r": 0.0, "l": 1000, "t": 894.435016}
{"r": 0.0, "l": 1000, "t": 903.048116}
{"r": 0.0, "l": 1000, "t": 911.641289}
{"r": 0.0, "l": 1000, "t": 920.258877}
{"r": 0.0, "l": 1000, "t": 928.524911}
{"r": 0.0, "l": 1000, "t": 937.284214}
{"r": 0.0, "l": 1000, "t": 945.80563}
{"r": 0.0, "l": 1000, "t": 954.365744}
{"r": 0.0, "l": 1000, "t": 962.582044}
{"r": 0.0, "l": 1000, "t": 971.445502}
{"r": 0.0, "l": 1000, "t": 980.154754}
{"r": 0.0, "l": 1000, "t": 988.795822}
{"r": 0.0, "l": 1000, "t": 997.436274}
{"r": 0.0, "l": 1000, "t": 1005.58997}
{"r": 0.0, "l": 1000, "t": 1014.338985}
{"r": 0.0, "l": 1000, "t": 1023.11326}
{"r": 0.0, "l": 1000, "t": 1031.591951}
{"r": 0.0, "l": 1000, "t": 1040.057273}
{"r": 0.0, "l": 1000, "t": 1048.247044}
{"r": 0.0, "l": 1000, "t": 1056.891163}
{"r": 0.0, "l": 1000, "t": 1065.43113}
{"r": 0.0, "l": 1000, "t": 1073.892285}
{"r": 0.0, "l": 1000, "t": 1082.327625}
{"r": 0.0, "l": 1000, "t": 1091.033676}
{"r": 0.0, "l": 1000, "t": 1099.4448}
{"r": 0.0, "l": 1000, "t": 1107.727581}
{"r": 0.0, "l": 1000, "t": 1116.337601}
{"r": 0.0, "l": 1000, "t": 1125.101608}
{"r": 0.0, "l": 1000, "t": 1133.777973}
{"r": 0.0, "l": 1000, "t": 1142.145532}
{"r": 0.0, "l": 1000, "t": 1150.304178}
{"r": 0.0, "l": 1000, "t": 1159.044504}
{"r": 0.0, "l": 1000, "t": 1167.755972}
{"r": 0.0, "l": 1000, "t": 1176.565592}
{"r": 0.0, "l": 1000, "t": 1185.00012}
{"r": 0.0, "l": 1000, "t": 1193.535681}
{"r": 0.0, "l": 1000, "t": 1201.911435}
{"r": 0.0, "l": 1000, "t": 1210.723898}
{"r": 0.0, "l": 1000, "t": 1219.483938}
{"r": 0.0, "l": 1000, "t": 1228.46745}
{"r": 0.0, "l": 1000, "t": 1237.047254}
{"r": 0.0, "l": 1000, "t": 1245.621219}
{"r": 0.0, "l": 1000, "t": 1253.849295}
{"r": 0.0, "l": 1000, "t": 1262.592579}
{"r": 0.0, "l": 1000, "t": 1271.284642}
{"r": 0.0, "l": 1000, "t": 1279.755292}
{"r": 0.0, "l": 1000, "t": 1288.074013}
{"r": 0.0, "l": 1000, "t": 1296.54382}
{"r": 0.0, "l": 1000, "t": 1305.387917}
{"r": 0.0, "l": 1000, "t": 1314.064216}
{"r": 0.0, "l": 1000, "t": 1322.658631}
{"r": 0.0, "l": 1000, "t": 1331.297272}
{"r": 0.0, "l": 1000, "t": 1339.583213}
{"r": 0.0, "l": 1000, "t": 1348.250906}
{"r": 0.0, "l": 1000, "t": 1356.959118}
{"r": 0.0, "l": 1000, "t": 1365.553016}
{"r": 0.0, "l": 1000, "t": 1374.296652}
{"r": 0.0, "l": 1000, "t": 1382.398556}
{"r": 0.0, "l": 1000, "t": 1391.132439}
{"r": 0.0, "l": 1000, "t": 1399.988276}
{"r": 0.0, "l": 1000, "t": 1408.839248}
{"r": 0.0, "l": 1000, "t": 1417.726508}
{"r": 0.0, "l": 1000, "t": 1429.801771}
{"r": 0.0, "l": 1000, "t": 1444.235014}
{"r": 0.0, "l": 1000, "t": 1458.743455}
{"r": 0.0, "l": 1000, "t": 1473.494501}
{"r": 0.0, "l": 1000, "t": 1488.610647}
{"r": 0.0, "l": 1000, "t": 1503.467345}
{"r": 0.0, "l": 1000, "t": 1519.082615}
{"r": 0.0, "l": 1000, "t": 1533.740074}
{"r": 0.0, "l": 1000, "t": 1548.310438}
{"r": 0.0, "l": 1000, "t": 1563.51022}
{"r": 0.0, "l": 1000, "t": 1578.758595}
{"r": 0.0, "l": 1000, "t": 1593.742491}
{"r": 0.0, "l": 1000, "t": 1608.907306}
{"r": 0.0, "l": 1000, "t": 1623.737931}
{"r": 0.0, "l": 1000, "t": 1639.139956}
{"r": 0.0, "l": 1000, "t": 1654.51303}
{"r": 0.0, "l": 1000, "t": 1669.861013}
{"r": 0.0, "l": 1000, "t": 1684.545833}
{"r": 0.0, "l": 1000, "t": 1699.721822}
{"r": 0.0, "l": 1000, "t": 1715.317703}
{"r": 0.0, "l": 1000, "t": 1729.696639}
{"r": 0.0, "l": 1000, "t": 1745.452188}
{"r": 0.0, "l": 1000, "t": 1760.051259}
{"r": 0.0, "l": 1000, "t": 1775.104927}
{"r": 0.0, "l": 1000, "t": 1790.574111}
{"r": 0.0, "l": 1000, "t": 1805.353062}
{"r": 0.0, "l": 1000, "t": 1820.712148}
{"r": 0.0, "l": 1000, "t": 1835.315154}
{"r": 0.0, "l": 1000, "t": 1850.485845}
{"r": 0.0, "l": 1000, "t": 1865.442761}
{"r": 0.0, "l": 1000, "t": 1880.238859}
{"r": 0.0, "l": 1000, "t": 1896.134412}
{"r": 0.0, "l": 1000, "t": 1910.568595}
{"r": 0.0, "l": 1000, "t": 1926.535762}
{"r": 0.0,