{"t_start": 1515792611.8778777, "gym_version": "0.9.2", "env_id": "GridWorldNoFrameskip-v4"}
{"r": 0.0, "l": 1000, "t": 10.758506}
{"r": 0.0, "l": 1000, "t": 18.72565}
{"r": 0.0, "l": 1000, "t": 27.135389}
{"r": 0.0, "l": 1000, "t": 35.414173}
{"r": 0.0, "l": 1000, "t": 43.862118}
{"r": 0.0, "l": 1000, "t": 51.931374}
{"r": 0.0, "l": 1000, "t": 60.216462}
{"r": 0.0, "l": 1000, "t": 68.41411}
{"r": 0.0, "l": 1000, "t": 76.782613}
{"r": 0.0, "l": 1000, "t": 84.885491}
{"r": 0.0, "l": 1000, "t": 92.76094}
{"r": 0.0, "l": 1000, "t": 101.231219}
{"r": 0.0, "l": 1000, "t": 109.227537}
{"r": 0.0, "l": 1000, "t": 117.933812}
{"r": 0.0, "l": 1000, "t": 126.245899}
{"r": 0.0, "l": 1000, "t": 134.458189}
{"r": 0.0, "l": 1000, "t": 142.943836}
{"r": 0.0, "l": 1000, "t": 151.337689}
{"r": 0.0, "l": 1000, "t": 159.708729}
{"r": 0.0, "l": 1000, "t": 167.832778}
{"r": 0.0, "l": 1000, "t": 176.111427}
{"r": 0.0, "l": 1000, "t": 184.332726}
{"r": 0.0, "l": 1000, "t": 192.982873}
{"r": 0.0, "l": 1000, "t": 200.96684}
{"r": 0.0, "l": 1000, "t": 209.590923}
{"r": 0.0, "l": 1000, "t": 217.964488}
{"r": 0.0, "l": 1000, "t": 226.036598}
{"r": 0.0, "l": 1000, "t": 234.473578}
{"r": 0.0, "l": 1000, "t": 242.804331}
{"r": 0.0, "l": 1000, "t": 251.327827}
{"r": 0.0, "l": 1000, "t": 259.507596}
{"r": 0.0, "l": 1000, "t": 268.062961}
{"r": 0.0, "l": 1000, "t": 276.180676}
{"r": 0.0, "l": 1000, "t": 284.850501}
{"r": 0.0, "l": 1000, "t": 292.921927}
{"r": 0.0, "l": 1000, "t": 301.38076}
{"r": 0.0, "l": 1000, "t": 309.969661}
{"r": 0.0, "l": 1000, "t": 318.172477}
{"r": 0.0, "l": 1000, "t": 327.002131}
{"r": 0.0, "l": 1000, "t": 335.438143}
{"r": 0.0, "l": 1000, "t": 343.587171}
{"r": 0.0, "l": 1000, "t": 351.845753}
{"r": 0.0, "l": 1000, "t": 359.934125}
{"r": 0.0, "l": 1000, "t": 368.462873}
{"r": 0.0, "l": 1000, "t": 376.694426}
{"r": 0.0, "l": 1000, "t": 385.275383}
{"r": 0.0, "l": 1000, "t": 393.54395}
{"r": 0.0, "l": 1000, "t": 401.648547}
{"r": 0.0, "l": 1000, "t": 410.440203}
{"r": 0.0, "l": 1000, "t": 419.084724}
{"r": 0.0, "l": 1000, "t": 427.494598}
{"r": 0.0, "l": 1000, "t": 435.989595}
{"r": 0.0, "l": 1000, "t": 444.236912}
{"r": 0.0, "l": 1000, "t": 452.731757}
{"r": 0.0, "l": 1000, "t": 460.947162}
{"r": 0.0, "l": 1000, "t": 469.41344}
{"r": 0.0, "l": 1000, "t": 477.813418}
{"r": 0.0, "l": 1000, "t": 486.169804}
{"r": 0.0, "l": 1000, "t": 494.624991}
{"r": 0.0, "l": 1000, "t": 503.071264}
{"r": 0.0, "l": 1000, "t": 510.926995}
{"r": 0.0, "l": 1000, "t": 519.548736}
{"r": 0.0, "l": 1000, "t": 528.221072}
{"r": 0.0, "l": 1000, "t": 536.591085}
{"r": 0.0, "l": 1000, "t": 544.855237}
{"r": 0.0, "l": 1000, "t": 553.613247}
{"r": 0.0, "l": 1000, "t": 562.247069}
{"r": 0.0, "l": 1000, "t": 570.795676}
{"r": 0.0, "l": 1000, "t": 579.446589}
{"r": 0.0, "l": 1000, "t": 587.928599}
{"r": 0.0, "l": 1000, "t": 596.439455}
{"r": 0.0, "l": 1000, "t": 604.89058}
{"r": 0.0, "l": 1000, "t": 613.094654}
{"r": 0.0, "l": 1000, "t": 621.691451}
{"r": 0.0, "l": 1000, "t": 630.301526}
{"r": 0.0, "l": 1000, "t": 638.819435}
{"r": 0.0, "l": 1000, "t": 647.211783}
{"r": 0.0, "l": 1000, "t": 655.907292}
{"r": 0.0, "l": 1000, "t": 664.138903}
{"r": 0.0, "l": 1000, "t": 672.456162}
{"r": 0.0, "l": 1000, "t": 681.153412}
{"r": 0.0, "l": 1000, "t": 689.809598}
{"r": 0.0, "l": 1000, "t": 698.294928}
{"r": 0.0, "l": 1000, "t": 706.79966}
{"r": 0.0, "l": 1000, "t": 715.422178}
{"r": 0.0, "l": 1000, "t": 724.01573}
{"r": 0.0, "l": 1000, "t": 732.458208}
{"r": 0.0, "l": 1000, "t": 740.591202}
{"r": 0.0, "l": 1000, "t": 749.323601}
{"r": 0.0, "l": 1000, "t": 757.926272}
{"r": 0.0, "l": 1000, "t": 766.645988}
{"r": 0.0, "l": 1000, "t": 775.052593}
{"r": 0.0, "l": 1000, "t": 783.41322}
{"r": 0.0, "l": 1000, "t": 791.790296}
{"r": 0.0, "l": 1000, "t": 800.606689}
{"r": 0.0, "l": 1000, "t": 808.688632}
{"r": 0.0, "l": 1000, "t": 817.415175}
{"r": 0.0, "l": 1000, "t": 826.021201}
{"r": 0.0, "l": 1000, "t": 834.497961}
{"r": 0.0, "l": 1000, "t": 842.668235}
{"r": 0.0, "l": 1000, "t": 851.435321}
{"r": 0.0, "l": 1000, "t": 859.843314}
{"r": 0.0, "l": 1000, "t": 868.442509}
{"r": 0.0, "l": 1000, "t": 876.786413}
{"r": 0.0, "l": 1000, "t": 885.3937}
{"r": 0.0, "l": 1000, "t": 893.993467}
{"r": 0.0, "l": 1000, "t": 902.620374}
{"r": 0.0, "l": 1000, "t": 911.405913}
{"r": 0.0, "l": 1000, "t": 919.585865}
{"r": 0.0, "l": 1000, "t": 928.235708}
{"r": 0.0, "l": 1000, "t": 936.946996}
{"r": 0.0, "l": 1000, "t": 945.576437}
{"r": 0.0, "l": 1000, "t": 953.879369}
{"r": 0.0, "l": 1000, "t": 962.405224}
{"r": 0.0, "l": 1000, "t": 971.123935}
{"r": 0.0, "l": 1000, "t": 979.551023}
{"r": 0.0, "l": 1000, "t": 987.85083}
{"r": 0.0, "l": 1000, "t": 996.388947}
{"r": 0.0, "l": 1000, "t": 1005.210434}
{"r": 0.0, "l": 1000, "t": 1013.70692}
{"r": 0.0, "l": 1000, "t": 1022.251109}
{"r": 0.0, "l": 1000, "t": 1030.536889}
{"r": 0.0, "l": 1000, "t": 1039.356703}
{"r": 0.0, "l": 1000, "t": 1047.891814}
{"r": 0.0, "l": 1000, "t": 1056.339022}
{"r": 0.0, "l": 1000, "t": 1064.45626}
{"r": 0.0, "l": 1000, "t": 1073.324429}
{"r": 0.0, "l": 1000, "t": 1082.042925}
{"r": 0.0, "l": 1000, "t": 1090.57928}
{"r": 0.0, "l": 1000, "t": 1099.136789}
{"r": 0.0, "l": 1000, "t": 1107.316515}
{"r": 0.0, "l": 1000, "t": 1116.056374}
{"r": 0.0, "l": 1000, "t": 1124.697226}
{"r": 0.0, "l": 1000, "t": 1133.12627}
{"r": 0.0, "l": 1000, "t": 1141.314437}
{"r": 0.0, "l": 1000, "t": 1149.953159}
{"r": 0.0, "l": 1000, "t": 1158.686323}
{"r": 0.0, "l": 1000, "t": 1167.43198}
{"r": 0.0, "l": 1000, "t": 1176.276673}
{"r": 0.0, "l": 1000, "t": 1185.007973}
{"r": 0.0, "l": 1000, "t": 1193.568049}
{"r": 0.0, "l": 1000, "t": 1201.943414}
{"r": 0.0, "l": 1000, "t": 1210.745043}
{"r": 0.0, "l": 1000, "t": 1219.635187}
{"r": 0.0, "l": 1000, "t": 1228.620338}
{"r": 0.0, "l": 1000, "t": 1237.079465}
{"r": 0.0, "l": 1000, "t": 1245.605904}
{"r": 0.0, "l": 1000, "t": 1253.845366}
{"r": 0.0, "l": 1000, "t": 1262.576564}
{"r": 0.0, "l": 1000, "t": 1271.506005}
{"r": 0.0, "l": 1000, "t": 1280.049823}
{"r": 0.0, "l": 1000, "t": 1288.643991}
{"r": 0.0, "l": 1000, "t": 1297.090764}
{"r": 0.0, "l": 1000, "t": 1305.668149}
{"r": 0.0, "l": 1000, "t": 1314.305606}
{"r": 0.0, "l": 1000, "t": 1322.979662}
{"r": 0.0, "l": 1000, "t": 1331.707705}
{"r": 0.0, "l": 1000, "t": 1340.46334}
{"r": 0.0, "l": 1000, "t": 1349.170656}
{"r": 0.0, "l": 1000, "t": 1357.431179}
{"r": 0.0, "l": 1000, "t": 1366.183751}
{"r": 0.0, "l": 1000, "t": 1374.920426}
{"r": 0.0, "l": 1000, "t": 1383.42211}
{"r": 0.0, "l": 1000, "t": 1392.185988}
{"r": 0.0, "l": 1000, "t": 1400.9808}
{"r": 0.0, "l": 1000, "t": 1409.693603}
{"r": 0.0, "l": 1000, "t": 1418.353449}
{"r": 0.0, "l": 1000, "t": 1431.298963}
{"r": 0.0, "l": 1000, "t": 1445.045818}
{"r": 0.0, "l": 1000, "t": 1459.93401}
{"r": 0.0, "l": 1000, "t": 1474.922504}
{"r": 0.0, "l": 1000, "t": 1489.276096}
{"r": 0.0, "l": 1000, "t": 1504.556941}
{"r": 0.0, "l": 1000, "t": 1519.873063}
{"r": 0.0, "l": 1000, "t": 1534.369646}
{"r": 0.0, "l": 1000, "t": 1549.32586}
{"r": 0.0, "l": 1000, "t": 1564.62966}
{"r": 0.0, "l": 1000, "t": 1579.438142}
{"r": 0.0, "l": 1000, "t": 1594.658826}
{"r": 0.0, "l": 1000, "t": 1609.862491}
{"r": 0.0, "l": 1000, "t": 1624.651249}
{"r": 0.0, "l": 1000, "t": 1639.942858}
{"r": 0.0, "l": 1000, "t": 1655.664371}
{"r": 0.0, "l": 1000, "t": 1670.362358}
{"r": 0.0, "l": 1000, "t": 1685.290722}
{"r": 0.0, "l": 1000, "t": 1700.710291}
{"r": 0.0, "l": 1000, "t": 1716.554488}
{"r": 0.0, "l": 1000, "t": 1731.24176}
{"r": 0.0, "l": 1000, "t": 1746.4117}
{"r": 0.0, "l": 1000, "t": 1761.087046}
{"r": 0.0, "l": 1000, "t": 1775.979596}
{"r": 0.0, "l": 1000, "t": 1791.714003}
{"r": 0.0, "l": 1000, "t": 1806.805377}
{"r": 0.0, "l": 1000, "t": 1822.822831}
{"r": 0.0, "l": 1000, "t": 1836.892025}
{"r": 0.0, "l": 1000, "t": 1852.238469}
{"r": 0.0, "l": 1000, "t": 1866.887683}
{"r": 0.0, "l": 1000, "t": 1882.202882}
{"r": 0.0, "l": 1000, "t": 1897.381359}
{"r": 0.0, "l": 1000, "t": 1912.149451}
{"r": 0.0, "l": 1000, "t": 1928.2695}
{"r": 0.0, "l": 1000,