{"t_start": 1515792611.8797736, "gym_version": "0.9.2", "env_id": "GridWorldNoFrameskip-v4"}
{"r": 0.0, "l": 1000, "t": 11.138335}
{"r": 0.0, "l": 1000, "t": 19.047462}
{"r": 0.0, "l": 1000, "t": 27.645092}
{"r": 0.0, "l": 1000, "t": 35.598485}
{"r": 0.0, "l": 1000, "t": 44.362787}
{"r": 0.0, "l": 1000, "t": 52.697785}
{"r": 0.0, "l": 1000, "t": 60.851428}
{"r": 0.0, "l": 1000, "t": 68.818204}
{"r": 0.0, "l": 1000, "t": 77.343288}
{"r": 0.0, "l": 1000, "t": 85.359992}
{"r": 0.0, "l": 1000, "t": 93.742199}
{"r": 0.0, "l": 1000, "t": 101.765552}
{"r": 0.0, "l": 1000, "t": 110.163052}
{"r": 0.0, "l": 1000, "t": 118.450622}
{"r": 0.0, "l": 1000, "t": 126.947041}
{"r": 0.0, "l": 1000, "t": 134.971275}
{"r": 0.0, "l": 1000, "t": 143.704108}
{"r": 0.0, "l": 1000, "t": 151.615957}
{"r": 0.0, "l": 1000, "t": 160.188708}
{"r": 0.0, "l": 1000, "t": 167.995027}
{"r": 0.0, "l": 1000, "t": 176.670063}
{"r": 0.0, "l": 1000, "t": 185.058825}
{"r": 0.0, "l": 1000, "t": 193.23931}
{"r": 0.0, "l": 1000, "t": 201.688082}
{"r": 0.0, "l": 1000, "t": 209.859015}
{"r": 0.0, "l": 1000, "t": 218.549242}
{"r": 0.0, "l": 1000, "t": 226.598415}
{"r": 0.0, "l": 1000, "t": 235.07811}
{"r": 0.0, "l": 1000, "t": 243.168292}
{"r": 0.0, "l": 1000, "t": 251.751541}
{"r": 0.0, "l": 1000, "t": 259.998522}
{"r": 0.0, "l": 1000, "t": 268.460541}
{"r": 0.0, "l": 1000, "t": 276.712435}
{"r": 0.0, "l": 1000, "t": 284.905799}
{"r": 0.0, "l": 1000, "t": 292.794033}
{"r": 0.0, "l": 1000, "t": 301.365244}
{"r": 0.0, "l": 1000, "t": 309.742426}
{"r": 0.0, "l": 1000, "t": 317.95271}
{"r": 0.0, "l": 1000, "t": 326.402589}
{"r": 0.0, "l": 1000, "t": 334.553669}
{"r": 0.0, "l": 1000, "t": 343.328059}
{"r": 0.0, "l": 1000, "t": 351.648691}
{"r": 0.0, "l": 1000, "t": 359.782127}
{"r": 0.0, "l": 1000, "t": 368.284693}
{"r": 0.0, "l": 1000, "t": 376.445956}
{"r": 0.0, "l": 1000, "t": 385.134623}
{"r": 0.0, "l": 1000, "t": 393.431414}
{"r": 0.0, "l": 1000, "t": 401.401252}
{"r": 0.0, "l": 1000, "t": 410.096271}
{"r": 0.0, "l": 1000, "t": 418.479041}
{"r": 0.0, "l": 1000, "t": 426.470203}
{"r": 0.0, "l": 1000, "t": 435.122789}
{"r": 0.0, "l": 1000, "t": 443.67474}
{"r": 0.0, "l": 1000, "t": 451.950707}
{"r": 0.0, "l": 1000, "t": 460.256125}
{"r": 0.0, "l": 1000, "t": 469.033175}
{"r": 0.0, "l": 1000, "t": 477.016633}
{"r": 0.0, "l": 1000, "t": 485.367973}
{"r": 0.0, "l": 1000, "t": 494.159629}
{"r": 0.0, "l": 1000, "t": 502.448978}
{"r": 0.0, "l": 1000, "t": 510.519332}
{"r": 0.0, "l": 1000, "t": 519.249492}
{"r": 0.0, "l": 1000, "t": 527.767144}
{"r": 0.0, "l": 1000, "t": 535.803307}
{"r": 0.0, "l": 1000, "t": 544.501619}
{"r": 0.0, "l": 1000, "t": 553.271541}
{"r": 0.0, "l": 1000, "t": 562.031214}
{"r": 0.0, "l": 1000, "t": 570.089368}
{"r": 0.0, "l": 1000, "t": 578.776078}
{"r": 0.0, "l": 1000, "t": 587.437593}
{"r": 0.0, "l": 1000, "t": 595.647524}
{"r": 0.0, "l": 1000, "t": 604.102924}
{"r": 0.0, "l": 1000, "t": 612.663523}
{"r": 0.0, "l": 1000, "t": 620.980611}
{"r": 0.0, "l": 1000, "t": 629.367388}
{"r": 0.0, "l": 1000, "t": 638.141024}
{"r": 0.0, "l": 1000, "t": 646.577169}
{"r": 0.0, "l": 1000, "t": 655.317697}
{"r": 0.0, "l": 1000, "t": 663.392926}
{"r": 0.0, "l": 1000, "t": 672.075634}
{"r": 0.0, "l": 1000, "t": 680.658779}
{"r": 0.0, "l": 1000, "t": 688.765578}
{"r": 0.0, "l": 1000, "t": 697.390705}
{"r": 0.0, "l": 1000, "t": 706.170209}
{"r": 0.0, "l": 1000, "t": 714.697705}
{"r": 0.0, "l": 1000, "t": 723.092448}
{"r": 0.0, "l": 1000, "t": 731.495681}
{"r": 0.0, "l": 1000, "t": 740.106792}
{"r": 0.0, "l": 1000, "t": 748.360153}
{"r": 0.0, "l": 1000, "t": 756.86757}
{"r": 0.0, "l": 1000, "t": 765.5731}
{"r": 0.0, "l": 1000, "t": 774.313227}
{"r": 0.0, "l": 1000, "t": 782.91969}
{"r": 0.0, "l": 1000, "t": 791.088073}
{"r": 0.0, "l": 1000, "t": 799.486966}
{"r": 0.0, "l": 1000, "t": 808.146626}
{"r": 0.0, "l": 1000, "t": 816.527819}
{"r": 0.0, "l": 1000, "t": 825.007965}
{"r": 0.0, "l": 1000, "t": 833.433119}
{"r": 0.0, "l": 1000, "t": 842.175733}
{"r": 0.0, "l": 1000, "t": 850.728245}
{"r": 0.0, "l": 1000, "t": 858.75372}
{"r": 0.0, "l": 1000, "t": 867.421963}
{"r": 0.0, "l": 1000, "t": 875.912944}
{"r": 0.0, "l": 1000, "t": 884.554121}
{"r": 0.0, "l": 1000, "t": 893.182416}
{"r": 0.0, "l": 1000, "t": 901.660125}
{"r": 0.0, "l": 1000, "t": 910.321562}
{"r": 0.0, "l": 1000, "t": 919.024864}
{"r": 0.0, "l": 1000, "t": 927.5445}
{"r": 0.0, "l": 1000, "t": 936.325174}
{"r": 0.0, "l": 1000, "t": 944.66575}
{"r": 0.0, "l": 1000, "t": 953.3665}
{"r": 0.0, "l": 1000, "t": 962.123878}
{"r": 0.0, "l": 1000, "t": 970.894217}
{"r": 0.0, "l": 1000, "t": 979.238434}
{"r": 0.0, "l": 1000, "t": 987.36854}
{"r": 0.0, "l": 1000, "t": 996.186995}
{"r": 0.0, "l": 1000, "t": 1004.727479}
{"r": 0.0, "l": 1000, "t": 1013.427968}
{"r": 0.0, "l": 1000, "t": 1021.608903}
{"r": 0.0, "l": 1000, "t": 1030.372289}
{"r": 0.0, "l": 1000, "t": 1039.142517}
{"r": 0.0, "l": 1000, "t": 1047.343426}
{"r": 0.0, "l": 1000, "t": 1055.544846}
{"r": 0.0, "l": 1000, "t": 1064.262283}
{"r": 0.0, "l": 1000, "t": 1073.119209}
{"r": 0.0, "l": 1000, "t": 1081.648769}
{"r": 0.0, "l": 1000, "t": 1090.30506}
{"r": 0.0, "l": 1000, "t": 1098.425257}
{"r": 0.0, "l": 1000, "t": 1106.935415}
{"r": 0.0, "l": 1000, "t": 1115.648725}
{"r": 0.0, "l": 1000, "t": 1124.330503}
{"r": 0.0, "l": 1000, "t": 1132.683083}
{"r": 0.0, "l": 1000, "t": 1141.144698}
{"r": 0.0, "l": 1000, "t": 1149.715256}
{"r": 0.0, "l": 1000, "t": 1158.426258}
{"r": 0.0, "l": 1000, "t": 1167.188345}
{"r": 0.0, "l": 1000, "t": 1175.635012}
{"r": 0.0, "l": 1000, "t": 1184.07524}
{"r": 0.0, "l": 1000, "t": 1192.88241}
{"r": 0.0, "l": 1000, "t": 1201.536555}
{"r": 0.0, "l": 1000, "t": 1210.141078}
{"r": 0.0, "l": 1000, "t": 1218.847533}
{"r": 0.0, "l": 1000, "t": 1227.598481}
{"r": 0.0, "l": 1000, "t": 1235.847405}
{"r": 0.0, "l": 1000, "t": 1244.525542}
{"r": 0.0, "l": 1000, "t": 1253.272187}
{"r": 0.0, "l": 1000, "t": 1261.599877}
{"r": 0.0, "l": 1000, "t": 1270.651052}
{"r": 0.0, "l": 1000, "t": 1278.785449}
{"r": 0.0, "l": 1000, "t": 1287.393389}
{"r": 0.0, "l": 1000, "t": 1296.161191}
{"r": 0.0, "l": 1000, "t": 1304.88948}
{"r": 0.0, "l": 1000, "t": 1313.454491}
{"r": 0.0, "l": 1000, "t": 1321.83761}
{"r": 0.0, "l": 1000, "t": 1330.485108}
{"r": 0.0, "l": 1000, "t": 1339.222907}
{"r": 0.0, "l": 1000, "t": 1348.053321}
{"r": 0.0, "l": 1000, "t": 1356.666506}
{"r": 0.0, "l": 1000, "t": 1365.184925}
{"r": 0.0, "l": 1000, "t": 1373.799005}
{"r": 0.0, "l": 1000, "t": 1382.213507}
{"r": 0.0, "l": 1000, "t": 1390.941666}
{"r": 0.0, "l": 1000, "t": 1399.700573}
{"r": 0.0, "l": 1000, "t": 1408.580235}
{"r": 0.0, "l": 1000, "t": 1417.548691}
{"r": 0.0, "l": 1000, "t": 1429.470934}
{"r": 0.0, "l": 1000, "t": 1443.796286}
{"r": 0.0, "l": 1000, "t": 1458.29015}
{"r": 0.0, "l": 1000, "t": 1473.135851}
{"r": 0.0, "l": 1000, "t": 1487.826654}
{"r": 0.0, "l": 1000, "t": 1502.692809}
{"r": 0.0, "l": 1000, "t": 1518.332716}
{"r": 0.0, "l": 1000, "t": 1533.163419}
{"r": 0.0, "l": 1000, "t": 1547.912701}
{"r": 0.0, "l": 1000, "t": 1562.84911}
{"r": 0.0, "l": 1000, "t": 1577.943625}
{"r": 0.0, "l": 1000, "t": 1592.870234}
{"r": 0.0, "l": 1000, "t": 1607.824481}
{"r": 0.0, "l": 1000, "t": 1622.427446}
{"r": 0.0, "l": 1000, "t": 1637.71745}
{"r": 0.0, "l": 1000, "t": 1652.547687}
{"r": 0.0, "l": 1000, "t": 1668.348517}
{"r": 0.0, "l": 1000, "t": 1683.417809}
{"r": 0.0, "l": 1000, "t": 1699.017672}
{"r": 0.0, "l": 1000, "t": 1714.56535}
{"r": 0.0, "l": 1000, "t": 1729.10505}
{"r": 0.0, "l": 1000, "t": 1744.660696}
{"r": 0.0, "l": 1000, "t": 1759.628919}
{"r": 0.0, "l": 1000, "t": 1775.060484}
{"r": 0.0, "l": 1000, "t": 1791.272071}
{"r": 0.0, "l": 1000, "t": 1806.004118}
{"r": 0.0, "l": 1000, "t": 1821.775774}
{"r": 0.0, "l": 1000, "t": 1835.997689}
{"r": 0.0, "l": 1000, "t": 1850.480545}
{"r": 0.0, "l": 1000, "t": 1865.417836}
{"r": 0.0, "l": 1000, "t": 1880.23333}
{"r": 0.0, "l": 1000, "t": 1895.707623}
{"r": 0.0, "l": 1000, "t": 1910.546929}
{"r": 0.0, "l": 1000, "t": 1925.90358}
{"r": 0.0, "l": 1000,