{"nupdates": 17400, "total_timesteps": 348000, "fps": 81, "policy_entropy": 1.237654447555542, "value_loss": 0.074547179043293, "explained_variance": -0.1418088674545288}
{"nupdates": 17500, "total_timesteps": 350000, "fps": 81, "policy_entropy": 1.2598260641098022, "value_loss": 1.1345187886036001e-05, "explained_variance": -0.9787976741790771}
{"nupdates": 17600, "total_timesteps": 352000, "fps": 81, "policy_entropy": 1.3667757511138916, "value_loss": 3.624000964919105e-05, "explained_variance": -1.6796724796295166}
{"nupdates": 17700, "total_timesteps": 354000, "fps": 80, "policy_entropy": 1.5549163818359375, "value_loss": 0.0003079444286413491, "explained_variance": -5.660406112670898}
{"nupdates": 17800, "total_timesteps": 356000, "fps": 80, "policy_entropy": 1.599057912826538, "value_loss": 0.00016658470849506557, "explained_variance": -5.130051612854004}
{"nupdates": 17900, "total_timesteps": 358000, "fps": 80, "policy_entropy": 1.6075643301010132, "value_loss": 0.0002719535259529948, "explained_variance": -2.712893009185791}
{"nupdates": 18000, "total_timesteps": 360000, "fps": 79, "policy_entropy": 1.5890772342681885, "value_loss": 0.00031918910099193454, "explained_variance": -0.6956310272216797}
{"nupdates": 18100, "total_timesteps": 362000, "fps": 79, "policy_entropy": 1.59843909740448, "value_loss": 5.8293389884056523e-05, "explained_variance": -1.549743890762329}
{"nupdates": 18200, "total_timesteps": 364000, "fps": 79, "policy_entropy": 1.5870120525360107, "value_loss": 6.426031177397817e-05, "explained_variance": -3.812906265258789}
{"nupdates": 18300, "total_timesteps": 366000, "fps": 79, "policy_entropy": 1.5647484064102173, "value_loss": 0.3423144817352295, "explained_variance": -0.05210089683532715}
{"nupdates": 18400, "total_timesteps": 368000, "fps": 78, "policy_entropy": 1.5950860977172852, "value_loss": 0.258460134267807, "explained_variance": -0.021719813346862793}
{"nupdates": 18500, "total_timesteps": 370000, "fps": 78, "policy_entropy": 1.587516188621521, "value_loss": 0.19176650047302246, "explained_variance": -0.029191255569458008}
{"nupdates": 18600, "total_timesteps": 372000, "fps": 78, "policy_entropy": 1.5487816333770752, "value_loss": 0.0002012795303016901, "explained_variance": -0.7152873277664185}
{"nupdates": 18700, "total_timesteps": 374000, "fps": 78, "policy_entropy": 1.5267137289047241, "value_loss": 0.00014835719775874168, "explained_variance": -0.10187184810638428}
{"nupdates": 18800, "total_timesteps": 376000, "fps": 77, "policy_entropy": 1.488401174545288, "value_loss": 8.72129930939991e-06, "explained_variance": -2.242938995361328}
{"nupdates": 18900, "total_timesteps": 378000, "fps": 77, "policy_entropy": 1.5927629470825195, "value_loss": 2.202438008680474e-05, "explained_variance": -0.48485779762268066}
{"nupdates": 19000, "total_timesteps": 380000, "fps": 77, "policy_entropy": 1.533663272857666, "value_loss": 1.9891324427590007e-06, "explained_variance": 0.1762208342552185}
{"nupdates": 19100, "total_timesteps": 382000, "fps": 77, "policy_entropy": 1.5958458185195923, "value_loss": 5.671486178471241e-06, "explained_variance": -2.641181707382202}
{"nupdates": 19200, "total_timesteps": 384000, "fps": 76, "policy_entropy": 1.6069929599761963, "value_loss": 4.5568913265015e-06, "explained_variance": -0.1785494089126587}
{"nupdates": 19300, "total_timesteps": 386000, "fps": 76, "policy_entropy": 1.5845749378204346, "value_loss": 1.3528702766052447e-05, "explained_variance": -3.85182523727417}
{"nupdates": 19400, "total_timesteps": 388000, "fps": 76, "policy_entropy": 1.5851342678070068, "value_loss": 7.868092325225007e-06, "explained_variance": -10.267011642456055}
{"nupdates": 19500, "total_timesteps": 390000, "fps": 76, "policy_entropy": 1.5850409269332886, "value_loss": 7.773882316541858e-06, "explained_variance": -2.7903785705566406}
{"nupdates": 19600, "total_timesteps": 392000, "fps": 75, "policy_entropy": 1.5956717729568481, "value_loss": 3.6952994832972763e-06, "explained_variance": 0.3360167145729065}
{"nupdates": 19700, "total_timesteps": 394000, "fps": 75, "policy_entropy": 1.5324366092681885, "value_loss": 6.610500804526964e-06, "explained_variance": -2.512779474258423}
{"nupdates": 19800, "total_timesteps": 396000, "fps": 75, "policy_entropy": 1.5730019807815552, "value_loss": 6.68997108732583e-06, "explained_variance": -1.8964242935180664}
{"nupdates": 19900, "total_timesteps": 398000, "fps": 75, "policy_entropy": 1.6003868579864502, "value_loss": 1.5420644558616914e-05, "explained_variance": -1.9274916648864746}
{"nupdates": 20000, "total_timesteps": 400000, "fps": 75, "policy_entropy": 1.558371901512146, "value_loss": 7.154454806368449e-07, "explained_variance": -3.8283023834228516}
{"nupdates": 20100, "total_timesteps": 402000, "fps": 74, "policy_entropy": 1.600285291671753, "value_loss": 8.766612154431641e-06, "explained_variance": -1.3538095951080322}
{"nupdates": 20200, "total_timesteps": 404000, "fps": 74, "policy_entropy": 1.6002925634384155, "value_loss": 1.8198672933067428e-06, "explained_variance": -4.693390369415283}
{"nupdates": 20300, "total_timesteps": 406000, "fps": 74, "policy_entropy": 1.589126706123352, "value_loss": 9.502515240455978e-06, "explained_variance": 0.17818588018417358}
{"nupdates": 20400, "total_timesteps": 408000, "fps": 74, "policy_entropy": 1.5444144010543823, "value_loss": 8.246533980127424e-07, "explained_variance": 0.21923977136611938}
{"nupdates": 20500, "total_timesteps": 410000, "fps": 74, "policy_entropy": 1.6052871942520142, "value_loss": 6.433482667489443e-06, "explained_variance": -3.896512985229492}
{"nupdates": 20600, "total_timesteps": 412000, "fps": 73, "policy_entropy": 1.5938606262207031, "value_loss": 0.005634945817291737, "explained_variance": -84.0806655883789}
{"nupdates": 20700, "total_timesteps": 414000, "fps": 73, "policy_entropy": 1.599530577659607, "value_loss": 0.00025697305682115257, "explained_variance": -0.07646632194519043}
{"nupdates": 20800, "total_timesteps": 416000, "fps": 73, "policy_entropy": 1.5967683792114258, "value_loss": 0.00018481093866284937, "explained_variance": 0.0348394513130188}
{"nupdates": 20900, "total_timesteps": 418000, "fps": 73, "policy_entropy": 1.6033223867416382, "value_loss": 0.0002037708181887865, "explained_variance": -0.0816035270690918}
{"nupdates": 21000, "total_timesteps": 420000, "fps": 73, "policy_entropy": 1.5868409872055054, "value_loss": 0.043007247149944305, "explained_variance": -0.14698851108551025}
{"nupdates": 21100, "total_timesteps": 422000, "fps": 73, "policy_entropy": 1.596851110458374, "value_loss": 0.00036848935997113585, "explained_variance": 0.056012094020843506}
{"nupdates": 21200, "total_timesteps": 424000, "fps": 72, "policy_entropy": 1.5986169576644897, "value_loss": 0.03447069972753525, "explained_variance": -0.010377287864685059}
{"nupdates": 21300, "total_timesteps": 426000, "fps": 72, "policy_entropy": 1.5973384380340576, "value_loss": 0.002894880250096321, "explained_variance": -58.00716018676758}
{"nupdates": 21400, "total_timesteps": 428000, "fps": 72, "policy_entropy": 1.60285222530365, "value_loss": 0.0002557415864430368, "explained_variance": -0.0594785213470459}
{"nupdates": 21500, "total_timesteps": 430000, "fps": 72, "policy_entropy": 1.5981807708740234, "value_loss": 0.0002483093994669616, "explained_variance": 0.010070741176605225}
{"nupdates": 21600, "total_timesteps": 432000, "fps": 72, "policy_entropy": 1.5963549613952637, "value_loss": 0.00016087060794234276, "explained_variance": -0.06395328044891357}
{"nupdates": 21700, "total_timesteps": 434000, "fps": 72, "policy_entropy": 1.588821530342102, "value_loss": 0.00014177784032654017, "explained_variance": 0.015521824359893799}
{"nupdates": 21800, "total_timesteps": 436000, "fps": 71, "policy_entropy": 1.5917842388153076, "value_loss": 9.739283996168524e-05, "explained_variance": 0.15487992763519287}
{"nupdates": 21900, "total_timesteps": 438000, "fps": 71, "policy_entropy": 1.5878098011016846,